29-Jun-2026 10:12:04.756 INFO [main] org.apache.catalina.startup.VersionLoggerListener.log Server version name:   Apache Tomcat/9.0.89
29-Jun-2026 10:12:04.762 INFO [main] org.apache.catalina.startup.VersionLoggerListener.log Server built:          May 3 2024 20:22:11 UTC
29-Jun-2026 10:12:04.762 INFO [main] org.apache.catalina.startup.VersionLoggerListener.log Server version number: 9.0.89.0
29-Jun-2026 10:12:04.762 INFO [main] org.apache.catalina.startup.VersionLoggerListener.log OS Name:               Windows 11
29-Jun-2026 10:12:04.762 INFO [main] org.apache.catalina.startup.VersionLoggerListener.log OS Version:            10.0
29-Jun-2026 10:12:04.762 INFO [main] org.apache.catalina.startup.VersionLoggerListener.log Architecture:          amd64
29-Jun-2026 10:12:04.762 INFO [main] org.apache.catalina.startup.VersionLoggerListener.log Java Home:             C:\Temp\Programs\JavaStack\jdk-17.0.19+10
29-Jun-2026 10:12:04.762 INFO [main] org.apache.catalina.startup.VersionLoggerListener.log JVM Version:           17.0.19+10-LTS
29-Jun-2026 10:12:04.762 INFO [main] org.apache.catalina.startup.VersionLoggerListener.log JVM Vendor:            Microsoft
29-Jun-2026 10:12:04.762 INFO [main] org.apache.catalina.startup.VersionLoggerListener.log CATALINA_BASE:         C:\Temp\Tomcat_compartido
29-Jun-2026 10:12:04.762 INFO [main] org.apache.catalina.startup.VersionLoggerListener.log CATALINA_HOME:         C:\Temp\Programs\JavaStack\apache-tomcat-9.0.89
29-Jun-2026 10:12:04.799 INFO [main] org.apache.catalina.startup.VersionLoggerListener.log Command line argument: -Djava.util.logging.config.file=C:\Temp\Tomcat_compartido/conf/logging.properties
29-Jun-2026 10:12:04.799 INFO [main] org.apache.catalina.startup.VersionLoggerListener.log Command line argument: -Djava.util.logging.manager=org.apache.juli.ClassLoaderLogManager
29-Jun-2026 10:12:04.799 INFO [main] org.apache.catalina.startup.VersionLoggerListener.log Command line argument: -Djdk.tls.ephemeralDHKeySize=2048
29-Jun-2026 10:12:04.799 INFO [main] org.apache.catalina.startup.VersionLoggerListener.log Command line argument: -Djava.protocol.handler.pkgs=org.apache.catalina.webresources
29-Jun-2026 10:12:04.799 INFO [main] org.apache.catalina.startup.VersionLoggerListener.log Command line argument: -Dorg.apache.catalina.security.SecurityListener.UMASK=0027
29-Jun-2026 10:12:04.799 INFO [main] org.apache.catalina.startup.VersionLoggerListener.log Command line argument: -Dcatalina.base=C:\Temp\Tomcat_compartido
29-Jun-2026 10:12:04.799 INFO [main] org.apache.catalina.startup.VersionLoggerListener.log Command line argument: -Dcatalina.home=C:\Temp\Programs\JavaStack\apache-tomcat-9.0.89
29-Jun-2026 10:12:04.799 INFO [main] org.apache.catalina.startup.VersionLoggerListener.log Command line argument: -Djava.io.tmpdir=C:\Temp\Tomcat_compartido/temp
29-Jun-2026 10:12:04.811 INFO [main] org.apache.catalina.core.AprLifecycleListener.lifecycleEvent The Apache Tomcat Native library which allows using OpenSSL was not found on the java.library.path: [C:\Temp\Programs\JavaStack\jdk-17.0.19+10\bin;C:\WINDOWS\Sun\Java\bin;C:\WINDOWS\system32;C:\WINDOWS;C:\WINDOWS\system32;C:\WINDOWS;C:\WINDOWS\System32\Wbem;C:\WINDOWS\System32\WindowsPowerShell\v1.0\;C:\WINDOWS\System32\OpenSSH\;C:\Program Files\dotnet\;C:\Users\Aldoa\Desktop\Infor\bin;C:\Program Files\Microsoft SQL Server Migration Assistant for Access\bin\;C:\Users\Aldoa\OneDrive\Desktop\;C:\Program Files\Git\cmd;C:\Program Files\nodejs\;C:\Users\Aldoa\AppData\Local\Microsoft\WindowsApps;C:\Users\Aldoa\AppData\Local\Programs\Microsoft VS Code\bin;C:\Users\Aldoa\AppData\Local\Programs\cursor\resources\app\bin;C:\Users\Aldoa\AppData\Roaming\npm;C:\Temp\Programs\JavaStack\jdk-17.0.19+10\bin;C:\Temp\Programs\JavaStack\apache-maven-3.9.16\bin;;.]
29-Jun-2026 10:12:05.318 INFO [main] org.apache.coyote.AbstractProtocol.init Initializing ProtocolHandler ["http-nio-8082"]
29-Jun-2026 10:12:05.402 INFO [main] org.apache.catalina.startup.Catalina.load Server initialization in [924] milliseconds
29-Jun-2026 10:12:05.463 INFO [main] org.apache.catalina.core.StandardService.startInternal Starting service [Catalina]
29-Jun-2026 10:12:05.463 INFO [main] org.apache.catalina.core.StandardEngine.startInternal Starting Servlet engine: [Apache Tomcat/9.0.89]
29-Jun-2026 10:12:05.480 INFO [main] org.apache.catalina.startup.HostConfig.deployDirectory Deploying web application directory [C:\Temp\Tomcat_compartido\webapps\aerrigochan]
29-Jun-2026 10:12:06.382 INFO [main] org.apache.jasper.servlet.TldScanner.scanJars At least one JAR was scanned for TLDs yet contained no TLDs. Enable debug logging for this logger for a complete list of JARs that were scanned but no TLDs were found in them. Skipping unneeded JARs during scanning can improve startup time and JSP compilation time.
29-Jun-2026 10:12:06.493 INFO [main] org.apache.catalina.startup.HostConfig.deployDirectory Deployment of web application directory [C:\Temp\Tomcat_compartido\webapps\aerrigochan] has finished in [1,013] ms
29-Jun-2026 10:12:06.493 INFO [main] org.apache.catalina.startup.HostConfig.deployDirectory Deploying web application directory [C:\Temp\Tomcat_compartido\webapps\host-manager]
29-Jun-2026 10:12:06.939 INFO [main] org.apache.jasper.servlet.TldScanner.scanJars At least one JAR was scanned for TLDs yet contained no TLDs. Enable debug logging for this logger for a complete list of JARs that were scanned but no TLDs were found in them. Skipping unneeded JARs during scanning can improve startup time and JSP compilation time.
29-Jun-2026 10:12:06.954 INFO [main] org.apache.catalina.startup.HostConfig.deployDirectory Deployment of web application directory [C:\Temp\Tomcat_compartido\webapps\host-manager] has finished in [461] ms
29-Jun-2026 10:12:06.954 INFO [main] org.apache.catalina.startup.HostConfig.deployDirectory Deploying web application directory [C:\Temp\Tomcat_compartido\webapps\manager]
29-Jun-2026 10:12:07.406 INFO [main] org.apache.jasper.servlet.TldScanner.scanJars At least one JAR was scanned for TLDs yet contained no TLDs. Enable debug logging for this logger for a complete list of JARs that were scanned but no TLDs were found in them. Skipping unneeded JARs during scanning can improve startup time and JSP compilation time.
29-Jun-2026 10:12:07.413 INFO [main] org.apache.catalina.startup.HostConfig.deployDirectory Deployment of web application directory [C:\Temp\Tomcat_compartido\webapps\manager] has finished in [459] ms
29-Jun-2026 10:12:07.413 INFO [main] org.apache.catalina.startup.HostConfig.deployDirectory Deploying web application directory [C:\Temp\Tomcat_compartido\webapps\ROOT]
29-Jun-2026 10:12:07.772 INFO [main] org.apache.jasper.servlet.TldScanner.scanJars At least one JAR was scanned for TLDs yet contained no TLDs. Enable debug logging for this logger for a complete list of JARs that were scanned but no TLDs were found in them. Skipping unneeded JARs during scanning can improve startup time and JSP compilation time.
29-Jun-2026 10:12:07.780 INFO [main] org.apache.catalina.startup.HostConfig.deployDirectory Deployment of web application directory [C:\Temp\Tomcat_compartido\webapps\ROOT] has finished in [367] ms
29-Jun-2026 10:12:07.780 INFO [main] org.apache.catalina.startup.HostConfig.deployDirectory Deploying web application directory [C:\Temp\Tomcat_compartido\webapps\Servlet1]
29-Jun-2026 10:12:08.147 INFO [main] org.apache.jasper.servlet.TldScanner.scanJars At least one JAR was scanned for TLDs yet contained no TLDs. Enable debug logging for this logger for a complete list of JARs that were scanned but no TLDs were found in them. Skipping unneeded JARs during scanning can improve startup time and JSP compilation time.
29-Jun-2026 10:12:08.149 INFO [main] org.apache.catalina.startup.HostConfig.deployDirectory Deployment of web application directory [C:\Temp\Tomcat_compartido\webapps\Servlet1] has finished in [369] ms
29-Jun-2026 10:12:08.149 INFO [main] org.apache.catalina.startup.HostConfig.deployDirectory Deploying web application directory [C:\Temp\Tomcat_compartido\webapps\test-r1-v2]
29-Jun-2026 10:12:08.550 INFO [main] org.apache.jasper.servlet.TldScanner.scanJars At least one JAR was scanned for TLDs yet contained no TLDs. Enable debug logging for this logger for a complete list of JARs that were scanned but no TLDs were found in them. Skipping unneeded JARs during scanning can improve startup time and JSP compilation time.
29-Jun-2026 10:12:08.554 INFO [main] org.apache.catalina.startup.HostConfig.deployDirectory Deployment of web application directory [C:\Temp\Tomcat_compartido\webapps\test-r1-v2] has finished in [405] ms
29-Jun-2026 10:12:08.554 INFO [main] org.apache.catalina.startup.HostConfig.deployDirectory Deploying web application directory [C:\Temp\Tomcat_compartido\webapps\trabajogr]
29-Jun-2026 10:12:10.914 INFO [main] org.apache.jasper.servlet.TldScanner.scanJars At least one JAR was scanned for TLDs yet contained no TLDs. Enable debug logging for this logger for a complete list of JARs that were scanned but no TLDs were found in them. Skipping unneeded JARs during scanning can improve startup time and JSP compilation time.
29-Jun-2026 10:12:10.924 INFO [main] org.apache.catalina.startup.HostConfig.deployDirectory Deployment of web application directory [C:\Temp\Tomcat_compartido\webapps\trabajogr] has finished in [2,370] ms
29-Jun-2026 10:12:10.929 INFO [main] org.apache.coyote.AbstractProtocol.start Starting ProtocolHandler ["http-nio-8082"]
29-Jun-2026 10:12:11.000 INFO [main] org.apache.catalina.startup.Catalina.start Server startup in [5596] milliseconds
29-Jun-2026 10:18:23.788 INFO [main] org.apache.catalina.startup.VersionLoggerListener.log Server version name:   Apache Tomcat/9.0.89
29-Jun-2026 10:18:23.798 INFO [main] org.apache.catalina.startup.VersionLoggerListener.log Server built:          May 3 2024 20:22:11 UTC
29-Jun-2026 10:18:23.799 INFO [main] org.apache.catalina.startup.VersionLoggerListener.log Server version number: 9.0.89.0
29-Jun-2026 10:18:23.799 INFO [main] org.apache.catalina.startup.VersionLoggerListener.log OS Name:               Windows 11
29-Jun-2026 10:18:23.799 INFO [main] org.apache.catalina.startup.VersionLoggerListener.log OS Version:            10.0
29-Jun-2026 10:18:23.799 INFO [main] org.apache.catalina.startup.VersionLoggerListener.log Architecture:          amd64
29-Jun-2026 10:18:23.799 INFO [main] org.apache.catalina.startup.VersionLoggerListener.log Java Home:             C:\Temp\Programs\JavaStack\jdk-17.0.19+10
29-Jun-2026 10:18:23.799 INFO [main] org.apache.catalina.startup.VersionLoggerListener.log JVM Version:           17.0.19+10-LTS
29-Jun-2026 10:18:23.799 INFO [main] org.apache.catalina.startup.VersionLoggerListener.log JVM Vendor:            Microsoft
29-Jun-2026 10:18:23.799 INFO [main] org.apache.catalina.startup.VersionLoggerListener.log CATALINA_BASE:         C:\Temp\Tomcat_compartido
29-Jun-2026 10:18:23.799 INFO [main] org.apache.catalina.startup.VersionLoggerListener.log CATALINA_HOME:         C:\Temp\Programs\JavaStack\apache-tomcat-9.0.89
29-Jun-2026 10:18:23.826 INFO [main] org.apache.catalina.startup.VersionLoggerListener.log Command line argument: -Djava.util.logging.config.file=C:\Temp\Tomcat_compartido/conf/logging.properties
29-Jun-2026 10:18:23.826 INFO [main] org.apache.catalina.startup.VersionLoggerListener.log Command line argument: -Djava.util.logging.manager=org.apache.juli.ClassLoaderLogManager
29-Jun-2026 10:18:23.826 INFO [main] org.apache.catalina.startup.VersionLoggerListener.log Command line argument: -Djdk.tls.ephemeralDHKeySize=2048
29-Jun-2026 10:18:23.826 INFO [main] org.apache.catalina.startup.VersionLoggerListener.log Command line argument: -Djava.protocol.handler.pkgs=org.apache.catalina.webresources
29-Jun-2026 10:18:23.826 INFO [main] org.apache.catalina.startup.VersionLoggerListener.log Command line argument: -Dorg.apache.catalina.security.SecurityListener.UMASK=0027
29-Jun-2026 10:18:23.826 INFO [main] org.apache.catalina.startup.VersionLoggerListener.log Command line argument: -Dcatalina.base=C:\Temp\Tomcat_compartido
29-Jun-2026 10:18:23.826 INFO [main] org.apache.catalina.startup.VersionLoggerListener.log Command line argument: -Dcatalina.home=C:\Temp\Programs\JavaStack\apache-tomcat-9.0.89
29-Jun-2026 10:18:23.826 INFO [main] org.apache.catalina.startup.VersionLoggerListener.log Command line argument: -Djava.io.tmpdir=C:\Temp\Tomcat_compartido/temp
29-Jun-2026 10:18:23.836 INFO [main] org.apache.catalina.core.AprLifecycleListener.lifecycleEvent The Apache Tomcat Native library which allows using OpenSSL was not found on the java.library.path: [C:\Temp\Programs\JavaStack\jdk-17.0.19+10\bin;C:\WINDOWS\Sun\Java\bin;C:\WINDOWS\system32;C:\WINDOWS;C:\WINDOWS\system32;C:\WINDOWS;C:\WINDOWS\System32\Wbem;C:\WINDOWS\System32\WindowsPowerShell\v1.0\;C:\WINDOWS\System32\OpenSSH\;C:\Program Files\dotnet\;C:\Users\Aldoa\Desktop\Infor\bin;C:\Program Files\Microsoft SQL Server Migration Assistant for Access\bin\;C:\Users\Aldoa\OneDrive\Desktop\;C:\Program Files\Git\cmd;C:\Program Files\nodejs\;C:\Users\Aldoa\AppData\Local\Microsoft\WindowsApps;C:\Users\Aldoa\AppData\Local\Programs\Microsoft VS Code\bin;C:\Users\Aldoa\AppData\Local\Programs\cursor\resources\app\bin;C:\Users\Aldoa\AppData\Roaming\npm;C:\Temp\Programs\JavaStack\jdk-17.0.19+10\bin;C:\Temp\Programs\JavaStack\apache-maven-3.9.16\bin;;.]
29-Jun-2026 10:18:24.281 INFO [main] org.apache.coyote.AbstractProtocol.init Initializing ProtocolHandler ["http-nio-8082"]
29-Jun-2026 10:18:24.334 INFO [main] org.apache.catalina.startup.Catalina.load Server initialization in [880] milliseconds
29-Jun-2026 10:18:24.397 INFO [main] org.apache.catalina.core.StandardService.startInternal Starting service [Catalina]
29-Jun-2026 10:18:24.397 INFO [main] org.apache.catalina.core.StandardEngine.startInternal Starting Servlet engine: [Apache Tomcat/9.0.89]
29-Jun-2026 10:18:24.417 INFO [main] org.apache.catalina.startup.HostConfig.deployDirectory Deploying web application directory [C:\Temp\Tomcat_compartido\webapps\aerrigochan]
29-Jun-2026 10:18:25.269 INFO [main] org.apache.jasper.servlet.TldScanner.scanJars At least one JAR was scanned for TLDs yet contained no TLDs. Enable debug logging for this logger for a complete list of JARs that were scanned but no TLDs were found in them. Skipping unneeded JARs during scanning can improve startup time and JSP compilation time.
29-Jun-2026 10:18:25.389 INFO [main] org.apache.catalina.startup.HostConfig.deployDirectory Deployment of web application directory [C:\Temp\Tomcat_compartido\webapps\aerrigochan] has finished in [972] ms
29-Jun-2026 10:18:25.389 INFO [main] org.apache.catalina.startup.HostConfig.deployDirectory Deploying web application directory [C:\Temp\Tomcat_compartido\webapps\host-manager]
29-Jun-2026 10:18:25.829 INFO [main] org.apache.jasper.servlet.TldScanner.scanJars At least one JAR was scanned for TLDs yet contained no TLDs. Enable debug logging for this logger for a complete list of JARs that were scanned but no TLDs were found in them. Skipping unneeded JARs during scanning can improve startup time and JSP compilation time.
29-Jun-2026 10:18:25.849 INFO [main] org.apache.catalina.startup.HostConfig.deployDirectory Deployment of web application directory [C:\Temp\Tomcat_compartido\webapps\host-manager] has finished in [455] ms
29-Jun-2026 10:18:25.849 INFO [main] org.apache.catalina.startup.HostConfig.deployDirectory Deploying web application directory [C:\Temp\Tomcat_compartido\webapps\manager]
29-Jun-2026 10:18:26.224 INFO [main] org.apache.jasper.servlet.TldScanner.scanJars At least one JAR was scanned for TLDs yet contained no TLDs. Enable debug logging for this logger for a complete list of JARs that were scanned but no TLDs were found in them. Skipping unneeded JARs during scanning can improve startup time and JSP compilation time.
29-Jun-2026 10:18:26.232 INFO [main] org.apache.catalina.startup.HostConfig.deployDirectory Deployment of web application directory [C:\Temp\Tomcat_compartido\webapps\manager] has finished in [383] ms
29-Jun-2026 10:18:26.232 INFO [main] org.apache.catalina.startup.HostConfig.deployDirectory Deploying web application directory [C:\Temp\Tomcat_compartido\webapps\ROOT]
29-Jun-2026 10:18:26.571 INFO [main] org.apache.jasper.servlet.TldScanner.scanJars At least one JAR was scanned for TLDs yet contained no TLDs. Enable debug logging for this logger for a complete list of JARs that were scanned but no TLDs were found in them. Skipping unneeded JARs during scanning can improve startup time and JSP compilation time.
29-Jun-2026 10:18:26.575 INFO [main] org.apache.catalina.startup.HostConfig.deployDirectory Deployment of web application directory [C:\Temp\Tomcat_compartido\webapps\ROOT] has finished in [343] ms
29-Jun-2026 10:18:26.575 INFO [main] org.apache.catalina.startup.HostConfig.deployDirectory Deploying web application directory [C:\Temp\Tomcat_compartido\webapps\Servlet1]
29-Jun-2026 10:18:26.926 INFO [main] org.apache.jasper.servlet.TldScanner.scanJars At least one JAR was scanned for TLDs yet contained no TLDs. Enable debug logging for this logger for a complete list of JARs that were scanned but no TLDs were found in them. Skipping unneeded JARs during scanning can improve startup time and JSP compilation time.
29-Jun-2026 10:18:26.932 INFO [main] org.apache.catalina.startup.HostConfig.deployDirectory Deployment of web application directory [C:\Temp\Tomcat_compartido\webapps\Servlet1] has finished in [357] ms
29-Jun-2026 10:18:26.935 INFO [main] org.apache.catalina.startup.HostConfig.deployDirectory Deploying web application directory [C:\Temp\Tomcat_compartido\webapps\test-r1-v2]
29-Jun-2026 10:18:27.256 INFO [main] org.apache.jasper.servlet.TldScanner.scanJars At least one JAR was scanned for TLDs yet contained no TLDs. Enable debug logging for this logger for a complete list of JARs that were scanned but no TLDs were found in them. Skipping unneeded JARs during scanning can improve startup time and JSP compilation time.
29-Jun-2026 10:18:27.256 INFO [main] org.apache.catalina.startup.HostConfig.deployDirectory Deployment of web application directory [C:\Temp\Tomcat_compartido\webapps\test-r1-v2] has finished in [321] ms
29-Jun-2026 10:18:27.256 INFO [main] org.apache.catalina.startup.HostConfig.deployDirectory Deploying web application directory [C:\Temp\Tomcat_compartido\webapps\trabajogr]
29-Jun-2026 10:18:27.685 INFO [main] org.apache.jasper.servlet.TldScanner.scanJars At least one JAR was scanned for TLDs yet contained no TLDs. Enable debug logging for this logger for a complete list of JARs that were scanned but no TLDs were found in them. Skipping unneeded JARs during scanning can improve startup time and JSP compilation time.
29-Jun-2026 10:18:27.696 INFO [main] org.apache.catalina.startup.HostConfig.deployDirectory Deployment of web application directory [C:\Temp\Tomcat_compartido\webapps\trabajogr] has finished in [440] ms
29-Jun-2026 10:18:27.702 INFO [main] org.apache.coyote.AbstractProtocol.start Starting ProtocolHandler ["http-nio-8082"]
29-Jun-2026 10:18:27.766 INFO [main] org.apache.catalina.startup.Catalina.start Server startup in [3428] milliseconds
29-Jun-2026 10:26:02.044 INFO [main] org.apache.catalina.startup.VersionLoggerListener.log Server version name:   Apache Tomcat/9.0.89
29-Jun-2026 10:26:02.051 INFO [main] org.apache.catalina.startup.VersionLoggerListener.log Server built:          May 3 2024 20:22:11 UTC
29-Jun-2026 10:26:02.051 INFO [main] org.apache.catalina.startup.VersionLoggerListener.log Server version number: 9.0.89.0
29-Jun-2026 10:26:02.051 INFO [main] org.apache.catalina.startup.VersionLoggerListener.log OS Name:               Windows 11
29-Jun-2026 10:26:02.051 INFO [main] org.apache.catalina.startup.VersionLoggerListener.log OS Version:            10.0
29-Jun-2026 10:26:02.054 INFO [main] org.apache.catalina.startup.VersionLoggerListener.log Architecture:          amd64
29-Jun-2026 10:26:02.054 INFO [main] org.apache.catalina.startup.VersionLoggerListener.log Java Home:             C:\Temp\Programs\JavaStack\jdk-17.0.19+10
29-Jun-2026 10:26:02.054 INFO [main] org.apache.catalina.startup.VersionLoggerListener.log JVM Version:           17.0.19+10-LTS
29-Jun-2026 10:26:02.054 INFO [main] org.apache.catalina.startup.VersionLoggerListener.log JVM Vendor:            Microsoft
29-Jun-2026 10:26:02.054 INFO [main] org.apache.catalina.startup.VersionLoggerListener.log CATALINA_BASE:         C:\Temp\Tomcat_compartido
29-Jun-2026 10:26:02.054 INFO [main] org.apache.catalina.startup.VersionLoggerListener.log CATALINA_HOME:         C:\Temp\Programs\JavaStack\apache-tomcat-9.0.89
29-Jun-2026 10:26:02.077 INFO [main] org.apache.catalina.startup.VersionLoggerListener.log Command line argument: -Djava.util.logging.config.file=C:\Temp\Tomcat_compartido/conf/logging.properties
29-Jun-2026 10:26:02.077 INFO [main] org.apache.catalina.startup.VersionLoggerListener.log Command line argument: -Djava.util.logging.manager=org.apache.juli.ClassLoaderLogManager
29-Jun-2026 10:26:02.079 INFO [main] org.apache.catalina.startup.VersionLoggerListener.log Command line argument: -Djdk.tls.ephemeralDHKeySize=2048
29-Jun-2026 10:26:02.079 INFO [main] org.apache.catalina.startup.VersionLoggerListener.log Command line argument: -Djava.protocol.handler.pkgs=org.apache.catalina.webresources
29-Jun-2026 10:26:02.079 INFO [main] org.apache.catalina.startup.VersionLoggerListener.log Command line argument: -Dorg.apache.catalina.security.SecurityListener.UMASK=0027
29-Jun-2026 10:26:02.079 INFO [main] org.apache.catalina.startup.VersionLoggerListener.log Command line argument: -Dcatalina.base=C:\Temp\Tomcat_compartido
29-Jun-2026 10:26:02.079 INFO [main] org.apache.catalina.startup.VersionLoggerListener.log Command line argument: -Dcatalina.home=C:\Temp\Programs\JavaStack\apache-tomcat-9.0.89
29-Jun-2026 10:26:02.079 INFO [main] org.apache.catalina.startup.VersionLoggerListener.log Command line argument: -Djava.io.tmpdir=C:\Temp\Tomcat_compartido/temp
29-Jun-2026 10:26:02.092 INFO [main] org.apache.catalina.core.AprLifecycleListener.lifecycleEvent The Apache Tomcat Native library which allows using OpenSSL was not found on the java.library.path: [C:\Temp\Programs\JavaStack\jdk-17.0.19+10\bin;C:\WINDOWS\Sun\Java\bin;C:\WINDOWS\system32;C:\WINDOWS;C:\WINDOWS\system32;C:\WINDOWS;C:\WINDOWS\System32\Wbem;C:\WINDOWS\System32\WindowsPowerShell\v1.0\;C:\WINDOWS\System32\OpenSSH\;C:\Program Files\dotnet\;C:\Users\Aldoa\Desktop\Infor\bin;C:\Program Files\Microsoft SQL Server Migration Assistant for Access\bin\;C:\Users\Aldoa\OneDrive\Desktop\;C:\Program Files\Git\cmd;C:\Program Files\nodejs\;C:\Users\Aldoa\AppData\Local\Microsoft\WindowsApps;C:\Users\Aldoa\AppData\Local\Programs\Microsoft VS Code\bin;C:\Users\Aldoa\AppData\Local\Programs\cursor\resources\app\bin;C:\Users\Aldoa\AppData\Roaming\npm;C:\Temp\Programs\JavaStack\jdk-17.0.19+10\bin;C:\Temp\Programs\JavaStack\apache-maven-3.9.16\bin;;.]
29-Jun-2026 10:26:02.552 INFO [main] org.apache.coyote.AbstractProtocol.init Initializing ProtocolHandler ["http-nio-8082"]
29-Jun-2026 10:26:02.608 INFO [main] org.apache.catalina.startup.Catalina.load Server initialization in [832] milliseconds
29-Jun-2026 10:26:02.673 INFO [main] org.apache.catalina.core.StandardService.startInternal Starting service [Catalina]
29-Jun-2026 10:26:02.673 INFO [main] org.apache.catalina.core.StandardEngine.startInternal Starting Servlet engine: [Apache Tomcat/9.0.89]
29-Jun-2026 10:26:02.691 INFO [main] org.apache.catalina.startup.HostConfig.deployDirectory Deploying web application directory [C:\Temp\Tomcat_compartido\webapps\aerrigochan]
29-Jun-2026 10:26:03.500 INFO [main] org.apache.jasper.servlet.TldScanner.scanJars At least one JAR was scanned for TLDs yet contained no TLDs. Enable debug logging for this logger for a complete list of JARs that were scanned but no TLDs were found in them. Skipping unneeded JARs during scanning can improve startup time and JSP compilation time.
29-Jun-2026 10:26:03.619 INFO [main] org.apache.catalina.startup.HostConfig.deployDirectory Deployment of web application directory [C:\Temp\Tomcat_compartido\webapps\aerrigochan] has finished in [928] ms
29-Jun-2026 10:26:03.620 INFO [main] org.apache.catalina.startup.HostConfig.deployDirectory Deploying web application directory [C:\Temp\Tomcat_compartido\webapps\host-manager]
29-Jun-2026 10:26:04.016 INFO [main] org.apache.jasper.servlet.TldScanner.scanJars At least one JAR was scanned for TLDs yet contained no TLDs. Enable debug logging for this logger for a complete list of JARs that were scanned but no TLDs were found in them. Skipping unneeded JARs during scanning can improve startup time and JSP compilation time.
29-Jun-2026 10:26:04.036 INFO [main] org.apache.catalina.startup.HostConfig.deployDirectory Deployment of web application directory [C:\Temp\Tomcat_compartido\webapps\host-manager] has finished in [416] ms
29-Jun-2026 10:26:04.036 INFO [main] org.apache.catalina.startup.HostConfig.deployDirectory Deploying web application directory [C:\Temp\Tomcat_compartido\webapps\manager]
29-Jun-2026 10:26:04.384 INFO [main] org.apache.jasper.servlet.TldScanner.scanJars At least one JAR was scanned for TLDs yet contained no TLDs. Enable debug logging for this logger for a complete list of JARs that were scanned but no TLDs were found in them. Skipping unneeded JARs during scanning can improve startup time and JSP compilation time.
29-Jun-2026 10:26:04.399 INFO [main] org.apache.catalina.startup.HostConfig.deployDirectory Deployment of web application directory [C:\Temp\Tomcat_compartido\webapps\manager] has finished in [362] ms
29-Jun-2026 10:26:04.400 INFO [main] org.apache.catalina.startup.HostConfig.deployDirectory Deploying web application directory [C:\Temp\Tomcat_compartido\webapps\ROOT]
29-Jun-2026 10:26:04.810 INFO [main] org.apache.jasper.servlet.TldScanner.scanJars At least one JAR was scanned for TLDs yet contained no TLDs. Enable debug logging for this logger for a complete list of JARs that were scanned but no TLDs were found in them. Skipping unneeded JARs during scanning can improve startup time and JSP compilation time.
29-Jun-2026 10:26:04.814 INFO [main] org.apache.catalina.startup.HostConfig.deployDirectory Deployment of web application directory [C:\Temp\Tomcat_compartido\webapps\ROOT] has finished in [414] ms
29-Jun-2026 10:26:04.814 INFO [main] org.apache.catalina.startup.HostConfig.deployDirectory Deploying web application directory [C:\Temp\Tomcat_compartido\webapps\Servlet1]
29-Jun-2026 10:26:05.166 INFO [main] org.apache.jasper.servlet.TldScanner.scanJars At least one JAR was scanned for TLDs yet contained no TLDs. Enable debug logging for this logger for a complete list of JARs that were scanned but no TLDs were found in them. Skipping unneeded JARs during scanning can improve startup time and JSP compilation time.
29-Jun-2026 10:26:05.172 INFO [main] org.apache.catalina.startup.HostConfig.deployDirectory Deployment of web application directory [C:\Temp\Tomcat_compartido\webapps\Servlet1] has finished in [358] ms
29-Jun-2026 10:26:05.172 INFO [main] org.apache.catalina.startup.HostConfig.deployDirectory Deploying web application directory [C:\Temp\Tomcat_compartido\webapps\test-r1-v2]
29-Jun-2026 10:26:05.615 INFO [main] org.apache.jasper.servlet.TldScanner.scanJars At least one JAR was scanned for TLDs yet contained no TLDs. Enable debug logging for this logger for a complete list of JARs that were scanned but no TLDs were found in them. Skipping unneeded JARs during scanning can improve startup time and JSP compilation time.
29-Jun-2026 10:26:05.625 INFO [main] org.apache.catalina.startup.HostConfig.deployDirectory Deployment of web application directory [C:\Temp\Tomcat_compartido\webapps\test-r1-v2] has finished in [453] ms
29-Jun-2026 10:26:05.625 INFO [main] org.apache.catalina.startup.HostConfig.deployDirectory Deploying web application directory [C:\Temp\Tomcat_compartido\webapps\trabajogr]
29-Jun-2026 10:26:06.051 INFO [main] org.apache.jasper.servlet.TldScanner.scanJars At least one JAR was scanned for TLDs yet contained no TLDs. Enable debug logging for this logger for a complete list of JARs that were scanned but no TLDs were found in them. Skipping unneeded JARs during scanning can improve startup time and JSP compilation time.
29-Jun-2026 10:26:06.057 INFO [main] org.apache.catalina.startup.HostConfig.deployDirectory Deployment of web application directory [C:\Temp\Tomcat_compartido\webapps\trabajogr] has finished in [432] ms
29-Jun-2026 10:26:06.064 INFO [main] org.apache.coyote.AbstractProtocol.start Starting ProtocolHandler ["http-nio-8082"]
29-Jun-2026 10:26:06.129 INFO [main] org.apache.catalina.startup.Catalina.start Server startup in [3520] milliseconds
29-Jun-2026 10:30:01.398 INFO [main] org.apache.catalina.startup.VersionLoggerListener.log Server version name:   Apache Tomcat/9.0.89
29-Jun-2026 10:30:01.407 INFO [main] org.apache.catalina.startup.VersionLoggerListener.log Server built:          May 3 2024 20:22:11 UTC
29-Jun-2026 10:30:01.407 INFO [main] org.apache.catalina.startup.VersionLoggerListener.log Server version number: 9.0.89.0
29-Jun-2026 10:30:01.407 INFO [main] org.apache.catalina.startup.VersionLoggerListener.log OS Name:               Windows 11
29-Jun-2026 10:30:01.407 INFO [main] org.apache.catalina.startup.VersionLoggerListener.log OS Version:            10.0
29-Jun-2026 10:30:01.407 INFO [main] org.apache.catalina.startup.VersionLoggerListener.log Architecture:          amd64
29-Jun-2026 10:30:01.407 INFO [main] org.apache.catalina.startup.VersionLoggerListener.log Java Home:             C:\Temp\Programs\JavaStack\jdk-17.0.19+10
29-Jun-2026 10:30:01.407 INFO [main] org.apache.catalina.startup.VersionLoggerListener.log JVM Version:           17.0.19+10-LTS
29-Jun-2026 10:30:01.407 INFO [main] org.apache.catalina.startup.VersionLoggerListener.log JVM Vendor:            Microsoft
29-Jun-2026 10:30:01.409 INFO [main] org.apache.catalina.startup.VersionLoggerListener.log CATALINA_BASE:         C:\Temp\Tomcat_compartido
29-Jun-2026 10:30:01.409 INFO [main] org.apache.catalina.startup.VersionLoggerListener.log CATALINA_HOME:         C:\Temp\Programs\JavaStack\apache-tomcat-9.0.89
29-Jun-2026 10:30:01.438 INFO [main] org.apache.catalina.startup.VersionLoggerListener.log Command line argument: -Djava.util.logging.config.file=C:\Temp\Tomcat_compartido/conf/logging.properties
29-Jun-2026 10:30:01.438 INFO [main] org.apache.catalina.startup.VersionLoggerListener.log Command line argument: -Djava.util.logging.manager=org.apache.juli.ClassLoaderLogManager
29-Jun-2026 10:30:01.438 INFO [main] org.apache.catalina.startup.VersionLoggerListener.log Command line argument: -Djdk.tls.ephemeralDHKeySize=2048
29-Jun-2026 10:30:01.439 INFO [main] org.apache.catalina.startup.VersionLoggerListener.log Command line argument: -Djava.protocol.handler.pkgs=org.apache.catalina.webresources
29-Jun-2026 10:30:01.441 INFO [main] org.apache.catalina.startup.VersionLoggerListener.log Command line argument: -Dorg.apache.catalina.security.SecurityListener.UMASK=0027
29-Jun-2026 10:30:01.441 INFO [main] org.apache.catalina.startup.VersionLoggerListener.log Command line argument: -Dcatalina.base=C:\Temp\Tomcat_compartido
29-Jun-2026 10:30:01.441 INFO [main] org.apache.catalina.startup.VersionLoggerListener.log Command line argument: -Dcatalina.home=C:\Temp\Programs\JavaStack\apache-tomcat-9.0.89
29-Jun-2026 10:30:01.443 INFO [main] org.apache.catalina.startup.VersionLoggerListener.log Command line argument: -Djava.io.tmpdir=C:\Temp\Tomcat_compartido/temp
29-Jun-2026 10:30:01.454 INFO [main] org.apache.catalina.core.AprLifecycleListener.lifecycleEvent The Apache Tomcat Native library which allows using OpenSSL was not found on the java.library.path: [C:\Temp\Programs\JavaStack\jdk-17.0.19+10\bin;C:\WINDOWS\Sun\Java\bin;C:\WINDOWS\system32;C:\WINDOWS;C:\WINDOWS\system32;C:\WINDOWS;C:\WINDOWS\System32\Wbem;C:\WINDOWS\System32\WindowsPowerShell\v1.0\;C:\WINDOWS\System32\OpenSSH\;C:\Program Files\dotnet\;C:\Users\Aldoa\Desktop\Infor\bin;C:\Program Files\Microsoft SQL Server Migration Assistant for Access\bin\;C:\Users\Aldoa\OneDrive\Desktop\;C:\Program Files\Git\cmd;C:\Program Files\nodejs\;C:\Users\Aldoa\AppData\Local\Microsoft\WindowsApps;C:\Users\Aldoa\AppData\Local\Programs\Microsoft VS Code\bin;C:\Users\Aldoa\AppData\Local\Programs\cursor\resources\app\bin;C:\Users\Aldoa\AppData\Roaming\npm;C:\Temp\Programs\JavaStack\jdk-17.0.19+10\bin;C:\Temp\Programs\JavaStack\apache-maven-3.9.16\bin;;.]
29-Jun-2026 10:30:01.986 INFO [main] org.apache.coyote.AbstractProtocol.init Initializing ProtocolHandler ["http-nio-8082"]
29-Jun-2026 10:30:02.024 INFO [main] org.apache.catalina.startup.Catalina.load Server initialization in [895] milliseconds
29-Jun-2026 10:30:02.105 INFO [main] org.apache.catalina.core.StandardService.startInternal Starting service [Catalina]
29-Jun-2026 10:30:02.105 INFO [main] org.apache.catalina.core.StandardEngine.startInternal Starting Servlet engine: [Apache Tomcat/9.0.89]
29-Jun-2026 10:30:02.127 INFO [main] org.apache.catalina.startup.HostConfig.deployDirectory Deploying web application directory [C:\Temp\Tomcat_compartido\webapps\aerrigochan]
29-Jun-2026 10:30:02.984 INFO [main] org.apache.jasper.servlet.TldScanner.scanJars At least one JAR was scanned for TLDs yet contained no TLDs. Enable debug logging for this logger for a complete list of JARs that were scanned but no TLDs were found in them. Skipping unneeded JARs during scanning can improve startup time and JSP compilation time.
29-Jun-2026 10:30:03.087 INFO [main] org.apache.catalina.startup.HostConfig.deployDirectory Deployment of web application directory [C:\Temp\Tomcat_compartido\webapps\aerrigochan] has finished in [964] ms
29-Jun-2026 10:30:03.087 INFO [main] org.apache.catalina.startup.HostConfig.deployDirectory Deploying web application directory [C:\Temp\Tomcat_compartido\webapps\host-manager]
29-Jun-2026 10:30:03.504 INFO [main] org.apache.jasper.servlet.TldScanner.scanJars At least one JAR was scanned for TLDs yet contained no TLDs. Enable debug logging for this logger for a complete list of JARs that were scanned but no TLDs were found in them. Skipping unneeded JARs during scanning can improve startup time and JSP compilation time.
29-Jun-2026 10:30:03.524 INFO [main] org.apache.catalina.startup.HostConfig.deployDirectory Deployment of web application directory [C:\Temp\Tomcat_compartido\webapps\host-manager] has finished in [437] ms
29-Jun-2026 10:30:03.524 INFO [main] org.apache.catalina.startup.HostConfig.deployDirectory Deploying web application directory [C:\Temp\Tomcat_compartido\webapps\manager]
29-Jun-2026 10:30:03.915 INFO [main] org.apache.jasper.servlet.TldScanner.scanJars At least one JAR was scanned for TLDs yet contained no TLDs. Enable debug logging for this logger for a complete list of JARs that were scanned but no TLDs were found in them. Skipping unneeded JARs during scanning can improve startup time and JSP compilation time.
29-Jun-2026 10:30:03.925 INFO [main] org.apache.catalina.startup.HostConfig.deployDirectory Deployment of web application directory [C:\Temp\Tomcat_compartido\webapps\manager] has finished in [401] ms
29-Jun-2026 10:30:03.928 INFO [main] org.apache.catalina.startup.HostConfig.deployDirectory Deploying web application directory [C:\Temp\Tomcat_compartido\webapps\ROOT]
29-Jun-2026 10:30:04.325 INFO [main] org.apache.jasper.servlet.TldScanner.scanJars At least one JAR was scanned for TLDs yet contained no TLDs. Enable debug logging for this logger for a complete list of JARs that were scanned but no TLDs were found in them. Skipping unneeded JARs during scanning can improve startup time and JSP compilation time.
29-Jun-2026 10:30:04.340 INFO [main] org.apache.catalina.startup.HostConfig.deployDirectory Deployment of web application directory [C:\Temp\Tomcat_compartido\webapps\ROOT] has finished in [412] ms
29-Jun-2026 10:30:04.340 INFO [main] org.apache.catalina.startup.HostConfig.deployDirectory Deploying web application directory [C:\Temp\Tomcat_compartido\webapps\Servlet1]
29-Jun-2026 10:30:04.724 INFO [main] org.apache.jasper.servlet.TldScanner.scanJars At least one JAR was scanned for TLDs yet contained no TLDs. Enable debug logging for this logger for a complete list of JARs that were scanned but no TLDs were found in them. Skipping unneeded JARs during scanning can improve startup time and JSP compilation time.
29-Jun-2026 10:30:04.730 INFO [main] org.apache.catalina.startup.HostConfig.deployDirectory Deployment of web application directory [C:\Temp\Tomcat_compartido\webapps\Servlet1] has finished in [390] ms
29-Jun-2026 10:30:04.730 INFO [main] org.apache.catalina.startup.HostConfig.deployDirectory Deploying web application directory [C:\Temp\Tomcat_compartido\webapps\test-r1-v2]
29-Jun-2026 10:30:05.072 INFO [main] org.apache.jasper.servlet.TldScanner.scanJars At least one JAR was scanned for TLDs yet contained no TLDs. Enable debug logging for this logger for a complete list of JARs that were scanned but no TLDs were found in them. Skipping unneeded JARs during scanning can improve startup time and JSP compilation time.
29-Jun-2026 10:30:05.079 INFO [main] org.apache.catalina.startup.HostConfig.deployDirectory Deployment of web application directory [C:\Temp\Tomcat_compartido\webapps\test-r1-v2] has finished in [349] ms
29-Jun-2026 10:30:05.080 INFO [main] org.apache.catalina.startup.HostConfig.deployDirectory Deploying web application directory [C:\Temp\Tomcat_compartido\webapps\trabajogr]
29-Jun-2026 10:30:05.563 INFO [main] org.apache.jasper.servlet.TldScanner.scanJars At least one JAR was scanned for TLDs yet contained no TLDs. Enable debug logging for this logger for a complete list of JARs that were scanned but no TLDs were found in them. Skipping unneeded JARs during scanning can improve startup time and JSP compilation time.
29-Jun-2026 10:30:05.568 INFO [main] org.apache.catalina.startup.HostConfig.deployDirectory Deployment of web application directory [C:\Temp\Tomcat_compartido\webapps\trabajogr] has finished in [488] ms
29-Jun-2026 10:30:05.578 INFO [main] org.apache.coyote.AbstractProtocol.start Starting ProtocolHandler ["http-nio-8082"]
29-Jun-2026 10:30:05.652 INFO [main] org.apache.catalina.startup.Catalina.start Server startup in [3628] milliseconds
29-Jun-2026 14:32:05.189 INFO [main] org.apache.catalina.startup.VersionLoggerListener.log Server version name:   Apache Tomcat/9.0.89
29-Jun-2026 14:32:05.198 INFO [main] org.apache.catalina.startup.VersionLoggerListener.log Server built:          May 3 2024 20:22:11 UTC
29-Jun-2026 14:32:05.198 INFO [main] org.apache.catalina.startup.VersionLoggerListener.log Server version number: 9.0.89.0
29-Jun-2026 14:32:05.198 INFO [main] org.apache.catalina.startup.VersionLoggerListener.log OS Name:               Windows 11
29-Jun-2026 14:32:05.198 INFO [main] org.apache.catalina.startup.VersionLoggerListener.log OS Version:            10.0
29-Jun-2026 14:32:05.198 INFO [main] org.apache.catalina.startup.VersionLoggerListener.log Architecture:          amd64
29-Jun-2026 14:32:05.198 INFO [main] org.apache.catalina.startup.VersionLoggerListener.log Java Home:             C:\Temp\Programs\JavaStack\jdk-17.0.19+10
29-Jun-2026 14:32:05.198 INFO [main] org.apache.catalina.startup.VersionLoggerListener.log JVM Version:           17.0.19+10-LTS
29-Jun-2026 14:32:05.198 INFO [main] org.apache.catalina.startup.VersionLoggerListener.log JVM Vendor:            Microsoft
29-Jun-2026 14:32:05.198 INFO [main] org.apache.catalina.startup.VersionLoggerListener.log CATALINA_BASE:         C:\Temp\Tomcat_compartido
29-Jun-2026 14:32:05.198 INFO [main] org.apache.catalina.startup.VersionLoggerListener.log CATALINA_HOME:         C:\Temp\Programs\JavaStack\apache-tomcat-9.0.89
29-Jun-2026 14:32:05.209 INFO [main] org.apache.catalina.startup.VersionLoggerListener.log Command line argument: -Djava.util.logging.config.file=C:\Temp\Tomcat_compartido/conf/logging.properties
29-Jun-2026 14:32:05.209 INFO [main] org.apache.catalina.startup.VersionLoggerListener.log Command line argument: -Djava.util.logging.manager=org.apache.juli.ClassLoaderLogManager
29-Jun-2026 14:32:05.209 INFO [main] org.apache.catalina.startup.VersionLoggerListener.log Command line argument: -Djdk.tls.ephemeralDHKeySize=2048
29-Jun-2026 14:32:05.209 INFO [main] org.apache.catalina.startup.VersionLoggerListener.log Command line argument: -Djava.protocol.handler.pkgs=org.apache.catalina.webresources
29-Jun-2026 14:32:05.209 INFO [main] org.apache.catalina.startup.VersionLoggerListener.log Command line argument: -Dorg.apache.catalina.security.SecurityListener.UMASK=0027
29-Jun-2026 14:32:05.209 INFO [main] org.apache.catalina.startup.VersionLoggerListener.log Command line argument: -Dcatalina.base=C:\Temp\Tomcat_compartido
29-Jun-2026 14:32:05.209 INFO [main] org.apache.catalina.startup.VersionLoggerListener.log Command line argument: -Dcatalina.home=C:\Temp\Programs\JavaStack\apache-tomcat-9.0.89
29-Jun-2026 14:32:05.209 INFO [main] org.apache.catalina.startup.VersionLoggerListener.log Command line argument: -Djava.io.tmpdir=C:\Temp\Tomcat_compartido/temp
29-Jun-2026 14:32:05.214 INFO [main] org.apache.catalina.core.AprLifecycleListener.lifecycleEvent The Apache Tomcat Native library which allows using OpenSSL was not found on the java.library.path: [C:\Temp\Programs\JavaStack\jdk-17.0.19+10\bin;C:\WINDOWS\Sun\Java\bin;C:\WINDOWS\system32;C:\WINDOWS;C:\WINDOWS\system32;C:\WINDOWS;C:\WINDOWS\System32\Wbem;C:\WINDOWS\System32\WindowsPowerShell\v1.0\;C:\WINDOWS\System32\OpenSSH\;C:\Program Files\dotnet\;C:\Users\Aldoa\Desktop\Infor\bin;C:\Program Files\Microsoft SQL Server Migration Assistant for Access\bin\;C:\Users\Aldoa\OneDrive\Desktop\;C:\Program Files\Git\cmd;C:\Program Files\nodejs\;C:\Users\Aldoa\AppData\Local\Microsoft\WindowsApps;C:\Users\Aldoa\AppData\Local\Programs\Microsoft VS Code\bin;C:\Users\Aldoa\AppData\Local\Programs\cursor\resources\app\bin;C:\Users\Aldoa\AppData\Roaming\npm;C:\Temp\Programs\JavaStack\jdk-17.0.19+10\bin;C:\Temp\Programs\JavaStack\apache-maven-3.9.16\bin;;.]
29-Jun-2026 14:32:05.425 INFO [main] org.apache.coyote.AbstractProtocol.init Initializing ProtocolHandler ["http-nio-8082"]
29-Jun-2026 14:32:05.444 INFO [main] org.apache.catalina.startup.Catalina.load Server initialization in [424] milliseconds
29-Jun-2026 14:32:05.501 INFO [main] org.apache.catalina.core.StandardService.startInternal Starting service [Catalina]
29-Jun-2026 14:32:05.501 INFO [main] org.apache.catalina.core.StandardEngine.startInternal Starting Servlet engine: [Apache Tomcat/9.0.89]
29-Jun-2026 14:32:05.511 INFO [main] org.apache.catalina.startup.HostConfig.deployDirectory Deploying web application directory [C:\Temp\Tomcat_compartido\webapps\host-manager]
29-Jun-2026 14:32:06.142 INFO [main] org.apache.jasper.servlet.TldScanner.scanJars At least one JAR was scanned for TLDs yet contained no TLDs. Enable debug logging for this logger for a complete list of JARs that were scanned but no TLDs were found in them. Skipping unneeded JARs during scanning can improve startup time and JSP compilation time.
29-Jun-2026 14:32:06.225 INFO [main] org.apache.catalina.startup.HostConfig.deployDirectory Deployment of web application directory [C:\Temp\Tomcat_compartido\webapps\host-manager] has finished in [714] ms
29-Jun-2026 14:32:06.225 INFO [main] org.apache.catalina.startup.HostConfig.deployDirectory Deploying web application directory [C:\Temp\Tomcat_compartido\webapps\manager]
29-Jun-2026 14:32:06.505 INFO [main] org.apache.jasper.servlet.TldScanner.scanJars At least one JAR was scanned for TLDs yet contained no TLDs. Enable debug logging for this logger for a complete list of JARs that were scanned but no TLDs were found in them. Skipping unneeded JARs during scanning can improve startup time and JSP compilation time.
29-Jun-2026 14:32:06.514 INFO [main] org.apache.catalina.startup.HostConfig.deployDirectory Deployment of web application directory [C:\Temp\Tomcat_compartido\webapps\manager] has finished in [289] ms
29-Jun-2026 14:32:06.514 INFO [main] org.apache.catalina.startup.HostConfig.deployDirectory Deploying web application directory [C:\Temp\Tomcat_compartido\webapps\ROOT]
29-Jun-2026 14:32:06.756 INFO [main] org.apache.jasper.servlet.TldScanner.scanJars At least one JAR was scanned for TLDs yet contained no TLDs. Enable debug logging for this logger for a complete list of JARs that were scanned but no TLDs were found in them. Skipping unneeded JARs during scanning can improve startup time and JSP compilation time.
29-Jun-2026 14:32:06.766 INFO [main] org.apache.catalina.startup.HostConfig.deployDirectory Deployment of web application directory [C:\Temp\Tomcat_compartido\webapps\ROOT] has finished in [252] ms
29-Jun-2026 14:32:06.768 INFO [main] org.apache.catalina.startup.HostConfig.deployDirectory Deploying web application directory [C:\Temp\Tomcat_compartido\webapps\Servlet1]
29-Jun-2026 14:32:07.058 INFO [main] org.apache.jasper.servlet.TldScanner.scanJars At least one JAR was scanned for TLDs yet contained no TLDs. Enable debug logging for this logger for a complete list of JARs that were scanned but no TLDs were found in them. Skipping unneeded JARs during scanning can improve startup time and JSP compilation time.
29-Jun-2026 14:32:07.076 INFO [main] org.apache.catalina.startup.HostConfig.deployDirectory Deployment of web application directory [C:\Temp\Tomcat_compartido\webapps\Servlet1] has finished in [308] ms
29-Jun-2026 14:32:07.076 INFO [main] org.apache.catalina.startup.HostConfig.deployDirectory Deploying web application directory [C:\Temp\Tomcat_compartido\webapps\test-r1]
29-Jun-2026 14:32:07.292 INFO [main] org.apache.jasper.servlet.TldScanner.scanJars At least one JAR was scanned for TLDs yet contained no TLDs. Enable debug logging for this logger for a complete list of JARs that were scanned but no TLDs were found in them. Skipping unneeded JARs during scanning can improve startup time and JSP compilation time.
29-Jun-2026 14:32:07.295 INFO [main] org.apache.catalina.startup.HostConfig.deployDirectory Deployment of web application directory [C:\Temp\Tomcat_compartido\webapps\test-r1] has finished in [219] ms
29-Jun-2026 14:32:07.296 INFO [main] org.apache.catalina.startup.HostConfig.deployDirectory Deploying web application directory [C:\Temp\Tomcat_compartido\webapps\Test2]
29-Jun-2026 14:32:07.525 INFO [main] org.apache.jasper.servlet.TldScanner.scanJars At least one JAR was scanned for TLDs yet contained no TLDs. Enable debug logging for this logger for a complete list of JARs that were scanned but no TLDs were found in them. Skipping unneeded JARs during scanning can improve startup time and JSP compilation time.
29-Jun-2026 14:32:07.528 INFO [main] org.apache.catalina.startup.HostConfig.deployDirectory Deployment of web application directory [C:\Temp\Tomcat_compartido\webapps\Test2] has finished in [232] ms
29-Jun-2026 14:32:07.529 INFO [main] org.apache.catalina.startup.HostConfig.deployDirectory Deploying web application directory [C:\Temp\Tomcat_compartido\webapps\trabajogr]
29-Jun-2026 14:32:08.686 INFO [main] org.apache.jasper.servlet.TldScanner.scanJars At least one JAR was scanned for TLDs yet contained no TLDs. Enable debug logging for this logger for a complete list of JARs that were scanned but no TLDs were found in them. Skipping unneeded JARs during scanning can improve startup time and JSP compilation time.
29-Jun-2026 14:32:08.689 INFO [main] org.apache.catalina.startup.HostConfig.deployDirectory Deployment of web application directory [C:\Temp\Tomcat_compartido\webapps\trabajogr] has finished in [1,161] ms
29-Jun-2026 14:32:08.689 INFO [main] org.apache.coyote.AbstractProtocol.start Starting ProtocolHandler ["http-nio-8082"]
29-Jun-2026 14:32:08.740 INFO [main] org.apache.catalina.startup.Catalina.start Server startup in [3291] milliseconds
29-Jun-2026 14:34:42.285 INFO [main] org.apache.catalina.startup.VersionLoggerListener.log Server version name:   Apache Tomcat/9.0.89
29-Jun-2026 14:34:42.290 INFO [main] org.apache.catalina.startup.VersionLoggerListener.log Server built:          May 3 2024 20:22:11 UTC
29-Jun-2026 14:34:42.290 INFO [main] org.apache.catalina.startup.VersionLoggerListener.log Server version number: 9.0.89.0
29-Jun-2026 14:34:42.290 INFO [main] org.apache.catalina.startup.VersionLoggerListener.log OS Name:               Windows 11
29-Jun-2026 14:34:42.290 INFO [main] org.apache.catalina.startup.VersionLoggerListener.log OS Version:            10.0
29-Jun-2026 14:34:42.290 INFO [main] org.apache.catalina.startup.VersionLoggerListener.log Architecture:          amd64
29-Jun-2026 14:34:42.290 INFO [main] org.apache.catalina.startup.VersionLoggerListener.log Java Home:             C:\Temp\Programs\JavaStack\jdk-17.0.19+10
29-Jun-2026 14:34:42.290 INFO [main] org.apache.catalina.startup.VersionLoggerListener.log JVM Version:           17.0.19+10-LTS
29-Jun-2026 14:34:42.290 INFO [main] org.apache.catalina.startup.VersionLoggerListener.log JVM Vendor:            Microsoft
29-Jun-2026 14:34:42.291 INFO [main] org.apache.catalina.startup.VersionLoggerListener.log CATALINA_BASE:         C:\Temp\Tomcat_compartido
29-Jun-2026 14:34:42.291 INFO [main] org.apache.catalina.startup.VersionLoggerListener.log CATALINA_HOME:         C:\Temp\Programs\JavaStack\apache-tomcat-9.0.89
29-Jun-2026 14:34:42.301 INFO [main] org.apache.catalina.startup.VersionLoggerListener.log Command line argument: -Djava.util.logging.config.file=C:\Temp\Tomcat_compartido/conf/logging.properties
29-Jun-2026 14:34:42.301 INFO [main] org.apache.catalina.startup.VersionLoggerListener.log Command line argument: -Djava.util.logging.manager=org.apache.juli.ClassLoaderLogManager
29-Jun-2026 14:34:42.301 INFO [main] org.apache.catalina.startup.VersionLoggerListener.log Command line argument: -Djdk.tls.ephemeralDHKeySize=2048
29-Jun-2026 14:34:42.301 INFO [main] org.apache.catalina.startup.VersionLoggerListener.log Command line argument: -Djava.protocol.handler.pkgs=org.apache.catalina.webresources
29-Jun-2026 14:34:42.301 INFO [main] org.apache.catalina.startup.VersionLoggerListener.log Command line argument: -Dorg.apache.catalina.security.SecurityListener.UMASK=0027
29-Jun-2026 14:34:42.301 INFO [main] org.apache.catalina.startup.VersionLoggerListener.log Command line argument: -Dcatalina.base=C:\Temp\Tomcat_compartido
29-Jun-2026 14:34:42.301 INFO [main] org.apache.catalina.startup.VersionLoggerListener.log Command line argument: -Dcatalina.home=C:\Temp\Programs\JavaStack\apache-tomcat-9.0.89
29-Jun-2026 14:34:42.301 INFO [main] org.apache.catalina.startup.VersionLoggerListener.log Command line argument: -Djava.io.tmpdir=C:\Temp\Tomcat_compartido/temp
29-Jun-2026 14:34:42.307 INFO [main] org.apache.catalina.core.AprLifecycleListener.lifecycleEvent The Apache Tomcat Native library which allows using OpenSSL was not found on the java.library.path: [C:\Temp\Programs\JavaStack\jdk-17.0.19+10\bin;C:\WINDOWS\Sun\Java\bin;C:\WINDOWS\system32;C:\WINDOWS;C:\WINDOWS\system32;C:\WINDOWS;C:\WINDOWS\System32\Wbem;C:\WINDOWS\System32\WindowsPowerShell\v1.0\;C:\WINDOWS\System32\OpenSSH\;C:\Program Files\dotnet\;C:\Users\Aldoa\Desktop\Infor\bin;C:\Program Files\Microsoft SQL Server Migration Assistant for Access\bin\;C:\Users\Aldoa\OneDrive\Desktop\;C:\Program Files\Git\cmd;C:\Program Files\nodejs\;C:\Users\Aldoa\AppData\Local\Microsoft\WindowsApps;C:\Users\Aldoa\AppData\Local\Programs\Microsoft VS Code\bin;C:\Users\Aldoa\AppData\Local\Programs\cursor\resources\app\bin;C:\Users\Aldoa\AppData\Roaming\npm;C:\Temp\Programs\JavaStack\jdk-17.0.19+10\bin;C:\Temp\Programs\JavaStack\apache-maven-3.9.16\bin;;.]
29-Jun-2026 14:34:42.520 INFO [main] org.apache.coyote.AbstractProtocol.init Initializing ProtocolHandler ["http-nio-8082"]
29-Jun-2026 14:34:42.544 INFO [main] org.apache.catalina.startup.Catalina.load Server initialization in [404] milliseconds
29-Jun-2026 14:34:42.584 INFO [main] org.apache.catalina.core.StandardService.startInternal Starting service [Catalina]
29-Jun-2026 14:34:42.584 INFO [main] org.apache.catalina.core.StandardEngine.startInternal Starting Servlet engine: [Apache Tomcat/9.0.89]
29-Jun-2026 14:34:42.584 INFO [main] org.apache.catalina.startup.HostConfig.deployDirectory Deploying web application directory [C:\Temp\Tomcat_compartido\webapps\host-manager]
29-Jun-2026 14:34:43.084 INFO [main] org.apache.jasper.servlet.TldScanner.scanJars At least one JAR was scanned for TLDs yet contained no TLDs. Enable debug logging for this logger for a complete list of JARs that were scanned but no TLDs were found in them. Skipping unneeded JARs during scanning can improve startup time and JSP compilation time.
29-Jun-2026 14:34:43.177 INFO [main] org.apache.catalina.startup.HostConfig.deployDirectory Deployment of web application directory [C:\Temp\Tomcat_compartido\webapps\host-manager] has finished in [592] ms
29-Jun-2026 14:34:43.177 INFO [main] org.apache.catalina.startup.HostConfig.deployDirectory Deploying web application directory [C:\Temp\Tomcat_compartido\webapps\manager]
29-Jun-2026 14:34:43.410 INFO [main] org.apache.jasper.servlet.TldScanner.scanJars At least one JAR was scanned for TLDs yet contained no TLDs. Enable debug logging for this logger for a complete list of JARs that were scanned but no TLDs were found in them. Skipping unneeded JARs during scanning can improve startup time and JSP compilation time.
29-Jun-2026 14:34:43.410 INFO [main] org.apache.catalina.startup.HostConfig.deployDirectory Deployment of web application directory [C:\Temp\Tomcat_compartido\webapps\manager] has finished in [233] ms
29-Jun-2026 14:34:43.410 INFO [main] org.apache.catalina.startup.HostConfig.deployDirectory Deploying web application directory [C:\Temp\Tomcat_compartido\webapps\ROOT]
29-Jun-2026 14:34:43.643 INFO [main] org.apache.jasper.servlet.TldScanner.scanJars At least one JAR was scanned for TLDs yet contained no TLDs. Enable debug logging for this logger for a complete list of JARs that were scanned but no TLDs were found in them. Skipping unneeded JARs during scanning can improve startup time and JSP compilation time.
29-Jun-2026 14:34:43.645 INFO [main] org.apache.catalina.startup.HostConfig.deployDirectory Deployment of web application directory [C:\Temp\Tomcat_compartido\webapps\ROOT] has finished in [235] ms
29-Jun-2026 14:34:43.645 INFO [main] org.apache.catalina.startup.HostConfig.deployDirectory Deploying web application directory [C:\Temp\Tomcat_compartido\webapps\Servlet1]
29-Jun-2026 14:34:43.908 INFO [main] org.apache.jasper.servlet.TldScanner.scanJars At least one JAR was scanned for TLDs yet contained no TLDs. Enable debug logging for this logger for a complete list of JARs that were scanned but no TLDs were found in them. Skipping unneeded JARs during scanning can improve startup time and JSP compilation time.
29-Jun-2026 14:34:43.915 INFO [main] org.apache.catalina.startup.HostConfig.deployDirectory Deployment of web application directory [C:\Temp\Tomcat_compartido\webapps\Servlet1] has finished in [270] ms
29-Jun-2026 14:34:43.915 INFO [main] org.apache.catalina.startup.HostConfig.deployDirectory Deploying web application directory [C:\Temp\Tomcat_compartido\webapps\test-r1]
29-Jun-2026 14:34:44.174 INFO [main] org.apache.jasper.servlet.TldScanner.scanJars At least one JAR was scanned for TLDs yet contained no TLDs. Enable debug logging for this logger for a complete list of JARs that were scanned but no TLDs were found in them. Skipping unneeded JARs during scanning can improve startup time and JSP compilation time.
29-Jun-2026 14:34:44.176 INFO [main] org.apache.catalina.startup.HostConfig.deployDirectory Deployment of web application directory [C:\Temp\Tomcat_compartido\webapps\test-r1] has finished in [261] ms
29-Jun-2026 14:34:44.176 INFO [main] org.apache.catalina.startup.HostConfig.deployDirectory Deploying web application directory [C:\Temp\Tomcat_compartido\webapps\Test2]
29-Jun-2026 14:34:44.362 INFO [main] org.apache.jasper.servlet.TldScanner.scanJars At least one JAR was scanned for TLDs yet contained no TLDs. Enable debug logging for this logger for a complete list of JARs that were scanned but no TLDs were found in them. Skipping unneeded JARs during scanning can improve startup time and JSP compilation time.
29-Jun-2026 14:34:44.378 INFO [main] org.apache.catalina.startup.HostConfig.deployDirectory Deployment of web application directory [C:\Temp\Tomcat_compartido\webapps\Test2] has finished in [202] ms
29-Jun-2026 14:34:44.378 INFO [main] org.apache.catalina.startup.HostConfig.deployDirectory Deploying web application directory [C:\Temp\Tomcat_compartido\webapps\trabajogr]
29-Jun-2026 14:34:44.658 INFO [main] org.apache.jasper.servlet.TldScanner.scanJars At least one JAR was scanned for TLDs yet contained no TLDs. Enable debug logging for this logger for a complete list of JARs that were scanned but no TLDs were found in them. Skipping unneeded JARs during scanning can improve startup time and JSP compilation time.
29-Jun-2026 14:34:44.658 INFO [main] org.apache.catalina.startup.HostConfig.deployDirectory Deployment of web application directory [C:\Temp\Tomcat_compartido\webapps\trabajogr] has finished in [280] ms
29-Jun-2026 14:34:44.670 INFO [main] org.apache.coyote.AbstractProtocol.start Starting ProtocolHandler ["http-nio-8082"]
29-Jun-2026 14:34:44.708 INFO [main] org.apache.catalina.startup.Catalina.start Server startup in [2162] milliseconds
29-Jun-2026 14:38:43.703 INFO [main] org.apache.catalina.startup.VersionLoggerListener.log Server version name:   Apache Tomcat/9.0.89
29-Jun-2026 14:38:43.706 INFO [main] org.apache.catalina.startup.VersionLoggerListener.log Server built:          May 3 2024 20:22:11 UTC
29-Jun-2026 14:38:43.706 INFO [main] org.apache.catalina.startup.VersionLoggerListener.log Server version number: 9.0.89.0
29-Jun-2026 14:38:43.706 INFO [main] org.apache.catalina.startup.VersionLoggerListener.log OS Name:               Windows 11
29-Jun-2026 14:38:43.706 INFO [main] org.apache.catalina.startup.VersionLoggerListener.log OS Version:            10.0
29-Jun-2026 14:38:43.706 INFO [main] org.apache.catalina.startup.VersionLoggerListener.log Architecture:          amd64
29-Jun-2026 14:38:43.706 INFO [main] org.apache.catalina.startup.VersionLoggerListener.log Java Home:             C:\Temp\Programs\JavaStack\jdk-17.0.19+10
29-Jun-2026 14:38:43.706 INFO [main] org.apache.catalina.startup.VersionLoggerListener.log JVM Version:           17.0.19+10-LTS
29-Jun-2026 14:38:43.706 INFO [main] org.apache.catalina.startup.VersionLoggerListener.log JVM Vendor:            Microsoft
29-Jun-2026 14:38:43.706 INFO [main] org.apache.catalina.startup.VersionLoggerListener.log CATALINA_BASE:         C:\Temp\Tomcat_compartido
29-Jun-2026 14:38:43.706 INFO [main] org.apache.catalina.startup.VersionLoggerListener.log CATALINA_HOME:         C:\Temp\Programs\JavaStack\apache-tomcat-9.0.89
29-Jun-2026 14:38:43.708 INFO [main] org.apache.catalina.startup.VersionLoggerListener.log Command line argument: -Djava.util.logging.config.file=C:\Temp\Tomcat_compartido/conf/logging.properties
29-Jun-2026 14:38:43.708 INFO [main] org.apache.catalina.startup.VersionLoggerListener.log Command line argument: -Djava.util.logging.manager=org.apache.juli.ClassLoaderLogManager
29-Jun-2026 14:38:43.708 INFO [main] org.apache.catalina.startup.VersionLoggerListener.log Command line argument: -Djdk.tls.ephemeralDHKeySize=2048
29-Jun-2026 14:38:43.708 INFO [main] org.apache.catalina.startup.VersionLoggerListener.log Command line argument: -Djava.protocol.handler.pkgs=org.apache.catalina.webresources
29-Jun-2026 14:38:43.708 INFO [main] org.apache.catalina.startup.VersionLoggerListener.log Command line argument: -Dorg.apache.catalina.security.SecurityListener.UMASK=0027
29-Jun-2026 14:38:43.708 INFO [main] org.apache.catalina.startup.VersionLoggerListener.log Command line argument: -Dcatalina.base=C:\Temp\Tomcat_compartido
29-Jun-2026 14:38:43.708 INFO [main] org.apache.catalina.startup.VersionLoggerListener.log Command line argument: -Dcatalina.home=C:\Temp\Programs\JavaStack\apache-tomcat-9.0.89
29-Jun-2026 14:38:43.717 INFO [main] org.apache.catalina.startup.VersionLoggerListener.log Command line argument: -Djava.io.tmpdir=C:\Temp\Tomcat_compartido/temp
29-Jun-2026 14:38:43.722 INFO [main] org.apache.catalina.core.AprLifecycleListener.lifecycleEvent The Apache Tomcat Native library which allows using OpenSSL was not found on the java.library.path: [C:\Temp\Programs\JavaStack\jdk-17.0.19+10\bin;C:\WINDOWS\Sun\Java\bin;C:\WINDOWS\system32;C:\WINDOWS;C:\WINDOWS\system32;C:\WINDOWS;C:\WINDOWS\System32\Wbem;C:\WINDOWS\System32\WindowsPowerShell\v1.0\;C:\WINDOWS\System32\OpenSSH\;C:\Program Files\dotnet\;C:\Users\Aldoa\Desktop\Infor\bin;C:\Program Files\Microsoft SQL Server Migration Assistant for Access\bin\;C:\Users\Aldoa\OneDrive\Desktop\;C:\Program Files\Git\cmd;C:\Program Files\nodejs\;C:\Users\Aldoa\AppData\Local\Microsoft\WindowsApps;C:\Users\Aldoa\AppData\Local\Programs\Microsoft VS Code\bin;C:\Users\Aldoa\AppData\Local\Programs\cursor\resources\app\bin;C:\Users\Aldoa\AppData\Roaming\npm;C:\Temp\Programs\JavaStack\jdk-17.0.19+10\bin;C:\Temp\Programs\JavaStack\apache-maven-3.9.16\bin;;.]
29-Jun-2026 14:38:43.938 INFO [main] org.apache.coyote.AbstractProtocol.init Initializing ProtocolHandler ["http-nio-8082"]
29-Jun-2026 14:38:43.957 INFO [main] org.apache.catalina.startup.Catalina.load Server initialization in [402] milliseconds
29-Jun-2026 14:38:44.002 INFO [main] org.apache.catalina.core.StandardService.startInternal Starting service [Catalina]
29-Jun-2026 14:38:44.002 INFO [main] org.apache.catalina.core.StandardEngine.startInternal Starting Servlet engine: [Apache Tomcat/9.0.89]
29-Jun-2026 14:38:44.011 INFO [main] org.apache.catalina.startup.HostConfig.deployDirectory Deploying web application directory [C:\Temp\Tomcat_compartido\webapps\host-manager]
29-Jun-2026 14:38:44.524 INFO [main] org.apache.jasper.servlet.TldScanner.scanJars At least one JAR was scanned for TLDs yet contained no TLDs. Enable debug logging for this logger for a complete list of JARs that were scanned but no TLDs were found in them. Skipping unneeded JARs during scanning can improve startup time and JSP compilation time.
29-Jun-2026 14:38:44.611 INFO [main] org.apache.catalina.startup.HostConfig.deployDirectory Deployment of web application directory [C:\Temp\Tomcat_compartido\webapps\host-manager] has finished in [599] ms
29-Jun-2026 14:38:44.611 INFO [main] org.apache.catalina.startup.HostConfig.deployDirectory Deploying web application directory [C:\Temp\Tomcat_compartido\webapps\manager]
29-Jun-2026 14:38:44.843 INFO [main] org.apache.jasper.servlet.TldScanner.scanJars At least one JAR was scanned for TLDs yet contained no TLDs. Enable debug logging for this logger for a complete list of JARs that were scanned but no TLDs were found in them. Skipping unneeded JARs during scanning can improve startup time and JSP compilation time.
29-Jun-2026 14:38:44.843 INFO [main] org.apache.catalina.startup.HostConfig.deployDirectory Deployment of web application directory [C:\Temp\Tomcat_compartido\webapps\manager] has finished in [232] ms
29-Jun-2026 14:38:44.843 INFO [main] org.apache.catalina.startup.HostConfig.deployDirectory Deploying web application directory [C:\Temp\Tomcat_compartido\webapps\ROOT]
29-Jun-2026 14:38:45.099 INFO [main] org.apache.jasper.servlet.TldScanner.scanJars At least one JAR was scanned for TLDs yet contained no TLDs. Enable debug logging for this logger for a complete list of JARs that were scanned but no TLDs were found in them. Skipping unneeded JARs during scanning can improve startup time and JSP compilation time.
29-Jun-2026 14:38:45.101 INFO [main] org.apache.catalina.startup.HostConfig.deployDirectory Deployment of web application directory [C:\Temp\Tomcat_compartido\webapps\ROOT] has finished in [258] ms
29-Jun-2026 14:38:45.101 INFO [main] org.apache.catalina.startup.HostConfig.deployDirectory Deploying web application directory [C:\Temp\Tomcat_compartido\webapps\Servlet1]
29-Jun-2026 14:38:45.467 INFO [main] org.apache.jasper.servlet.TldScanner.scanJars At least one JAR was scanned for TLDs yet contained no TLDs. Enable debug logging for this logger for a complete list of JARs that were scanned but no TLDs were found in them. Skipping unneeded JARs during scanning can improve startup time and JSP compilation time.
29-Jun-2026 14:38:45.478 INFO [main] org.apache.catalina.startup.HostConfig.deployDirectory Deployment of web application directory [C:\Temp\Tomcat_compartido\webapps\Servlet1] has finished in [377] ms
29-Jun-2026 14:38:45.479 INFO [main] org.apache.catalina.startup.HostConfig.deployDirectory Deploying web application directory [C:\Temp\Tomcat_compartido\webapps\test-r1]
29-Jun-2026 14:38:45.714 INFO [main] org.apache.jasper.servlet.TldScanner.scanJars At least one JAR was scanned for TLDs yet contained no TLDs. Enable debug logging for this logger for a complete list of JARs that were scanned but no TLDs were found in them. Skipping unneeded JARs during scanning can improve startup time and JSP compilation time.
29-Jun-2026 14:38:45.718 INFO [main] org.apache.catalina.startup.HostConfig.deployDirectory Deployment of web application directory [C:\Temp\Tomcat_compartido\webapps\test-r1] has finished in [240] ms
29-Jun-2026 14:38:45.718 INFO [main] org.apache.catalina.startup.HostConfig.deployDirectory Deploying web application directory [C:\Temp\Tomcat_compartido\webapps\Test2]
29-Jun-2026 14:38:45.943 INFO [main] org.apache.jasper.servlet.TldScanner.scanJars At least one JAR was scanned for TLDs yet contained no TLDs. Enable debug logging for this logger for a complete list of JARs that were scanned but no TLDs were found in them. Skipping unneeded JARs during scanning can improve startup time and JSP compilation time.
29-Jun-2026 14:38:45.945 INFO [main] org.apache.catalina.startup.HostConfig.deployDirectory Deployment of web application directory [C:\Temp\Tomcat_compartido\webapps\Test2] has finished in [227] ms
29-Jun-2026 14:38:45.946 INFO [main] org.apache.catalina.startup.HostConfig.deployDirectory Deploying web application directory [C:\Temp\Tomcat_compartido\webapps\trabajogr]
29-Jun-2026 14:38:46.216 INFO [main] org.apache.jasper.servlet.TldScanner.scanJars At least one JAR was scanned for TLDs yet contained no TLDs. Enable debug logging for this logger for a complete list of JARs that were scanned but no TLDs were found in them. Skipping unneeded JARs during scanning can improve startup time and JSP compilation time.
29-Jun-2026 14:38:46.231 INFO [main] org.apache.catalina.startup.HostConfig.deployDirectory Deployment of web application directory [C:\Temp\Tomcat_compartido\webapps\trabajogr] has finished in [286] ms
29-Jun-2026 14:38:46.235 INFO [main] org.apache.coyote.AbstractProtocol.start Starting ProtocolHandler ["http-nio-8082"]
29-Jun-2026 14:38:46.286 INFO [main] org.apache.catalina.startup.Catalina.start Server startup in [2323] milliseconds
29-Jun-2026 15:05:38.492 INFO [main] org.apache.catalina.startup.VersionLoggerListener.log Server version name:   Apache Tomcat/9.0.89
29-Jun-2026 15:05:38.499 INFO [main] org.apache.catalina.startup.VersionLoggerListener.log Server built:          May 3 2024 20:22:11 UTC
29-Jun-2026 15:05:38.499 INFO [main] org.apache.catalina.startup.VersionLoggerListener.log Server version number: 9.0.89.0
29-Jun-2026 15:05:38.500 INFO [main] org.apache.catalina.startup.VersionLoggerListener.log OS Name:               Windows 11
29-Jun-2026 15:05:38.500 INFO [main] org.apache.catalina.startup.VersionLoggerListener.log OS Version:            10.0
29-Jun-2026 15:05:38.500 INFO [main] org.apache.catalina.startup.VersionLoggerListener.log Architecture:          amd64
29-Jun-2026 15:05:38.500 INFO [main] org.apache.catalina.startup.VersionLoggerListener.log Java Home:             C:\Temp\Programs\JavaStack\jdk-17.0.19+10
29-Jun-2026 15:05:38.500 INFO [main] org.apache.catalina.startup.VersionLoggerListener.log JVM Version:           17.0.19+10-LTS
29-Jun-2026 15:05:38.500 INFO [main] org.apache.catalina.startup.VersionLoggerListener.log JVM Vendor:            Microsoft
29-Jun-2026 15:05:38.500 INFO [main] org.apache.catalina.startup.VersionLoggerListener.log CATALINA_BASE:         C:\Temp\Tomcat_compartido
29-Jun-2026 15:05:38.501 INFO [main] org.apache.catalina.startup.VersionLoggerListener.log CATALINA_HOME:         C:\Temp\Programs\JavaStack\apache-tomcat-9.0.89
29-Jun-2026 15:05:38.518 INFO [main] org.apache.catalina.startup.VersionLoggerListener.log Command line argument: -Djava.util.logging.config.file=C:\Temp\Tomcat_compartido/conf/logging.properties
29-Jun-2026 15:05:38.519 INFO [main] org.apache.catalina.startup.VersionLoggerListener.log Command line argument: -Djava.util.logging.manager=org.apache.juli.ClassLoaderLogManager
29-Jun-2026 15:05:38.519 INFO [main] org.apache.catalina.startup.VersionLoggerListener.log Command line argument: -Djdk.tls.ephemeralDHKeySize=2048
29-Jun-2026 15:05:38.519 INFO [main] org.apache.catalina.startup.VersionLoggerListener.log Command line argument: -Djava.protocol.handler.pkgs=org.apache.catalina.webresources
29-Jun-2026 15:05:38.519 INFO [main] org.apache.catalina.startup.VersionLoggerListener.log Command line argument: -Dorg.apache.catalina.security.SecurityListener.UMASK=0027
29-Jun-2026 15:05:38.519 INFO [main] org.apache.catalina.startup.VersionLoggerListener.log Command line argument: -Dcatalina.base=C:\Temp\Tomcat_compartido
29-Jun-2026 15:05:38.519 INFO [main] org.apache.catalina.startup.VersionLoggerListener.log Command line argument: -Dcatalina.home=C:\Temp\Programs\JavaStack\apache-tomcat-9.0.89
29-Jun-2026 15:05:38.519 INFO [main] org.apache.catalina.startup.VersionLoggerListener.log Command line argument: -Djava.io.tmpdir=C:\Temp\Tomcat_compartido/temp
29-Jun-2026 15:05:38.527 INFO [main] org.apache.catalina.core.AprLifecycleListener.lifecycleEvent The Apache Tomcat Native library which allows using OpenSSL was not found on the java.library.path: [C:\Temp\Programs\JavaStack\jdk-17.0.19+10\bin;C:\WINDOWS\Sun\Java\bin;C:\WINDOWS\system32;C:\WINDOWS;C:\WINDOWS\system32;C:\WINDOWS;C:\WINDOWS\System32\Wbem;C:\WINDOWS\System32\WindowsPowerShell\v1.0\;C:\WINDOWS\System32\OpenSSH\;C:\Program Files\dotnet\;C:\Users\Aldoa\Desktop\Infor\bin;C:\Program Files\Microsoft SQL Server Migration Assistant for Access\bin\;C:\Users\Aldoa\OneDrive\Desktop\;C:\Program Files\Git\cmd;C:\Program Files\nodejs\;C:\Users\Aldoa\AppData\Local\Microsoft\WindowsApps;C:\Users\Aldoa\AppData\Local\Programs\Microsoft VS Code\bin;C:\Users\Aldoa\AppData\Local\Programs\cursor\resources\app\bin;C:\Users\Aldoa\AppData\Roaming\npm;C:\Temp\Programs\JavaStack\jdk-17.0.19+10\bin;C:\Temp\Programs\JavaStack\apache-maven-3.9.16\bin;;.]
29-Jun-2026 15:05:38.784 INFO [main] org.apache.coyote.AbstractProtocol.init Initializing ProtocolHandler ["http-nio-8082"]
29-Jun-2026 15:05:38.804 INFO [main] org.apache.catalina.startup.Catalina.load Server initialization in [499] milliseconds
29-Jun-2026 15:05:38.839 INFO [main] org.apache.catalina.core.StandardService.startInternal Starting service [Catalina]
29-Jun-2026 15:05:38.839 INFO [main] org.apache.catalina.core.StandardEngine.startInternal Starting Servlet engine: [Apache Tomcat/9.0.89]
29-Jun-2026 15:05:38.845 INFO [main] org.apache.catalina.startup.HostConfig.deployDirectory Deploying web application directory [C:\Temp\Tomcat_compartido\webapps\host-manager]
29-Jun-2026 15:05:39.326 INFO [main] org.apache.jasper.servlet.TldScanner.scanJars At least one JAR was scanned for TLDs yet contained no TLDs. Enable debug logging for this logger for a complete list of JARs that were scanned but no TLDs were found in them. Skipping unneeded JARs during scanning can improve startup time and JSP compilation time.
29-Jun-2026 15:05:39.395 INFO [main] org.apache.catalina.startup.HostConfig.deployDirectory Deployment of web application directory [C:\Temp\Tomcat_compartido\webapps\host-manager] has finished in [550] ms
29-Jun-2026 15:05:39.396 INFO [main] org.apache.catalina.startup.HostConfig.deployDirectory Deploying web application directory [C:\Temp\Tomcat_compartido\webapps\manager]
29-Jun-2026 15:05:39.686 INFO [main] org.apache.jasper.servlet.TldScanner.scanJars At least one JAR was scanned for TLDs yet contained no TLDs. Enable debug logging for this logger for a complete list of JARs that were scanned but no TLDs were found in them. Skipping unneeded JARs during scanning can improve startup time and JSP compilation time.
29-Jun-2026 15:05:39.689 INFO [main] org.apache.catalina.startup.HostConfig.deployDirectory Deployment of web application directory [C:\Temp\Tomcat_compartido\webapps\manager] has finished in [293] ms
29-Jun-2026 15:05:39.689 INFO [main] org.apache.catalina.startup.HostConfig.deployDirectory Deploying web application directory [C:\Temp\Tomcat_compartido\webapps\ROOT]
29-Jun-2026 15:05:39.909 INFO [main] org.apache.jasper.servlet.TldScanner.scanJars At least one JAR was scanned for TLDs yet contained no TLDs. Enable debug logging for this logger for a complete list of JARs that were scanned but no TLDs were found in them. Skipping unneeded JARs during scanning can improve startup time and JSP compilation time.
29-Jun-2026 15:05:39.912 INFO [main] org.apache.catalina.startup.HostConfig.deployDirectory Deployment of web application directory [C:\Temp\Tomcat_compartido\webapps\ROOT] has finished in [223] ms
29-Jun-2026 15:05:39.913 INFO [main] org.apache.catalina.startup.HostConfig.deployDirectory Deploying web application directory [C:\Temp\Tomcat_compartido\webapps\Servlet1]
29-Jun-2026 15:05:40.211 INFO [main] org.apache.jasper.servlet.TldScanner.scanJars At least one JAR was scanned for TLDs yet contained no TLDs. Enable debug logging for this logger for a complete list of JARs that were scanned but no TLDs were found in them. Skipping unneeded JARs during scanning can improve startup time and JSP compilation time.
29-Jun-2026 15:05:40.235 INFO [main] org.apache.catalina.startup.HostConfig.deployDirectory Deployment of web application directory [C:\Temp\Tomcat_compartido\webapps\Servlet1] has finished in [322] ms
29-Jun-2026 15:05:40.235 INFO [main] org.apache.catalina.startup.HostConfig.deployDirectory Deploying web application directory [C:\Temp\Tomcat_compartido\webapps\test-r1]
29-Jun-2026 15:05:40.443 INFO [main] org.apache.jasper.servlet.TldScanner.scanJars At least one JAR was scanned for TLDs yet contained no TLDs. Enable debug logging for this logger for a complete list of JARs that were scanned but no TLDs were found in them. Skipping unneeded JARs during scanning can improve startup time and JSP compilation time.
29-Jun-2026 15:05:40.447 INFO [main] org.apache.catalina.startup.HostConfig.deployDirectory Deployment of web application directory [C:\Temp\Tomcat_compartido\webapps\test-r1] has finished in [212] ms
29-Jun-2026 15:05:40.448 INFO [main] org.apache.catalina.startup.HostConfig.deployDirectory Deploying web application directory [C:\Temp\Tomcat_compartido\webapps\Test2]
29-Jun-2026 15:05:40.672 INFO [main] org.apache.jasper.servlet.TldScanner.scanJars At least one JAR was scanned for TLDs yet contained no TLDs. Enable debug logging for this logger for a complete list of JARs that were scanned but no TLDs were found in them. Skipping unneeded JARs during scanning can improve startup time and JSP compilation time.
29-Jun-2026 15:05:40.688 INFO [main] org.apache.catalina.startup.HostConfig.deployDirectory Deployment of web application directory [C:\Temp\Tomcat_compartido\webapps\Test2] has finished in [240] ms
29-Jun-2026 15:05:40.688 INFO [main] org.apache.catalina.startup.HostConfig.deployDirectory Deploying web application directory [C:\Temp\Tomcat_compartido\webapps\trabajogr]
29-Jun-2026 15:05:40.963 INFO [main] org.apache.jasper.servlet.TldScanner.scanJars At least one JAR was scanned for TLDs yet contained no TLDs. Enable debug logging for this logger for a complete list of JARs that were scanned but no TLDs were found in them. Skipping unneeded JARs during scanning can improve startup time and JSP compilation time.
29-Jun-2026 15:05:40.966 INFO [main] org.apache.catalina.startup.HostConfig.deployDirectory Deployment of web application directory [C:\Temp\Tomcat_compartido\webapps\trabajogr] has finished in [278] ms
29-Jun-2026 15:05:40.969 INFO [main] org.apache.coyote.AbstractProtocol.start Starting ProtocolHandler ["http-nio-8082"]
29-Jun-2026 15:05:41.007 INFO [main] org.apache.catalina.startup.Catalina.start Server startup in [2202] milliseconds
29-Jun-2026 15:08:05.752 INFO [main] org.apache.catalina.startup.VersionLoggerListener.log Server version name:   Apache Tomcat/9.0.89
29-Jun-2026 15:08:05.767 INFO [main] org.apache.catalina.startup.VersionLoggerListener.log Server built:          May 3 2024 20:22:11 UTC
29-Jun-2026 15:08:05.767 INFO [main] org.apache.catalina.startup.VersionLoggerListener.log Server version number: 9.0.89.0
29-Jun-2026 15:08:05.767 INFO [main] org.apache.catalina.startup.VersionLoggerListener.log OS Name:               Windows 11
29-Jun-2026 15:08:05.767 INFO [main] org.apache.catalina.startup.VersionLoggerListener.log OS Version:            10.0
29-Jun-2026 15:08:05.768 INFO [main] org.apache.catalina.startup.VersionLoggerListener.log Architecture:          amd64
29-Jun-2026 15:08:05.768 INFO [main] org.apache.catalina.startup.VersionLoggerListener.log Java Home:             C:\Temp\Programs\JavaStack\jdk-17.0.19+10
29-Jun-2026 15:08:05.768 INFO [main] org.apache.catalina.startup.VersionLoggerListener.log JVM Version:           17.0.19+10-LTS
29-Jun-2026 15:08:05.768 INFO [main] org.apache.catalina.startup.VersionLoggerListener.log JVM Vendor:            Microsoft
29-Jun-2026 15:08:05.768 INFO [main] org.apache.catalina.startup.VersionLoggerListener.log CATALINA_BASE:         C:\Temp\Tomcat_compartido
29-Jun-2026 15:08:05.768 INFO [main] org.apache.catalina.startup.VersionLoggerListener.log CATALINA_HOME:         C:\Temp\Programs\JavaStack\apache-tomcat-9.0.89
29-Jun-2026 15:08:05.778 INFO [main] org.apache.catalina.startup.VersionLoggerListener.log Command line argument: -Djava.util.logging.config.file=C:\Temp\Tomcat_compartido/conf/logging.properties
29-Jun-2026 15:08:05.778 INFO [main] org.apache.catalina.startup.VersionLoggerListener.log Command line argument: -Djava.util.logging.manager=org.apache.juli.ClassLoaderLogManager
29-Jun-2026 15:08:05.778 INFO [main] org.apache.catalina.startup.VersionLoggerListener.log Command line argument: -Djdk.tls.ephemeralDHKeySize=2048
29-Jun-2026 15:08:05.778 INFO [main] org.apache.catalina.startup.VersionLoggerListener.log Command line argument: -Djava.protocol.handler.pkgs=org.apache.catalina.webresources
29-Jun-2026 15:08:05.778 INFO [main] org.apache.catalina.startup.VersionLoggerListener.log Command line argument: -Dorg.apache.catalina.security.SecurityListener.UMASK=0027
29-Jun-2026 15:08:05.778 INFO [main] org.apache.catalina.startup.VersionLoggerListener.log Command line argument: -Dcatalina.base=C:\Temp\Tomcat_compartido
29-Jun-2026 15:08:05.778 INFO [main] org.apache.catalina.startup.VersionLoggerListener.log Command line argument: -Dcatalina.home=C:\Temp\Programs\JavaStack\apache-tomcat-9.0.89
29-Jun-2026 15:08:05.778 INFO [main] org.apache.catalina.startup.VersionLoggerListener.log Command line argument: -Djava.io.tmpdir=C:\Temp\Tomcat_compartido/temp
29-Jun-2026 15:08:05.786 INFO [main] org.apache.catalina.core.AprLifecycleListener.lifecycleEvent The Apache Tomcat Native library which allows using OpenSSL was not found on the java.library.path: [C:\Temp\Programs\JavaStack\jdk-17.0.19+10\bin;C:\WINDOWS\Sun\Java\bin;C:\WINDOWS\system32;C:\WINDOWS;C:\WINDOWS\system32;C:\WINDOWS;C:\WINDOWS\System32\Wbem;C:\WINDOWS\System32\WindowsPowerShell\v1.0\;C:\WINDOWS\System32\OpenSSH\;C:\Program Files\dotnet\;C:\Users\Aldoa\Desktop\Infor\bin;C:\Program Files\Microsoft SQL Server Migration Assistant for Access\bin\;C:\Users\Aldoa\OneDrive\Desktop\;C:\Program Files\Git\cmd;C:\Program Files\nodejs\;C:\Users\Aldoa\AppData\Local\Microsoft\WindowsApps;C:\Users\Aldoa\AppData\Local\Programs\Microsoft VS Code\bin;C:\Users\Aldoa\AppData\Local\Programs\cursor\resources\app\bin;C:\Users\Aldoa\AppData\Roaming\npm;C:\Temp\Programs\JavaStack\jdk-17.0.19+10\bin;C:\Temp\Programs\JavaStack\apache-maven-3.9.16\bin;;.]
29-Jun-2026 15:08:05.984 INFO [main] org.apache.coyote.AbstractProtocol.init Initializing ProtocolHandler ["http-nio-8082"]
29-Jun-2026 15:08:06.008 INFO [main] org.apache.catalina.startup.Catalina.load Server initialization in [398] milliseconds
29-Jun-2026 15:08:06.045 INFO [main] org.apache.catalina.core.StandardService.startInternal Starting service [Catalina]
29-Jun-2026 15:08:06.045 INFO [main] org.apache.catalina.core.StandardEngine.startInternal Starting Servlet engine: [Apache Tomcat/9.0.89]
29-Jun-2026 15:08:06.053 INFO [main] org.apache.catalina.startup.HostConfig.deployDirectory Deploying web application directory [C:\Temp\Tomcat_compartido\webapps\host-manager]
29-Jun-2026 15:08:06.512 INFO [main] org.apache.jasper.servlet.TldScanner.scanJars At least one JAR was scanned for TLDs yet contained no TLDs. Enable debug logging for this logger for a complete list of JARs that were scanned but no TLDs were found in them. Skipping unneeded JARs during scanning can improve startup time and JSP compilation time.
29-Jun-2026 15:08:06.584 INFO [main] org.apache.catalina.startup.HostConfig.deployDirectory Deployment of web application directory [C:\Temp\Tomcat_compartido\webapps\host-manager] has finished in [531] ms
29-Jun-2026 15:08:06.584 INFO [main] org.apache.catalina.startup.HostConfig.deployDirectory Deploying web application directory [C:\Temp\Tomcat_compartido\webapps\manager]
29-Jun-2026 15:08:06.841 INFO [main] org.apache.jasper.servlet.TldScanner.scanJars At least one JAR was scanned for TLDs yet contained no TLDs. Enable debug logging for this logger for a complete list of JARs that were scanned but no TLDs were found in them. Skipping unneeded JARs during scanning can improve startup time and JSP compilation time.
29-Jun-2026 15:08:06.841 INFO [main] org.apache.catalina.startup.HostConfig.deployDirectory Deployment of web application directory [C:\Temp\Tomcat_compartido\webapps\manager] has finished in [257] ms
29-Jun-2026 15:08:06.841 INFO [main] org.apache.catalina.startup.HostConfig.deployDirectory Deploying web application directory [C:\Temp\Tomcat_compartido\webapps\ROOT]
29-Jun-2026 15:08:07.084 INFO [main] org.apache.jasper.servlet.TldScanner.scanJars At least one JAR was scanned for TLDs yet contained no TLDs. Enable debug logging for this logger for a complete list of JARs that were scanned but no TLDs were found in them. Skipping unneeded JARs during scanning can improve startup time and JSP compilation time.
29-Jun-2026 15:08:07.088 INFO [main] org.apache.catalina.startup.HostConfig.deployDirectory Deployment of web application directory [C:\Temp\Tomcat_compartido\webapps\ROOT] has finished in [247] ms
29-Jun-2026 15:08:07.088 INFO [main] org.apache.catalina.startup.HostConfig.deployDirectory Deploying web application directory [C:\Temp\Tomcat_compartido\webapps\Servlet1]
29-Jun-2026 15:08:07.346 INFO [main] org.apache.jasper.servlet.TldScanner.scanJars At least one JAR was scanned for TLDs yet contained no TLDs. Enable debug logging for this logger for a complete list of JARs that were scanned but no TLDs were found in them. Skipping unneeded JARs during scanning can improve startup time and JSP compilation time.
29-Jun-2026 15:08:07.352 INFO [main] org.apache.catalina.startup.HostConfig.deployDirectory Deployment of web application directory [C:\Temp\Tomcat_compartido\webapps\Servlet1] has finished in [264] ms
29-Jun-2026 15:08:07.352 INFO [main] org.apache.catalina.startup.HostConfig.deployDirectory Deploying web application directory [C:\Temp\Tomcat_compartido\webapps\test-r1]
29-Jun-2026 15:08:07.554 INFO [main] org.apache.jasper.servlet.TldScanner.scanJars At least one JAR was scanned for TLDs yet contained no TLDs. Enable debug logging for this logger for a complete list of JARs that were scanned but no TLDs were found in them. Skipping unneeded JARs during scanning can improve startup time and JSP compilation time.
29-Jun-2026 15:08:07.558 INFO [main] org.apache.catalina.startup.HostConfig.deployDirectory Deployment of web application directory [C:\Temp\Tomcat_compartido\webapps\test-r1] has finished in [206] ms
29-Jun-2026 15:08:07.558 INFO [main] org.apache.catalina.startup.HostConfig.deployDirectory Deploying web application directory [C:\Temp\Tomcat_compartido\webapps\Test2]
29-Jun-2026 15:08:07.776 INFO [main] org.apache.jasper.servlet.TldScanner.scanJars At least one JAR was scanned for TLDs yet contained no TLDs. Enable debug logging for this logger for a complete list of JARs that were scanned but no TLDs were found in them. Skipping unneeded JARs during scanning can improve startup time and JSP compilation time.
29-Jun-2026 15:08:07.776 INFO [main] org.apache.catalina.startup.HostConfig.deployDirectory Deployment of web application directory [C:\Temp\Tomcat_compartido\webapps\Test2] has finished in [218] ms
29-Jun-2026 15:08:07.776 INFO [main] org.apache.catalina.startup.HostConfig.deployDirectory Deploying web application directory [C:\Temp\Tomcat_compartido\webapps\trabajogr]
29-Jun-2026 15:08:08.058 INFO [main] org.apache.jasper.servlet.TldScanner.scanJars At least one JAR was scanned for TLDs yet contained no TLDs. Enable debug logging for this logger for a complete list of JARs that were scanned but no TLDs were found in them. Skipping unneeded JARs during scanning can improve startup time and JSP compilation time.
29-Jun-2026 15:08:08.058 INFO [main] org.apache.catalina.startup.HostConfig.deployDirectory Deployment of web application directory [C:\Temp\Tomcat_compartido\webapps\trabajogr] has finished in [282] ms
29-Jun-2026 15:08:08.071 INFO [main] org.apache.coyote.AbstractProtocol.start Starting ProtocolHandler ["http-nio-8082"]
29-Jun-2026 15:08:08.106 INFO [main] org.apache.catalina.startup.Catalina.start Server startup in [2097] milliseconds
29-Jun-2026 15:09:36.948 INFO [main] org.apache.catalina.startup.VersionLoggerListener.log Server version name:   Apache Tomcat/9.0.89
29-Jun-2026 15:09:36.950 INFO [main] org.apache.catalina.startup.VersionLoggerListener.log Server built:          May 3 2024 20:22:11 UTC
29-Jun-2026 15:09:36.951 INFO [main] org.apache.catalina.startup.VersionLoggerListener.log Server version number: 9.0.89.0
29-Jun-2026 15:09:36.951 INFO [main] org.apache.catalina.startup.VersionLoggerListener.log OS Name:               Windows 11
29-Jun-2026 15:09:36.951 INFO [main] org.apache.catalina.startup.VersionLoggerListener.log OS Version:            10.0
29-Jun-2026 15:09:36.951 INFO [main] org.apache.catalina.startup.VersionLoggerListener.log Architecture:          amd64
29-Jun-2026 15:09:36.951 INFO [main] org.apache.catalina.startup.VersionLoggerListener.log Java Home:             C:\Temp\Programs\JavaStack\jdk-17.0.19+10
29-Jun-2026 15:09:36.951 INFO [main] org.apache.catalina.startup.VersionLoggerListener.log JVM Version:           17.0.19+10-LTS
29-Jun-2026 15:09:36.951 INFO [main] org.apache.catalina.startup.VersionLoggerListener.log JVM Vendor:            Microsoft
29-Jun-2026 15:09:36.951 INFO [main] org.apache.catalina.startup.VersionLoggerListener.log CATALINA_BASE:         C:\Temp\Tomcat_compartido
29-Jun-2026 15:09:36.951 INFO [main] org.apache.catalina.startup.VersionLoggerListener.log CATALINA_HOME:         C:\Temp\Programs\JavaStack\apache-tomcat-9.0.89
29-Jun-2026 15:09:36.961 INFO [main] org.apache.catalina.startup.VersionLoggerListener.log Command line argument: -Djava.util.logging.config.file=C:\Temp\Tomcat_compartido/conf/logging.properties
29-Jun-2026 15:09:36.961 INFO [main] org.apache.catalina.startup.VersionLoggerListener.log Command line argument: -Djava.util.logging.manager=org.apache.juli.ClassLoaderLogManager
29-Jun-2026 15:09:36.961 INFO [main] org.apache.catalina.startup.VersionLoggerListener.log Command line argument: -Djdk.tls.ephemeralDHKeySize=2048
29-Jun-2026 15:09:36.961 INFO [main] org.apache.catalina.startup.VersionLoggerListener.log Command line argument: -Djava.protocol.handler.pkgs=org.apache.catalina.webresources
29-Jun-2026 15:09:36.961 INFO [main] org.apache.catalina.startup.VersionLoggerListener.log Command line argument: -Dorg.apache.catalina.security.SecurityListener.UMASK=0027
29-Jun-2026 15:09:36.961 INFO [main] org.apache.catalina.startup.VersionLoggerListener.log Command line argument: -Dcatalina.base=C:\Temp\Tomcat_compartido
29-Jun-2026 15:09:36.961 INFO [main] org.apache.catalina.startup.VersionLoggerListener.log Command line argument: -Dcatalina.home=C:\Temp\Programs\JavaStack\apache-tomcat-9.0.89
29-Jun-2026 15:09:36.961 INFO [main] org.apache.catalina.startup.VersionLoggerListener.log Command line argument: -Djava.io.tmpdir=C:\Temp\Tomcat_compartido/temp
29-Jun-2026 15:09:36.968 INFO [main] org.apache.catalina.core.AprLifecycleListener.lifecycleEvent The Apache Tomcat Native library which allows using OpenSSL was not found on the java.library.path: [C:\Temp\Programs\JavaStack\jdk-17.0.19+10\bin;C:\WINDOWS\Sun\Java\bin;C:\WINDOWS\system32;C:\WINDOWS;C:\WINDOWS\system32;C:\WINDOWS;C:\WINDOWS\System32\Wbem;C:\WINDOWS\System32\WindowsPowerShell\v1.0\;C:\WINDOWS\System32\OpenSSH\;C:\Program Files\dotnet\;C:\Users\Aldoa\Desktop\Infor\bin;C:\Program Files\Microsoft SQL Server Migration Assistant for Access\bin\;C:\Users\Aldoa\OneDrive\Desktop\;C:\Program Files\Git\cmd;C:\Program Files\nodejs\;C:\Users\Aldoa\AppData\Local\Microsoft\WindowsApps;C:\Users\Aldoa\AppData\Local\Programs\Microsoft VS Code\bin;C:\Users\Aldoa\AppData\Local\Programs\cursor\resources\app\bin;C:\Users\Aldoa\AppData\Roaming\npm;C:\Temp\Programs\JavaStack\jdk-17.0.19+10\bin;C:\Temp\Programs\JavaStack\apache-maven-3.9.16\bin;;.]
29-Jun-2026 15:09:37.181 INFO [main] org.apache.coyote.AbstractProtocol.init Initializing ProtocolHandler ["http-nio-8082"]
29-Jun-2026 15:09:37.208 INFO [main] org.apache.catalina.startup.Catalina.load Server initialization in [398] milliseconds
29-Jun-2026 15:09:37.234 INFO [main] org.apache.catalina.core.StandardService.startInternal Starting service [Catalina]
29-Jun-2026 15:09:37.249 INFO [main] org.apache.catalina.core.StandardEngine.startInternal Starting Servlet engine: [Apache Tomcat/9.0.89]
29-Jun-2026 15:09:37.252 INFO [main] org.apache.catalina.startup.HostConfig.deployDirectory Deploying web application directory [C:\Temp\Tomcat_compartido\webapps\host-manager]
29-Jun-2026 15:09:37.735 INFO [main] org.apache.jasper.servlet.TldScanner.scanJars At least one JAR was scanned for TLDs yet contained no TLDs. Enable debug logging for this logger for a complete list of JARs that were scanned but no TLDs were found in them. Skipping unneeded JARs during scanning can improve startup time and JSP compilation time.
29-Jun-2026 15:09:37.801 INFO [main] org.apache.catalina.startup.HostConfig.deployDirectory Deployment of web application directory [C:\Temp\Tomcat_compartido\webapps\host-manager] has finished in [549] ms
29-Jun-2026 15:09:37.801 INFO [main] org.apache.catalina.startup.HostConfig.deployDirectory Deploying web application directory [C:\Temp\Tomcat_compartido\webapps\manager]
29-Jun-2026 15:09:38.045 INFO [main] org.apache.jasper.servlet.TldScanner.scanJars At least one JAR was scanned for TLDs yet contained no TLDs. Enable debug logging for this logger for a complete list of JARs that were scanned but no TLDs were found in them. Skipping unneeded JARs during scanning can improve startup time and JSP compilation time.
29-Jun-2026 15:09:38.047 INFO [main] org.apache.catalina.startup.HostConfig.deployDirectory Deployment of web application directory [C:\Temp\Tomcat_compartido\webapps\manager] has finished in [246] ms
29-Jun-2026 15:09:38.049 INFO [main] org.apache.catalina.startup.HostConfig.deployDirectory Deploying web application directory [C:\Temp\Tomcat_compartido\webapps\ROOT]
29-Jun-2026 15:09:38.283 INFO [main] org.apache.jasper.servlet.TldScanner.scanJars At least one JAR was scanned for TLDs yet contained no TLDs. Enable debug logging for this logger for a complete list of JARs that were scanned but no TLDs were found in them. Skipping unneeded JARs during scanning can improve startup time and JSP compilation time.
29-Jun-2026 15:09:38.294 INFO [main] org.apache.catalina.startup.HostConfig.deployDirectory Deployment of web application directory [C:\Temp\Tomcat_compartido\webapps\ROOT] has finished in [245] ms
29-Jun-2026 15:09:38.294 INFO [main] org.apache.catalina.startup.HostConfig.deployDirectory Deploying web application directory [C:\Temp\Tomcat_compartido\webapps\Servlet1]
29-Jun-2026 15:09:38.567 INFO [main] org.apache.jasper.servlet.TldScanner.scanJars At least one JAR was scanned for TLDs yet contained no TLDs. Enable debug logging for this logger for a complete list of JARs that were scanned but no TLDs were found in them. Skipping unneeded JARs during scanning can improve startup time and JSP compilation time.
29-Jun-2026 15:09:38.573 INFO [main] org.apache.catalina.startup.HostConfig.deployDirectory Deployment of web application directory [C:\Temp\Tomcat_compartido\webapps\Servlet1] has finished in [279] ms
29-Jun-2026 15:09:38.573 INFO [main] org.apache.catalina.startup.HostConfig.deployDirectory Deploying web application directory [C:\Temp\Tomcat_compartido\webapps\test-r1]
29-Jun-2026 15:09:38.808 INFO [main] org.apache.jasper.servlet.TldScanner.scanJars At least one JAR was scanned for TLDs yet contained no TLDs. Enable debug logging for this logger for a complete list of JARs that were scanned but no TLDs were found in them. Skipping unneeded JARs during scanning can improve startup time and JSP compilation time.
29-Jun-2026 15:09:38.812 INFO [main] org.apache.catalina.startup.HostConfig.deployDirectory Deployment of web application directory [C:\Temp\Tomcat_compartido\webapps\test-r1] has finished in [239] ms
29-Jun-2026 15:09:38.812 INFO [main] org.apache.catalina.startup.HostConfig.deployDirectory Deploying web application directory [C:\Temp\Tomcat_compartido\webapps\Test2]
29-Jun-2026 15:09:39.080 INFO [main] org.apache.jasper.servlet.TldScanner.scanJars At least one JAR was scanned for TLDs yet contained no TLDs. Enable debug logging for this logger for a complete list of JARs that were scanned but no TLDs were found in them. Skipping unneeded JARs during scanning can improve startup time and JSP compilation time.
29-Jun-2026 15:09:39.080 INFO [main] org.apache.catalina.startup.HostConfig.deployDirectory Deployment of web application directory [C:\Temp\Tomcat_compartido\webapps\Test2] has finished in [268] ms
29-Jun-2026 15:09:39.080 INFO [main] org.apache.catalina.startup.HostConfig.deployDirectory Deploying web application directory [C:\Temp\Tomcat_compartido\webapps\trabajogr]
29-Jun-2026 15:09:39.358 INFO [main] org.apache.jasper.servlet.TldScanner.scanJars At least one JAR was scanned for TLDs yet contained no TLDs. Enable debug logging for this logger for a complete list of JARs that were scanned but no TLDs were found in them. Skipping unneeded JARs during scanning can improve startup time and JSP compilation time.
29-Jun-2026 15:09:39.360 INFO [main] org.apache.catalina.startup.HostConfig.deployDirectory Deployment of web application directory [C:\Temp\Tomcat_compartido\webapps\trabajogr] has finished in [280] ms
29-Jun-2026 15:09:39.366 INFO [main] org.apache.coyote.AbstractProtocol.start Starting ProtocolHandler ["http-nio-8082"]
29-Jun-2026 15:09:39.400 INFO [main] org.apache.catalina.startup.Catalina.start Server startup in [2192] milliseconds
29-Jun-2026 15:15:02.059 INFO [main] org.apache.catalina.startup.VersionLoggerListener.log Server version name:   Apache Tomcat/9.0.89
29-Jun-2026 15:15:02.067 INFO [main] org.apache.catalina.startup.VersionLoggerListener.log Server built:          May 3 2024 20:22:11 UTC
29-Jun-2026 15:15:02.067 INFO [main] org.apache.catalina.startup.VersionLoggerListener.log Server version number: 9.0.89.0
29-Jun-2026 15:15:02.067 INFO [main] org.apache.catalina.startup.VersionLoggerListener.log OS Name:               Windows 11
29-Jun-2026 15:15:02.067 INFO [main] org.apache.catalina.startup.VersionLoggerListener.log OS Version:            10.0
29-Jun-2026 15:15:02.067 INFO [main] org.apache.catalina.startup.VersionLoggerListener.log Architecture:          amd64
29-Jun-2026 15:15:02.067 INFO [main] org.apache.catalina.startup.VersionLoggerListener.log Java Home:             C:\Temp\Programs\JavaStack\jdk-17.0.19+10
29-Jun-2026 15:15:02.067 INFO [main] org.apache.catalina.startup.VersionLoggerListener.log JVM Version:           17.0.19+10-LTS
29-Jun-2026 15:15:02.067 INFO [main] org.apache.catalina.startup.VersionLoggerListener.log JVM Vendor:            Microsoft
29-Jun-2026 15:15:02.067 INFO [main] org.apache.catalina.startup.VersionLoggerListener.log CATALINA_BASE:         C:\Temp\Tomcat_compartido
29-Jun-2026 15:15:02.067 INFO [main] org.apache.catalina.startup.VersionLoggerListener.log CATALINA_HOME:         C:\Temp\Programs\JavaStack\apache-tomcat-9.0.89
29-Jun-2026 15:15:02.078 INFO [main] org.apache.catalina.startup.VersionLoggerListener.log Command line argument: -Djava.util.logging.config.file=C:\Temp\Tomcat_compartido/conf/logging.properties
29-Jun-2026 15:15:02.078 INFO [main] org.apache.catalina.startup.VersionLoggerListener.log Command line argument: -Djava.util.logging.manager=org.apache.juli.ClassLoaderLogManager
29-Jun-2026 15:15:02.078 INFO [main] org.apache.catalina.startup.VersionLoggerListener.log Command line argument: -Djdk.tls.ephemeralDHKeySize=2048
29-Jun-2026 15:15:02.079 INFO [main] org.apache.catalina.startup.VersionLoggerListener.log Command line argument: -Djava.protocol.handler.pkgs=org.apache.catalina.webresources
29-Jun-2026 15:15:02.079 INFO [main] org.apache.catalina.startup.VersionLoggerListener.log Command line argument: -Dorg.apache.catalina.security.SecurityListener.UMASK=0027
29-Jun-2026 15:15:02.079 INFO [main] org.apache.catalina.startup.VersionLoggerListener.log Command line argument: -Dcatalina.base=C:\Temp\Tomcat_compartido
29-Jun-2026 15:15:02.079 INFO [main] org.apache.catalina.startup.VersionLoggerListener.log Command line argument: -Dcatalina.home=C:\Temp\Programs\JavaStack\apache-tomcat-9.0.89
29-Jun-2026 15:15:02.079 INFO [main] org.apache.catalina.startup.VersionLoggerListener.log Command line argument: -Djava.io.tmpdir=C:\Temp\Tomcat_compartido/temp
29-Jun-2026 15:15:02.086 INFO [main] org.apache.catalina.core.AprLifecycleListener.lifecycleEvent The Apache Tomcat Native library which allows using OpenSSL was not found on the java.library.path: [C:\Temp\Programs\JavaStack\jdk-17.0.19+10\bin;C:\WINDOWS\Sun\Java\bin;C:\WINDOWS\system32;C:\WINDOWS;C:\WINDOWS\system32;C:\WINDOWS;C:\WINDOWS\System32\Wbem;C:\WINDOWS\System32\WindowsPowerShell\v1.0\;C:\WINDOWS\System32\OpenSSH\;C:\Program Files\dotnet\;C:\Users\Aldoa\Desktop\Infor\bin;C:\Program Files\Microsoft SQL Server Migration Assistant for Access\bin\;C:\Users\Aldoa\OneDrive\Desktop\;C:\Program Files\Git\cmd;C:\Program Files\nodejs\;C:\Users\Aldoa\AppData\Local\Microsoft\WindowsApps;C:\Users\Aldoa\AppData\Local\Programs\Microsoft VS Code\bin;C:\Users\Aldoa\AppData\Local\Programs\cursor\resources\app\bin;C:\Users\Aldoa\AppData\Roaming\npm;C:\Temp\Programs\JavaStack\jdk-17.0.19+10\bin;C:\Temp\Programs\JavaStack\apache-maven-3.9.16\bin;;.]
29-Jun-2026 15:15:02.313 INFO [main] org.apache.coyote.AbstractProtocol.init Initializing ProtocolHandler ["http-nio-8082"]
29-Jun-2026 15:15:02.378 INFO [main] org.apache.catalina.startup.Catalina.load Server initialization in [456] milliseconds
29-Jun-2026 15:15:02.435 INFO [main] org.apache.catalina.core.StandardService.startInternal Starting service [Catalina]
29-Jun-2026 15:15:02.435 INFO [main] org.apache.catalina.core.StandardEngine.startInternal Starting Servlet engine: [Apache Tomcat/9.0.89]
29-Jun-2026 15:15:02.443 INFO [main] org.apache.catalina.startup.HostConfig.deployDirectory Deploying web application directory [C:\Temp\Tomcat_compartido\webapps\host-manager]
29-Jun-2026 15:15:02.965 INFO [main] org.apache.jasper.servlet.TldScanner.scanJars At least one JAR was scanned for TLDs yet contained no TLDs. Enable debug logging for this logger for a complete list of JARs that were scanned but no TLDs were found in them. Skipping unneeded JARs during scanning can improve startup time and JSP compilation time.
29-Jun-2026 15:15:03.044 INFO [main] org.apache.catalina.startup.HostConfig.deployDirectory Deployment of web application directory [C:\Temp\Tomcat_compartido\webapps\host-manager] has finished in [601] ms
29-Jun-2026 15:15:03.045 INFO [main] org.apache.catalina.startup.HostConfig.deployDirectory Deploying web application directory [C:\Temp\Tomcat_compartido\webapps\manager]
29-Jun-2026 15:15:03.311 INFO [main] org.apache.jasper.servlet.TldScanner.scanJars At least one JAR was scanned for TLDs yet contained no TLDs. Enable debug logging for this logger for a complete list of JARs that were scanned but no TLDs were found in them. Skipping unneeded JARs during scanning can improve startup time and JSP compilation time.
29-Jun-2026 15:15:03.315 INFO [main] org.apache.catalina.startup.HostConfig.deployDirectory Deployment of web application directory [C:\Temp\Tomcat_compartido\webapps\manager] has finished in [270] ms
29-Jun-2026 15:15:03.317 INFO [main] org.apache.catalina.startup.HostConfig.deployDirectory Deploying web application directory [C:\Temp\Tomcat_compartido\webapps\ROOT]
29-Jun-2026 15:15:03.639 INFO [main] org.apache.jasper.servlet.TldScanner.scanJars At least one JAR was scanned for TLDs yet contained no TLDs. Enable debug logging for this logger for a complete list of JARs that were scanned but no TLDs were found in them. Skipping unneeded JARs during scanning can improve startup time and JSP compilation time.
29-Jun-2026 15:15:03.645 INFO [main] org.apache.catalina.startup.HostConfig.deployDirectory Deployment of web application directory [C:\Temp\Tomcat_compartido\webapps\ROOT] has finished in [325] ms
29-Jun-2026 15:15:03.645 INFO [main] org.apache.catalina.startup.HostConfig.deployDirectory Deploying web application directory [C:\Temp\Tomcat_compartido\webapps\Servlet1]
29-Jun-2026 15:15:03.973 INFO [main] org.apache.jasper.servlet.TldScanner.scanJars At least one JAR was scanned for TLDs yet contained no TLDs. Enable debug logging for this logger for a complete list of JARs that were scanned but no TLDs were found in them. Skipping unneeded JARs during scanning can improve startup time and JSP compilation time.
29-Jun-2026 15:15:03.984 INFO [main] org.apache.catalina.startup.HostConfig.deployDirectory Deployment of web application directory [C:\Temp\Tomcat_compartido\webapps\Servlet1] has finished in [339] ms
29-Jun-2026 15:15:03.984 INFO [main] org.apache.catalina.startup.HostConfig.deployDirectory Deploying web application directory [C:\Temp\Tomcat_compartido\webapps\test-r1]
29-Jun-2026 15:15:04.246 INFO [main] org.apache.jasper.servlet.TldScanner.scanJars At least one JAR was scanned for TLDs yet contained no TLDs. Enable debug logging for this logger for a complete list of JARs that were scanned but no TLDs were found in them. Skipping unneeded JARs during scanning can improve startup time and JSP compilation time.
29-Jun-2026 15:15:04.250 INFO [main] org.apache.catalina.startup.HostConfig.deployDirectory Deployment of web application directory [C:\Temp\Tomcat_compartido\webapps\test-r1] has finished in [266] ms
29-Jun-2026 15:15:04.250 INFO [main] org.apache.catalina.startup.HostConfig.deployDirectory Deploying web application directory [C:\Temp\Tomcat_compartido\webapps\Test2]
29-Jun-2026 15:15:04.573 INFO [main] org.apache.jasper.servlet.TldScanner.scanJars At least one JAR was scanned for TLDs yet contained no TLDs. Enable debug logging for this logger for a complete list of JARs that were scanned but no TLDs were found in them. Skipping unneeded JARs during scanning can improve startup time and JSP compilation time.
29-Jun-2026 15:15:04.578 INFO [main] org.apache.catalina.startup.HostConfig.deployDirectory Deployment of web application directory [C:\Temp\Tomcat_compartido\webapps\Test2] has finished in [326] ms
29-Jun-2026 15:15:04.578 INFO [main] org.apache.catalina.startup.HostConfig.deployDirectory Deploying web application directory [C:\Temp\Tomcat_compartido\webapps\trabajogr]
29-Jun-2026 15:15:04.907 INFO [main] org.apache.jasper.servlet.TldScanner.scanJars At least one JAR was scanned for TLDs yet contained no TLDs. Enable debug logging for this logger for a complete list of JARs that were scanned but no TLDs were found in them. Skipping unneeded JARs during scanning can improve startup time and JSP compilation time.
29-Jun-2026 15:15:04.907 INFO [main] org.apache.catalina.startup.HostConfig.deployDirectory Deployment of web application directory [C:\Temp\Tomcat_compartido\webapps\trabajogr] has finished in [329] ms
29-Jun-2026 15:15:04.926 INFO [main] org.apache.coyote.AbstractProtocol.start Starting ProtocolHandler ["http-nio-8082"]
29-Jun-2026 15:15:04.969 INFO [main] org.apache.catalina.startup.Catalina.start Server startup in [2591] milliseconds
29-Jun-2026 15:16:09.685 INFO [main] org.apache.catalina.startup.VersionLoggerListener.log Server version name:   Apache Tomcat/9.0.89
29-Jun-2026 15:16:09.689 INFO [main] org.apache.catalina.startup.VersionLoggerListener.log Server built:          May 3 2024 20:22:11 UTC
29-Jun-2026 15:16:09.689 INFO [main] org.apache.catalina.startup.VersionLoggerListener.log Server version number: 9.0.89.0
29-Jun-2026 15:16:09.689 INFO [main] org.apache.catalina.startup.VersionLoggerListener.log OS Name:               Windows 11
29-Jun-2026 15:16:09.689 INFO [main] org.apache.catalina.startup.VersionLoggerListener.log OS Version:            10.0
29-Jun-2026 15:16:09.689 INFO [main] org.apache.catalina.startup.VersionLoggerListener.log Architecture:          amd64
29-Jun-2026 15:16:09.689 INFO [main] org.apache.catalina.startup.VersionLoggerListener.log Java Home:             C:\Temp\Programs\JavaStack\jdk-17.0.19+10
29-Jun-2026 15:16:09.689 INFO [main] org.apache.catalina.startup.VersionLoggerListener.log JVM Version:           17.0.19+10-LTS
29-Jun-2026 15:16:09.689 INFO [main] org.apache.catalina.startup.VersionLoggerListener.log JVM Vendor:            Microsoft
29-Jun-2026 15:16:09.689 INFO [main] org.apache.catalina.startup.VersionLoggerListener.log CATALINA_BASE:         C:\Temp\Tomcat_compartido
29-Jun-2026 15:16:09.689 INFO [main] org.apache.catalina.startup.VersionLoggerListener.log CATALINA_HOME:         C:\Temp\Programs\JavaStack\apache-tomcat-9.0.89
29-Jun-2026 15:16:09.689 INFO [main] org.apache.catalina.startup.VersionLoggerListener.log Command line argument: -Djava.util.logging.config.file=C:\Temp\Tomcat_compartido/conf/logging.properties
29-Jun-2026 15:16:09.689 INFO [main] org.apache.catalina.startup.VersionLoggerListener.log Command line argument: -Djava.util.logging.manager=org.apache.juli.ClassLoaderLogManager
29-Jun-2026 15:16:09.689 INFO [main] org.apache.catalina.startup.VersionLoggerListener.log Command line argument: -Djdk.tls.ephemeralDHKeySize=2048
29-Jun-2026 15:16:09.689 INFO [main] org.apache.catalina.startup.VersionLoggerListener.log Command line argument: -Djava.protocol.handler.pkgs=org.apache.catalina.webresources
29-Jun-2026 15:16:09.689 INFO [main] org.apache.catalina.startup.VersionLoggerListener.log Command line argument: -Dorg.apache.catalina.security.SecurityListener.UMASK=0027
29-Jun-2026 15:16:09.689 INFO [main] org.apache.catalina.startup.VersionLoggerListener.log Command line argument: -Dcatalina.base=C:\Temp\Tomcat_compartido
29-Jun-2026 15:16:09.689 INFO [main] org.apache.catalina.startup.VersionLoggerListener.log Command line argument: -Dcatalina.home=C:\Temp\Programs\JavaStack\apache-tomcat-9.0.89
29-Jun-2026 15:16:09.689 INFO [main] org.apache.catalina.startup.VersionLoggerListener.log Command line argument: -Djava.io.tmpdir=C:\Temp\Tomcat_compartido/temp
29-Jun-2026 15:16:09.706 INFO [main] org.apache.catalina.core.AprLifecycleListener.lifecycleEvent The Apache Tomcat Native library which allows using OpenSSL was not found on the java.library.path: [C:\Temp\Programs\JavaStack\jdk-17.0.19+10\bin;C:\WINDOWS\Sun\Java\bin;C:\WINDOWS\system32;C:\WINDOWS;C:\WINDOWS\system32;C:\WINDOWS;C:\WINDOWS\System32\Wbem;C:\WINDOWS\System32\WindowsPowerShell\v1.0\;C:\WINDOWS\System32\OpenSSH\;C:\Program Files\dotnet\;C:\Users\Aldoa\Desktop\Infor\bin;C:\Program Files\Microsoft SQL Server Migration Assistant for Access\bin\;C:\Users\Aldoa\OneDrive\Desktop\;C:\Program Files\Git\cmd;C:\Program Files\nodejs\;C:\Users\Aldoa\AppData\Local\Microsoft\WindowsApps;C:\Users\Aldoa\AppData\Local\Programs\Microsoft VS Code\bin;C:\Users\Aldoa\AppData\Local\Programs\cursor\resources\app\bin;C:\Users\Aldoa\AppData\Roaming\npm;C:\Temp\Programs\JavaStack\jdk-17.0.19+10\bin;C:\Temp\Programs\JavaStack\apache-maven-3.9.16\bin;;.]
29-Jun-2026 15:16:09.919 INFO [main] org.apache.coyote.AbstractProtocol.init Initializing ProtocolHandler ["http-nio-8082"]
29-Jun-2026 15:16:09.942 INFO [main] org.apache.catalina.startup.Catalina.load Server initialization in [418] milliseconds
29-Jun-2026 15:16:09.970 INFO [main] org.apache.catalina.core.StandardService.startInternal Starting service [Catalina]
29-Jun-2026 15:16:09.970 INFO [main] org.apache.catalina.core.StandardEngine.startInternal Starting Servlet engine: [Apache Tomcat/9.0.89]
29-Jun-2026 15:16:09.985 INFO [main] org.apache.catalina.startup.HostConfig.deployDirectory Deploying web application directory [C:\Temp\Tomcat_compartido\webapps\host-manager]
29-Jun-2026 15:16:10.518 INFO [main] org.apache.jasper.servlet.TldScanner.scanJars At least one JAR was scanned for TLDs yet contained no TLDs. Enable debug logging for this logger for a complete list of JARs that were scanned but no TLDs were found in them. Skipping unneeded JARs during scanning can improve startup time and JSP compilation time.
29-Jun-2026 15:16:10.599 INFO [main] org.apache.catalina.startup.HostConfig.deployDirectory Deployment of web application directory [C:\Temp\Tomcat_compartido\webapps\host-manager] has finished in [613] ms
29-Jun-2026 15:16:10.599 INFO [main] org.apache.catalina.startup.HostConfig.deployDirectory Deploying web application directory [C:\Temp\Tomcat_compartido\webapps\manager]
29-Jun-2026 15:16:10.888 INFO [main] org.apache.jasper.servlet.TldScanner.scanJars At least one JAR was scanned for TLDs yet contained no TLDs. Enable debug logging for this logger for a complete list of JARs that were scanned but no TLDs were found in them. Skipping unneeded JARs during scanning can improve startup time and JSP compilation time.
29-Jun-2026 15:16:10.891 INFO [main] org.apache.catalina.startup.HostConfig.deployDirectory Deployment of web application directory [C:\Temp\Tomcat_compartido\webapps\manager] has finished in [292] ms
29-Jun-2026 15:16:10.892 INFO [main] org.apache.catalina.startup.HostConfig.deployDirectory Deploying web application directory [C:\Temp\Tomcat_compartido\webapps\ROOT]
29-Jun-2026 15:16:11.142 INFO [main] org.apache.jasper.servlet.TldScanner.scanJars At least one JAR was scanned for TLDs yet contained no TLDs. Enable debug logging for this logger for a complete list of JARs that were scanned but no TLDs were found in them. Skipping unneeded JARs during scanning can improve startup time and JSP compilation time.
29-Jun-2026 15:16:11.142 INFO [main] org.apache.catalina.startup.HostConfig.deployDirectory Deployment of web application directory [C:\Temp\Tomcat_compartido\webapps\ROOT] has finished in [250] ms
29-Jun-2026 15:16:11.142 INFO [main] org.apache.catalina.startup.HostConfig.deployDirectory Deploying web application directory [C:\Temp\Tomcat_compartido\webapps\Servlet1]
29-Jun-2026 15:16:11.395 INFO [main] org.apache.jasper.servlet.TldScanner.scanJars At least one JAR was scanned for TLDs yet contained no TLDs. Enable debug logging for this logger for a complete list of JARs that were scanned but no TLDs were found in them. Skipping unneeded JARs during scanning can improve startup time and JSP compilation time.
29-Jun-2026 15:16:11.409 INFO [main] org.apache.catalina.startup.HostConfig.deployDirectory Deployment of web application directory [C:\Temp\Tomcat_compartido\webapps\Servlet1] has finished in [267] ms
29-Jun-2026 15:16:11.409 INFO [main] org.apache.catalina.startup.HostConfig.deployDirectory Deploying web application directory [C:\Temp\Tomcat_compartido\webapps\test-r1]
29-Jun-2026 15:16:11.622 INFO [main] org.apache.jasper.servlet.TldScanner.scanJars At least one JAR was scanned for TLDs yet contained no TLDs. Enable debug logging for this logger for a complete list of JARs that were scanned but no TLDs were found in them. Skipping unneeded JARs during scanning can improve startup time and JSP compilation time.
29-Jun-2026 15:16:11.626 INFO [main] org.apache.catalina.startup.HostConfig.deployDirectory Deployment of web application directory [C:\Temp\Tomcat_compartido\webapps\test-r1] has finished in [217] ms
29-Jun-2026 15:16:11.626 INFO [main] org.apache.catalina.startup.HostConfig.deployDirectory Deploying web application directory [C:\Temp\Tomcat_compartido\webapps\Test2]
29-Jun-2026 15:16:11.856 INFO [main] org.apache.jasper.servlet.TldScanner.scanJars At least one JAR was scanned for TLDs yet contained no TLDs. Enable debug logging for this logger for a complete list of JARs that were scanned but no TLDs were found in them. Skipping unneeded JARs during scanning can improve startup time and JSP compilation time.
29-Jun-2026 15:16:11.856 INFO [main] org.apache.catalina.startup.HostConfig.deployDirectory Deployment of web application directory [C:\Temp\Tomcat_compartido\webapps\Test2] has finished in [230] ms
29-Jun-2026 15:16:11.867 INFO [main] org.apache.catalina.startup.HostConfig.deployDirectory Deploying web application directory [C:\Temp\Tomcat_compartido\webapps\trabajogr]
29-Jun-2026 15:16:12.150 INFO [main] org.apache.jasper.servlet.TldScanner.scanJars At least one JAR was scanned for TLDs yet contained no TLDs. Enable debug logging for this logger for a complete list of JARs that were scanned but no TLDs were found in them. Skipping unneeded JARs during scanning can improve startup time and JSP compilation time.
29-Jun-2026 15:16:12.154 INFO [main] org.apache.catalina.startup.HostConfig.deployDirectory Deployment of web application directory [C:\Temp\Tomcat_compartido\webapps\trabajogr] has finished in [297] ms
29-Jun-2026 15:16:12.157 INFO [main] org.apache.coyote.AbstractProtocol.start Starting ProtocolHandler ["http-nio-8082"]
29-Jun-2026 15:16:12.189 INFO [main] org.apache.catalina.startup.Catalina.start Server startup in [2252] milliseconds
