08-Jul-2026 10:29:13.847 INFO [main] org.apache.catalina.startup.VersionLoggerListener.log Server version name:   Apache Tomcat/9.0.89
08-Jul-2026 10:29:13.854 INFO [main] org.apache.catalina.startup.VersionLoggerListener.log Server built:          May 3 2024 20:22:11 UTC
08-Jul-2026 10:29:13.856 INFO [main] org.apache.catalina.startup.VersionLoggerListener.log Server version number: 9.0.89.0
08-Jul-2026 10:29:13.856 INFO [main] org.apache.catalina.startup.VersionLoggerListener.log OS Name:               Windows 11
08-Jul-2026 10:29:13.856 INFO [main] org.apache.catalina.startup.VersionLoggerListener.log OS Version:            10.0
08-Jul-2026 10:29:13.856 INFO [main] org.apache.catalina.startup.VersionLoggerListener.log Architecture:          amd64
08-Jul-2026 10:29:13.856 INFO [main] org.apache.catalina.startup.VersionLoggerListener.log Java Home:             C:\Temp\Programs\JavaStack\jdk-17.0.19+10
08-Jul-2026 10:29:13.856 INFO [main] org.apache.catalina.startup.VersionLoggerListener.log JVM Version:           17.0.19+10-LTS
08-Jul-2026 10:29:13.856 INFO [main] org.apache.catalina.startup.VersionLoggerListener.log JVM Vendor:            Microsoft
08-Jul-2026 10:29:13.856 INFO [main] org.apache.catalina.startup.VersionLoggerListener.log CATALINA_BASE:         C:\Temp\Tomcat_compartido
08-Jul-2026 10:29:13.856 INFO [main] org.apache.catalina.startup.VersionLoggerListener.log CATALINA_HOME:         C:\Temp\Programs\JavaStack\apache-tomcat-9.0.89
08-Jul-2026 10:29:13.875 INFO [main] org.apache.catalina.startup.VersionLoggerListener.log Command line argument: -Djava.util.logging.config.file=C:\Temp\Tomcat_compartido/conf/logging.properties
08-Jul-2026 10:29:13.875 INFO [main] org.apache.catalina.startup.VersionLoggerListener.log Command line argument: -Djava.util.logging.manager=org.apache.juli.ClassLoaderLogManager
08-Jul-2026 10:29:13.875 INFO [main] org.apache.catalina.startup.VersionLoggerListener.log Command line argument: -Djdk.tls.ephemeralDHKeySize=2048
08-Jul-2026 10:29:13.875 INFO [main] org.apache.catalina.startup.VersionLoggerListener.log Command line argument: -Djava.protocol.handler.pkgs=org.apache.catalina.webresources
08-Jul-2026 10:29:13.877 INFO [main] org.apache.catalina.startup.VersionLoggerListener.log Command line argument: -Dorg.apache.catalina.security.SecurityListener.UMASK=0027
08-Jul-2026 10:29:13.877 INFO [main] org.apache.catalina.startup.VersionLoggerListener.log Command line argument: -Dcatalina.base=C:\Temp\Tomcat_compartido
08-Jul-2026 10:29:13.877 INFO [main] org.apache.catalina.startup.VersionLoggerListener.log Command line argument: -Dcatalina.home=C:\Temp\Programs\JavaStack\apache-tomcat-9.0.89
08-Jul-2026 10:29:13.877 INFO [main] org.apache.catalina.startup.VersionLoggerListener.log Command line argument: -Djava.io.tmpdir=C:\Temp\Tomcat_compartido/temp
08-Jul-2026 10:29:13.892 INFO [main] org.apache.catalina.core.AprLifecycleListener.lifecycleEvent The Apache Tomcat Native library which allows using OpenSSL was not found on the java.library.path: [C:\Temp\Programs\JavaStack\jdk-17.0.19+10\bin;C:\WINDOWS\Sun\Java\bin;C:\WINDOWS\system32;C:\WINDOWS;C:\Temp\Programs\JavaStack\jdk1.8.0_131\bin;C:\Temp\Programs\JavaStack\jdk1.8.0_131\db\bin;C:\Temp\Programs\JavaStack\squirrelsql-4.0.0-standard;C:\Temp\Programs\JavaStack\apache-tomcat-9.0.89\bin;c:\Users\Aldoa\AppData\Roaming\Code\User\globalStorage\github.copilot-chat\debugCommand;c:\Users\Aldoa\AppData\Roaming\Code\User\globalStorage\github.copilot-chat\copilotCli;C:\WINDOWS\system32;C:\WINDOWS;C:\WINDOWS\System32\Wbem;C:\WINDOWS\System32\WindowsPowerShell\v1.0\;C:\WINDOWS\System32\OpenSSH\;C:\Program Files\dotnet\;C:\Users\Aldoa\Desktop\Infor\bin;C:\Program Files\Microsoft SQL Server Migration Assistant for Access\bin\;C:\Users\Aldoa\OneDrive\Desktop\;C:\Program Files\Git\cmd;C:\Program Files\nodejs\;C:\Users\Aldoa\AppData\Local\Microsoft\WindowsApps;C:\Users\Aldoa\AppData\Local\Programs\Microsoft VS Code\bin;C:\Users\Aldoa\AppData\Local\Programs\cursor\resources\app\bin;C:\Users\Aldoa\AppData\Roaming\npm;C:\Temp\Programs\JavaStack\jdk-17.0.19+10\bin;C:\Temp\Programs\JavaStack\apache-maven-3.9.16\bin;c:\Users\Aldoa\.vscode\extensions\vscjava.vscode-java-debug-0.59.0\bundled\scripts\noConfigScripts;.]
08-Jul-2026 10:29:14.278 INFO [main] org.apache.coyote.AbstractProtocol.init Initializing ProtocolHandler ["http-nio-8082"]
08-Jul-2026 10:29:14.310 INFO [main] org.apache.catalina.startup.Catalina.load Server initialization in [779] milliseconds
08-Jul-2026 10:29:14.397 INFO [main] org.apache.catalina.core.StandardService.startInternal Starting service [Catalina]
08-Jul-2026 10:29:14.397 INFO [main] org.apache.catalina.core.StandardEngine.startInternal Starting Servlet engine: [Apache Tomcat/9.0.89]
08-Jul-2026 10:29:14.409 INFO [main] org.apache.catalina.startup.HostConfig.deployDirectory Deploying web application directory [C:\Temp\Tomcat_compartido\webapps\ERP]
08-Jul-2026 10:29:16.040 INFO [main] org.apache.jasper.servlet.TldScanner.scanJars At least one JAR was scanned for TLDs yet contained no TLDs. Enable debug logging for this logger for a complete list of JARs that were scanned but no TLDs were found in them. Skipping unneeded JARs during scanning can improve startup time and JSP compilation time.
08-Jul-2026 10:29:16.200 WARNING [main] org.apache.catalina.util.SessionIdGeneratorBase.createSecureRandom Creation of SecureRandom instance for session ID generation using [SHA1PRNG] took [111] milliseconds.
08-Jul-2026 10:29:16.247 INFO [main] org.apache.catalina.startup.HostConfig.deployDirectory Deployment of web application directory [C:\Temp\Tomcat_compartido\webapps\ERP] has finished in [1,837] ms
08-Jul-2026 10:29:16.247 INFO [main] org.apache.catalina.startup.HostConfig.deployDirectory Deploying web application directory [C:\Temp\Tomcat_compartido\webapps\ERP 2]
08-Jul-2026 10:29:17.121 INFO [main] org.apache.jasper.servlet.TldScanner.scanJars At least one JAR was scanned for TLDs yet contained no TLDs. Enable debug logging for this logger for a complete list of JARs that were scanned but no TLDs were found in them. Skipping unneeded JARs during scanning can improve startup time and JSP compilation time.
08-Jul-2026 10:29:17.133 INFO [main] org.apache.catalina.startup.HostConfig.deployDirectory Deployment of web application directory [C:\Temp\Tomcat_compartido\webapps\ERP 2] has finished in [886] ms
08-Jul-2026 10:29:17.133 INFO [main] org.apache.catalina.startup.HostConfig.deployDirectory Deploying web application directory [C:\Temp\Tomcat_compartido\webapps\host-manager]
08-Jul-2026 10:29:17.816 INFO [main] org.apache.jasper.servlet.TldScanner.scanJars At least one JAR was scanned for TLDs yet contained no TLDs. Enable debug logging for this logger for a complete list of JARs that were scanned but no TLDs were found in them. Skipping unneeded JARs during scanning can improve startup time and JSP compilation time.
08-Jul-2026 10:29:17.831 INFO [main] org.apache.catalina.startup.HostConfig.deployDirectory Deployment of web application directory [C:\Temp\Tomcat_compartido\webapps\host-manager] has finished in [698] ms
08-Jul-2026 10:29:17.831 INFO [main] org.apache.catalina.startup.HostConfig.deployDirectory Deploying web application directory [C:\Temp\Tomcat_compartido\webapps\manager]
08-Jul-2026 10:29:18.257 INFO [main] org.apache.jasper.servlet.TldScanner.scanJars At least one JAR was scanned for TLDs yet contained no TLDs. Enable debug logging for this logger for a complete list of JARs that were scanned but no TLDs were found in them. Skipping unneeded JARs during scanning can improve startup time and JSP compilation time.
08-Jul-2026 10:29:18.262 INFO [main] org.apache.catalina.startup.HostConfig.deployDirectory Deployment of web application directory [C:\Temp\Tomcat_compartido\webapps\manager] has finished in [430] ms
08-Jul-2026 10:29:18.262 INFO [main] org.apache.catalina.startup.HostConfig.deployDirectory Deploying web application directory [C:\Temp\Tomcat_compartido\webapps\ROOT]
08-Jul-2026 10:29:18.675 INFO [main] org.apache.jasper.servlet.TldScanner.scanJars At least one JAR was scanned for TLDs yet contained no TLDs. Enable debug logging for this logger for a complete list of JARs that were scanned but no TLDs were found in them. Skipping unneeded JARs during scanning can improve startup time and JSP compilation time.
08-Jul-2026 10:29:18.679 INFO [main] org.apache.catalina.startup.HostConfig.deployDirectory Deployment of web application directory [C:\Temp\Tomcat_compartido\webapps\ROOT] has finished in [417] ms
08-Jul-2026 10:29:18.680 INFO [main] org.apache.catalina.startup.HostConfig.deployDirectory Deploying web application directory [C:\Temp\Tomcat_compartido\webapps\Servlet1]
08-Jul-2026 10:29:19.193 INFO [main] org.apache.jasper.servlet.TldScanner.scanJars At least one JAR was scanned for TLDs yet contained no TLDs. Enable debug logging for this logger for a complete list of JARs that were scanned but no TLDs were found in them. Skipping unneeded JARs during scanning can improve startup time and JSP compilation time.
08-Jul-2026 10:29:19.200 INFO [main] org.apache.catalina.startup.HostConfig.deployDirectory Deployment of web application directory [C:\Temp\Tomcat_compartido\webapps\Servlet1] has finished in [520] ms
08-Jul-2026 10:29:19.200 INFO [main] org.apache.catalina.startup.HostConfig.deployDirectory Deploying web application directory [C:\Temp\Tomcat_compartido\webapps\test-r1]
08-Jul-2026 10:29:19.628 INFO [main] org.apache.jasper.servlet.TldScanner.scanJars At least one JAR was scanned for TLDs yet contained no TLDs. Enable debug logging for this logger for a complete list of JARs that were scanned but no TLDs were found in them. Skipping unneeded JARs during scanning can improve startup time and JSP compilation time.
08-Jul-2026 10:29:19.634 INFO [main] org.apache.catalina.startup.HostConfig.deployDirectory Deployment of web application directory [C:\Temp\Tomcat_compartido\webapps\test-r1] has finished in [434] ms
08-Jul-2026 10:29:19.634 INFO [main] org.apache.catalina.startup.HostConfig.deployDirectory Deploying web application directory [C:\Temp\Tomcat_compartido\webapps\Test2]
08-Jul-2026 10:29:20.380 INFO [main] org.apache.jasper.servlet.TldScanner.scanJars At least one JAR was scanned for TLDs yet contained no TLDs. Enable debug logging for this logger for a complete list of JARs that were scanned but no TLDs were found in them. Skipping unneeded JARs during scanning can improve startup time and JSP compilation time.
08-Jul-2026 10:29:20.387 INFO [main] org.apache.catalina.startup.HostConfig.deployDirectory Deployment of web application directory [C:\Temp\Tomcat_compartido\webapps\Test2] has finished in [752] ms
08-Jul-2026 10:29:20.388 INFO [main] org.apache.catalina.startup.HostConfig.deployDirectory Deploying web application directory [C:\Temp\Tomcat_compartido\webapps\trabajogr]
08-Jul-2026 10:29:22.453 INFO [main] org.apache.jasper.servlet.TldScanner.scanJars At least one JAR was scanned for TLDs yet contained no TLDs. Enable debug logging for this logger for a complete list of JARs that were scanned but no TLDs were found in them. Skipping unneeded JARs during scanning can improve startup time and JSP compilation time.
08-Jul-2026 10:29:22.458 INFO [main] org.apache.catalina.startup.HostConfig.deployDirectory Deployment of web application directory [C:\Temp\Tomcat_compartido\webapps\trabajogr] has finished in [2,071] ms
08-Jul-2026 10:29:22.467 INFO [main] org.apache.coyote.AbstractProtocol.start Starting ProtocolHandler ["http-nio-8082"]
08-Jul-2026 10:29:22.553 INFO [main] org.apache.catalina.startup.Catalina.start Server startup in [8242] milliseconds
08-Jul-2026 10:33:13.641 INFO [main] org.apache.catalina.startup.VersionLoggerListener.log Server version name:   Apache Tomcat/9.0.89
08-Jul-2026 10:33:13.645 INFO [main] org.apache.catalina.startup.VersionLoggerListener.log Server built:          May 3 2024 20:22:11 UTC
08-Jul-2026 10:33:13.646 INFO [main] org.apache.catalina.startup.VersionLoggerListener.log Server version number: 9.0.89.0
08-Jul-2026 10:33:13.646 INFO [main] org.apache.catalina.startup.VersionLoggerListener.log OS Name:               Windows 11
08-Jul-2026 10:33:13.646 INFO [main] org.apache.catalina.startup.VersionLoggerListener.log OS Version:            10.0
08-Jul-2026 10:33:13.646 INFO [main] org.apache.catalina.startup.VersionLoggerListener.log Architecture:          amd64
08-Jul-2026 10:33:13.646 INFO [main] org.apache.catalina.startup.VersionLoggerListener.log Java Home:             C:\Temp\Programs\JavaStack\jdk-17.0.19+10
08-Jul-2026 10:33:13.647 INFO [main] org.apache.catalina.startup.VersionLoggerListener.log JVM Version:           17.0.19+10-LTS
08-Jul-2026 10:33:13.647 INFO [main] org.apache.catalina.startup.VersionLoggerListener.log JVM Vendor:            Microsoft
08-Jul-2026 10:33:13.647 INFO [main] org.apache.catalina.startup.VersionLoggerListener.log CATALINA_BASE:         C:\Temp\Tomcat_compartido
08-Jul-2026 10:33:13.647 INFO [main] org.apache.catalina.startup.VersionLoggerListener.log CATALINA_HOME:         C:\Temp\Programs\JavaStack\apache-tomcat-9.0.89
08-Jul-2026 10:33:13.659 INFO [main] org.apache.catalina.startup.VersionLoggerListener.log Command line argument: -Djava.util.logging.config.file=C:\Temp\Tomcat_compartido/conf/logging.properties
08-Jul-2026 10:33:13.660 INFO [main] org.apache.catalina.startup.VersionLoggerListener.log Command line argument: -Djava.util.logging.manager=org.apache.juli.ClassLoaderLogManager
08-Jul-2026 10:33:13.660 INFO [main] org.apache.catalina.startup.VersionLoggerListener.log Command line argument: -Djdk.tls.ephemeralDHKeySize=2048
08-Jul-2026 10:33:13.660 INFO [main] org.apache.catalina.startup.VersionLoggerListener.log Command line argument: -Djava.protocol.handler.pkgs=org.apache.catalina.webresources
08-Jul-2026 10:33:13.660 INFO [main] org.apache.catalina.startup.VersionLoggerListener.log Command line argument: -Dorg.apache.catalina.security.SecurityListener.UMASK=0027
08-Jul-2026 10:33:13.660 INFO [main] org.apache.catalina.startup.VersionLoggerListener.log Command line argument: -Dcatalina.base=C:\Temp\Tomcat_compartido
08-Jul-2026 10:33:13.660 INFO [main] org.apache.catalina.startup.VersionLoggerListener.log Command line argument: -Dcatalina.home=C:\Temp\Programs\JavaStack\apache-tomcat-9.0.89
08-Jul-2026 10:33:13.660 INFO [main] org.apache.catalina.startup.VersionLoggerListener.log Command line argument: -Djava.io.tmpdir=C:\Temp\Tomcat_compartido/temp
08-Jul-2026 10:33:13.668 INFO [main] org.apache.catalina.core.AprLifecycleListener.lifecycleEvent The Apache Tomcat Native library which allows using OpenSSL was not found on the java.library.path: [C:\Temp\Programs\JavaStack\jdk-17.0.19+10\bin;C:\WINDOWS\Sun\Java\bin;C:\WINDOWS\system32;C:\WINDOWS;C:\Temp\Programs\JavaStack\jdk1.8.0_131\bin;C:\Temp\Programs\JavaStack\jdk1.8.0_131\db\bin;C:\Temp\Programs\JavaStack\squirrelsql-4.0.0-standard;C:\Temp\Programs\JavaStack\apache-tomcat-9.0.89\bin;c:\Users\Aldoa\AppData\Roaming\Code\User\globalStorage\github.copilot-chat\debugCommand;c:\Users\Aldoa\AppData\Roaming\Code\User\globalStorage\github.copilot-chat\copilotCli;C:\WINDOWS\system32;C:\WINDOWS;C:\WINDOWS\System32\Wbem;C:\WINDOWS\System32\WindowsPowerShell\v1.0\;C:\WINDOWS\System32\OpenSSH\;C:\Program Files\dotnet\;C:\Users\Aldoa\Desktop\Infor\bin;C:\Program Files\Microsoft SQL Server Migration Assistant for Access\bin\;C:\Users\Aldoa\OneDrive\Desktop\;C:\Program Files\Git\cmd;C:\Program Files\nodejs\;C:\Users\Aldoa\AppData\Local\Microsoft\WindowsApps;C:\Users\Aldoa\AppData\Local\Programs\Microsoft VS Code\bin;C:\Users\Aldoa\AppData\Local\Programs\cursor\resources\app\bin;C:\Users\Aldoa\AppData\Roaming\npm;C:\Temp\Programs\JavaStack\jdk-17.0.19+10\bin;C:\Temp\Programs\JavaStack\apache-maven-3.9.16\bin;c:\Users\Aldoa\.vscode\extensions\vscjava.vscode-java-debug-0.59.0\bundled\scripts\noConfigScripts;.]
08-Jul-2026 10:33:13.963 INFO [main] org.apache.coyote.AbstractProtocol.init Initializing ProtocolHandler ["http-nio-8082"]
08-Jul-2026 10:33:13.998 INFO [main] org.apache.catalina.startup.Catalina.load Server initialization in [535] milliseconds
08-Jul-2026 10:33:14.047 INFO [main] org.apache.catalina.core.StandardService.startInternal Starting service [Catalina]
08-Jul-2026 10:33:14.047 INFO [main] org.apache.catalina.core.StandardEngine.startInternal Starting Servlet engine: [Apache Tomcat/9.0.89]
08-Jul-2026 10:33:14.059 INFO [main] org.apache.catalina.startup.HostConfig.deployDirectory Deploying web application directory [C:\Temp\Tomcat_compartido\webapps\ERP]
08-Jul-2026 10:33:14.680 INFO [main] org.apache.jasper.servlet.TldScanner.scanJars At least one JAR was scanned for TLDs yet contained no TLDs. Enable debug logging for this logger for a complete list of JARs that were scanned but no TLDs were found in them. Skipping unneeded JARs during scanning can improve startup time and JSP compilation time.
08-Jul-2026 10:33:14.757 INFO [main] org.apache.catalina.startup.HostConfig.deployDirectory Deployment of web application directory [C:\Temp\Tomcat_compartido\webapps\ERP] has finished in [698] ms
08-Jul-2026 10:33:14.757 INFO [main] org.apache.catalina.startup.HostConfig.deployDirectory Deploying web application directory [C:\Temp\Tomcat_compartido\webapps\ERP 2]
08-Jul-2026 10:33:15.077 INFO [main] org.apache.jasper.servlet.TldScanner.scanJars At least one JAR was scanned for TLDs yet contained no TLDs. Enable debug logging for this logger for a complete list of JARs that were scanned but no TLDs were found in them. Skipping unneeded JARs during scanning can improve startup time and JSP compilation time.
08-Jul-2026 10:33:15.084 INFO [main] org.apache.catalina.startup.HostConfig.deployDirectory Deployment of web application directory [C:\Temp\Tomcat_compartido\webapps\ERP 2] has finished in [327] ms
08-Jul-2026 10:33:15.084 INFO [main] org.apache.catalina.startup.HostConfig.deployDirectory Deploying web application directory [C:\Temp\Tomcat_compartido\webapps\host-manager]
08-Jul-2026 10:33:15.352 INFO [main] org.apache.jasper.servlet.TldScanner.scanJars At least one JAR was scanned for TLDs yet contained no TLDs. Enable debug logging for this logger for a complete list of JARs that were scanned but no TLDs were found in them. Skipping unneeded JARs during scanning can improve startup time and JSP compilation time.
08-Jul-2026 10:33:15.367 INFO [main] org.apache.catalina.startup.HostConfig.deployDirectory Deployment of web application directory [C:\Temp\Tomcat_compartido\webapps\host-manager] has finished in [283] ms
08-Jul-2026 10:33:15.367 INFO [main] org.apache.catalina.startup.HostConfig.deployDirectory Deploying web application directory [C:\Temp\Tomcat_compartido\webapps\manager]
08-Jul-2026 10:33:15.638 INFO [main] org.apache.jasper.servlet.TldScanner.scanJars At least one JAR was scanned for TLDs yet contained no TLDs. Enable debug logging for this logger for a complete list of JARs that were scanned but no TLDs were found in them. Skipping unneeded JARs during scanning can improve startup time and JSP compilation time.
08-Jul-2026 10:33:15.646 INFO [main] org.apache.catalina.startup.HostConfig.deployDirectory Deployment of web application directory [C:\Temp\Tomcat_compartido\webapps\manager] has finished in [279] ms
08-Jul-2026 10:33:15.646 INFO [main] org.apache.catalina.startup.HostConfig.deployDirectory Deploying web application directory [C:\Temp\Tomcat_compartido\webapps\ROOT]
08-Jul-2026 10:33:15.886 INFO [main] org.apache.jasper.servlet.TldScanner.scanJars At least one JAR was scanned for TLDs yet contained no TLDs. Enable debug logging for this logger for a complete list of JARs that were scanned but no TLDs were found in them. Skipping unneeded JARs during scanning can improve startup time and JSP compilation time.
08-Jul-2026 10:33:15.889 INFO [main] org.apache.catalina.startup.HostConfig.deployDirectory Deployment of web application directory [C:\Temp\Tomcat_compartido\webapps\ROOT] has finished in [243] ms
08-Jul-2026 10:33:15.889 INFO [main] org.apache.catalina.startup.HostConfig.deployDirectory Deploying web application directory [C:\Temp\Tomcat_compartido\webapps\Servlet1]
08-Jul-2026 10:33:16.118 INFO [main] org.apache.jasper.servlet.TldScanner.scanJars At least one JAR was scanned for TLDs yet contained no TLDs. Enable debug logging for this logger for a complete list of JARs that were scanned but no TLDs were found in them. Skipping unneeded JARs during scanning can improve startup time and JSP compilation time.
08-Jul-2026 10:33:16.131 INFO [main] org.apache.catalina.startup.HostConfig.deployDirectory Deployment of web application directory [C:\Temp\Tomcat_compartido\webapps\Servlet1] has finished in [242] ms
08-Jul-2026 10:33:16.131 INFO [main] org.apache.catalina.startup.HostConfig.deployDirectory Deploying web application directory [C:\Temp\Tomcat_compartido\webapps\Test2]
08-Jul-2026 10:33:16.389 INFO [main] org.apache.jasper.servlet.TldScanner.scanJars At least one JAR was scanned for TLDs yet contained no TLDs. Enable debug logging for this logger for a complete list of JARs that were scanned but no TLDs were found in them. Skipping unneeded JARs during scanning can improve startup time and JSP compilation time.
08-Jul-2026 10:33:16.397 INFO [main] org.apache.catalina.startup.HostConfig.deployDirectory Deployment of web application directory [C:\Temp\Tomcat_compartido\webapps\Test2] has finished in [266] ms
08-Jul-2026 10:33:16.397 INFO [main] org.apache.catalina.startup.HostConfig.deployDirectory Deploying web application directory [C:\Temp\Tomcat_compartido\webapps\trabajogr]
08-Jul-2026 10:33:16.754 INFO [main] org.apache.jasper.servlet.TldScanner.scanJars At least one JAR was scanned for TLDs yet contained no TLDs. Enable debug logging for this logger for a complete list of JARs that were scanned but no TLDs were found in them. Skipping unneeded JARs during scanning can improve startup time and JSP compilation time.
08-Jul-2026 10:33:16.759 INFO [main] org.apache.catalina.startup.HostConfig.deployDirectory Deployment of web application directory [C:\Temp\Tomcat_compartido\webapps\trabajogr] has finished in [359] ms
08-Jul-2026 10:33:16.759 INFO [main] org.apache.catalina.startup.HostConfig.deployDirectory Deploying web application directory [C:\Temp\Tomcat_compartido\webapps\WebContent]
08-Jul-2026 10:33:16.998 INFO [main] org.apache.jasper.servlet.TldScanner.scanJars At least one JAR was scanned for TLDs yet contained no TLDs. Enable debug logging for this logger for a complete list of JARs that were scanned but no TLDs were found in them. Skipping unneeded JARs during scanning can improve startup time and JSP compilation time.
08-Jul-2026 10:33:17.007 INFO [main] org.apache.catalina.startup.HostConfig.deployDirectory Deployment of web application directory [C:\Temp\Tomcat_compartido\webapps\WebContent] has finished in [248] ms
08-Jul-2026 10:33:17.014 INFO [main] org.apache.coyote.AbstractProtocol.start Starting ProtocolHandler ["http-nio-8082"]
08-Jul-2026 10:33:17.055 INFO [main] org.apache.catalina.startup.Catalina.start Server startup in [3057] milliseconds
08-Jul-2026 10:39:20.741 INFO [main] org.apache.catalina.startup.VersionLoggerListener.log Server version name:   Apache Tomcat/9.0.89
08-Jul-2026 10:39:20.743 INFO [main] org.apache.catalina.startup.VersionLoggerListener.log Server built:          May 3 2024 20:22:11 UTC
08-Jul-2026 10:39:20.744 INFO [main] org.apache.catalina.startup.VersionLoggerListener.log Server version number: 9.0.89.0
08-Jul-2026 10:39:20.744 INFO [main] org.apache.catalina.startup.VersionLoggerListener.log OS Name:               Windows 11
08-Jul-2026 10:39:20.744 INFO [main] org.apache.catalina.startup.VersionLoggerListener.log OS Version:            10.0
08-Jul-2026 10:39:20.744 INFO [main] org.apache.catalina.startup.VersionLoggerListener.log Architecture:          amd64
08-Jul-2026 10:39:20.744 INFO [main] org.apache.catalina.startup.VersionLoggerListener.log Java Home:             C:\Temp\Programs\JavaStack\jdk-17.0.19+10
08-Jul-2026 10:39:20.744 INFO [main] org.apache.catalina.startup.VersionLoggerListener.log JVM Version:           17.0.19+10-LTS
08-Jul-2026 10:39:20.744 INFO [main] org.apache.catalina.startup.VersionLoggerListener.log JVM Vendor:            Microsoft
08-Jul-2026 10:39:20.744 INFO [main] org.apache.catalina.startup.VersionLoggerListener.log CATALINA_BASE:         C:\Temp\Tomcat_compartido
08-Jul-2026 10:39:20.744 INFO [main] org.apache.catalina.startup.VersionLoggerListener.log CATALINA_HOME:         C:\Temp\Programs\JavaStack\apache-tomcat-9.0.89
08-Jul-2026 10:39:20.756 INFO [main] org.apache.catalina.startup.VersionLoggerListener.log Command line argument: -Djava.util.logging.config.file=C:\Temp\Tomcat_compartido/conf/logging.properties
08-Jul-2026 10:39:20.757 INFO [main] org.apache.catalina.startup.VersionLoggerListener.log Command line argument: -Djava.util.logging.manager=org.apache.juli.ClassLoaderLogManager
08-Jul-2026 10:39:20.757 INFO [main] org.apache.catalina.startup.VersionLoggerListener.log Command line argument: -Djdk.tls.ephemeralDHKeySize=2048
08-Jul-2026 10:39:20.757 INFO [main] org.apache.catalina.startup.VersionLoggerListener.log Command line argument: -Djava.protocol.handler.pkgs=org.apache.catalina.webresources
08-Jul-2026 10:39:20.757 INFO [main] org.apache.catalina.startup.VersionLoggerListener.log Command line argument: -Dorg.apache.catalina.security.SecurityListener.UMASK=0027
08-Jul-2026 10:39:20.757 INFO [main] org.apache.catalina.startup.VersionLoggerListener.log Command line argument: -Dcatalina.base=C:\Temp\Tomcat_compartido
08-Jul-2026 10:39:20.757 INFO [main] org.apache.catalina.startup.VersionLoggerListener.log Command line argument: -Dcatalina.home=C:\Temp\Programs\JavaStack\apache-tomcat-9.0.89
08-Jul-2026 10:39:20.757 INFO [main] org.apache.catalina.startup.VersionLoggerListener.log Command line argument: -Djava.io.tmpdir=C:\Temp\Tomcat_compartido/temp
08-Jul-2026 10:39:20.767 INFO [main] org.apache.catalina.core.AprLifecycleListener.lifecycleEvent The Apache Tomcat Native library which allows using OpenSSL was not found on the java.library.path: [C:\Temp\Programs\JavaStack\jdk-17.0.19+10\bin;C:\WINDOWS\Sun\Java\bin;C:\WINDOWS\system32;C:\WINDOWS;C:\Temp\Programs\JavaStack\jdk1.8.0_131\bin;C:\Temp\Programs\JavaStack\jdk1.8.0_131\db\bin;C:\Temp\Programs\JavaStack\squirrelsql-4.0.0-standard;C:\Temp\Programs\JavaStack\apache-tomcat-9.0.89\bin;c:\Users\Aldoa\AppData\Roaming\Code\User\globalStorage\github.copilot-chat\debugCommand;c:\Users\Aldoa\AppData\Roaming\Code\User\globalStorage\github.copilot-chat\copilotCli;C:\WINDOWS\system32;C:\WINDOWS;C:\WINDOWS\System32\Wbem;C:\WINDOWS\System32\WindowsPowerShell\v1.0\;C:\WINDOWS\System32\OpenSSH\;C:\Program Files\dotnet\;C:\Users\Aldoa\Desktop\Infor\bin;C:\Program Files\Microsoft SQL Server Migration Assistant for Access\bin\;C:\Users\Aldoa\OneDrive\Desktop\;C:\Program Files\Git\cmd;C:\Program Files\nodejs\;C:\Users\Aldoa\AppData\Local\Microsoft\WindowsApps;C:\Users\Aldoa\AppData\Local\Programs\Microsoft VS Code\bin;C:\Users\Aldoa\AppData\Local\Programs\cursor\resources\app\bin;C:\Users\Aldoa\AppData\Roaming\npm;C:\Temp\Programs\JavaStack\jdk-17.0.19+10\bin;C:\Temp\Programs\JavaStack\apache-maven-3.9.16\bin;c:\Users\Aldoa\.vscode\extensions\vscjava.vscode-java-debug-0.59.0\bundled\scripts\noConfigScripts;.]
08-Jul-2026 10:39:21.023 INFO [main] org.apache.coyote.AbstractProtocol.init Initializing ProtocolHandler ["http-nio-8082"]
08-Jul-2026 10:39:21.063 INFO [main] org.apache.catalina.startup.Catalina.load Server initialization in [513] milliseconds
08-Jul-2026 10:39:21.117 INFO [main] org.apache.catalina.core.StandardService.startInternal Starting service [Catalina]
08-Jul-2026 10:39:21.117 INFO [main] org.apache.catalina.core.StandardEngine.startInternal Starting Servlet engine: [Apache Tomcat/9.0.89]
08-Jul-2026 10:39:21.124 INFO [main] org.apache.catalina.startup.HostConfig.deployDirectory Deploying web application directory [C:\Temp\Tomcat_compartido\webapps\ERP]
08-Jul-2026 10:39:21.855 INFO [main] org.apache.jasper.servlet.TldScanner.scanJars At least one JAR was scanned for TLDs yet contained no TLDs. Enable debug logging for this logger for a complete list of JARs that were scanned but no TLDs were found in them. Skipping unneeded JARs during scanning can improve startup time and JSP compilation time.
08-Jul-2026 10:39:21.939 INFO [main] org.apache.catalina.startup.HostConfig.deployDirectory Deployment of web application directory [C:\Temp\Tomcat_compartido\webapps\ERP] has finished in [814] ms
08-Jul-2026 10:39:21.939 INFO [main] org.apache.catalina.startup.HostConfig.deployDirectory Deploying web application directory [C:\Temp\Tomcat_compartido\webapps\ERP 2]
08-Jul-2026 10:39:22.416 INFO [main] org.apache.jasper.servlet.TldScanner.scanJars At least one JAR was scanned for TLDs yet contained no TLDs. Enable debug logging for this logger for a complete list of JARs that were scanned but no TLDs were found in them. Skipping unneeded JARs during scanning can improve startup time and JSP compilation time.
08-Jul-2026 10:39:22.421 INFO [main] org.apache.catalina.startup.HostConfig.deployDirectory Deployment of web application directory [C:\Temp\Tomcat_compartido\webapps\ERP 2] has finished in [481] ms
08-Jul-2026 10:39:22.421 INFO [main] org.apache.catalina.startup.HostConfig.deployDirectory Deploying web application directory [C:\Temp\Tomcat_compartido\webapps\host-manager]
08-Jul-2026 10:39:22.716 INFO [main] org.apache.jasper.servlet.TldScanner.scanJars At least one JAR was scanned for TLDs yet contained no TLDs. Enable debug logging for this logger for a complete list of JARs that were scanned but no TLDs were found in them. Skipping unneeded JARs during scanning can improve startup time and JSP compilation time.
08-Jul-2026 10:39:22.727 INFO [main] org.apache.catalina.startup.HostConfig.deployDirectory Deployment of web application directory [C:\Temp\Tomcat_compartido\webapps\host-manager] has finished in [306] ms
08-Jul-2026 10:39:22.728 INFO [main] org.apache.catalina.startup.HostConfig.deployDirectory Deploying web application directory [C:\Temp\Tomcat_compartido\webapps\manager]
08-Jul-2026 10:39:22.995 INFO [main] org.apache.jasper.servlet.TldScanner.scanJars At least one JAR was scanned for TLDs yet contained no TLDs. Enable debug logging for this logger for a complete list of JARs that were scanned but no TLDs were found in them. Skipping unneeded JARs during scanning can improve startup time and JSP compilation time.
08-Jul-2026 10:39:22.999 INFO [main] org.apache.catalina.startup.HostConfig.deployDirectory Deployment of web application directory [C:\Temp\Tomcat_compartido\webapps\manager] has finished in [272] ms
08-Jul-2026 10:39:22.999 INFO [main] org.apache.catalina.startup.HostConfig.deployDirectory Deploying web application directory [C:\Temp\Tomcat_compartido\webapps\ROOT]
08-Jul-2026 10:39:23.241 INFO [main] org.apache.jasper.servlet.TldScanner.scanJars At least one JAR was scanned for TLDs yet contained no TLDs. Enable debug logging for this logger for a complete list of JARs that were scanned but no TLDs were found in them. Skipping unneeded JARs during scanning can improve startup time and JSP compilation time.
08-Jul-2026 10:39:23.244 INFO [main] org.apache.catalina.startup.HostConfig.deployDirectory Deployment of web application directory [C:\Temp\Tomcat_compartido\webapps\ROOT] has finished in [244] ms
08-Jul-2026 10:39:23.244 INFO [main] org.apache.catalina.startup.HostConfig.deployDirectory Deploying web application directory [C:\Temp\Tomcat_compartido\webapps\Servlet1]
08-Jul-2026 10:39:23.501 INFO [main] org.apache.jasper.servlet.TldScanner.scanJars At least one JAR was scanned for TLDs yet contained no TLDs. Enable debug logging for this logger for a complete list of JARs that were scanned but no TLDs were found in them. Skipping unneeded JARs during scanning can improve startup time and JSP compilation time.
08-Jul-2026 10:39:23.505 INFO [main] org.apache.catalina.startup.HostConfig.deployDirectory Deployment of web application directory [C:\Temp\Tomcat_compartido\webapps\Servlet1] has finished in [261] ms
08-Jul-2026 10:39:23.505 INFO [main] org.apache.catalina.startup.HostConfig.deployDirectory Deploying web application directory [C:\Temp\Tomcat_compartido\webapps\Test2]
08-Jul-2026 10:39:23.769 INFO [main] org.apache.jasper.servlet.TldScanner.scanJars At least one JAR was scanned for TLDs yet contained no TLDs. Enable debug logging for this logger for a complete list of JARs that were scanned but no TLDs were found in them. Skipping unneeded JARs during scanning can improve startup time and JSP compilation time.
08-Jul-2026 10:39:23.771 INFO [main] org.apache.catalina.startup.HostConfig.deployDirectory Deployment of web application directory [C:\Temp\Tomcat_compartido\webapps\Test2] has finished in [266] ms
08-Jul-2026 10:39:23.771 INFO [main] org.apache.catalina.startup.HostConfig.deployDirectory Deploying web application directory [C:\Temp\Tomcat_compartido\webapps\trabajogr]
08-Jul-2026 10:39:25.105 INFO [main] org.apache.jasper.servlet.TldScanner.scanJars At least one JAR was scanned for TLDs yet contained no TLDs. Enable debug logging for this logger for a complete list of JARs that were scanned but no TLDs were found in them. Skipping unneeded JARs during scanning can improve startup time and JSP compilation time.
08-Jul-2026 10:39:25.109 INFO [main] org.apache.catalina.startup.HostConfig.deployDirectory Deployment of web application directory [C:\Temp\Tomcat_compartido\webapps\trabajogr] has finished in [1,338] ms
08-Jul-2026 10:39:25.109 INFO [main] org.apache.catalina.startup.HostConfig.deployDirectory Deploying web application directory [C:\Temp\Tomcat_compartido\webapps\WebContent]
08-Jul-2026 10:39:25.351 INFO [main] org.apache.jasper.servlet.TldScanner.scanJars At least one JAR was scanned for TLDs yet contained no TLDs. Enable debug logging for this logger for a complete list of JARs that were scanned but no TLDs were found in them. Skipping unneeded JARs during scanning can improve startup time and JSP compilation time.
08-Jul-2026 10:39:25.354 INFO [main] org.apache.catalina.startup.HostConfig.deployDirectory Deployment of web application directory [C:\Temp\Tomcat_compartido\webapps\WebContent] has finished in [245] ms
08-Jul-2026 10:39:25.359 INFO [main] org.apache.coyote.AbstractProtocol.start Starting ProtocolHandler ["http-nio-8082"]
08-Jul-2026 10:39:25.398 INFO [main] org.apache.catalina.startup.Catalina.start Server startup in [4334] milliseconds
08-Jul-2026 10:41:11.102 INFO [main] org.apache.catalina.startup.VersionLoggerListener.log Server version name:   Apache Tomcat/9.0.89
08-Jul-2026 10:41:11.114 INFO [main] org.apache.catalina.startup.VersionLoggerListener.log Server built:          May 3 2024 20:22:11 UTC
08-Jul-2026 10:41:11.114 INFO [main] org.apache.catalina.startup.VersionLoggerListener.log Server version number: 9.0.89.0
08-Jul-2026 10:41:11.114 INFO [main] org.apache.catalina.startup.VersionLoggerListener.log OS Name:               Windows 11
08-Jul-2026 10:41:11.114 INFO [main] org.apache.catalina.startup.VersionLoggerListener.log OS Version:            10.0
08-Jul-2026 10:41:11.114 INFO [main] org.apache.catalina.startup.VersionLoggerListener.log Architecture:          amd64
08-Jul-2026 10:41:11.114 INFO [main] org.apache.catalina.startup.VersionLoggerListener.log Java Home:             C:\Temp\Programs\JavaStack\jdk-17.0.19+10
08-Jul-2026 10:41:11.114 INFO [main] org.apache.catalina.startup.VersionLoggerListener.log JVM Version:           17.0.19+10-LTS
08-Jul-2026 10:41:11.114 INFO [main] org.apache.catalina.startup.VersionLoggerListener.log JVM Vendor:            Microsoft
08-Jul-2026 10:41:11.114 INFO [main] org.apache.catalina.startup.VersionLoggerListener.log CATALINA_BASE:         C:\Temp\Tomcat_compartido
08-Jul-2026 10:41:11.114 INFO [main] org.apache.catalina.startup.VersionLoggerListener.log CATALINA_HOME:         C:\Temp\Programs\JavaStack\apache-tomcat-9.0.89
08-Jul-2026 10:41:11.122 INFO [main] org.apache.catalina.startup.VersionLoggerListener.log Command line argument: -Djava.util.logging.config.file=C:\Temp\Tomcat_compartido/conf/logging.properties
08-Jul-2026 10:41:11.122 INFO [main] org.apache.catalina.startup.VersionLoggerListener.log Command line argument: -Djava.util.logging.manager=org.apache.juli.ClassLoaderLogManager
08-Jul-2026 10:41:11.122 INFO [main] org.apache.catalina.startup.VersionLoggerListener.log Command line argument: -Djdk.tls.ephemeralDHKeySize=2048
08-Jul-2026 10:41:11.122 INFO [main] org.apache.catalina.startup.VersionLoggerListener.log Command line argument: -Djava.protocol.handler.pkgs=org.apache.catalina.webresources
08-Jul-2026 10:41:11.122 INFO [main] org.apache.catalina.startup.VersionLoggerListener.log Command line argument: -Dorg.apache.catalina.security.SecurityListener.UMASK=0027
08-Jul-2026 10:41:11.122 INFO [main] org.apache.catalina.startup.VersionLoggerListener.log Command line argument: -Dcatalina.base=C:\Temp\Tomcat_compartido
08-Jul-2026 10:41:11.122 INFO [main] org.apache.catalina.startup.VersionLoggerListener.log Command line argument: -Dcatalina.home=C:\Temp\Programs\JavaStack\apache-tomcat-9.0.89
08-Jul-2026 10:41:11.122 INFO [main] org.apache.catalina.startup.VersionLoggerListener.log Command line argument: -Djava.io.tmpdir=C:\Temp\Tomcat_compartido/temp
08-Jul-2026 10:41:11.134 INFO [main] org.apache.catalina.core.AprLifecycleListener.lifecycleEvent The Apache Tomcat Native library which allows using OpenSSL was not found on the java.library.path: [C:\Temp\Programs\JavaStack\jdk-17.0.19+10\bin;C:\WINDOWS\Sun\Java\bin;C:\WINDOWS\system32;C:\WINDOWS;C:\Temp\Programs\JavaStack\jdk1.8.0_131\bin;C:\Temp\Programs\JavaStack\jdk1.8.0_131\db\bin;C:\Temp\Programs\JavaStack\squirrelsql-4.0.0-standard;C:\Temp\Programs\JavaStack\apache-tomcat-9.0.89\bin;c:\Users\Aldoa\AppData\Roaming\Code\User\globalStorage\github.copilot-chat\debugCommand;c:\Users\Aldoa\AppData\Roaming\Code\User\globalStorage\github.copilot-chat\copilotCli;C:\WINDOWS\system32;C:\WINDOWS;C:\WINDOWS\System32\Wbem;C:\WINDOWS\System32\WindowsPowerShell\v1.0\;C:\WINDOWS\System32\OpenSSH\;C:\Program Files\dotnet\;C:\Users\Aldoa\Desktop\Infor\bin;C:\Program Files\Microsoft SQL Server Migration Assistant for Access\bin\;C:\Users\Aldoa\OneDrive\Desktop\;C:\Program Files\Git\cmd;C:\Program Files\nodejs\;C:\Users\Aldoa\AppData\Local\Microsoft\WindowsApps;C:\Users\Aldoa\AppData\Local\Programs\Microsoft VS Code\bin;C:\Users\Aldoa\AppData\Local\Programs\cursor\resources\app\bin;C:\Users\Aldoa\AppData\Roaming\npm;C:\Temp\Programs\JavaStack\jdk-17.0.19+10\bin;C:\Temp\Programs\JavaStack\apache-maven-3.9.16\bin;c:\Users\Aldoa\.vscode\extensions\vscjava.vscode-java-debug-0.59.0\bundled\scripts\noConfigScripts;.]
08-Jul-2026 10:41:11.368 INFO [main] org.apache.coyote.AbstractProtocol.init Initializing ProtocolHandler ["http-nio-8082"]
08-Jul-2026 10:41:11.393 INFO [main] org.apache.catalina.startup.Catalina.load Server initialization in [451] milliseconds
08-Jul-2026 10:41:11.449 INFO [main] org.apache.catalina.core.StandardService.startInternal Starting service [Catalina]
08-Jul-2026 10:41:11.449 INFO [main] org.apache.catalina.core.StandardEngine.startInternal Starting Servlet engine: [Apache Tomcat/9.0.89]
08-Jul-2026 10:41:11.461 INFO [main] org.apache.catalina.startup.HostConfig.deployDirectory Deploying web application directory [C:\Temp\Tomcat_compartido\webapps\ERP]
08-Jul-2026 10:41:12.102 INFO [main] org.apache.jasper.servlet.TldScanner.scanJars At least one JAR was scanned for TLDs yet contained no TLDs. Enable debug logging for this logger for a complete list of JARs that were scanned but no TLDs were found in them. Skipping unneeded JARs during scanning can improve startup time and JSP compilation time.
08-Jul-2026 10:41:12.190 INFO [main] org.apache.catalina.startup.HostConfig.deployDirectory Deployment of web application directory [C:\Temp\Tomcat_compartido\webapps\ERP] has finished in [729] ms
08-Jul-2026 10:41:12.191 INFO [main] org.apache.catalina.startup.HostConfig.deployDirectory Deploying web application directory [C:\Temp\Tomcat_compartido\webapps\ERP 2]
08-Jul-2026 10:41:12.487 INFO [main] org.apache.jasper.servlet.TldScanner.scanJars At least one JAR was scanned for TLDs yet contained no TLDs. Enable debug logging for this logger for a complete list of JARs that were scanned but no TLDs were found in them. Skipping unneeded JARs during scanning can improve startup time and JSP compilation time.
08-Jul-2026 10:41:12.490 INFO [main] org.apache.catalina.startup.HostConfig.deployDirectory Deployment of web application directory [C:\Temp\Tomcat_compartido\webapps\ERP 2] has finished in [299] ms
08-Jul-2026 10:41:12.492 INFO [main] org.apache.catalina.startup.HostConfig.deployDirectory Deploying web application directory [C:\Temp\Tomcat_compartido\webapps\host-manager]
08-Jul-2026 10:41:12.843 INFO [main] org.apache.jasper.servlet.TldScanner.scanJars At least one JAR was scanned for TLDs yet contained no TLDs. Enable debug logging for this logger for a complete list of JARs that were scanned but no TLDs were found in them. Skipping unneeded JARs during scanning can improve startup time and JSP compilation time.
08-Jul-2026 10:41:12.856 INFO [main] org.apache.catalina.startup.HostConfig.deployDirectory Deployment of web application directory [C:\Temp\Tomcat_compartido\webapps\host-manager] has finished in [366] ms
08-Jul-2026 10:41:12.856 INFO [main] org.apache.catalina.startup.HostConfig.deployDirectory Deploying web application directory [C:\Temp\Tomcat_compartido\webapps\manager]
08-Jul-2026 10:41:13.169 INFO [main] org.apache.jasper.servlet.TldScanner.scanJars At least one JAR was scanned for TLDs yet contained no TLDs. Enable debug logging for this logger for a complete list of JARs that were scanned but no TLDs were found in them. Skipping unneeded JARs during scanning can improve startup time and JSP compilation time.
08-Jul-2026 10:41:13.179 INFO [main] org.apache.catalina.startup.HostConfig.deployDirectory Deployment of web application directory [C:\Temp\Tomcat_compartido\webapps\manager] has finished in [323] ms
08-Jul-2026 10:41:13.180 INFO [main] org.apache.catalina.startup.HostConfig.deployDirectory Deploying web application directory [C:\Temp\Tomcat_compartido\webapps\ROOT]
08-Jul-2026 10:41:13.392 INFO [main] org.apache.jasper.servlet.TldScanner.scanJars At least one JAR was scanned for TLDs yet contained no TLDs. Enable debug logging for this logger for a complete list of JARs that were scanned but no TLDs were found in them. Skipping unneeded JARs during scanning can improve startup time and JSP compilation time.
08-Jul-2026 10:41:13.410 INFO [main] org.apache.catalina.startup.HostConfig.deployDirectory Deployment of web application directory [C:\Temp\Tomcat_compartido\webapps\ROOT] has finished in [230] ms
08-Jul-2026 10:41:13.410 INFO [main] org.apache.catalina.startup.HostConfig.deployDirectory Deploying web application directory [C:\Temp\Tomcat_compartido\webapps\Servlet1]
08-Jul-2026 10:41:13.620 INFO [main] org.apache.jasper.servlet.TldScanner.scanJars At least one JAR was scanned for TLDs yet contained no TLDs. Enable debug logging for this logger for a complete list of JARs that were scanned but no TLDs were found in them. Skipping unneeded JARs during scanning can improve startup time and JSP compilation time.
08-Jul-2026 10:41:13.623 INFO [main] org.apache.catalina.startup.HostConfig.deployDirectory Deployment of web application directory [C:\Temp\Tomcat_compartido\webapps\Servlet1] has finished in [213] ms
08-Jul-2026 10:41:13.623 INFO [main] org.apache.catalina.startup.HostConfig.deployDirectory Deploying web application directory [C:\Temp\Tomcat_compartido\webapps\Test2]
08-Jul-2026 10:41:13.830 INFO [main] org.apache.jasper.servlet.TldScanner.scanJars At least one JAR was scanned for TLDs yet contained no TLDs. Enable debug logging for this logger for a complete list of JARs that were scanned but no TLDs were found in them. Skipping unneeded JARs during scanning can improve startup time and JSP compilation time.
08-Jul-2026 10:41:13.832 INFO [main] org.apache.catalina.startup.HostConfig.deployDirectory Deployment of web application directory [C:\Temp\Tomcat_compartido\webapps\Test2] has finished in [209] ms
08-Jul-2026 10:41:13.832 INFO [main] org.apache.catalina.startup.HostConfig.deployDirectory Deploying web application directory [C:\Temp\Tomcat_compartido\webapps\trabajogr]
08-Jul-2026 10:41:14.088 INFO [main] org.apache.jasper.servlet.TldScanner.scanJars At least one JAR was scanned for TLDs yet contained no TLDs. Enable debug logging for this logger for a complete list of JARs that were scanned but no TLDs were found in them. Skipping unneeded JARs during scanning can improve startup time and JSP compilation time.
08-Jul-2026 10:41:14.088 INFO [main] org.apache.catalina.startup.HostConfig.deployDirectory Deployment of web application directory [C:\Temp\Tomcat_compartido\webapps\trabajogr] has finished in [256] ms
08-Jul-2026 10:41:14.088 INFO [main] org.apache.catalina.startup.HostConfig.deployDirectory Deploying web application directory [C:\Temp\Tomcat_compartido\webapps\WebContent]
08-Jul-2026 10:41:14.315 INFO [main] org.apache.jasper.servlet.TldScanner.scanJars At least one JAR was scanned for TLDs yet contained no TLDs. Enable debug logging for this logger for a complete list of JARs that were scanned but no TLDs were found in them. Skipping unneeded JARs during scanning can improve startup time and JSP compilation time.
08-Jul-2026 10:41:14.317 INFO [main] org.apache.catalina.startup.HostConfig.deployDirectory Deployment of web application directory [C:\Temp\Tomcat_compartido\webapps\WebContent] has finished in [229] ms
08-Jul-2026 10:41:14.322 INFO [main] org.apache.coyote.AbstractProtocol.start Starting ProtocolHandler ["http-nio-8082"]
08-Jul-2026 10:41:14.362 INFO [main] org.apache.catalina.startup.Catalina.start Server startup in [2968] milliseconds
08-Jul-2026 10:41:49.853 INFO [main] org.apache.catalina.startup.VersionLoggerListener.log Server version name:   Apache Tomcat/9.0.89
08-Jul-2026 10:41:49.860 INFO [main] org.apache.catalina.startup.VersionLoggerListener.log Server built:          May 3 2024 20:22:11 UTC
08-Jul-2026 10:41:49.860 INFO [main] org.apache.catalina.startup.VersionLoggerListener.log Server version number: 9.0.89.0
08-Jul-2026 10:41:49.860 INFO [main] org.apache.catalina.startup.VersionLoggerListener.log OS Name:               Windows 11
08-Jul-2026 10:41:49.860 INFO [main] org.apache.catalina.startup.VersionLoggerListener.log OS Version:            10.0
08-Jul-2026 10:41:49.860 INFO [main] org.apache.catalina.startup.VersionLoggerListener.log Architecture:          amd64
08-Jul-2026 10:41:49.860 INFO [main] org.apache.catalina.startup.VersionLoggerListener.log Java Home:             C:\Temp\Programs\JavaStack\jdk-17.0.19+10
08-Jul-2026 10:41:49.860 INFO [main] org.apache.catalina.startup.VersionLoggerListener.log JVM Version:           17.0.19+10-LTS
08-Jul-2026 10:41:49.860 INFO [main] org.apache.catalina.startup.VersionLoggerListener.log JVM Vendor:            Microsoft
08-Jul-2026 10:41:49.860 INFO [main] org.apache.catalina.startup.VersionLoggerListener.log CATALINA_BASE:         C:\Temp\Tomcat_compartido
08-Jul-2026 10:41:49.860 INFO [main] org.apache.catalina.startup.VersionLoggerListener.log CATALINA_HOME:         C:\Temp\Programs\JavaStack\apache-tomcat-9.0.89
08-Jul-2026 10:41:49.872 INFO [main] org.apache.catalina.startup.VersionLoggerListener.log Command line argument: -Djava.util.logging.config.file=C:\Temp\Tomcat_compartido/conf/logging.properties
08-Jul-2026 10:41:49.872 INFO [main] org.apache.catalina.startup.VersionLoggerListener.log Command line argument: -Djava.util.logging.manager=org.apache.juli.ClassLoaderLogManager
08-Jul-2026 10:41:49.872 INFO [main] org.apache.catalina.startup.VersionLoggerListener.log Command line argument: -Djdk.tls.ephemeralDHKeySize=2048
08-Jul-2026 10:41:49.872 INFO [main] org.apache.catalina.startup.VersionLoggerListener.log Command line argument: -Djava.protocol.handler.pkgs=org.apache.catalina.webresources
08-Jul-2026 10:41:49.872 INFO [main] org.apache.catalina.startup.VersionLoggerListener.log Command line argument: -Dorg.apache.catalina.security.SecurityListener.UMASK=0027
08-Jul-2026 10:41:49.872 INFO [main] org.apache.catalina.startup.VersionLoggerListener.log Command line argument: -Dcatalina.base=C:\Temp\Tomcat_compartido
08-Jul-2026 10:41:49.872 INFO [main] org.apache.catalina.startup.VersionLoggerListener.log Command line argument: -Dcatalina.home=C:\Temp\Programs\JavaStack\apache-tomcat-9.0.89
08-Jul-2026 10:41:49.872 INFO [main] org.apache.catalina.startup.VersionLoggerListener.log Command line argument: -Djava.io.tmpdir=C:\Temp\Tomcat_compartido/temp
08-Jul-2026 10:41:49.884 INFO [main] org.apache.catalina.core.AprLifecycleListener.lifecycleEvent The Apache Tomcat Native library which allows using OpenSSL was not found on the java.library.path: [C:\Temp\Programs\JavaStack\jdk-17.0.19+10\bin;C:\WINDOWS\Sun\Java\bin;C:\WINDOWS\system32;C:\WINDOWS;C:\Temp\Programs\JavaStack\jdk1.8.0_131\bin;C:\Temp\Programs\JavaStack\jdk1.8.0_131\db\bin;C:\Temp\Programs\JavaStack\squirrelsql-4.0.0-standard;C:\Temp\Programs\JavaStack\apache-tomcat-9.0.89\bin;c:\Users\Aldoa\AppData\Roaming\Code\User\globalStorage\github.copilot-chat\debugCommand;c:\Users\Aldoa\AppData\Roaming\Code\User\globalStorage\github.copilot-chat\copilotCli;C:\WINDOWS\system32;C:\WINDOWS;C:\WINDOWS\System32\Wbem;C:\WINDOWS\System32\WindowsPowerShell\v1.0\;C:\WINDOWS\System32\OpenSSH\;C:\Program Files\dotnet\;C:\Users\Aldoa\Desktop\Infor\bin;C:\Program Files\Microsoft SQL Server Migration Assistant for Access\bin\;C:\Users\Aldoa\OneDrive\Desktop\;C:\Program Files\Git\cmd;C:\Program Files\nodejs\;C:\Users\Aldoa\AppData\Local\Microsoft\WindowsApps;C:\Users\Aldoa\AppData\Local\Programs\Microsoft VS Code\bin;C:\Users\Aldoa\AppData\Local\Programs\cursor\resources\app\bin;C:\Users\Aldoa\AppData\Roaming\npm;C:\Temp\Programs\JavaStack\jdk-17.0.19+10\bin;C:\Temp\Programs\JavaStack\apache-maven-3.9.16\bin;c:\Users\Aldoa\.vscode\extensions\vscjava.vscode-java-debug-0.59.0\bundled\scripts\noConfigScripts;.]
08-Jul-2026 10:41:50.117 INFO [main] org.apache.coyote.AbstractProtocol.init Initializing ProtocolHandler ["http-nio-8082"]
08-Jul-2026 10:41:50.150 INFO [main] org.apache.catalina.startup.Catalina.load Server initialization in [489] milliseconds
08-Jul-2026 10:41:50.196 INFO [main] org.apache.catalina.core.StandardService.startInternal Starting service [Catalina]
08-Jul-2026 10:41:50.196 INFO [main] org.apache.catalina.core.StandardEngine.startInternal Starting Servlet engine: [Apache Tomcat/9.0.89]
08-Jul-2026 10:41:50.203 INFO [main] org.apache.catalina.startup.HostConfig.deployDirectory Deploying web application directory [C:\Temp\Tomcat_compartido\webapps\ERP]
08-Jul-2026 10:41:50.746 INFO [main] org.apache.jasper.servlet.TldScanner.scanJars At least one JAR was scanned for TLDs yet contained no TLDs. Enable debug logging for this logger for a complete list of JARs that were scanned but no TLDs were found in them. Skipping unneeded JARs during scanning can improve startup time and JSP compilation time.
08-Jul-2026 10:41:50.827 INFO [main] org.apache.catalina.startup.HostConfig.deployDirectory Deployment of web application directory [C:\Temp\Tomcat_compartido\webapps\ERP] has finished in [623] ms
08-Jul-2026 10:41:50.827 INFO [main] org.apache.catalina.startup.HostConfig.deployDirectory Deploying web application directory [C:\Temp\Tomcat_compartido\webapps\ERP 2]
08-Jul-2026 10:41:51.080 INFO [main] org.apache.jasper.servlet.TldScanner.scanJars At least one JAR was scanned for TLDs yet contained no TLDs. Enable debug logging for this logger for a complete list of JARs that were scanned but no TLDs were found in them. Skipping unneeded JARs during scanning can improve startup time and JSP compilation time.
08-Jul-2026 10:41:51.084 INFO [main] org.apache.catalina.startup.HostConfig.deployDirectory Deployment of web application directory [C:\Temp\Tomcat_compartido\webapps\ERP 2] has finished in [257] ms
08-Jul-2026 10:41:51.084 INFO [main] org.apache.catalina.startup.HostConfig.deployDirectory Deploying web application directory [C:\Temp\Tomcat_compartido\webapps\host-manager]
08-Jul-2026 10:41:51.355 INFO [main] org.apache.jasper.servlet.TldScanner.scanJars At least one JAR was scanned for TLDs yet contained no TLDs. Enable debug logging for this logger for a complete list of JARs that were scanned but no TLDs were found in them. Skipping unneeded JARs during scanning can improve startup time and JSP compilation time.
08-Jul-2026 10:41:51.367 INFO [main] org.apache.catalina.startup.HostConfig.deployDirectory Deployment of web application directory [C:\Temp\Tomcat_compartido\webapps\host-manager] has finished in [283] ms
08-Jul-2026 10:41:51.367 INFO [main] org.apache.catalina.startup.HostConfig.deployDirectory Deploying web application directory [C:\Temp\Tomcat_compartido\webapps\manager]
08-Jul-2026 10:41:51.635 INFO [main] org.apache.jasper.servlet.TldScanner.scanJars At least one JAR was scanned for TLDs yet contained no TLDs. Enable debug logging for this logger for a complete list of JARs that were scanned but no TLDs were found in them. Skipping unneeded JARs during scanning can improve startup time and JSP compilation time.
08-Jul-2026 10:41:51.638 INFO [main] org.apache.catalina.startup.HostConfig.deployDirectory Deployment of web application directory [C:\Temp\Tomcat_compartido\webapps\manager] has finished in [271] ms
08-Jul-2026 10:41:51.638 INFO [main] org.apache.catalina.startup.HostConfig.deployDirectory Deploying web application directory [C:\Temp\Tomcat_compartido\webapps\ROOT]
08-Jul-2026 10:41:51.897 INFO [main] org.apache.jasper.servlet.TldScanner.scanJars At least one JAR was scanned for TLDs yet contained no TLDs. Enable debug logging for this logger for a complete list of JARs that were scanned but no TLDs were found in them. Skipping unneeded JARs during scanning can improve startup time and JSP compilation time.
08-Jul-2026 10:41:51.901 INFO [main] org.apache.catalina.startup.HostConfig.deployDirectory Deployment of web application directory [C:\Temp\Tomcat_compartido\webapps\ROOT] has finished in [262] ms
08-Jul-2026 10:41:51.901 INFO [main] org.apache.catalina.startup.HostConfig.deployDirectory Deploying web application directory [C:\Temp\Tomcat_compartido\webapps\Servlet1]
08-Jul-2026 10:41:52.126 INFO [main] org.apache.jasper.servlet.TldScanner.scanJars At least one JAR was scanned for TLDs yet contained no TLDs. Enable debug logging for this logger for a complete list of JARs that were scanned but no TLDs were found in them. Skipping unneeded JARs during scanning can improve startup time and JSP compilation time.
08-Jul-2026 10:41:52.131 INFO [main] org.apache.catalina.startup.HostConfig.deployDirectory Deployment of web application directory [C:\Temp\Tomcat_compartido\webapps\Servlet1] has finished in [230] ms
08-Jul-2026 10:41:52.131 INFO [main] org.apache.catalina.startup.HostConfig.deployDirectory Deploying web application directory [C:\Temp\Tomcat_compartido\webapps\Test2]
08-Jul-2026 10:41:52.346 INFO [main] org.apache.jasper.servlet.TldScanner.scanJars At least one JAR was scanned for TLDs yet contained no TLDs. Enable debug logging for this logger for a complete list of JARs that were scanned but no TLDs were found in them. Skipping unneeded JARs during scanning can improve startup time and JSP compilation time.
08-Jul-2026 10:41:52.349 INFO [main] org.apache.catalina.startup.HostConfig.deployDirectory Deployment of web application directory [C:\Temp\Tomcat_compartido\webapps\Test2] has finished in [218] ms
08-Jul-2026 10:41:52.349 INFO [main] org.apache.catalina.startup.HostConfig.deployDirectory Deploying web application directory [C:\Temp\Tomcat_compartido\webapps\trabajogr]
08-Jul-2026 10:41:52.612 INFO [main] org.apache.jasper.servlet.TldScanner.scanJars At least one JAR was scanned for TLDs yet contained no TLDs. Enable debug logging for this logger for a complete list of JARs that were scanned but no TLDs were found in them. Skipping unneeded JARs during scanning can improve startup time and JSP compilation time.
08-Jul-2026 10:41:52.612 INFO [main] org.apache.catalina.startup.HostConfig.deployDirectory Deployment of web application directory [C:\Temp\Tomcat_compartido\webapps\trabajogr] has finished in [263] ms
08-Jul-2026 10:41:52.612 INFO [main] org.apache.catalina.startup.HostConfig.deployDirectory Deploying web application directory [C:\Temp\Tomcat_compartido\webapps\WebContent]
08-Jul-2026 10:41:53.023 INFO [main] org.apache.jasper.servlet.TldScanner.scanJars At least one JAR was scanned for TLDs yet contained no TLDs. Enable debug logging for this logger for a complete list of JARs that were scanned but no TLDs were found in them. Skipping unneeded JARs during scanning can improve startup time and JSP compilation time.
08-Jul-2026 10:41:53.023 INFO [main] org.apache.catalina.startup.HostConfig.deployDirectory Deployment of web application directory [C:\Temp\Tomcat_compartido\webapps\WebContent] has finished in [411] ms
08-Jul-2026 10:41:53.023 INFO [main] org.apache.coyote.AbstractProtocol.start Starting ProtocolHandler ["http-nio-8082"]
08-Jul-2026 10:41:53.096 INFO [main] org.apache.catalina.startup.Catalina.start Server startup in [2943] milliseconds
08-Jul-2026 10:45:59.025 INFO [main] org.apache.catalina.startup.VersionLoggerListener.log Server version name:   Apache Tomcat/9.0.89
08-Jul-2026 10:45:59.028 INFO [main] org.apache.catalina.startup.VersionLoggerListener.log Server built:          May 3 2024 20:22:11 UTC
08-Jul-2026 10:45:59.028 INFO [main] org.apache.catalina.startup.VersionLoggerListener.log Server version number: 9.0.89.0
08-Jul-2026 10:45:59.028 INFO [main] org.apache.catalina.startup.VersionLoggerListener.log OS Name:               Windows 11
08-Jul-2026 10:45:59.028 INFO [main] org.apache.catalina.startup.VersionLoggerListener.log OS Version:            10.0
08-Jul-2026 10:45:59.029 INFO [main] org.apache.catalina.startup.VersionLoggerListener.log Architecture:          amd64
08-Jul-2026 10:45:59.029 INFO [main] org.apache.catalina.startup.VersionLoggerListener.log Java Home:             C:\Temp\Programs\JavaStack\jdk-17.0.19+10
08-Jul-2026 10:45:59.029 INFO [main] org.apache.catalina.startup.VersionLoggerListener.log JVM Version:           17.0.19+10-LTS
08-Jul-2026 10:45:59.029 INFO [main] org.apache.catalina.startup.VersionLoggerListener.log JVM Vendor:            Microsoft
08-Jul-2026 10:45:59.029 INFO [main] org.apache.catalina.startup.VersionLoggerListener.log CATALINA_BASE:         C:\Temp\Tomcat_compartido
08-Jul-2026 10:45:59.029 INFO [main] org.apache.catalina.startup.VersionLoggerListener.log CATALINA_HOME:         C:\Temp\Programs\JavaStack\apache-tomcat-9.0.89
08-Jul-2026 10:45:59.039 INFO [main] org.apache.catalina.startup.VersionLoggerListener.log Command line argument: -Djava.util.logging.config.file=C:\Temp\Tomcat_compartido/conf/logging.properties
08-Jul-2026 10:45:59.039 INFO [main] org.apache.catalina.startup.VersionLoggerListener.log Command line argument: -Djava.util.logging.manager=org.apache.juli.ClassLoaderLogManager
08-Jul-2026 10:45:59.039 INFO [main] org.apache.catalina.startup.VersionLoggerListener.log Command line argument: -Djdk.tls.ephemeralDHKeySize=2048
08-Jul-2026 10:45:59.039 INFO [main] org.apache.catalina.startup.VersionLoggerListener.log Command line argument: -Djava.protocol.handler.pkgs=org.apache.catalina.webresources
08-Jul-2026 10:45:59.039 INFO [main] org.apache.catalina.startup.VersionLoggerListener.log Command line argument: -Dorg.apache.catalina.security.SecurityListener.UMASK=0027
08-Jul-2026 10:45:59.039 INFO [main] org.apache.catalina.startup.VersionLoggerListener.log Command line argument: -Dcatalina.base=C:\Temp\Tomcat_compartido
08-Jul-2026 10:45:59.039 INFO [main] org.apache.catalina.startup.VersionLoggerListener.log Command line argument: -Dcatalina.home=C:\Temp\Programs\JavaStack\apache-tomcat-9.0.89
08-Jul-2026 10:45:59.039 INFO [main] org.apache.catalina.startup.VersionLoggerListener.log Command line argument: -Djava.io.tmpdir=C:\Temp\Tomcat_compartido/temp
08-Jul-2026 10:45:59.050 INFO [main] org.apache.catalina.core.AprLifecycleListener.lifecycleEvent The Apache Tomcat Native library which allows using OpenSSL was not found on the java.library.path: [C:\Temp\Programs\JavaStack\jdk-17.0.19+10\bin;C:\WINDOWS\Sun\Java\bin;C:\WINDOWS\system32;C:\WINDOWS;C:\Temp\Programs\JavaStack\jdk1.8.0_131\bin;C:\Temp\Programs\JavaStack\jdk1.8.0_131\db\bin;C:\Temp\Programs\JavaStack\squirrelsql-4.0.0-standard;C:\Temp\Programs\JavaStack\apache-tomcat-9.0.89\bin;c:\Users\Aldoa\AppData\Roaming\Code\User\globalStorage\github.copilot-chat\debugCommand;c:\Users\Aldoa\AppData\Roaming\Code\User\globalStorage\github.copilot-chat\copilotCli;C:\WINDOWS\system32;C:\WINDOWS;C:\WINDOWS\System32\Wbem;C:\WINDOWS\System32\WindowsPowerShell\v1.0\;C:\WINDOWS\System32\OpenSSH\;C:\Program Files\dotnet\;C:\Users\Aldoa\Desktop\Infor\bin;C:\Program Files\Microsoft SQL Server Migration Assistant for Access\bin\;C:\Users\Aldoa\OneDrive\Desktop\;C:\Program Files\Git\cmd;C:\Program Files\nodejs\;C:\Users\Aldoa\AppData\Local\Microsoft\WindowsApps;C:\Users\Aldoa\AppData\Local\Programs\Microsoft VS Code\bin;C:\Users\Aldoa\AppData\Local\Programs\cursor\resources\app\bin;C:\Users\Aldoa\AppData\Roaming\npm;C:\Temp\Programs\JavaStack\jdk-17.0.19+10\bin;C:\Temp\Programs\JavaStack\apache-maven-3.9.16\bin;c:\Users\Aldoa\.vscode\extensions\vscjava.vscode-java-debug-0.59.0\bundled\scripts\noConfigScripts;.]
08-Jul-2026 10:45:59.311 INFO [main] org.apache.coyote.AbstractProtocol.init Initializing ProtocolHandler ["http-nio-8082"]
08-Jul-2026 10:45:59.336 INFO [main] org.apache.catalina.startup.Catalina.load Server initialization in [457] milliseconds
08-Jul-2026 10:45:59.381 INFO [main] org.apache.catalina.core.StandardService.startInternal Starting service [Catalina]
08-Jul-2026 10:45:59.381 INFO [main] org.apache.catalina.core.StandardEngine.startInternal Starting Servlet engine: [Apache Tomcat/9.0.89]
08-Jul-2026 10:45:59.390 INFO [main] org.apache.catalina.startup.HostConfig.deployDirectory Deploying web application directory [C:\Temp\Tomcat_compartido\webapps\ERP]
08-Jul-2026 10:45:59.919 INFO [main] org.apache.jasper.servlet.TldScanner.scanJars At least one JAR was scanned for TLDs yet contained no TLDs. Enable debug logging for this logger for a complete list of JARs that were scanned but no TLDs were found in them. Skipping unneeded JARs during scanning can improve startup time and JSP compilation time.
08-Jul-2026 10:46:00.027 INFO [main] org.apache.catalina.startup.HostConfig.deployDirectory Deployment of web application directory [C:\Temp\Tomcat_compartido\webapps\ERP] has finished in [637] ms
08-Jul-2026 10:46:00.028 INFO [main] org.apache.catalina.startup.HostConfig.deployDirectory Deploying web application directory [C:\Temp\Tomcat_compartido\webapps\ERP 2]
08-Jul-2026 10:46:00.295 INFO [main] org.apache.jasper.servlet.TldScanner.scanJars At least one JAR was scanned for TLDs yet contained no TLDs. Enable debug logging for this logger for a complete list of JARs that were scanned but no TLDs were found in them. Skipping unneeded JARs during scanning can improve startup time and JSP compilation time.
08-Jul-2026 10:46:00.298 INFO [main] org.apache.catalina.startup.HostConfig.deployDirectory Deployment of web application directory [C:\Temp\Tomcat_compartido\webapps\ERP 2] has finished in [270] ms
08-Jul-2026 10:46:00.298 INFO [main] org.apache.catalina.startup.HostConfig.deployDirectory Deploying web application directory [C:\Temp\Tomcat_compartido\webapps\host-manager]
08-Jul-2026 10:46:00.555 INFO [main] org.apache.jasper.servlet.TldScanner.scanJars At least one JAR was scanned for TLDs yet contained no TLDs. Enable debug logging for this logger for a complete list of JARs that were scanned but no TLDs were found in them. Skipping unneeded JARs during scanning can improve startup time and JSP compilation time.
08-Jul-2026 10:46:00.567 INFO [main] org.apache.catalina.startup.HostConfig.deployDirectory Deployment of web application directory [C:\Temp\Tomcat_compartido\webapps\host-manager] has finished in [268] ms
08-Jul-2026 10:46:00.567 INFO [main] org.apache.catalina.startup.HostConfig.deployDirectory Deploying web application directory [C:\Temp\Tomcat_compartido\webapps\manager]
08-Jul-2026 10:46:00.803 INFO [main] org.apache.jasper.servlet.TldScanner.scanJars At least one JAR was scanned for TLDs yet contained no TLDs. Enable debug logging for this logger for a complete list of JARs that were scanned but no TLDs were found in them. Skipping unneeded JARs during scanning can improve startup time and JSP compilation time.
08-Jul-2026 10:46:00.806 INFO [main] org.apache.catalina.startup.HostConfig.deployDirectory Deployment of web application directory [C:\Temp\Tomcat_compartido\webapps\manager] has finished in [239] ms
08-Jul-2026 10:46:00.807 INFO [main] org.apache.catalina.startup.HostConfig.deployDirectory Deploying web application directory [C:\Temp\Tomcat_compartido\webapps\ROOT]
08-Jul-2026 10:46:01.021 INFO [main] org.apache.jasper.servlet.TldScanner.scanJars At least one JAR was scanned for TLDs yet contained no TLDs. Enable debug logging for this logger for a complete list of JARs that were scanned but no TLDs were found in them. Skipping unneeded JARs during scanning can improve startup time and JSP compilation time.
08-Jul-2026 10:46:01.025 INFO [main] org.apache.catalina.startup.HostConfig.deployDirectory Deployment of web application directory [C:\Temp\Tomcat_compartido\webapps\ROOT] has finished in [218] ms
08-Jul-2026 10:46:01.025 INFO [main] org.apache.catalina.startup.HostConfig.deployDirectory Deploying web application directory [C:\Temp\Tomcat_compartido\webapps\Servlet1]
08-Jul-2026 10:46:01.238 INFO [main] org.apache.jasper.servlet.TldScanner.scanJars At least one JAR was scanned for TLDs yet contained no TLDs. Enable debug logging for this logger for a complete list of JARs that were scanned but no TLDs were found in them. Skipping unneeded JARs during scanning can improve startup time and JSP compilation time.
08-Jul-2026 10:46:01.241 INFO [main] org.apache.catalina.startup.HostConfig.deployDirectory Deployment of web application directory [C:\Temp\Tomcat_compartido\webapps\Servlet1] has finished in [216] ms
08-Jul-2026 10:46:01.242 INFO [main] org.apache.catalina.startup.HostConfig.deployDirectory Deploying web application directory [C:\Temp\Tomcat_compartido\webapps\Test1]
08-Jul-2026 10:46:01.442 INFO [main] org.apache.jasper.servlet.TldScanner.scanJars At least one JAR was scanned for TLDs yet contained no TLDs. Enable debug logging for this logger for a complete list of JARs that were scanned but no TLDs were found in them. Skipping unneeded JARs during scanning can improve startup time and JSP compilation time.
08-Jul-2026 10:46:01.444 INFO [main] org.apache.catalina.startup.HostConfig.deployDirectory Deployment of web application directory [C:\Temp\Tomcat_compartido\webapps\Test1] has finished in [202] ms
08-Jul-2026 10:46:01.445 INFO [main] org.apache.catalina.startup.HostConfig.deployDirectory Deploying web application directory [C:\Temp\Tomcat_compartido\webapps\Test2]
08-Jul-2026 10:46:01.730 INFO [main] org.apache.jasper.servlet.TldScanner.scanJars At least one JAR was scanned for TLDs yet contained no TLDs. Enable debug logging for this logger for a complete list of JARs that were scanned but no TLDs were found in them. Skipping unneeded JARs during scanning can improve startup time and JSP compilation time.
08-Jul-2026 10:46:01.732 INFO [main] org.apache.catalina.startup.HostConfig.deployDirectory Deployment of web application directory [C:\Temp\Tomcat_compartido\webapps\Test2] has finished in [287] ms
08-Jul-2026 10:46:01.732 INFO [main] org.apache.catalina.startup.HostConfig.deployDirectory Deploying web application directory [C:\Temp\Tomcat_compartido\webapps\trabajogr]
08-Jul-2026 10:46:01.995 INFO [main] org.apache.jasper.servlet.TldScanner.scanJars At least one JAR was scanned for TLDs yet contained no TLDs. Enable debug logging for this logger for a complete list of JARs that were scanned but no TLDs were found in them. Skipping unneeded JARs during scanning can improve startup time and JSP compilation time.
08-Jul-2026 10:46:01.998 INFO [main] org.apache.catalina.startup.HostConfig.deployDirectory Deployment of web application directory [C:\Temp\Tomcat_compartido\webapps\trabajogr] has finished in [265] ms
08-Jul-2026 10:46:02.002 INFO [main] org.apache.coyote.AbstractProtocol.start Starting ProtocolHandler ["http-nio-8082"]
08-Jul-2026 10:46:02.040 INFO [main] org.apache.catalina.startup.Catalina.start Server startup in [2704] milliseconds
08-Jul-2026 11:13:18.034 INFO [main] org.apache.catalina.startup.VersionLoggerListener.log Server version name:   Apache Tomcat/9.0.89
08-Jul-2026 11:13:18.037 INFO [main] org.apache.catalina.startup.VersionLoggerListener.log Server built:          May 3 2024 20:22:11 UTC
08-Jul-2026 11:13:18.037 INFO [main] org.apache.catalina.startup.VersionLoggerListener.log Server version number: 9.0.89.0
08-Jul-2026 11:13:18.037 INFO [main] org.apache.catalina.startup.VersionLoggerListener.log OS Name:               Windows 11
08-Jul-2026 11:13:18.037 INFO [main] org.apache.catalina.startup.VersionLoggerListener.log OS Version:            10.0
08-Jul-2026 11:13:18.037 INFO [main] org.apache.catalina.startup.VersionLoggerListener.log Architecture:          amd64
08-Jul-2026 11:13:18.037 INFO [main] org.apache.catalina.startup.VersionLoggerListener.log Java Home:             C:\Temp\Programs\JavaStack\jdk-17.0.19+10
08-Jul-2026 11:13:18.037 INFO [main] org.apache.catalina.startup.VersionLoggerListener.log JVM Version:           17.0.19+10-LTS
08-Jul-2026 11:13:18.037 INFO [main] org.apache.catalina.startup.VersionLoggerListener.log JVM Vendor:            Microsoft
08-Jul-2026 11:13:18.038 INFO [main] org.apache.catalina.startup.VersionLoggerListener.log CATALINA_BASE:         C:\Temp\Tomcat_compartido
08-Jul-2026 11:13:18.038 INFO [main] org.apache.catalina.startup.VersionLoggerListener.log CATALINA_HOME:         C:\Temp\Programs\JavaStack\apache-tomcat-9.0.89
08-Jul-2026 11:13:18.048 INFO [main] org.apache.catalina.startup.VersionLoggerListener.log Command line argument: -Djava.util.logging.config.file=C:\Temp\Tomcat_compartido/conf/logging.properties
08-Jul-2026 11:13:18.048 INFO [main] org.apache.catalina.startup.VersionLoggerListener.log Command line argument: -Djava.util.logging.manager=org.apache.juli.ClassLoaderLogManager
08-Jul-2026 11:13:18.048 INFO [main] org.apache.catalina.startup.VersionLoggerListener.log Command line argument: -Djdk.tls.ephemeralDHKeySize=2048
08-Jul-2026 11:13:18.048 INFO [main] org.apache.catalina.startup.VersionLoggerListener.log Command line argument: -Djava.protocol.handler.pkgs=org.apache.catalina.webresources
08-Jul-2026 11:13:18.048 INFO [main] org.apache.catalina.startup.VersionLoggerListener.log Command line argument: -Dorg.apache.catalina.security.SecurityListener.UMASK=0027
08-Jul-2026 11:13:18.048 INFO [main] org.apache.catalina.startup.VersionLoggerListener.log Command line argument: -Dcatalina.base=C:\Temp\Tomcat_compartido
08-Jul-2026 11:13:18.048 INFO [main] org.apache.catalina.startup.VersionLoggerListener.log Command line argument: -Dcatalina.home=C:\Temp\Programs\JavaStack\apache-tomcat-9.0.89
08-Jul-2026 11:13:18.049 INFO [main] org.apache.catalina.startup.VersionLoggerListener.log Command line argument: -Djava.io.tmpdir=C:\Temp\Tomcat_compartido/temp
08-Jul-2026 11:13:18.055 INFO [main] org.apache.catalina.core.AprLifecycleListener.lifecycleEvent The Apache Tomcat Native library which allows using OpenSSL was not found on the java.library.path: [C:\Temp\Programs\JavaStack\jdk-17.0.19+10\bin;C:\WINDOWS\Sun\Java\bin;C:\WINDOWS\system32;C:\WINDOWS;C:\Temp\Programs\JavaStack\jdk1.8.0_131\bin;C:\Temp\Programs\JavaStack\jdk1.8.0_131\db\bin;C:\Temp\Programs\JavaStack\squirrelsql-4.0.0-standard;C:\Temp\Programs\JavaStack\apache-tomcat-9.0.89\bin;c:\Users\Aldoa\AppData\Roaming\Code\User\globalStorage\github.copilot-chat\debugCommand;c:\Users\Aldoa\AppData\Roaming\Code\User\globalStorage\github.copilot-chat\copilotCli;C:\WINDOWS\system32;C:\WINDOWS;C:\WINDOWS\System32\Wbem;C:\WINDOWS\System32\WindowsPowerShell\v1.0\;C:\WINDOWS\System32\OpenSSH\;C:\Program Files\dotnet\;C:\Users\Aldoa\Desktop\Infor\bin;C:\Program Files\Microsoft SQL Server Migration Assistant for Access\bin\;C:\Users\Aldoa\OneDrive\Desktop\;C:\Program Files\Git\cmd;C:\Program Files\nodejs\;C:\Users\Aldoa\AppData\Local\Microsoft\WindowsApps;C:\Users\Aldoa\AppData\Local\Programs\Microsoft VS Code\bin;C:\Users\Aldoa\AppData\Local\Programs\cursor\resources\app\bin;C:\Users\Aldoa\AppData\Roaming\npm;C:\Temp\Programs\JavaStack\jdk-17.0.19+10\bin;C:\Temp\Programs\JavaStack\apache-maven-3.9.16\bin;c:\Users\Aldoa\.vscode\extensions\vscjava.vscode-java-debug-0.59.0\bundled\scripts\noConfigScripts;.]
08-Jul-2026 11:13:18.263 INFO [main] org.apache.coyote.AbstractProtocol.init Initializing ProtocolHandler ["http-nio-8082"]
08-Jul-2026 11:13:18.287 INFO [main] org.apache.catalina.startup.Catalina.load Server initialization in [422] milliseconds
08-Jul-2026 11:13:18.331 INFO [main] org.apache.catalina.core.StandardService.startInternal Starting service [Catalina]
08-Jul-2026 11:13:18.331 INFO [main] org.apache.catalina.core.StandardEngine.startInternal Starting Servlet engine: [Apache Tomcat/9.0.89]
08-Jul-2026 11:13:18.337 INFO [main] org.apache.catalina.startup.HostConfig.deployDirectory Deploying web application directory [C:\Temp\Tomcat_compartido\webapps\ERP]
08-Jul-2026 11:13:18.987 INFO [main] org.apache.jasper.servlet.TldScanner.scanJars At least one JAR was scanned for TLDs yet contained no TLDs. Enable debug logging for this logger for a complete list of JARs that were scanned but no TLDs were found in them. Skipping unneeded JARs during scanning can improve startup time and JSP compilation time.
08-Jul-2026 11:13:19.049 INFO [main] org.apache.catalina.startup.HostConfig.deployDirectory Deployment of web application directory [C:\Temp\Tomcat_compartido\webapps\ERP] has finished in [712] ms
08-Jul-2026 11:13:19.049 INFO [main] org.apache.catalina.startup.HostConfig.deployDirectory Deploying web application directory [C:\Temp\Tomcat_compartido\webapps\ERP 2]
08-Jul-2026 11:13:19.321 INFO [main] org.apache.jasper.servlet.TldScanner.scanJars At least one JAR was scanned for TLDs yet contained no TLDs. Enable debug logging for this logger for a complete list of JARs that were scanned but no TLDs were found in them. Skipping unneeded JARs during scanning can improve startup time and JSP compilation time.
08-Jul-2026 11:13:19.323 INFO [main] org.apache.catalina.startup.HostConfig.deployDirectory Deployment of web application directory [C:\Temp\Tomcat_compartido\webapps\ERP 2] has finished in [274] ms
08-Jul-2026 11:13:19.323 INFO [main] org.apache.catalina.startup.HostConfig.deployDirectory Deploying web application directory [C:\Temp\Tomcat_compartido\webapps\host-manager]
08-Jul-2026 11:13:19.544 INFO [main] org.apache.jasper.servlet.TldScanner.scanJars At least one JAR was scanned for TLDs yet contained no TLDs. Enable debug logging for this logger for a complete list of JARs that were scanned but no TLDs were found in them. Skipping unneeded JARs during scanning can improve startup time and JSP compilation time.
08-Jul-2026 11:13:19.567 INFO [main] org.apache.catalina.startup.HostConfig.deployDirectory Deployment of web application directory [C:\Temp\Tomcat_compartido\webapps\host-manager] has finished in [244] ms
08-Jul-2026 11:13:19.568 INFO [main] org.apache.catalina.startup.HostConfig.deployDirectory Deploying web application directory [C:\Temp\Tomcat_compartido\webapps\manager]
08-Jul-2026 11:13:19.809 INFO [main] org.apache.jasper.servlet.TldScanner.scanJars At least one JAR was scanned for TLDs yet contained no TLDs. Enable debug logging for this logger for a complete list of JARs that were scanned but no TLDs were found in them. Skipping unneeded JARs during scanning can improve startup time and JSP compilation time.
08-Jul-2026 11:13:19.810 INFO [main] org.apache.catalina.startup.HostConfig.deployDirectory Deployment of web application directory [C:\Temp\Tomcat_compartido\webapps\manager] has finished in [243] ms
08-Jul-2026 11:13:19.810 INFO [main] org.apache.catalina.startup.HostConfig.deployDirectory Deploying web application directory [C:\Temp\Tomcat_compartido\webapps\ROOT]
08-Jul-2026 11:13:20.073 INFO [main] org.apache.jasper.servlet.TldScanner.scanJars At least one JAR was scanned for TLDs yet contained no TLDs. Enable debug logging for this logger for a complete list of JARs that were scanned but no TLDs were found in them. Skipping unneeded JARs during scanning can improve startup time and JSP compilation time.
08-Jul-2026 11:13:20.086 INFO [main] org.apache.catalina.startup.HostConfig.deployDirectory Deployment of web application directory [C:\Temp\Tomcat_compartido\webapps\ROOT] has finished in [276] ms
08-Jul-2026 11:13:20.086 INFO [main] org.apache.catalina.startup.HostConfig.deployDirectory Deploying web application directory [C:\Temp\Tomcat_compartido\webapps\Servlet1]
08-Jul-2026 11:13:20.340 INFO [main] org.apache.jasper.servlet.TldScanner.scanJars At least one JAR was scanned for TLDs yet contained no TLDs. Enable debug logging for this logger for a complete list of JARs that were scanned but no TLDs were found in them. Skipping unneeded JARs during scanning can improve startup time and JSP compilation time.
08-Jul-2026 11:13:20.345 INFO [main] org.apache.catalina.startup.HostConfig.deployDirectory Deployment of web application directory [C:\Temp\Tomcat_compartido\webapps\Servlet1] has finished in [259] ms
08-Jul-2026 11:13:20.345 INFO [main] org.apache.catalina.startup.HostConfig.deployDirectory Deploying web application directory [C:\Temp\Tomcat_compartido\webapps\Test1]
08-Jul-2026 11:13:20.544 INFO [main] org.apache.jasper.servlet.TldScanner.scanJars At least one JAR was scanned for TLDs yet contained no TLDs. Enable debug logging for this logger for a complete list of JARs that were scanned but no TLDs were found in them. Skipping unneeded JARs during scanning can improve startup time and JSP compilation time.
08-Jul-2026 11:13:20.544 INFO [main] org.apache.catalina.startup.HostConfig.deployDirectory Deployment of web application directory [C:\Temp\Tomcat_compartido\webapps\Test1] has finished in [199] ms
08-Jul-2026 11:13:20.544 INFO [main] org.apache.catalina.startup.HostConfig.deployDirectory Deploying web application directory [C:\Temp\Tomcat_compartido\webapps\Test2]
08-Jul-2026 11:13:20.791 INFO [main] org.apache.jasper.servlet.TldScanner.scanJars At least one JAR was scanned for TLDs yet contained no TLDs. Enable debug logging for this logger for a complete list of JARs that were scanned but no TLDs were found in them. Skipping unneeded JARs during scanning can improve startup time and JSP compilation time.
08-Jul-2026 11:13:20.791 INFO [main] org.apache.catalina.startup.HostConfig.deployDirectory Deployment of web application directory [C:\Temp\Tomcat_compartido\webapps\Test2] has finished in [247] ms
08-Jul-2026 11:13:20.791 INFO [main] org.apache.catalina.startup.HostConfig.deployDirectory Deploying web application directory [C:\Temp\Tomcat_compartido\webapps\trabajogr]
08-Jul-2026 11:13:21.071 INFO [main] org.apache.jasper.servlet.TldScanner.scanJars At least one JAR was scanned for TLDs yet contained no TLDs. Enable debug logging for this logger for a complete list of JARs that were scanned but no TLDs were found in them. Skipping unneeded JARs during scanning can improve startup time and JSP compilation time.
08-Jul-2026 11:13:21.087 INFO [main] org.apache.catalina.startup.HostConfig.deployDirectory Deployment of web application directory [C:\Temp\Tomcat_compartido\webapps\trabajogr] has finished in [296] ms
08-Jul-2026 11:13:21.091 INFO [main] org.apache.coyote.AbstractProtocol.start Starting ProtocolHandler ["http-nio-8082"]
08-Jul-2026 11:13:21.129 INFO [main] org.apache.catalina.startup.Catalina.start Server startup in [2842] milliseconds
08-Jul-2026 11:14:45.918 INFO [main] org.apache.catalina.startup.VersionLoggerListener.log Server version name:   Apache Tomcat/9.0.89
08-Jul-2026 11:14:45.928 INFO [main] org.apache.catalina.startup.VersionLoggerListener.log Server built:          May 3 2024 20:22:11 UTC
08-Jul-2026 11:14:45.928 INFO [main] org.apache.catalina.startup.VersionLoggerListener.log Server version number: 9.0.89.0
08-Jul-2026 11:14:45.928 INFO [main] org.apache.catalina.startup.VersionLoggerListener.log OS Name:               Windows 11
08-Jul-2026 11:14:45.928 INFO [main] org.apache.catalina.startup.VersionLoggerListener.log OS Version:            10.0
08-Jul-2026 11:14:45.928 INFO [main] org.apache.catalina.startup.VersionLoggerListener.log Architecture:          amd64
08-Jul-2026 11:14:45.928 INFO [main] org.apache.catalina.startup.VersionLoggerListener.log Java Home:             C:\Temp\Programs\JavaStack\jdk-17.0.19+10
08-Jul-2026 11:14:45.928 INFO [main] org.apache.catalina.startup.VersionLoggerListener.log JVM Version:           17.0.19+10-LTS
08-Jul-2026 11:14:45.928 INFO [main] org.apache.catalina.startup.VersionLoggerListener.log JVM Vendor:            Microsoft
08-Jul-2026 11:14:45.928 INFO [main] org.apache.catalina.startup.VersionLoggerListener.log CATALINA_BASE:         C:\Temp\Tomcat_compartido
08-Jul-2026 11:14:45.928 INFO [main] org.apache.catalina.startup.VersionLoggerListener.log CATALINA_HOME:         C:\Temp\Programs\JavaStack\apache-tomcat-9.0.89
08-Jul-2026 11:14:45.942 INFO [main] org.apache.catalina.startup.VersionLoggerListener.log Command line argument: -Djava.util.logging.config.file=C:\Temp\Tomcat_compartido/conf/logging.properties
08-Jul-2026 11:14:45.942 INFO [main] org.apache.catalina.startup.VersionLoggerListener.log Command line argument: -Djava.util.logging.manager=org.apache.juli.ClassLoaderLogManager
08-Jul-2026 11:14:45.942 INFO [main] org.apache.catalina.startup.VersionLoggerListener.log Command line argument: -Djdk.tls.ephemeralDHKeySize=2048
08-Jul-2026 11:14:45.942 INFO [main] org.apache.catalina.startup.VersionLoggerListener.log Command line argument: -Djava.protocol.handler.pkgs=org.apache.catalina.webresources
08-Jul-2026 11:14:45.942 INFO [main] org.apache.catalina.startup.VersionLoggerListener.log Command line argument: -Dorg.apache.catalina.security.SecurityListener.UMASK=0027
08-Jul-2026 11:14:45.942 INFO [main] org.apache.catalina.startup.VersionLoggerListener.log Command line argument: -Dcatalina.base=C:\Temp\Tomcat_compartido
08-Jul-2026 11:14:45.942 INFO [main] org.apache.catalina.startup.VersionLoggerListener.log Command line argument: -Dcatalina.home=C:\Temp\Programs\JavaStack\apache-tomcat-9.0.89
08-Jul-2026 11:14:45.942 INFO [main] org.apache.catalina.startup.VersionLoggerListener.log Command line argument: -Djava.io.tmpdir=C:\Temp\Tomcat_compartido/temp
08-Jul-2026 11:14:45.944 INFO [main] org.apache.catalina.core.AprLifecycleListener.lifecycleEvent The Apache Tomcat Native library which allows using OpenSSL was not found on the java.library.path: [C:\Temp\Programs\JavaStack\jdk-17.0.19+10\bin;C:\WINDOWS\Sun\Java\bin;C:\WINDOWS\system32;C:\WINDOWS;C:\Temp\Programs\JavaStack\jdk1.8.0_131\bin;C:\Temp\Programs\JavaStack\jdk1.8.0_131\db\bin;C:\Temp\Programs\JavaStack\squirrelsql-4.0.0-standard;C:\Temp\Programs\JavaStack\apache-tomcat-9.0.89\bin;c:\Users\Aldoa\AppData\Roaming\Code\User\globalStorage\github.copilot-chat\debugCommand;c:\Users\Aldoa\AppData\Roaming\Code\User\globalStorage\github.copilot-chat\copilotCli;C:\WINDOWS\system32;C:\WINDOWS;C:\WINDOWS\System32\Wbem;C:\WINDOWS\System32\WindowsPowerShell\v1.0\;C:\WINDOWS\System32\OpenSSH\;C:\Program Files\dotnet\;C:\Users\Aldoa\Desktop\Infor\bin;C:\Program Files\Microsoft SQL Server Migration Assistant for Access\bin\;C:\Users\Aldoa\OneDrive\Desktop\;C:\Program Files\Git\cmd;C:\Program Files\nodejs\;C:\Users\Aldoa\AppData\Local\Microsoft\WindowsApps;C:\Users\Aldoa\AppData\Local\Programs\Microsoft VS Code\bin;C:\Users\Aldoa\AppData\Local\Programs\cursor\resources\app\bin;C:\Users\Aldoa\AppData\Roaming\npm;C:\Temp\Programs\JavaStack\jdk-17.0.19+10\bin;C:\Temp\Programs\JavaStack\apache-maven-3.9.16\bin;c:\Users\Aldoa\.vscode\extensions\vscjava.vscode-java-debug-0.59.0\bundled\scripts\noConfigScripts;.]
08-Jul-2026 11:14:46.147 INFO [main] org.apache.coyote.AbstractProtocol.init Initializing ProtocolHandler ["http-nio-8082"]
08-Jul-2026 11:14:46.171 INFO [main] org.apache.catalina.startup.Catalina.load Server initialization in [462] milliseconds
08-Jul-2026 11:14:46.209 INFO [main] org.apache.catalina.core.StandardService.startInternal Starting service [Catalina]
08-Jul-2026 11:14:46.209 INFO [main] org.apache.catalina.core.StandardEngine.startInternal Starting Servlet engine: [Apache Tomcat/9.0.89]
08-Jul-2026 11:14:46.216 INFO [main] org.apache.catalina.startup.HostConfig.deployDirectory Deploying web application directory [C:\Temp\Tomcat_compartido\webapps\ERP]
08-Jul-2026 11:14:46.697 INFO [main] org.apache.jasper.servlet.TldScanner.scanJars At least one JAR was scanned for TLDs yet contained no TLDs. Enable debug logging for this logger for a complete list of JARs that were scanned but no TLDs were found in them. Skipping unneeded JARs during scanning can improve startup time and JSP compilation time.
08-Jul-2026 11:14:46.760 INFO [main] org.apache.catalina.startup.HostConfig.deployDirectory Deployment of web application directory [C:\Temp\Tomcat_compartido\webapps\ERP] has finished in [544] ms
08-Jul-2026 11:14:46.760 INFO [main] org.apache.catalina.startup.HostConfig.deployDirectory Deploying web application directory [C:\Temp\Tomcat_compartido\webapps\ERP 2]
08-Jul-2026 11:14:47.008 INFO [main] org.apache.jasper.servlet.TldScanner.scanJars At least one JAR was scanned for TLDs yet contained no TLDs. Enable debug logging for this logger for a complete list of JARs that were scanned but no TLDs were found in them. Skipping unneeded JARs during scanning can improve startup time and JSP compilation time.
08-Jul-2026 11:14:47.013 INFO [main] org.apache.catalina.startup.HostConfig.deployDirectory Deployment of web application directory [C:\Temp\Tomcat_compartido\webapps\ERP 2] has finished in [253] ms
08-Jul-2026 11:14:47.013 INFO [main] org.apache.catalina.startup.HostConfig.deployDirectory Deploying web application directory [C:\Temp\Tomcat_compartido\webapps\host-manager]
08-Jul-2026 11:14:47.242 INFO [main] org.apache.jasper.servlet.TldScanner.scanJars At least one JAR was scanned for TLDs yet contained no TLDs. Enable debug logging for this logger for a complete list of JARs that were scanned but no TLDs were found in them. Skipping unneeded JARs during scanning can improve startup time and JSP compilation time.
08-Jul-2026 11:14:47.257 INFO [main] org.apache.catalina.startup.HostConfig.deployDirectory Deployment of web application directory [C:\Temp\Tomcat_compartido\webapps\host-manager] has finished in [244] ms
08-Jul-2026 11:14:47.257 INFO [main] org.apache.catalina.startup.HostConfig.deployDirectory Deploying web application directory [C:\Temp\Tomcat_compartido\webapps\manager]
08-Jul-2026 11:14:47.477 INFO [main] org.apache.jasper.servlet.TldScanner.scanJars At least one JAR was scanned for TLDs yet contained no TLDs. Enable debug logging for this logger for a complete list of JARs that were scanned but no TLDs were found in them. Skipping unneeded JARs during scanning can improve startup time and JSP compilation time.
08-Jul-2026 11:14:47.477 INFO [main] org.apache.catalina.startup.HostConfig.deployDirectory Deployment of web application directory [C:\Temp\Tomcat_compartido\webapps\manager] has finished in [220] ms
08-Jul-2026 11:14:47.477 INFO [main] org.apache.catalina.startup.HostConfig.deployDirectory Deploying web application directory [C:\Temp\Tomcat_compartido\webapps\ROOT]
08-Jul-2026 11:14:47.693 INFO [main] org.apache.jasper.servlet.TldScanner.scanJars At least one JAR was scanned for TLDs yet contained no TLDs. Enable debug logging for this logger for a complete list of JARs that were scanned but no TLDs were found in them. Skipping unneeded JARs during scanning can improve startup time and JSP compilation time.
08-Jul-2026 11:14:47.693 INFO [main] org.apache.catalina.startup.HostConfig.deployDirectory Deployment of web application directory [C:\Temp\Tomcat_compartido\webapps\ROOT] has finished in [216] ms
08-Jul-2026 11:14:47.693 INFO [main] org.apache.catalina.startup.HostConfig.deployDirectory Deploying web application directory [C:\Temp\Tomcat_compartido\webapps\Servlet1]
08-Jul-2026 11:14:47.893 INFO [main] org.apache.jasper.servlet.TldScanner.scanJars At least one JAR was scanned for TLDs yet contained no TLDs. Enable debug logging for this logger for a complete list of JARs that were scanned but no TLDs were found in them. Skipping unneeded JARs during scanning can improve startup time and JSP compilation time.
08-Jul-2026 11:14:47.909 INFO [main] org.apache.catalina.startup.HostConfig.deployDirectory Deployment of web application directory [C:\Temp\Tomcat_compartido\webapps\Servlet1] has finished in [216] ms
08-Jul-2026 11:14:47.909 INFO [main] org.apache.catalina.startup.HostConfig.deployDirectory Deploying web application directory [C:\Temp\Tomcat_compartido\webapps\Test1]
08-Jul-2026 11:14:48.095 INFO [main] org.apache.jasper.servlet.TldScanner.scanJars At least one JAR was scanned for TLDs yet contained no TLDs. Enable debug logging for this logger for a complete list of JARs that were scanned but no TLDs were found in them. Skipping unneeded JARs during scanning can improve startup time and JSP compilation time.
08-Jul-2026 11:14:48.111 INFO [main] org.apache.catalina.startup.HostConfig.deployDirectory Deployment of web application directory [C:\Temp\Tomcat_compartido\webapps\Test1] has finished in [202] ms
08-Jul-2026 11:14:48.111 INFO [main] org.apache.catalina.startup.HostConfig.deployDirectory Deploying web application directory [C:\Temp\Tomcat_compartido\webapps\Test2]
08-Jul-2026 11:14:48.297 INFO [main] org.apache.jasper.servlet.TldScanner.scanJars At least one JAR was scanned for TLDs yet contained no TLDs. Enable debug logging for this logger for a complete list of JARs that were scanned but no TLDs were found in them. Skipping unneeded JARs during scanning can improve startup time and JSP compilation time.
08-Jul-2026 11:14:48.297 INFO [main] org.apache.catalina.startup.HostConfig.deployDirectory Deployment of web application directory [C:\Temp\Tomcat_compartido\webapps\Test2] has finished in [186] ms
08-Jul-2026 11:14:48.297 INFO [main] org.apache.catalina.startup.HostConfig.deployDirectory Deploying web application directory [C:\Temp\Tomcat_compartido\webapps\trabajogr]
08-Jul-2026 11:14:48.558 INFO [main] org.apache.jasper.servlet.TldScanner.scanJars At least one JAR was scanned for TLDs yet contained no TLDs. Enable debug logging for this logger for a complete list of JARs that were scanned but no TLDs were found in them. Skipping unneeded JARs during scanning can improve startup time and JSP compilation time.
08-Jul-2026 11:14:48.573 INFO [main] org.apache.catalina.startup.HostConfig.deployDirectory Deployment of web application directory [C:\Temp\Tomcat_compartido\webapps\trabajogr] has finished in [276] ms
08-Jul-2026 11:14:48.579 INFO [main] org.apache.coyote.AbstractProtocol.start Starting ProtocolHandler ["http-nio-8082"]
08-Jul-2026 11:14:48.618 INFO [main] org.apache.catalina.startup.Catalina.start Server startup in [2447] milliseconds
08-Jul-2026 11:16:10.608 INFO [main] org.apache.catalina.startup.VersionLoggerListener.log Server version name:   Apache Tomcat/9.0.89
08-Jul-2026 11:16:10.611 INFO [main] org.apache.catalina.startup.VersionLoggerListener.log Server built:          May 3 2024 20:22:11 UTC
08-Jul-2026 11:16:10.611 INFO [main] org.apache.catalina.startup.VersionLoggerListener.log Server version number: 9.0.89.0
08-Jul-2026 11:16:10.611 INFO [main] org.apache.catalina.startup.VersionLoggerListener.log OS Name:               Windows 11
08-Jul-2026 11:16:10.611 INFO [main] org.apache.catalina.startup.VersionLoggerListener.log OS Version:            10.0
08-Jul-2026 11:16:10.611 INFO [main] org.apache.catalina.startup.VersionLoggerListener.log Architecture:          amd64
08-Jul-2026 11:16:10.611 INFO [main] org.apache.catalina.startup.VersionLoggerListener.log Java Home:             C:\Temp\Programs\JavaStack\jdk-17.0.19+10
08-Jul-2026 11:16:10.611 INFO [main] org.apache.catalina.startup.VersionLoggerListener.log JVM Version:           17.0.19+10-LTS
08-Jul-2026 11:16:10.611 INFO [main] org.apache.catalina.startup.VersionLoggerListener.log JVM Vendor:            Microsoft
08-Jul-2026 11:16:10.611 INFO [main] org.apache.catalina.startup.VersionLoggerListener.log CATALINA_BASE:         C:\Temp\Tomcat_compartido
08-Jul-2026 11:16:10.611 INFO [main] org.apache.catalina.startup.VersionLoggerListener.log CATALINA_HOME:         C:\Temp\Programs\JavaStack\apache-tomcat-9.0.89
08-Jul-2026 11:16:10.623 INFO [main] org.apache.catalina.startup.VersionLoggerListener.log Command line argument: -Djava.util.logging.config.file=C:\Temp\Tomcat_compartido/conf/logging.properties
08-Jul-2026 11:16:10.624 INFO [main] org.apache.catalina.startup.VersionLoggerListener.log Command line argument: -Djava.util.logging.manager=org.apache.juli.ClassLoaderLogManager
08-Jul-2026 11:16:10.624 INFO [main] org.apache.catalina.startup.VersionLoggerListener.log Command line argument: -Djdk.tls.ephemeralDHKeySize=2048
08-Jul-2026 11:16:10.624 INFO [main] org.apache.catalina.startup.VersionLoggerListener.log Command line argument: -Djava.protocol.handler.pkgs=org.apache.catalina.webresources
08-Jul-2026 11:16:10.624 INFO [main] org.apache.catalina.startup.VersionLoggerListener.log Command line argument: -Dorg.apache.catalina.security.SecurityListener.UMASK=0027
08-Jul-2026 11:16:10.624 INFO [main] org.apache.catalina.startup.VersionLoggerListener.log Command line argument: -Dcatalina.base=C:\Temp\Tomcat_compartido
08-Jul-2026 11:16:10.624 INFO [main] org.apache.catalina.startup.VersionLoggerListener.log Command line argument: -Dcatalina.home=C:\Temp\Programs\JavaStack\apache-tomcat-9.0.89
08-Jul-2026 11:16:10.624 INFO [main] org.apache.catalina.startup.VersionLoggerListener.log Command line argument: -Djava.io.tmpdir=C:\Temp\Tomcat_compartido/temp
08-Jul-2026 11:16:10.629 INFO [main] org.apache.catalina.core.AprLifecycleListener.lifecycleEvent The Apache Tomcat Native library which allows using OpenSSL was not found on the java.library.path: [C:\Temp\Programs\JavaStack\jdk-17.0.19+10\bin;C:\WINDOWS\Sun\Java\bin;C:\WINDOWS\system32;C:\WINDOWS;C:\Temp\Programs\JavaStack\jdk1.8.0_131\bin;C:\Temp\Programs\JavaStack\jdk1.8.0_131\db\bin;C:\Temp\Programs\JavaStack\squirrelsql-4.0.0-standard;C:\Temp\Programs\JavaStack\apache-tomcat-9.0.89\bin;c:\Users\Aldoa\AppData\Roaming\Code\User\globalStorage\github.copilot-chat\debugCommand;c:\Users\Aldoa\AppData\Roaming\Code\User\globalStorage\github.copilot-chat\copilotCli;C:\WINDOWS\system32;C:\WINDOWS;C:\WINDOWS\System32\Wbem;C:\WINDOWS\System32\WindowsPowerShell\v1.0\;C:\WINDOWS\System32\OpenSSH\;C:\Program Files\dotnet\;C:\Users\Aldoa\Desktop\Infor\bin;C:\Program Files\Microsoft SQL Server Migration Assistant for Access\bin\;C:\Users\Aldoa\OneDrive\Desktop\;C:\Program Files\Git\cmd;C:\Program Files\nodejs\;C:\Users\Aldoa\AppData\Local\Microsoft\WindowsApps;C:\Users\Aldoa\AppData\Local\Programs\Microsoft VS Code\bin;C:\Users\Aldoa\AppData\Local\Programs\cursor\resources\app\bin;C:\Users\Aldoa\AppData\Roaming\npm;C:\Temp\Programs\JavaStack\jdk-17.0.19+10\bin;C:\Temp\Programs\JavaStack\apache-maven-3.9.16\bin;c:\Users\Aldoa\.vscode\extensions\vscjava.vscode-java-debug-0.59.0\bundled\scripts\noConfigScripts;.]
08-Jul-2026 11:16:10.832 INFO [main] org.apache.coyote.AbstractProtocol.init Initializing ProtocolHandler ["http-nio-8082"]
08-Jul-2026 11:16:10.861 INFO [main] org.apache.catalina.startup.Catalina.load Server initialization in [399] milliseconds
08-Jul-2026 11:16:10.888 INFO [main] org.apache.catalina.core.StandardService.startInternal Starting service [Catalina]
08-Jul-2026 11:16:10.888 INFO [main] org.apache.catalina.core.StandardEngine.startInternal Starting Servlet engine: [Apache Tomcat/9.0.89]
08-Jul-2026 11:16:10.906 INFO [main] org.apache.catalina.startup.HostConfig.deployDirectory Deploying web application directory [C:\Temp\Tomcat_compartido\webapps\ERP]
08-Jul-2026 11:16:11.428 INFO [main] org.apache.jasper.servlet.TldScanner.scanJars At least one JAR was scanned for TLDs yet contained no TLDs. Enable debug logging for this logger for a complete list of JARs that were scanned but no TLDs were found in them. Skipping unneeded JARs during scanning can improve startup time and JSP compilation time.
08-Jul-2026 11:16:11.493 INFO [main] org.apache.catalina.startup.HostConfig.deployDirectory Deployment of web application directory [C:\Temp\Tomcat_compartido\webapps\ERP] has finished in [586] ms
08-Jul-2026 11:16:11.493 INFO [main] org.apache.catalina.startup.HostConfig.deployDirectory Deploying web application directory [C:\Temp\Tomcat_compartido\webapps\ERP 2]
08-Jul-2026 11:16:11.736 INFO [main] org.apache.jasper.servlet.TldScanner.scanJars At least one JAR was scanned for TLDs yet contained no TLDs. Enable debug logging for this logger for a complete list of JARs that were scanned but no TLDs were found in them. Skipping unneeded JARs during scanning can improve startup time and JSP compilation time.
08-Jul-2026 11:16:11.741 INFO [main] org.apache.catalina.startup.HostConfig.deployDirectory Deployment of web application directory [C:\Temp\Tomcat_compartido\webapps\ERP 2] has finished in [245] ms
08-Jul-2026 11:16:11.741 INFO [main] org.apache.catalina.startup.HostConfig.deployDirectory Deploying web application directory [C:\Temp\Tomcat_compartido\webapps\host-manager]
08-Jul-2026 11:16:11.965 INFO [main] org.apache.jasper.servlet.TldScanner.scanJars At least one JAR was scanned for TLDs yet contained no TLDs. Enable debug logging for this logger for a complete list of JARs that were scanned but no TLDs were found in them. Skipping unneeded JARs during scanning can improve startup time and JSP compilation time.
08-Jul-2026 11:16:11.977 INFO [main] org.apache.catalina.startup.HostConfig.deployDirectory Deployment of web application directory [C:\Temp\Tomcat_compartido\webapps\host-manager] has finished in [236] ms
08-Jul-2026 11:16:11.977 INFO [main] org.apache.catalina.startup.HostConfig.deployDirectory Deploying web application directory [C:\Temp\Tomcat_compartido\webapps\manager]
08-Jul-2026 11:16:12.202 INFO [main] org.apache.jasper.servlet.TldScanner.scanJars At least one JAR was scanned for TLDs yet contained no TLDs. Enable debug logging for this logger for a complete list of JARs that were scanned but no TLDs were found in them. Skipping unneeded JARs during scanning can improve startup time and JSP compilation time.
08-Jul-2026 11:16:12.202 INFO [main] org.apache.catalina.startup.HostConfig.deployDirectory Deployment of web application directory [C:\Temp\Tomcat_compartido\webapps\manager] has finished in [225] ms
08-Jul-2026 11:16:12.202 INFO [main] org.apache.catalina.startup.HostConfig.deployDirectory Deploying web application directory [C:\Temp\Tomcat_compartido\webapps\ROOT]
08-Jul-2026 11:16:12.429 INFO [main] org.apache.jasper.servlet.TldScanner.scanJars At least one JAR was scanned for TLDs yet contained no TLDs. Enable debug logging for this logger for a complete list of JARs that were scanned but no TLDs were found in them. Skipping unneeded JARs during scanning can improve startup time and JSP compilation time.
08-Jul-2026 11:16:12.434 INFO [main] org.apache.catalina.startup.HostConfig.deployDirectory Deployment of web application directory [C:\Temp\Tomcat_compartido\webapps\ROOT] has finished in [232] ms
08-Jul-2026 11:16:12.434 INFO [main] org.apache.catalina.startup.HostConfig.deployDirectory Deploying web application directory [C:\Temp\Tomcat_compartido\webapps\Servlet1]
08-Jul-2026 11:16:12.647 INFO [main] org.apache.jasper.servlet.TldScanner.scanJars At least one JAR was scanned for TLDs yet contained no TLDs. Enable debug logging for this logger for a complete list of JARs that were scanned but no TLDs were found in them. Skipping unneeded JARs during scanning can improve startup time and JSP compilation time.
08-Jul-2026 11:16:12.656 INFO [main] org.apache.catalina.startup.HostConfig.deployDirectory Deployment of web application directory [C:\Temp\Tomcat_compartido\webapps\Servlet1] has finished in [222] ms
08-Jul-2026 11:16:12.656 INFO [main] org.apache.catalina.startup.HostConfig.deployDirectory Deploying web application directory [C:\Temp\Tomcat_compartido\webapps\Test1]
08-Jul-2026 11:16:12.849 INFO [main] org.apache.jasper.servlet.TldScanner.scanJars At least one JAR was scanned for TLDs yet contained no TLDs. Enable debug logging for this logger for a complete list of JARs that were scanned but no TLDs were found in them. Skipping unneeded JARs during scanning can improve startup time and JSP compilation time.
08-Jul-2026 11:16:12.860 INFO [main] org.apache.catalina.startup.HostConfig.deployDirectory Deployment of web application directory [C:\Temp\Tomcat_compartido\webapps\Test1] has finished in [204] ms
08-Jul-2026 11:16:12.860 INFO [main] org.apache.catalina.startup.HostConfig.deployDirectory Deploying web application directory [C:\Temp\Tomcat_compartido\webapps\Test2]
08-Jul-2026 11:16:13.109 INFO [main] org.apache.jasper.servlet.TldScanner.scanJars At least one JAR was scanned for TLDs yet contained no TLDs. Enable debug logging for this logger for a complete list of JARs that were scanned but no TLDs were found in them. Skipping unneeded JARs during scanning can improve startup time and JSP compilation time.
08-Jul-2026 11:16:13.112 INFO [main] org.apache.catalina.startup.HostConfig.deployDirectory Deployment of web application directory [C:\Temp\Tomcat_compartido\webapps\Test2] has finished in [252] ms
08-Jul-2026 11:16:13.112 INFO [main] org.apache.catalina.startup.HostConfig.deployDirectory Deploying web application directory [C:\Temp\Tomcat_compartido\webapps\trabajogr]
08-Jul-2026 11:16:13.377 INFO [main] org.apache.jasper.servlet.TldScanner.scanJars At least one JAR was scanned for TLDs yet contained no TLDs. Enable debug logging for this logger for a complete list of JARs that were scanned but no TLDs were found in them. Skipping unneeded JARs during scanning can improve startup time and JSP compilation time.
08-Jul-2026 11:16:13.377 INFO [main] org.apache.catalina.startup.HostConfig.deployDirectory Deployment of web application directory [C:\Temp\Tomcat_compartido\webapps\trabajogr] has finished in [265] ms
08-Jul-2026 11:16:13.393 INFO [main] org.apache.coyote.AbstractProtocol.start Starting ProtocolHandler ["http-nio-8082"]
08-Jul-2026 11:16:13.425 INFO [main] org.apache.catalina.startup.Catalina.start Server startup in [2569] milliseconds
08-Jul-2026 11:17:45.164 INFO [main] org.apache.catalina.startup.VersionLoggerListener.log Server version name:   Apache Tomcat/9.0.89
08-Jul-2026 11:17:45.167 INFO [main] org.apache.catalina.startup.VersionLoggerListener.log Server built:          May 3 2024 20:22:11 UTC
08-Jul-2026 11:17:45.167 INFO [main] org.apache.catalina.startup.VersionLoggerListener.log Server version number: 9.0.89.0
08-Jul-2026 11:17:45.167 INFO [main] org.apache.catalina.startup.VersionLoggerListener.log OS Name:               Windows 11
08-Jul-2026 11:17:45.167 INFO [main] org.apache.catalina.startup.VersionLoggerListener.log OS Version:            10.0
08-Jul-2026 11:17:45.167 INFO [main] org.apache.catalina.startup.VersionLoggerListener.log Architecture:          amd64
08-Jul-2026 11:17:45.167 INFO [main] org.apache.catalina.startup.VersionLoggerListener.log Java Home:             C:\Temp\Programs\JavaStack\jdk-17.0.19+10
08-Jul-2026 11:17:45.167 INFO [main] org.apache.catalina.startup.VersionLoggerListener.log JVM Version:           17.0.19+10-LTS
08-Jul-2026 11:17:45.168 INFO [main] org.apache.catalina.startup.VersionLoggerListener.log JVM Vendor:            Microsoft
08-Jul-2026 11:17:45.168 INFO [main] org.apache.catalina.startup.VersionLoggerListener.log CATALINA_BASE:         C:\Temp\Tomcat_compartido
08-Jul-2026 11:17:45.168 INFO [main] org.apache.catalina.startup.VersionLoggerListener.log CATALINA_HOME:         C:\Temp\Programs\JavaStack\apache-tomcat-9.0.89
08-Jul-2026 11:17:45.184 INFO [main] org.apache.catalina.startup.VersionLoggerListener.log Command line argument: -Djava.util.logging.config.file=C:\Temp\Tomcat_compartido/conf/logging.properties
08-Jul-2026 11:17:45.184 INFO [main] org.apache.catalina.startup.VersionLoggerListener.log Command line argument: -Djava.util.logging.manager=org.apache.juli.ClassLoaderLogManager
08-Jul-2026 11:17:45.184 INFO [main] org.apache.catalina.startup.VersionLoggerListener.log Command line argument: -Djdk.tls.ephemeralDHKeySize=2048
08-Jul-2026 11:17:45.184 INFO [main] org.apache.catalina.startup.VersionLoggerListener.log Command line argument: -Djava.protocol.handler.pkgs=org.apache.catalina.webresources
08-Jul-2026 11:17:45.184 INFO [main] org.apache.catalina.startup.VersionLoggerListener.log Command line argument: -Dorg.apache.catalina.security.SecurityListener.UMASK=0027
08-Jul-2026 11:17:45.184 INFO [main] org.apache.catalina.startup.VersionLoggerListener.log Command line argument: -Dcatalina.base=C:\Temp\Tomcat_compartido
08-Jul-2026 11:17:45.184 INFO [main] org.apache.catalina.startup.VersionLoggerListener.log Command line argument: -Dcatalina.home=C:\Temp\Programs\JavaStack\apache-tomcat-9.0.89
08-Jul-2026 11:17:45.184 INFO [main] org.apache.catalina.startup.VersionLoggerListener.log Command line argument: -Djava.io.tmpdir=C:\Temp\Tomcat_compartido/temp
08-Jul-2026 11:17:45.196 INFO [main] org.apache.catalina.core.AprLifecycleListener.lifecycleEvent The Apache Tomcat Native library which allows using OpenSSL was not found on the java.library.path: [C:\Temp\Programs\JavaStack\jdk-17.0.19+10\bin;C:\WINDOWS\Sun\Java\bin;C:\WINDOWS\system32;C:\WINDOWS;C:\Temp\Programs\JavaStack\jdk1.8.0_131\bin;C:\Temp\Programs\JavaStack\jdk1.8.0_131\db\bin;C:\Temp\Programs\JavaStack\squirrelsql-4.0.0-standard;C:\Temp\Programs\JavaStack\apache-tomcat-9.0.89\bin;c:\Users\Aldoa\AppData\Roaming\Code\User\globalStorage\github.copilot-chat\debugCommand;c:\Users\Aldoa\AppData\Roaming\Code\User\globalStorage\github.copilot-chat\copilotCli;C:\WINDOWS\system32;C:\WINDOWS;C:\WINDOWS\System32\Wbem;C:\WINDOWS\System32\WindowsPowerShell\v1.0\;C:\WINDOWS\System32\OpenSSH\;C:\Program Files\dotnet\;C:\Users\Aldoa\Desktop\Infor\bin;C:\Program Files\Microsoft SQL Server Migration Assistant for Access\bin\;C:\Users\Aldoa\OneDrive\Desktop\;C:\Program Files\Git\cmd;C:\Program Files\nodejs\;C:\Users\Aldoa\AppData\Local\Microsoft\WindowsApps;C:\Users\Aldoa\AppData\Local\Programs\Microsoft VS Code\bin;C:\Users\Aldoa\AppData\Local\Programs\cursor\resources\app\bin;C:\Users\Aldoa\AppData\Roaming\npm;C:\Temp\Programs\JavaStack\jdk-17.0.19+10\bin;C:\Temp\Programs\JavaStack\apache-maven-3.9.16\bin;c:\Users\Aldoa\.vscode\extensions\vscjava.vscode-java-debug-0.59.0\bundled\scripts\noConfigScripts;.]
08-Jul-2026 11:17:45.516 INFO [main] org.apache.coyote.AbstractProtocol.init Initializing ProtocolHandler ["http-nio-8082"]
08-Jul-2026 11:17:45.542 INFO [main] org.apache.catalina.startup.Catalina.load Server initialization in [553] milliseconds
08-Jul-2026 11:17:45.586 INFO [main] org.apache.catalina.core.StandardService.startInternal Starting service [Catalina]
08-Jul-2026 11:17:45.586 INFO [main] org.apache.catalina.core.StandardEngine.startInternal Starting Servlet engine: [Apache Tomcat/9.0.89]
08-Jul-2026 11:17:45.586 INFO [main] org.apache.catalina.startup.HostConfig.deployDirectory Deploying web application directory [C:\Temp\Tomcat_compartido\webapps\ERP]
08-Jul-2026 11:17:46.113 INFO [main] org.apache.jasper.servlet.TldScanner.scanJars At least one JAR was scanned for TLDs yet contained no TLDs. Enable debug logging for this logger for a complete list of JARs that were scanned but no TLDs were found in them. Skipping unneeded JARs during scanning can improve startup time and JSP compilation time.
08-Jul-2026 11:17:46.220 INFO [main] org.apache.catalina.startup.HostConfig.deployDirectory Deployment of web application directory [C:\Temp\Tomcat_compartido\webapps\ERP] has finished in [634] ms
08-Jul-2026 11:17:46.220 INFO [main] org.apache.catalina.startup.HostConfig.deployDirectory Deploying web application directory [C:\Temp\Tomcat_compartido\webapps\ERP 2]
08-Jul-2026 11:17:46.489 INFO [main] org.apache.jasper.servlet.TldScanner.scanJars At least one JAR was scanned for TLDs yet contained no TLDs. Enable debug logging for this logger for a complete list of JARs that were scanned but no TLDs were found in them. Skipping unneeded JARs during scanning can improve startup time and JSP compilation time.
08-Jul-2026 11:17:46.491 INFO [main] org.apache.catalina.startup.HostConfig.deployDirectory Deployment of web application directory [C:\Temp\Tomcat_compartido\webapps\ERP 2] has finished in [271] ms
08-Jul-2026 11:17:46.493 INFO [main] org.apache.catalina.startup.HostConfig.deployDirectory Deploying web application directory [C:\Temp\Tomcat_compartido\webapps\host-manager]
08-Jul-2026 11:17:46.721 INFO [main] org.apache.jasper.servlet.TldScanner.scanJars At least one JAR was scanned for TLDs yet contained no TLDs. Enable debug logging for this logger for a complete list of JARs that were scanned but no TLDs were found in them. Skipping unneeded JARs during scanning can improve startup time and JSP compilation time.
08-Jul-2026 11:17:46.732 INFO [main] org.apache.catalina.startup.HostConfig.deployDirectory Deployment of web application directory [C:\Temp\Tomcat_compartido\webapps\host-manager] has finished in [239] ms
08-Jul-2026 11:17:46.732 INFO [main] org.apache.catalina.startup.HostConfig.deployDirectory Deploying web application directory [C:\Temp\Tomcat_compartido\webapps\manager]
08-Jul-2026 11:17:46.947 INFO [main] org.apache.jasper.servlet.TldScanner.scanJars At least one JAR was scanned for TLDs yet contained no TLDs. Enable debug logging for this logger for a complete list of JARs that were scanned but no TLDs were found in them. Skipping unneeded JARs during scanning can improve startup time and JSP compilation time.
08-Jul-2026 11:17:46.963 INFO [main] org.apache.catalina.startup.HostConfig.deployDirectory Deployment of web application directory [C:\Temp\Tomcat_compartido\webapps\manager] has finished in [231] ms
08-Jul-2026 11:17:46.963 INFO [main] org.apache.catalina.startup.HostConfig.deployDirectory Deploying web application directory [C:\Temp\Tomcat_compartido\webapps\ROOT]
08-Jul-2026 11:17:47.199 INFO [main] org.apache.jasper.servlet.TldScanner.scanJars At least one JAR was scanned for TLDs yet contained no TLDs. Enable debug logging for this logger for a complete list of JARs that were scanned but no TLDs were found in them. Skipping unneeded JARs during scanning can improve startup time and JSP compilation time.
08-Jul-2026 11:17:47.206 INFO [main] org.apache.catalina.startup.HostConfig.deployDirectory Deployment of web application directory [C:\Temp\Tomcat_compartido\webapps\ROOT] has finished in [243] ms
08-Jul-2026 11:17:47.208 INFO [main] org.apache.catalina.startup.HostConfig.deployDirectory Deploying web application directory [C:\Temp\Tomcat_compartido\webapps\Servlet1]
08-Jul-2026 11:17:47.480 INFO [main] org.apache.jasper.servlet.TldScanner.scanJars At least one JAR was scanned for TLDs yet contained no TLDs. Enable debug logging for this logger for a complete list of JARs that were scanned but no TLDs were found in them. Skipping unneeded JARs during scanning can improve startup time and JSP compilation time.
08-Jul-2026 11:17:47.484 INFO [main] org.apache.catalina.startup.HostConfig.deployDirectory Deployment of web application directory [C:\Temp\Tomcat_compartido\webapps\Servlet1] has finished in [277] ms
08-Jul-2026 11:17:47.484 INFO [main] org.apache.catalina.startup.HostConfig.deployDirectory Deploying web application directory [C:\Temp\Tomcat_compartido\webapps\Test1]
08-Jul-2026 11:17:47.679 INFO [main] org.apache.jasper.servlet.TldScanner.scanJars At least one JAR was scanned for TLDs yet contained no TLDs. Enable debug logging for this logger for a complete list of JARs that were scanned but no TLDs were found in them. Skipping unneeded JARs during scanning can improve startup time and JSP compilation time.
08-Jul-2026 11:17:47.679 INFO [main] org.apache.catalina.startup.HostConfig.deployDirectory Deployment of web application directory [C:\Temp\Tomcat_compartido\webapps\Test1] has finished in [195] ms
08-Jul-2026 11:17:47.679 INFO [main] org.apache.catalina.startup.HostConfig.deployDirectory Deploying web application directory [C:\Temp\Tomcat_compartido\webapps\Test2]
08-Jul-2026 11:17:47.898 INFO [main] org.apache.jasper.servlet.TldScanner.scanJars At least one JAR was scanned for TLDs yet contained no TLDs. Enable debug logging for this logger for a complete list of JARs that were scanned but no TLDs were found in them. Skipping unneeded JARs during scanning can improve startup time and JSP compilation time.
08-Jul-2026 11:17:47.902 INFO [main] org.apache.catalina.startup.HostConfig.deployDirectory Deployment of web application directory [C:\Temp\Tomcat_compartido\webapps\Test2] has finished in [221] ms
08-Jul-2026 11:17:47.902 INFO [main] org.apache.catalina.startup.HostConfig.deployDirectory Deploying web application directory [C:\Temp\Tomcat_compartido\webapps\trabajogr]
08-Jul-2026 11:17:48.160 INFO [main] org.apache.jasper.servlet.TldScanner.scanJars At least one JAR was scanned for TLDs yet contained no TLDs. Enable debug logging for this logger for a complete list of JARs that were scanned but no TLDs were found in them. Skipping unneeded JARs during scanning can improve startup time and JSP compilation time.
08-Jul-2026 11:17:48.160 INFO [main] org.apache.catalina.startup.HostConfig.deployDirectory Deployment of web application directory [C:\Temp\Tomcat_compartido\webapps\trabajogr] has finished in [258] ms
08-Jul-2026 11:17:48.173 INFO [main] org.apache.coyote.AbstractProtocol.start Starting ProtocolHandler ["http-nio-8082"]
08-Jul-2026 11:17:48.213 INFO [main] org.apache.catalina.startup.Catalina.start Server startup in [2667] milliseconds
08-Jul-2026 11:24:56.174 INFO [main] org.apache.catalina.startup.VersionLoggerListener.log Server version name:   Apache Tomcat/9.0.89
08-Jul-2026 11:24:56.178 INFO [main] org.apache.catalina.startup.VersionLoggerListener.log Server built:          May 3 2024 20:22:11 UTC
08-Jul-2026 11:24:56.178 INFO [main] org.apache.catalina.startup.VersionLoggerListener.log Server version number: 9.0.89.0
08-Jul-2026 11:24:56.178 INFO [main] org.apache.catalina.startup.VersionLoggerListener.log OS Name:               Windows 11
08-Jul-2026 11:24:56.178 INFO [main] org.apache.catalina.startup.VersionLoggerListener.log OS Version:            10.0
08-Jul-2026 11:24:56.178 INFO [main] org.apache.catalina.startup.VersionLoggerListener.log Architecture:          amd64
08-Jul-2026 11:24:56.178 INFO [main] org.apache.catalina.startup.VersionLoggerListener.log Java Home:             C:\Temp\Programs\JavaStack\jdk-17.0.19+10
08-Jul-2026 11:24:56.178 INFO [main] org.apache.catalina.startup.VersionLoggerListener.log JVM Version:           17.0.19+10-LTS
08-Jul-2026 11:24:56.178 INFO [main] org.apache.catalina.startup.VersionLoggerListener.log JVM Vendor:            Microsoft
08-Jul-2026 11:24:56.178 INFO [main] org.apache.catalina.startup.VersionLoggerListener.log CATALINA_BASE:         C:\Temp\Tomcat_compartido
08-Jul-2026 11:24:56.178 INFO [main] org.apache.catalina.startup.VersionLoggerListener.log CATALINA_HOME:         C:\Temp\Programs\JavaStack\apache-tomcat-9.0.89
08-Jul-2026 11:24:56.205 INFO [main] org.apache.catalina.startup.VersionLoggerListener.log Command line argument: -Djava.util.logging.config.file=C:\Temp\Tomcat_compartido/conf/logging.properties
08-Jul-2026 11:24:56.205 INFO [main] org.apache.catalina.startup.VersionLoggerListener.log Command line argument: -Djava.util.logging.manager=org.apache.juli.ClassLoaderLogManager
08-Jul-2026 11:24:56.205 INFO [main] org.apache.catalina.startup.VersionLoggerListener.log Command line argument: -Djdk.tls.ephemeralDHKeySize=2048
08-Jul-2026 11:24:56.205 INFO [main] org.apache.catalina.startup.VersionLoggerListener.log Command line argument: -Djava.protocol.handler.pkgs=org.apache.catalina.webresources
08-Jul-2026 11:24:56.205 INFO [main] org.apache.catalina.startup.VersionLoggerListener.log Command line argument: -Dorg.apache.catalina.security.SecurityListener.UMASK=0027
08-Jul-2026 11:24:56.205 INFO [main] org.apache.catalina.startup.VersionLoggerListener.log Command line argument: -Dcatalina.base=C:\Temp\Tomcat_compartido
08-Jul-2026 11:24:56.205 INFO [main] org.apache.catalina.startup.VersionLoggerListener.log Command line argument: -Dcatalina.home=C:\Temp\Programs\JavaStack\apache-tomcat-9.0.89
08-Jul-2026 11:24:56.205 INFO [main] org.apache.catalina.startup.VersionLoggerListener.log Command line argument: -Djava.io.tmpdir=C:\Temp\Tomcat_compartido/temp
08-Jul-2026 11:24:56.216 INFO [main] org.apache.catalina.core.AprLifecycleListener.lifecycleEvent The Apache Tomcat Native library which allows using OpenSSL was not found on the java.library.path: [C:\Temp\Programs\JavaStack\jdk-17.0.19+10\bin;C:\WINDOWS\Sun\Java\bin;C:\WINDOWS\system32;C:\WINDOWS;C:\Temp\Programs\JavaStack\jdk1.8.0_131\bin;C:\Temp\Programs\JavaStack\jdk1.8.0_131\db\bin;C:\Temp\Programs\JavaStack\squirrelsql-4.0.0-standard;C:\Temp\Programs\JavaStack\apache-tomcat-9.0.89\bin;c:\Users\Aldoa\AppData\Roaming\Code\User\globalStorage\github.copilot-chat\debugCommand;c:\Users\Aldoa\AppData\Roaming\Code\User\globalStorage\github.copilot-chat\copilotCli;C:\WINDOWS\system32;C:\WINDOWS;C:\WINDOWS\System32\Wbem;C:\WINDOWS\System32\WindowsPowerShell\v1.0\;C:\WINDOWS\System32\OpenSSH\;C:\Program Files\dotnet\;C:\Users\Aldoa\Desktop\Infor\bin;C:\Program Files\Microsoft SQL Server Migration Assistant for Access\bin\;C:\Users\Aldoa\OneDrive\Desktop\;C:\Program Files\Git\cmd;C:\Program Files\nodejs\;C:\Users\Aldoa\AppData\Local\Microsoft\WindowsApps;C:\Users\Aldoa\AppData\Local\Programs\Microsoft VS Code\bin;C:\Users\Aldoa\AppData\Local\Programs\cursor\resources\app\bin;C:\Users\Aldoa\AppData\Roaming\npm;C:\Temp\Programs\JavaStack\jdk-17.0.19+10\bin;C:\Temp\Programs\JavaStack\apache-maven-3.9.16\bin;c:\Users\Aldoa\.vscode\extensions\vscjava.vscode-java-debug-0.59.0\bundled\scripts\noConfigScripts;.]
08-Jul-2026 11:24:56.571 INFO [main] org.apache.coyote.AbstractProtocol.init Initializing ProtocolHandler ["http-nio-8082"]
08-Jul-2026 11:24:56.604 INFO [main] org.apache.catalina.startup.Catalina.load Server initialization in [632] milliseconds
08-Jul-2026 11:24:56.635 INFO [main] org.apache.catalina.core.StandardService.startInternal Starting service [Catalina]
08-Jul-2026 11:24:56.635 INFO [main] org.apache.catalina.core.StandardEngine.startInternal Starting Servlet engine: [Apache Tomcat/9.0.89]
08-Jul-2026 11:24:56.660 INFO [main] org.apache.catalina.startup.HostConfig.deployDirectory Deploying web application directory [C:\Temp\Tomcat_compartido\webapps\ERP]
08-Jul-2026 11:24:57.255 INFO [main] org.apache.jasper.servlet.TldScanner.scanJars At least one JAR was scanned for TLDs yet contained no TLDs. Enable debug logging for this logger for a complete list of JARs that were scanned but no TLDs were found in them. Skipping unneeded JARs during scanning can improve startup time and JSP compilation time.
08-Jul-2026 11:24:57.332 INFO [main] org.apache.catalina.startup.HostConfig.deployDirectory Deployment of web application directory [C:\Temp\Tomcat_compartido\webapps\ERP] has finished in [673] ms
08-Jul-2026 11:24:57.332 INFO [main] org.apache.catalina.startup.HostConfig.deployDirectory Deploying web application directory [C:\Temp\Tomcat_compartido\webapps\ERP 2]
08-Jul-2026 11:24:57.732 INFO [main] org.apache.jasper.servlet.TldScanner.scanJars At least one JAR was scanned for TLDs yet contained no TLDs. Enable debug logging for this logger for a complete list of JARs that were scanned but no TLDs were found in them. Skipping unneeded JARs during scanning can improve startup time and JSP compilation time.
08-Jul-2026 11:24:57.732 INFO [main] org.apache.catalina.startup.HostConfig.deployDirectory Deployment of web application directory [C:\Temp\Tomcat_compartido\webapps\ERP 2] has finished in [400] ms
08-Jul-2026 11:24:57.732 INFO [main] org.apache.catalina.startup.HostConfig.deployDirectory Deploying web application directory [C:\Temp\Tomcat_compartido\webapps\host-manager]
08-Jul-2026 11:24:58.015 INFO [main] org.apache.jasper.servlet.TldScanner.scanJars At least one JAR was scanned for TLDs yet contained no TLDs. Enable debug logging for this logger for a complete list of JARs that were scanned but no TLDs were found in them. Skipping unneeded JARs during scanning can improve startup time and JSP compilation time.
08-Jul-2026 11:24:58.025 INFO [main] org.apache.catalina.startup.HostConfig.deployDirectory Deployment of web application directory [C:\Temp\Tomcat_compartido\webapps\host-manager] has finished in [293] ms
08-Jul-2026 11:24:58.025 INFO [main] org.apache.catalina.startup.HostConfig.deployDirectory Deploying web application directory [C:\Temp\Tomcat_compartido\webapps\manager]
08-Jul-2026 11:24:58.292 INFO [main] org.apache.jasper.servlet.TldScanner.scanJars At least one JAR was scanned for TLDs yet contained no TLDs. Enable debug logging for this logger for a complete list of JARs that were scanned but no TLDs were found in them. Skipping unneeded JARs during scanning can improve startup time and JSP compilation time.
08-Jul-2026 11:24:58.297 INFO [main] org.apache.catalina.startup.HostConfig.deployDirectory Deployment of web application directory [C:\Temp\Tomcat_compartido\webapps\manager] has finished in [267] ms
08-Jul-2026 11:24:58.297 INFO [main] org.apache.catalina.startup.HostConfig.deployDirectory Deploying web application directory [C:\Temp\Tomcat_compartido\webapps\ROOT]
08-Jul-2026 11:24:58.529 INFO [main] org.apache.jasper.servlet.TldScanner.scanJars At least one JAR was scanned for TLDs yet contained no TLDs. Enable debug logging for this logger for a complete list of JARs that were scanned but no TLDs were found in them. Skipping unneeded JARs during scanning can improve startup time and JSP compilation time.
08-Jul-2026 11:24:58.531 INFO [main] org.apache.catalina.startup.HostConfig.deployDirectory Deployment of web application directory [C:\Temp\Tomcat_compartido\webapps\ROOT] has finished in [234] ms
08-Jul-2026 11:24:58.531 INFO [main] org.apache.catalina.startup.HostConfig.deployDirectory Deploying web application directory [C:\Temp\Tomcat_compartido\webapps\Servlet1]
08-Jul-2026 11:24:58.800 INFO [main] org.apache.jasper.servlet.TldScanner.scanJars At least one JAR was scanned for TLDs yet contained no TLDs. Enable debug logging for this logger for a complete list of JARs that were scanned but no TLDs were found in them. Skipping unneeded JARs during scanning can improve startup time and JSP compilation time.
08-Jul-2026 11:24:58.808 INFO [main] org.apache.catalina.startup.HostConfig.deployDirectory Deployment of web application directory [C:\Temp\Tomcat_compartido\webapps\Servlet1] has finished in [277] ms
08-Jul-2026 11:24:58.808 INFO [main] org.apache.catalina.startup.HostConfig.deployDirectory Deploying web application directory [C:\Temp\Tomcat_compartido\webapps\Test1]
08-Jul-2026 11:24:59.254 INFO [main] org.apache.jasper.servlet.TldScanner.scanJars At least one JAR was scanned for TLDs yet contained no TLDs. Enable debug logging for this logger for a complete list of JARs that were scanned but no TLDs were found in them. Skipping unneeded JARs during scanning can improve startup time and JSP compilation time.
08-Jul-2026 11:24:59.261 INFO [main] org.apache.catalina.startup.HostConfig.deployDirectory Deployment of web application directory [C:\Temp\Tomcat_compartido\webapps\Test1] has finished in [453] ms
08-Jul-2026 11:24:59.261 INFO [main] org.apache.catalina.startup.HostConfig.deployDirectory Deploying web application directory [C:\Temp\Tomcat_compartido\webapps\Test2]
08-Jul-2026 11:24:59.747 INFO [main] org.apache.jasper.servlet.TldScanner.scanJars At least one JAR was scanned for TLDs yet contained no TLDs. Enable debug logging for this logger for a complete list of JARs that were scanned but no TLDs were found in them. Skipping unneeded JARs during scanning can improve startup time and JSP compilation time.
08-Jul-2026 11:24:59.747 INFO [main] org.apache.catalina.startup.HostConfig.deployDirectory Deployment of web application directory [C:\Temp\Tomcat_compartido\webapps\Test2] has finished in [486] ms
08-Jul-2026 11:24:59.747 INFO [main] org.apache.catalina.startup.HostConfig.deployDirectory Deploying web application directory [C:\Temp\Tomcat_compartido\webapps\trabajogr]
08-Jul-2026 11:25:00.414 INFO [main] org.apache.jasper.servlet.TldScanner.scanJars At least one JAR was scanned for TLDs yet contained no TLDs. Enable debug logging for this logger for a complete list of JARs that were scanned but no TLDs were found in them. Skipping unneeded JARs during scanning can improve startup time and JSP compilation time.
08-Jul-2026 11:25:00.426 INFO [main] org.apache.catalina.startup.HostConfig.deployDirectory Deployment of web application directory [C:\Temp\Tomcat_compartido\webapps\trabajogr] has finished in [679] ms
08-Jul-2026 11:25:00.437 INFO [main] org.apache.coyote.AbstractProtocol.start Starting ProtocolHandler ["http-nio-8082"]
08-Jul-2026 11:25:00.543 INFO [main] org.apache.catalina.startup.Catalina.start Server startup in [3937] milliseconds
08-Jul-2026 11:26:31.109 INFO [Catalina-utility-2] org.apache.catalina.startup.HostConfig.undeploy Undeploying context [/Test2]
08-Jul-2026 11:26:31.116 WARNING [Catalina-utility-2] org.apache.catalina.loader.WebappClassLoaderBase.clearReferencesObjectStreamClassCaches When running on Java 9 or later you need to add "--add-opens=java.base/java.io=ALL-UNNAMED" to the JVM command line arguments to enable ObjectStream cache memory leak protection. Alternatively, you can suppress this warning by disabling ObjectStream class cache memory leak protection.
08-Jul-2026 11:26:31.116 WARNING [Catalina-utility-2] org.apache.catalina.loader.WebappClassLoaderBase.checkThreadLocalsForLeaks When running on Java 9 or later you need to add "--add-opens=java.base/java.lang=ALL-UNNAMED" to the JVM command line arguments to enable ThreadLocal memory leak detection. Alternatively, you can suppress this warning by disabling ThreadLocal memory leak detection.
08-Jul-2026 11:26:31.117 WARNING [Catalina-utility-2] org.apache.catalina.loader.WebappClassLoaderBase.clearReferencesRmiTargets When running on Java 9 or later you need to add "--add-opens=java.rmi/sun.rmi.transport=ALL-UNNAMED" to the JVM command line arguments to enable RMI Target memory leak detection. Alternatively, you can suppress this warning by disabling RMI Target memory leak detection.
08-Jul-2026 11:26:31.124 INFO [Catalina-utility-2] org.apache.catalina.startup.HostConfig.deployDirectory Deploying web application directory [C:\Temp\Tomcat_compartido\webapps\aerrigochan]
08-Jul-2026 11:26:31.428 INFO [Catalina-utility-2] org.apache.jasper.servlet.TldScanner.scanJars At least one JAR was scanned for TLDs yet contained no TLDs. Enable debug logging for this logger for a complete list of JARs that were scanned but no TLDs were found in them. Skipping unneeded JARs during scanning can improve startup time and JSP compilation time.
08-Jul-2026 11:26:31.432 INFO [Catalina-utility-2] org.apache.catalina.startup.HostConfig.deployDirectory Deployment of web application directory [C:\Temp\Tomcat_compartido\webapps\aerrigochan] has finished in [308] ms
08-Jul-2026 11:26:54.752 INFO [main] org.apache.catalina.startup.VersionLoggerListener.log Server version name:   Apache Tomcat/9.0.89
08-Jul-2026 11:26:54.762 INFO [main] org.apache.catalina.startup.VersionLoggerListener.log Server built:          May 3 2024 20:22:11 UTC
08-Jul-2026 11:26:54.762 INFO [main] org.apache.catalina.startup.VersionLoggerListener.log Server version number: 9.0.89.0
08-Jul-2026 11:26:54.762 INFO [main] org.apache.catalina.startup.VersionLoggerListener.log OS Name:               Windows 11
08-Jul-2026 11:26:54.762 INFO [main] org.apache.catalina.startup.VersionLoggerListener.log OS Version:            10.0
08-Jul-2026 11:26:54.762 INFO [main] org.apache.catalina.startup.VersionLoggerListener.log Architecture:          amd64
08-Jul-2026 11:26:54.762 INFO [main] org.apache.catalina.startup.VersionLoggerListener.log Java Home:             C:\Temp\Programs\JavaStack\jdk-17.0.19+10
08-Jul-2026 11:26:54.764 INFO [main] org.apache.catalina.startup.VersionLoggerListener.log JVM Version:           17.0.19+10-LTS
08-Jul-2026 11:26:54.764 INFO [main] org.apache.catalina.startup.VersionLoggerListener.log JVM Vendor:            Microsoft
08-Jul-2026 11:26:54.764 INFO [main] org.apache.catalina.startup.VersionLoggerListener.log CATALINA_BASE:         C:\Temp\Tomcat_compartido
08-Jul-2026 11:26:54.764 INFO [main] org.apache.catalina.startup.VersionLoggerListener.log CATALINA_HOME:         C:\Temp\Programs\JavaStack\apache-tomcat-9.0.89
08-Jul-2026 11:26:54.774 INFO [main] org.apache.catalina.startup.VersionLoggerListener.log Command line argument: -Djava.util.logging.config.file=C:\Temp\Tomcat_compartido/conf/logging.properties
08-Jul-2026 11:26:54.774 INFO [main] org.apache.catalina.startup.VersionLoggerListener.log Command line argument: -Djava.util.logging.manager=org.apache.juli.ClassLoaderLogManager
08-Jul-2026 11:26:54.774 INFO [main] org.apache.catalina.startup.VersionLoggerListener.log Command line argument: -Djdk.tls.ephemeralDHKeySize=2048
08-Jul-2026 11:26:54.774 INFO [main] org.apache.catalina.startup.VersionLoggerListener.log Command line argument: -Djava.protocol.handler.pkgs=org.apache.catalina.webresources
08-Jul-2026 11:26:54.774 INFO [main] org.apache.catalina.startup.VersionLoggerListener.log Command line argument: -Dorg.apache.catalina.security.SecurityListener.UMASK=0027
08-Jul-2026 11:26:54.774 INFO [main] org.apache.catalina.startup.VersionLoggerListener.log Command line argument: -Dcatalina.base=C:\Temp\Tomcat_compartido
08-Jul-2026 11:26:54.775 INFO [main] org.apache.catalina.startup.VersionLoggerListener.log Command line argument: -Dcatalina.home=C:\Temp\Programs\JavaStack\apache-tomcat-9.0.89
08-Jul-2026 11:26:54.775 INFO [main] org.apache.catalina.startup.VersionLoggerListener.log Command line argument: -Djava.io.tmpdir=C:\Temp\Tomcat_compartido/temp
08-Jul-2026 11:26:54.785 INFO [main] org.apache.catalina.core.AprLifecycleListener.lifecycleEvent The Apache Tomcat Native library which allows using OpenSSL was not found on the java.library.path: [C:\Temp\Programs\JavaStack\jdk-17.0.19+10\bin;C:\WINDOWS\Sun\Java\bin;C:\WINDOWS\system32;C:\WINDOWS;C:\Temp\Programs\JavaStack\jdk1.8.0_131\bin;C:\Temp\Programs\JavaStack\jdk1.8.0_131\db\bin;C:\Temp\Programs\JavaStack\squirrelsql-4.0.0-standard;C:\Temp\Programs\JavaStack\apache-tomcat-9.0.89\bin;c:\Users\Aldoa\AppData\Roaming\Code\User\globalStorage\github.copilot-chat\debugCommand;c:\Users\Aldoa\AppData\Roaming\Code\User\globalStorage\github.copilot-chat\copilotCli;C:\WINDOWS\system32;C:\WINDOWS;C:\WINDOWS\System32\Wbem;C:\WINDOWS\System32\WindowsPowerShell\v1.0\;C:\WINDOWS\System32\OpenSSH\;C:\Program Files\dotnet\;C:\Users\Aldoa\Desktop\Infor\bin;C:\Program Files\Microsoft SQL Server Migration Assistant for Access\bin\;C:\Users\Aldoa\OneDrive\Desktop\;C:\Program Files\Git\cmd;C:\Program Files\nodejs\;C:\Users\Aldoa\AppData\Local\Microsoft\WindowsApps;C:\Users\Aldoa\AppData\Local\Programs\Microsoft VS Code\bin;C:\Users\Aldoa\AppData\Local\Programs\cursor\resources\app\bin;C:\Users\Aldoa\AppData\Roaming\npm;C:\Temp\Programs\JavaStack\jdk-17.0.19+10\bin;C:\Temp\Programs\JavaStack\apache-maven-3.9.16\bin;c:\Users\Aldoa\.vscode\extensions\vscjava.vscode-java-debug-0.59.0\bundled\scripts\noConfigScripts;.]
08-Jul-2026 11:26:55.036 INFO [main] org.apache.coyote.AbstractProtocol.init Initializing ProtocolHandler ["http-nio-8082"]
08-Jul-2026 11:26:55.059 INFO [main] org.apache.catalina.startup.Catalina.load Server initialization in [457] milliseconds
08-Jul-2026 11:26:55.101 INFO [main] org.apache.catalina.core.StandardService.startInternal Starting service [Catalina]
08-Jul-2026 11:26:55.101 INFO [main] org.apache.catalina.core.StandardEngine.startInternal Starting Servlet engine: [Apache Tomcat/9.0.89]
08-Jul-2026 11:26:55.109 INFO [main] org.apache.catalina.startup.HostConfig.deployDirectory Deploying web application directory [C:\Temp\Tomcat_compartido\webapps\aerrigochan]
08-Jul-2026 11:26:55.627 INFO [main] org.apache.jasper.servlet.TldScanner.scanJars At least one JAR was scanned for TLDs yet contained no TLDs. Enable debug logging for this logger for a complete list of JARs that were scanned but no TLDs were found in them. Skipping unneeded JARs during scanning can improve startup time and JSP compilation time.
08-Jul-2026 11:26:55.704 INFO [main] org.apache.catalina.startup.HostConfig.deployDirectory Deployment of web application directory [C:\Temp\Tomcat_compartido\webapps\aerrigochan] has finished in [594] ms
08-Jul-2026 11:26:55.704 INFO [main] org.apache.catalina.startup.HostConfig.deployDirectory Deploying web application directory [C:\Temp\Tomcat_compartido\webapps\ERP]
08-Jul-2026 11:26:56.018 INFO [main] org.apache.jasper.servlet.TldScanner.scanJars At least one JAR was scanned for TLDs yet contained no TLDs. Enable debug logging for this logger for a complete list of JARs that were scanned but no TLDs were found in them. Skipping unneeded JARs during scanning can improve startup time and JSP compilation time.
08-Jul-2026 11:26:56.022 INFO [main] org.apache.catalina.startup.HostConfig.deployDirectory Deployment of web application directory [C:\Temp\Tomcat_compartido\webapps\ERP] has finished in [318] ms
08-Jul-2026 11:26:56.022 INFO [main] org.apache.catalina.startup.HostConfig.deployDirectory Deploying web application directory [C:\Temp\Tomcat_compartido\webapps\ERP 2]
08-Jul-2026 11:26:56.336 INFO [main] org.apache.jasper.servlet.TldScanner.scanJars At least one JAR was scanned for TLDs yet contained no TLDs. Enable debug logging for this logger for a complete list of JARs that were scanned but no TLDs were found in them. Skipping unneeded JARs during scanning can improve startup time and JSP compilation time.
08-Jul-2026 11:26:56.344 INFO [main] org.apache.catalina.startup.HostConfig.deployDirectory Deployment of web application directory [C:\Temp\Tomcat_compartido\webapps\ERP 2] has finished in [320] ms
08-Jul-2026 11:26:56.344 INFO [main] org.apache.catalina.startup.HostConfig.deployDirectory Deploying web application directory [C:\Temp\Tomcat_compartido\webapps\host-manager]
08-Jul-2026 11:26:56.630 INFO [main] org.apache.jasper.servlet.TldScanner.scanJars At least one JAR was scanned for TLDs yet contained no TLDs. Enable debug logging for this logger for a complete list of JARs that were scanned but no TLDs were found in them. Skipping unneeded JARs during scanning can improve startup time and JSP compilation time.
08-Jul-2026 11:26:56.638 INFO [main] org.apache.catalina.startup.HostConfig.deployDirectory Deployment of web application directory [C:\Temp\Tomcat_compartido\webapps\host-manager] has finished in [294] ms
08-Jul-2026 11:26:56.638 INFO [main] org.apache.catalina.startup.HostConfig.deployDirectory Deploying web application directory [C:\Temp\Tomcat_compartido\webapps\manager]
08-Jul-2026 11:26:56.866 INFO [main] org.apache.jasper.servlet.TldScanner.scanJars At least one JAR was scanned for TLDs yet contained no TLDs. Enable debug logging for this logger for a complete list of JARs that were scanned but no TLDs were found in them. Skipping unneeded JARs during scanning can improve startup time and JSP compilation time.
08-Jul-2026 11:26:56.870 INFO [main] org.apache.catalina.startup.HostConfig.deployDirectory Deployment of web application directory [C:\Temp\Tomcat_compartido\webapps\manager] has finished in [232] ms
08-Jul-2026 11:26:56.870 INFO [main] org.apache.catalina.startup.HostConfig.deployDirectory Deploying web application directory [C:\Temp\Tomcat_compartido\webapps\ROOT]
08-Jul-2026 11:26:57.102 INFO [main] org.apache.jasper.servlet.TldScanner.scanJars At least one JAR was scanned for TLDs yet contained no TLDs. Enable debug logging for this logger for a complete list of JARs that were scanned but no TLDs were found in them. Skipping unneeded JARs during scanning can improve startup time and JSP compilation time.
08-Jul-2026 11:26:57.105 INFO [main] org.apache.catalina.startup.HostConfig.deployDirectory Deployment of web application directory [C:\Temp\Tomcat_compartido\webapps\ROOT] has finished in [235] ms
08-Jul-2026 11:26:57.105 INFO [main] org.apache.catalina.startup.HostConfig.deployDirectory Deploying web application directory [C:\Temp\Tomcat_compartido\webapps\Servlet1]
08-Jul-2026 11:26:57.366 INFO [main] org.apache.jasper.servlet.TldScanner.scanJars At least one JAR was scanned for TLDs yet contained no TLDs. Enable debug logging for this logger for a complete list of JARs that were scanned but no TLDs were found in them. Skipping unneeded JARs during scanning can improve startup time and JSP compilation time.
08-Jul-2026 11:26:57.370 INFO [main] org.apache.catalina.startup.HostConfig.deployDirectory Deployment of web application directory [C:\Temp\Tomcat_compartido\webapps\Servlet1] has finished in [265] ms
08-Jul-2026 11:26:57.371 INFO [main] org.apache.catalina.startup.HostConfig.deployDirectory Deploying web application directory [C:\Temp\Tomcat_compartido\webapps\Test1]
08-Jul-2026 11:26:57.615 INFO [main] org.apache.jasper.servlet.TldScanner.scanJars At least one JAR was scanned for TLDs yet contained no TLDs. Enable debug logging for this logger for a complete list of JARs that were scanned but no TLDs were found in them. Skipping unneeded JARs during scanning can improve startup time and JSP compilation time.
08-Jul-2026 11:26:57.615 INFO [main] org.apache.catalina.startup.HostConfig.deployDirectory Deployment of web application directory [C:\Temp\Tomcat_compartido\webapps\Test1] has finished in [244] ms
08-Jul-2026 11:26:57.615 INFO [main] org.apache.catalina.startup.HostConfig.deployDirectory Deploying web application directory [C:\Temp\Tomcat_compartido\webapps\trabajogr]
08-Jul-2026 11:26:57.929 INFO [main] org.apache.jasper.servlet.TldScanner.scanJars At least one JAR was scanned for TLDs yet contained no TLDs. Enable debug logging for this logger for a complete list of JARs that were scanned but no TLDs were found in them. Skipping unneeded JARs during scanning can improve startup time and JSP compilation time.
08-Jul-2026 11:26:57.932 INFO [main] org.apache.catalina.startup.HostConfig.deployDirectory Deployment of web application directory [C:\Temp\Tomcat_compartido\webapps\trabajogr] has finished in [317] ms
08-Jul-2026 11:26:57.936 INFO [main] org.apache.coyote.AbstractProtocol.start Starting ProtocolHandler ["http-nio-8082"]
08-Jul-2026 11:26:58.016 INFO [main] org.apache.catalina.startup.Catalina.start Server startup in [2954] milliseconds
08-Jul-2026 11:31:58.539 INFO [main] org.apache.catalina.startup.VersionLoggerListener.log Server version name:   Apache Tomcat/9.0.89
08-Jul-2026 11:31:58.543 INFO [main] org.apache.catalina.startup.VersionLoggerListener.log Server built:          May 3 2024 20:22:11 UTC
08-Jul-2026 11:31:58.543 INFO [main] org.apache.catalina.startup.VersionLoggerListener.log Server version number: 9.0.89.0
08-Jul-2026 11:31:58.543 INFO [main] org.apache.catalina.startup.VersionLoggerListener.log OS Name:               Windows 11
08-Jul-2026 11:31:58.543 INFO [main] org.apache.catalina.startup.VersionLoggerListener.log OS Version:            10.0
08-Jul-2026 11:31:58.543 INFO [main] org.apache.catalina.startup.VersionLoggerListener.log Architecture:          amd64
08-Jul-2026 11:31:58.543 INFO [main] org.apache.catalina.startup.VersionLoggerListener.log Java Home:             C:\Temp\Programs\JavaStack\jdk-17.0.19+10
08-Jul-2026 11:31:58.543 INFO [main] org.apache.catalina.startup.VersionLoggerListener.log JVM Version:           17.0.19+10-LTS
08-Jul-2026 11:31:58.543 INFO [main] org.apache.catalina.startup.VersionLoggerListener.log JVM Vendor:            Microsoft
08-Jul-2026 11:31:58.543 INFO [main] org.apache.catalina.startup.VersionLoggerListener.log CATALINA_BASE:         C:\Temp\Tomcat_compartido
08-Jul-2026 11:31:58.543 INFO [main] org.apache.catalina.startup.VersionLoggerListener.log CATALINA_HOME:         C:\Temp\Programs\JavaStack\apache-tomcat-9.0.89
08-Jul-2026 11:31:58.555 INFO [main] org.apache.catalina.startup.VersionLoggerListener.log Command line argument: -Djava.util.logging.config.file=C:\Temp\Tomcat_compartido/conf/logging.properties
08-Jul-2026 11:31:58.555 INFO [main] org.apache.catalina.startup.VersionLoggerListener.log Command line argument: -Djava.util.logging.manager=org.apache.juli.ClassLoaderLogManager
08-Jul-2026 11:31:58.555 INFO [main] org.apache.catalina.startup.VersionLoggerListener.log Command line argument: -Djdk.tls.ephemeralDHKeySize=2048
08-Jul-2026 11:31:58.555 INFO [main] org.apache.catalina.startup.VersionLoggerListener.log Command line argument: -Djava.protocol.handler.pkgs=org.apache.catalina.webresources
08-Jul-2026 11:31:58.555 INFO [main] org.apache.catalina.startup.VersionLoggerListener.log Command line argument: -Dorg.apache.catalina.security.SecurityListener.UMASK=0027
08-Jul-2026 11:31:58.555 INFO [main] org.apache.catalina.startup.VersionLoggerListener.log Command line argument: -Dcatalina.base=C:\Temp\Tomcat_compartido
08-Jul-2026 11:31:58.555 INFO [main] org.apache.catalina.startup.VersionLoggerListener.log Command line argument: -Dcatalina.home=C:\Temp\Programs\JavaStack\apache-tomcat-9.0.89
08-Jul-2026 11:31:58.555 INFO [main] org.apache.catalina.startup.VersionLoggerListener.log Command line argument: -Djava.io.tmpdir=C:\Temp\Tomcat_compartido/temp
08-Jul-2026 11:31:58.555 INFO [main] org.apache.catalina.core.AprLifecycleListener.lifecycleEvent The Apache Tomcat Native library which allows using OpenSSL was not found on the java.library.path: [C:\Temp\Programs\JavaStack\jdk-17.0.19+10\bin;C:\WINDOWS\Sun\Java\bin;C:\WINDOWS\system32;C:\WINDOWS;C:\Temp\Programs\JavaStack\jdk1.8.0_131\bin;C:\Temp\Programs\JavaStack\jdk1.8.0_131\db\bin;C:\Temp\Programs\JavaStack\squirrelsql-4.0.0-standard;C:\Temp\Programs\JavaStack\apache-tomcat-9.0.89\bin;c:\Users\Aldoa\AppData\Roaming\Code\User\globalStorage\github.copilot-chat\debugCommand;c:\Users\Aldoa\AppData\Roaming\Code\User\globalStorage\github.copilot-chat\copilotCli;C:\WINDOWS\system32;C:\WINDOWS;C:\WINDOWS\System32\Wbem;C:\WINDOWS\System32\WindowsPowerShell\v1.0\;C:\WINDOWS\System32\OpenSSH\;C:\Program Files\dotnet\;C:\Users\Aldoa\Desktop\Infor\bin;C:\Program Files\Microsoft SQL Server Migration Assistant for Access\bin\;C:\Users\Aldoa\OneDrive\Desktop\;C:\Program Files\Git\cmd;C:\Program Files\nodejs\;C:\Users\Aldoa\AppData\Local\Microsoft\WindowsApps;C:\Users\Aldoa\AppData\Local\Programs\Microsoft VS Code\bin;C:\Users\Aldoa\AppData\Local\Programs\cursor\resources\app\bin;C:\Users\Aldoa\AppData\Roaming\npm;C:\Temp\Programs\JavaStack\jdk-17.0.19+10\bin;C:\Temp\Programs\JavaStack\apache-maven-3.9.16\bin;c:\Users\Aldoa\.vscode\extensions\vscjava.vscode-java-debug-0.59.0\bundled\scripts\noConfigScripts;.]
08-Jul-2026 11:31:58.807 INFO [main] org.apache.coyote.AbstractProtocol.init Initializing ProtocolHandler ["http-nio-8082"]
08-Jul-2026 11:31:58.835 INFO [main] org.apache.catalina.startup.Catalina.load Server initialization in [448] milliseconds
08-Jul-2026 11:31:58.868 INFO [main] org.apache.catalina.core.StandardService.startInternal Starting service [Catalina]
08-Jul-2026 11:31:58.868 INFO [main] org.apache.catalina.core.StandardEngine.startInternal Starting Servlet engine: [Apache Tomcat/9.0.89]
08-Jul-2026 11:31:58.888 INFO [main] org.apache.catalina.startup.HostConfig.deployDirectory Deploying web application directory [C:\Temp\Tomcat_compartido\webapps\aerrigochan]
08-Jul-2026 11:31:59.433 INFO [main] org.apache.jasper.servlet.TldScanner.scanJars At least one JAR was scanned for TLDs yet contained no TLDs. Enable debug logging for this logger for a complete list of JARs that were scanned but no TLDs were found in them. Skipping unneeded JARs during scanning can improve startup time and JSP compilation time.
08-Jul-2026 11:31:59.504 INFO [main] org.apache.catalina.startup.HostConfig.deployDirectory Deployment of web application directory [C:\Temp\Tomcat_compartido\webapps\aerrigochan] has finished in [616] ms
08-Jul-2026 11:31:59.504 INFO [main] org.apache.catalina.startup.HostConfig.deployDirectory Deploying web application directory [C:\Temp\Tomcat_compartido\webapps\ERP]
08-Jul-2026 11:31:59.790 INFO [main] org.apache.jasper.servlet.TldScanner.scanJars At least one JAR was scanned for TLDs yet contained no TLDs. Enable debug logging for this logger for a complete list of JARs that were scanned but no TLDs were found in them. Skipping unneeded JARs during scanning can improve startup time and JSP compilation time.
08-Jul-2026 11:31:59.793 INFO [main] org.apache.catalina.startup.HostConfig.deployDirectory Deployment of web application directory [C:\Temp\Tomcat_compartido\webapps\ERP] has finished in [288] ms
08-Jul-2026 11:31:59.793 INFO [main] org.apache.catalina.startup.HostConfig.deployDirectory Deploying web application directory [C:\Temp\Tomcat_compartido\webapps\ERP 2]
08-Jul-2026 11:32:00.081 INFO [main] org.apache.jasper.servlet.TldScanner.scanJars At least one JAR was scanned for TLDs yet contained no TLDs. Enable debug logging for this logger for a complete list of JARs that were scanned but no TLDs were found in them. Skipping unneeded JARs during scanning can improve startup time and JSP compilation time.
08-Jul-2026 11:32:00.086 INFO [main] org.apache.catalina.startup.HostConfig.deployDirectory Deployment of web application directory [C:\Temp\Tomcat_compartido\webapps\ERP 2] has finished in [293] ms
08-Jul-2026 11:32:00.087 INFO [main] org.apache.catalina.startup.HostConfig.deployDirectory Deploying web application directory [C:\Temp\Tomcat_compartido\webapps\host-manager]
08-Jul-2026 11:32:00.378 INFO [main] org.apache.jasper.servlet.TldScanner.scanJars At least one JAR was scanned for TLDs yet contained no TLDs. Enable debug logging for this logger for a complete list of JARs that were scanned but no TLDs were found in them. Skipping unneeded JARs during scanning can improve startup time and JSP compilation time.
08-Jul-2026 11:32:00.389 INFO [main] org.apache.catalina.startup.HostConfig.deployDirectory Deployment of web application directory [C:\Temp\Tomcat_compartido\webapps\host-manager] has finished in [302] ms
08-Jul-2026 11:32:00.390 INFO [main] org.apache.catalina.startup.HostConfig.deployDirectory Deploying web application directory [C:\Temp\Tomcat_compartido\webapps\manager]
08-Jul-2026 11:32:00.626 INFO [main] org.apache.jasper.servlet.TldScanner.scanJars At least one JAR was scanned for TLDs yet contained no TLDs. Enable debug logging for this logger for a complete list of JARs that were scanned but no TLDs were found in them. Skipping unneeded JARs during scanning can improve startup time and JSP compilation time.
08-Jul-2026 11:32:00.636 INFO [main] org.apache.catalina.startup.HostConfig.deployDirectory Deployment of web application directory [C:\Temp\Tomcat_compartido\webapps\manager] has finished in [247] ms
08-Jul-2026 11:32:00.636 INFO [main] org.apache.catalina.startup.HostConfig.deployDirectory Deploying web application directory [C:\Temp\Tomcat_compartido\webapps\ROOT]
08-Jul-2026 11:32:00.859 INFO [main] org.apache.jasper.servlet.TldScanner.scanJars At least one JAR was scanned for TLDs yet contained no TLDs. Enable debug logging for this logger for a complete list of JARs that were scanned but no TLDs were found in them. Skipping unneeded JARs during scanning can improve startup time and JSP compilation time.
08-Jul-2026 11:32:00.864 INFO [main] org.apache.catalina.startup.HostConfig.deployDirectory Deployment of web application directory [C:\Temp\Tomcat_compartido\webapps\ROOT] has finished in [228] ms
08-Jul-2026 11:32:00.864 INFO [main] org.apache.catalina.startup.HostConfig.deployDirectory Deploying web application directory [C:\Temp\Tomcat_compartido\webapps\Servlet1]
08-Jul-2026 11:32:01.111 INFO [main] org.apache.jasper.servlet.TldScanner.scanJars At least one JAR was scanned for TLDs yet contained no TLDs. Enable debug logging for this logger for a complete list of JARs that were scanned but no TLDs were found in them. Skipping unneeded JARs during scanning can improve startup time and JSP compilation time.
08-Jul-2026 11:32:01.113 INFO [main] org.apache.catalina.startup.HostConfig.deployDirectory Deployment of web application directory [C:\Temp\Tomcat_compartido\webapps\Servlet1] has finished in [249] ms
08-Jul-2026 11:32:01.113 INFO [main] org.apache.catalina.startup.HostConfig.deployDirectory Deploying web application directory [C:\Temp\Tomcat_compartido\webapps\Test1]
08-Jul-2026 11:32:01.326 INFO [main] org.apache.jasper.servlet.TldScanner.scanJars At least one JAR was scanned for TLDs yet contained no TLDs. Enable debug logging for this logger for a complete list of JARs that were scanned but no TLDs were found in them. Skipping unneeded JARs during scanning can improve startup time and JSP compilation time.
08-Jul-2026 11:32:01.326 INFO [main] org.apache.catalina.startup.HostConfig.deployDirectory Deployment of web application directory [C:\Temp\Tomcat_compartido\webapps\Test1] has finished in [213] ms
08-Jul-2026 11:32:01.326 INFO [main] org.apache.catalina.startup.HostConfig.deployDirectory Deploying web application directory [C:\Temp\Tomcat_compartido\webapps\trabajogr]
08-Jul-2026 11:32:01.639 INFO [main] org.apache.jasper.servlet.TldScanner.scanJars At least one JAR was scanned for TLDs yet contained no TLDs. Enable debug logging for this logger for a complete list of JARs that were scanned but no TLDs were found in them. Skipping unneeded JARs during scanning can improve startup time and JSP compilation time.
08-Jul-2026 11:32:01.655 INFO [main] org.apache.catalina.startup.HostConfig.deployDirectory Deployment of web application directory [C:\Temp\Tomcat_compartido\webapps\trabajogr] has finished in [329] ms
08-Jul-2026 11:32:01.660 INFO [main] org.apache.coyote.AbstractProtocol.start Starting ProtocolHandler ["http-nio-8082"]
08-Jul-2026 11:32:01.698 INFO [main] org.apache.catalina.startup.Catalina.start Server startup in [2861] milliseconds
08-Jul-2026 11:33:12.302 INFO [Catalina-utility-2] org.apache.catalina.startup.HostConfig.undeploy Undeploying context [/aerrigochan]
08-Jul-2026 11:33:12.309 WARNING [Catalina-utility-2] org.apache.catalina.loader.WebappClassLoaderBase.clearReferencesObjectStreamClassCaches When running on Java 9 or later you need to add "--add-opens=java.base/java.io=ALL-UNNAMED" to the JVM command line arguments to enable ObjectStream cache memory leak protection. Alternatively, you can suppress this warning by disabling ObjectStream class cache memory leak protection.
08-Jul-2026 11:33:12.309 WARNING [Catalina-utility-2] org.apache.catalina.loader.WebappClassLoaderBase.checkThreadLocalsForLeaks When running on Java 9 or later you need to add "--add-opens=java.base/java.lang=ALL-UNNAMED" to the JVM command line arguments to enable ThreadLocal memory leak detection. Alternatively, you can suppress this warning by disabling ThreadLocal memory leak detection.
08-Jul-2026 11:33:12.310 WARNING [Catalina-utility-2] org.apache.catalina.loader.WebappClassLoaderBase.clearReferencesRmiTargets When running on Java 9 or later you need to add "--add-opens=java.rmi/sun.rmi.transport=ALL-UNNAMED" to the JVM command line arguments to enable RMI Target memory leak detection. Alternatively, you can suppress this warning by disabling RMI Target memory leak detection.
08-Jul-2026 11:33:12.318 INFO [Catalina-utility-2] org.apache.catalina.startup.HostConfig.deployDirectory Deploying web application directory [C:\Temp\Tomcat_compartido\webapps\Test2]
08-Jul-2026 11:33:12.633 INFO [Catalina-utility-2] org.apache.jasper.servlet.TldScanner.scanJars At least one JAR was scanned for TLDs yet contained no TLDs. Enable debug logging for this logger for a complete list of JARs that were scanned but no TLDs were found in them. Skipping unneeded JARs during scanning can improve startup time and JSP compilation time.
08-Jul-2026 11:33:12.637 INFO [Catalina-utility-2] org.apache.catalina.startup.HostConfig.deployDirectory Deployment of web application directory [C:\Temp\Tomcat_compartido\webapps\Test2] has finished in [319] ms
08-Jul-2026 11:33:22.653 INFO [Catalina-utility-2] org.apache.catalina.startup.HostConfig.deployDirectory Deploying web application directory [C:\Temp\Tomcat_compartido\webapps\aerrigochan]
08-Jul-2026 11:33:22.845 INFO [Catalina-utility-2] org.apache.jasper.servlet.TldScanner.scanJars At least one JAR was scanned for TLDs yet contained no TLDs. Enable debug logging for this logger for a complete list of JARs that were scanned but no TLDs were found in them. Skipping unneeded JARs during scanning can improve startup time and JSP compilation time.
08-Jul-2026 11:33:22.848 INFO [Catalina-utility-2] org.apache.catalina.startup.HostConfig.deployDirectory Deployment of web application directory [C:\Temp\Tomcat_compartido\webapps\aerrigochan] has finished in [195] ms
08-Jul-2026 11:34:09.749 INFO [main] org.apache.catalina.startup.VersionLoggerListener.log Server version name:   Apache Tomcat/9.0.89
08-Jul-2026 11:34:09.756 INFO [main] org.apache.catalina.startup.VersionLoggerListener.log Server built:          May 3 2024 20:22:11 UTC
08-Jul-2026 11:34:09.756 INFO [main] org.apache.catalina.startup.VersionLoggerListener.log Server version number: 9.0.89.0
08-Jul-2026 11:34:09.756 INFO [main] org.apache.catalina.startup.VersionLoggerListener.log OS Name:               Windows 11
08-Jul-2026 11:34:09.756 INFO [main] org.apache.catalina.startup.VersionLoggerListener.log OS Version:            10.0
08-Jul-2026 11:34:09.756 INFO [main] org.apache.catalina.startup.VersionLoggerListener.log Architecture:          amd64
08-Jul-2026 11:34:09.756 INFO [main] org.apache.catalina.startup.VersionLoggerListener.log Java Home:             C:\Temp\Programs\JavaStack\jdk-17.0.19+10
08-Jul-2026 11:34:09.756 INFO [main] org.apache.catalina.startup.VersionLoggerListener.log JVM Version:           17.0.19+10-LTS
08-Jul-2026 11:34:09.756 INFO [main] org.apache.catalina.startup.VersionLoggerListener.log JVM Vendor:            Microsoft
08-Jul-2026 11:34:09.756 INFO [main] org.apache.catalina.startup.VersionLoggerListener.log CATALINA_BASE:         C:\Temp\Tomcat_compartido
08-Jul-2026 11:34:09.756 INFO [main] org.apache.catalina.startup.VersionLoggerListener.log CATALINA_HOME:         C:\Temp\Programs\JavaStack\apache-tomcat-9.0.89
08-Jul-2026 11:34:09.767 INFO [main] org.apache.catalina.startup.VersionLoggerListener.log Command line argument: -Djava.util.logging.config.file=C:\Temp\Tomcat_compartido/conf/logging.properties
08-Jul-2026 11:34:09.767 INFO [main] org.apache.catalina.startup.VersionLoggerListener.log Command line argument: -Djava.util.logging.manager=org.apache.juli.ClassLoaderLogManager
08-Jul-2026 11:34:09.767 INFO [main] org.apache.catalina.startup.VersionLoggerListener.log Command line argument: -Djdk.tls.ephemeralDHKeySize=2048
08-Jul-2026 11:34:09.767 INFO [main] org.apache.catalina.startup.VersionLoggerListener.log Command line argument: -Djava.protocol.handler.pkgs=org.apache.catalina.webresources
08-Jul-2026 11:34:09.767 INFO [main] org.apache.catalina.startup.VersionLoggerListener.log Command line argument: -Dorg.apache.catalina.security.SecurityListener.UMASK=0027
08-Jul-2026 11:34:09.767 INFO [main] org.apache.catalina.startup.VersionLoggerListener.log Command line argument: -Dcatalina.base=C:\Temp\Tomcat_compartido
08-Jul-2026 11:34:09.767 INFO [main] org.apache.catalina.startup.VersionLoggerListener.log Command line argument: -Dcatalina.home=C:\Temp\Programs\JavaStack\apache-tomcat-9.0.89
08-Jul-2026 11:34:09.767 INFO [main] org.apache.catalina.startup.VersionLoggerListener.log Command line argument: -Djava.io.tmpdir=C:\Temp\Tomcat_compartido/temp
08-Jul-2026 11:34:09.774 INFO [main] org.apache.catalina.core.AprLifecycleListener.lifecycleEvent The Apache Tomcat Native library which allows using OpenSSL was not found on the java.library.path: [C:\Temp\Programs\JavaStack\jdk-17.0.19+10\bin;C:\WINDOWS\Sun\Java\bin;C:\WINDOWS\system32;C:\WINDOWS;C:\Temp\Programs\JavaStack\jdk1.8.0_131\bin;C:\Temp\Programs\JavaStack\jdk1.8.0_131\db\bin;C:\Temp\Programs\JavaStack\squirrelsql-4.0.0-standard;C:\Temp\Programs\JavaStack\apache-tomcat-9.0.89\bin;c:\Users\Aldoa\AppData\Roaming\Code\User\globalStorage\github.copilot-chat\debugCommand;c:\Users\Aldoa\AppData\Roaming\Code\User\globalStorage\github.copilot-chat\copilotCli;C:\WINDOWS\system32;C:\WINDOWS;C:\WINDOWS\System32\Wbem;C:\WINDOWS\System32\WindowsPowerShell\v1.0\;C:\WINDOWS\System32\OpenSSH\;C:\Program Files\dotnet\;C:\Users\Aldoa\Desktop\Infor\bin;C:\Program Files\Microsoft SQL Server Migration Assistant for Access\bin\;C:\Users\Aldoa\OneDrive\Desktop\;C:\Program Files\Git\cmd;C:\Program Files\nodejs\;C:\Users\Aldoa\AppData\Local\Microsoft\WindowsApps;C:\Users\Aldoa\AppData\Local\Programs\Microsoft VS Code\bin;C:\Users\Aldoa\AppData\Local\Programs\cursor\resources\app\bin;C:\Users\Aldoa\AppData\Roaming\npm;C:\Temp\Programs\JavaStack\jdk-17.0.19+10\bin;C:\Temp\Programs\JavaStack\apache-maven-3.9.16\bin;c:\Users\Aldoa\.vscode\extensions\vscjava.vscode-java-debug-0.59.0\bundled\scripts\noConfigScripts;.]
08-Jul-2026 11:34:10.019 INFO [main] org.apache.coyote.AbstractProtocol.init Initializing ProtocolHandler ["http-nio-8082"]
08-Jul-2026 11:34:10.049 INFO [main] org.apache.catalina.startup.Catalina.load Server initialization in [440] milliseconds
08-Jul-2026 11:34:10.087 INFO [main] org.apache.catalina.core.StandardService.startInternal Starting service [Catalina]
08-Jul-2026 11:34:10.087 INFO [main] org.apache.catalina.core.StandardEngine.startInternal Starting Servlet engine: [Apache Tomcat/9.0.89]
08-Jul-2026 11:34:10.100 INFO [main] org.apache.catalina.startup.HostConfig.deployDirectory Deploying web application directory [C:\Temp\Tomcat_compartido\webapps\aerrigochan]
08-Jul-2026 11:34:10.563 INFO [main] org.apache.jasper.servlet.TldScanner.scanJars At least one JAR was scanned for TLDs yet contained no TLDs. Enable debug logging for this logger for a complete list of JARs that were scanned but no TLDs were found in them. Skipping unneeded JARs during scanning can improve startup time and JSP compilation time.
08-Jul-2026 11:34:10.648 INFO [main] org.apache.catalina.startup.HostConfig.deployDirectory Deployment of web application directory [C:\Temp\Tomcat_compartido\webapps\aerrigochan] has finished in [548] ms
08-Jul-2026 11:34:10.649 INFO [main] org.apache.catalina.startup.HostConfig.deployDirectory Deploying web application directory [C:\Temp\Tomcat_compartido\webapps\ERP]
08-Jul-2026 11:34:10.993 INFO [main] org.apache.jasper.servlet.TldScanner.scanJars At least one JAR was scanned for TLDs yet contained no TLDs. Enable debug logging for this logger for a complete list of JARs that were scanned but no TLDs were found in them. Skipping unneeded JARs during scanning can improve startup time and JSP compilation time.
08-Jul-2026 11:34:11.002 INFO [main] org.apache.catalina.startup.HostConfig.deployDirectory Deployment of web application directory [C:\Temp\Tomcat_compartido\webapps\ERP] has finished in [354] ms
08-Jul-2026 11:34:11.002 INFO [main] org.apache.catalina.startup.HostConfig.deployDirectory Deploying web application directory [C:\Temp\Tomcat_compartido\webapps\ERP 2]
08-Jul-2026 11:34:11.275 INFO [main] org.apache.jasper.servlet.TldScanner.scanJars At least one JAR was scanned for TLDs yet contained no TLDs. Enable debug logging for this logger for a complete list of JARs that were scanned but no TLDs were found in them. Skipping unneeded JARs during scanning can improve startup time and JSP compilation time.
08-Jul-2026 11:34:11.279 INFO [main] org.apache.catalina.startup.HostConfig.deployDirectory Deployment of web application directory [C:\Temp\Tomcat_compartido\webapps\ERP 2] has finished in [277] ms
08-Jul-2026 11:34:11.279 INFO [main] org.apache.catalina.startup.HostConfig.deployDirectory Deploying web application directory [C:\Temp\Tomcat_compartido\webapps\host-manager]
08-Jul-2026 11:34:11.513 INFO [main] org.apache.jasper.servlet.TldScanner.scanJars At least one JAR was scanned for TLDs yet contained no TLDs. Enable debug logging for this logger for a complete list of JARs that were scanned but no TLDs were found in them. Skipping unneeded JARs during scanning can improve startup time and JSP compilation time.
08-Jul-2026 11:34:11.524 INFO [main] org.apache.catalina.startup.HostConfig.deployDirectory Deployment of web application directory [C:\Temp\Tomcat_compartido\webapps\host-manager] has finished in [245] ms
08-Jul-2026 11:34:11.524 INFO [main] org.apache.catalina.startup.HostConfig.deployDirectory Deploying web application directory [C:\Temp\Tomcat_compartido\webapps\manager]
08-Jul-2026 11:34:11.726 INFO [main] org.apache.jasper.servlet.TldScanner.scanJars At least one JAR was scanned for TLDs yet contained no TLDs. Enable debug logging for this logger for a complete list of JARs that were scanned but no TLDs were found in them. Skipping unneeded JARs during scanning can improve startup time and JSP compilation time.
08-Jul-2026 11:34:11.735 INFO [main] org.apache.catalina.startup.HostConfig.deployDirectory Deployment of web application directory [C:\Temp\Tomcat_compartido\webapps\manager] has finished in [211] ms
08-Jul-2026 11:34:11.735 INFO [main] org.apache.catalina.startup.HostConfig.deployDirectory Deploying web application directory [C:\Temp\Tomcat_compartido\webapps\ROOT]
08-Jul-2026 11:34:11.969 INFO [main] org.apache.jasper.servlet.TldScanner.scanJars At least one JAR was scanned for TLDs yet contained no TLDs. Enable debug logging for this logger for a complete list of JARs that were scanned but no TLDs were found in them. Skipping unneeded JARs during scanning can improve startup time and JSP compilation time.
08-Jul-2026 11:34:11.979 INFO [main] org.apache.catalina.startup.HostConfig.deployDirectory Deployment of web application directory [C:\Temp\Tomcat_compartido\webapps\ROOT] has finished in [244] ms
08-Jul-2026 11:34:11.979 INFO [main] org.apache.catalina.startup.HostConfig.deployDirectory Deploying web application directory [C:\Temp\Tomcat_compartido\webapps\Servlet1]
08-Jul-2026 11:34:12.203 INFO [main] org.apache.jasper.servlet.TldScanner.scanJars At least one JAR was scanned for TLDs yet contained no TLDs. Enable debug logging for this logger for a complete list of JARs that were scanned but no TLDs were found in them. Skipping unneeded JARs during scanning can improve startup time and JSP compilation time.
08-Jul-2026 11:34:12.219 INFO [main] org.apache.catalina.startup.HostConfig.deployDirectory Deployment of web application directory [C:\Temp\Tomcat_compartido\webapps\Servlet1] has finished in [240] ms
08-Jul-2026 11:34:12.219 INFO [main] org.apache.catalina.startup.HostConfig.deployDirectory Deploying web application directory [C:\Temp\Tomcat_compartido\webapps\Test1]
08-Jul-2026 11:34:12.432 INFO [main] org.apache.jasper.servlet.TldScanner.scanJars At least one JAR was scanned for TLDs yet contained no TLDs. Enable debug logging for this logger for a complete list of JARs that were scanned but no TLDs were found in them. Skipping unneeded JARs during scanning can improve startup time and JSP compilation time.
08-Jul-2026 11:34:12.435 INFO [main] org.apache.catalina.startup.HostConfig.deployDirectory Deployment of web application directory [C:\Temp\Tomcat_compartido\webapps\Test1] has finished in [215] ms
08-Jul-2026 11:34:12.435 INFO [main] org.apache.catalina.startup.HostConfig.deployDirectory Deploying web application directory [C:\Temp\Tomcat_compartido\webapps\Test2]
08-Jul-2026 11:34:12.661 INFO [main] org.apache.jasper.servlet.TldScanner.scanJars At least one JAR was scanned for TLDs yet contained no TLDs. Enable debug logging for this logger for a complete list of JARs that were scanned but no TLDs were found in them. Skipping unneeded JARs during scanning can improve startup time and JSP compilation time.
08-Jul-2026 11:34:12.678 INFO [main] org.apache.catalina.startup.HostConfig.deployDirectory Deployment of web application directory [C:\Temp\Tomcat_compartido\webapps\Test2] has finished in [243] ms
08-Jul-2026 11:34:12.679 INFO [main] org.apache.catalina.startup.HostConfig.deployDirectory Deploying web application directory [C:\Temp\Tomcat_compartido\webapps\trabajogr]
08-Jul-2026 11:34:13.053 INFO [main] org.apache.jasper.servlet.TldScanner.scanJars At least one JAR was scanned for TLDs yet contained no TLDs. Enable debug logging for this logger for a complete list of JARs that were scanned but no TLDs were found in them. Skipping unneeded JARs during scanning can improve startup time and JSP compilation time.
08-Jul-2026 11:34:13.060 INFO [main] org.apache.catalina.startup.HostConfig.deployDirectory Deployment of web application directory [C:\Temp\Tomcat_compartido\webapps\trabajogr] has finished in [380] ms
08-Jul-2026 11:34:13.068 INFO [main] org.apache.coyote.AbstractProtocol.start Starting ProtocolHandler ["http-nio-8082"]
08-Jul-2026 11:34:13.162 INFO [main] org.apache.catalina.startup.Catalina.start Server startup in [3113] milliseconds
08-Jul-2026 11:38:26.556 INFO [main] org.apache.catalina.startup.VersionLoggerListener.log Server version name:   Apache Tomcat/9.0.89
08-Jul-2026 11:38:26.560 INFO [main] org.apache.catalina.startup.VersionLoggerListener.log Server built:          May 3 2024 20:22:11 UTC
08-Jul-2026 11:38:26.560 INFO [main] org.apache.catalina.startup.VersionLoggerListener.log Server version number: 9.0.89.0
08-Jul-2026 11:38:26.561 INFO [main] org.apache.catalina.startup.VersionLoggerListener.log OS Name:               Windows 11
08-Jul-2026 11:38:26.561 INFO [main] org.apache.catalina.startup.VersionLoggerListener.log OS Version:            10.0
08-Jul-2026 11:38:26.561 INFO [main] org.apache.catalina.startup.VersionLoggerListener.log Architecture:          amd64
08-Jul-2026 11:38:26.561 INFO [main] org.apache.catalina.startup.VersionLoggerListener.log Java Home:             C:\Temp\Programs\JavaStack\jdk-17.0.19+10
08-Jul-2026 11:38:26.561 INFO [main] org.apache.catalina.startup.VersionLoggerListener.log JVM Version:           17.0.19+10-LTS
08-Jul-2026 11:38:26.561 INFO [main] org.apache.catalina.startup.VersionLoggerListener.log JVM Vendor:            Microsoft
08-Jul-2026 11:38:26.561 INFO [main] org.apache.catalina.startup.VersionLoggerListener.log CATALINA_BASE:         C:\Temp\Tomcat_compartido
08-Jul-2026 11:38:26.561 INFO [main] org.apache.catalina.startup.VersionLoggerListener.log CATALINA_HOME:         C:\Temp\Programs\JavaStack\apache-tomcat-9.0.89
08-Jul-2026 11:38:26.573 INFO [main] org.apache.catalina.startup.VersionLoggerListener.log Command line argument: -Djava.util.logging.config.file=C:\Temp\Tomcat_compartido/conf/logging.properties
08-Jul-2026 11:38:26.573 INFO [main] org.apache.catalina.startup.VersionLoggerListener.log Command line argument: -Djava.util.logging.manager=org.apache.juli.ClassLoaderLogManager
08-Jul-2026 11:38:26.574 INFO [main] org.apache.catalina.startup.VersionLoggerListener.log Command line argument: -Djdk.tls.ephemeralDHKeySize=2048
08-Jul-2026 11:38:26.574 INFO [main] org.apache.catalina.startup.VersionLoggerListener.log Command line argument: -Djava.protocol.handler.pkgs=org.apache.catalina.webresources
08-Jul-2026 11:38:26.574 INFO [main] org.apache.catalina.startup.VersionLoggerListener.log Command line argument: -Dorg.apache.catalina.security.SecurityListener.UMASK=0027
08-Jul-2026 11:38:26.574 INFO [main] org.apache.catalina.startup.VersionLoggerListener.log Command line argument: -Dcatalina.base=C:\Temp\Tomcat_compartido
08-Jul-2026 11:38:26.574 INFO [main] org.apache.catalina.startup.VersionLoggerListener.log Command line argument: -Dcatalina.home=C:\Temp\Programs\JavaStack\apache-tomcat-9.0.89
08-Jul-2026 11:38:26.574 INFO [main] org.apache.catalina.startup.VersionLoggerListener.log Command line argument: -Djava.io.tmpdir=C:\Temp\Tomcat_compartido/temp
08-Jul-2026 11:38:26.582 INFO [main] org.apache.catalina.core.AprLifecycleListener.lifecycleEvent The Apache Tomcat Native library which allows using OpenSSL was not found on the java.library.path: [C:\Temp\Programs\JavaStack\jdk-17.0.19+10\bin;C:\WINDOWS\Sun\Java\bin;C:\WINDOWS\system32;C:\WINDOWS;C:\Temp\Programs\JavaStack\jdk1.8.0_131\bin;C:\Temp\Programs\JavaStack\jdk1.8.0_131\db\bin;C:\Temp\Programs\JavaStack\squirrelsql-4.0.0-standard;C:\Temp\Programs\JavaStack\apache-tomcat-9.0.89\bin;c:\Users\Aldoa\AppData\Roaming\Code\User\globalStorage\github.copilot-chat\debugCommand;c:\Users\Aldoa\AppData\Roaming\Code\User\globalStorage\github.copilot-chat\copilotCli;C:\WINDOWS\system32;C:\WINDOWS;C:\WINDOWS\System32\Wbem;C:\WINDOWS\System32\WindowsPowerShell\v1.0\;C:\WINDOWS\System32\OpenSSH\;C:\Program Files\dotnet\;C:\Users\Aldoa\Desktop\Infor\bin;C:\Program Files\Microsoft SQL Server Migration Assistant for Access\bin\;C:\Users\Aldoa\OneDrive\Desktop\;C:\Program Files\Git\cmd;C:\Program Files\nodejs\;C:\Users\Aldoa\AppData\Local\Microsoft\WindowsApps;C:\Users\Aldoa\AppData\Local\Programs\Microsoft VS Code\bin;C:\Users\Aldoa\AppData\Local\Programs\cursor\resources\app\bin;C:\Users\Aldoa\AppData\Roaming\npm;C:\Temp\Programs\JavaStack\jdk-17.0.19+10\bin;C:\Temp\Programs\JavaStack\apache-maven-3.9.16\bin;c:\Users\Aldoa\.vscode\extensions\vscjava.vscode-java-debug-0.59.0\bundled\scripts\noConfigScripts;.]
08-Jul-2026 11:38:26.834 INFO [main] org.apache.coyote.AbstractProtocol.init Initializing ProtocolHandler ["http-nio-8082"]
08-Jul-2026 11:38:26.862 INFO [main] org.apache.catalina.startup.Catalina.load Server initialization in [457] milliseconds
08-Jul-2026 11:38:26.905 INFO [main] org.apache.catalina.core.StandardService.startInternal Starting service [Catalina]
08-Jul-2026 11:38:26.905 INFO [main] org.apache.catalina.core.StandardEngine.startInternal Starting Servlet engine: [Apache Tomcat/9.0.89]
08-Jul-2026 11:38:26.911 INFO [main] org.apache.catalina.startup.HostConfig.deployDirectory Deploying web application directory [C:\Temp\Tomcat_compartido\webapps\aerrigochan]
08-Jul-2026 11:38:27.432 INFO [main] org.apache.jasper.servlet.TldScanner.scanJars At least one JAR was scanned for TLDs yet contained no TLDs. Enable debug logging for this logger for a complete list of JARs that were scanned but no TLDs were found in them. Skipping unneeded JARs during scanning can improve startup time and JSP compilation time.
08-Jul-2026 11:38:27.487 INFO [main] org.apache.catalina.startup.HostConfig.deployDirectory Deployment of web application directory [C:\Temp\Tomcat_compartido\webapps\aerrigochan] has finished in [576] ms
08-Jul-2026 11:38:27.487 INFO [main] org.apache.catalina.startup.HostConfig.deployDirectory Deploying web application directory [C:\Temp\Tomcat_compartido\webapps\ERP]
08-Jul-2026 11:38:27.808 INFO [main] org.apache.jasper.servlet.TldScanner.scanJars At least one JAR was scanned for TLDs yet contained no TLDs. Enable debug logging for this logger for a complete list of JARs that were scanned but no TLDs were found in them. Skipping unneeded JARs during scanning can improve startup time and JSP compilation time.
08-Jul-2026 11:38:27.810 INFO [main] org.apache.catalina.startup.HostConfig.deployDirectory Deployment of web application directory [C:\Temp\Tomcat_compartido\webapps\ERP] has finished in [323] ms
08-Jul-2026 11:38:27.810 INFO [main] org.apache.catalina.startup.HostConfig.deployDirectory Deploying web application directory [C:\Temp\Tomcat_compartido\webapps\ERP 2]
08-Jul-2026 11:38:28.088 INFO [main] org.apache.jasper.servlet.TldScanner.scanJars At least one JAR was scanned for TLDs yet contained no TLDs. Enable debug logging for this logger for a complete list of JARs that were scanned but no TLDs were found in them. Skipping unneeded JARs during scanning can improve startup time and JSP compilation time.
08-Jul-2026 11:38:28.092 INFO [main] org.apache.catalina.startup.HostConfig.deployDirectory Deployment of web application directory [C:\Temp\Tomcat_compartido\webapps\ERP 2] has finished in [282] ms
08-Jul-2026 11:38:28.092 INFO [main] org.apache.catalina.startup.HostConfig.deployDirectory Deploying web application directory [C:\Temp\Tomcat_compartido\webapps\host-manager]
08-Jul-2026 11:38:28.315 INFO [main] org.apache.jasper.servlet.TldScanner.scanJars At least one JAR was scanned for TLDs yet contained no TLDs. Enable debug logging for this logger for a complete list of JARs that were scanned but no TLDs were found in them. Skipping unneeded JARs during scanning can improve startup time and JSP compilation time.
08-Jul-2026 11:38:28.325 INFO [main] org.apache.catalina.startup.HostConfig.deployDirectory Deployment of web application directory [C:\Temp\Tomcat_compartido\webapps\host-manager] has finished in [232] ms
08-Jul-2026 11:38:28.325 INFO [main] org.apache.catalina.startup.HostConfig.deployDirectory Deploying web application directory [C:\Temp\Tomcat_compartido\webapps\manager]
08-Jul-2026 11:38:28.569 INFO [main] org.apache.jasper.servlet.TldScanner.scanJars At least one JAR was scanned for TLDs yet contained no TLDs. Enable debug logging for this logger for a complete list of JARs that were scanned but no TLDs were found in them. Skipping unneeded JARs during scanning can improve startup time and JSP compilation time.
08-Jul-2026 11:38:28.575 INFO [main] org.apache.catalina.startup.HostConfig.deployDirectory Deployment of web application directory [C:\Temp\Tomcat_compartido\webapps\manager] has finished in [250] ms
08-Jul-2026 11:38:28.575 INFO [main] org.apache.catalina.startup.HostConfig.deployDirectory Deploying web application directory [C:\Temp\Tomcat_compartido\webapps\ROOT]
08-Jul-2026 11:38:28.824 INFO [main] org.apache.jasper.servlet.TldScanner.scanJars At least one JAR was scanned for TLDs yet contained no TLDs. Enable debug logging for this logger for a complete list of JARs that were scanned but no TLDs were found in them. Skipping unneeded JARs during scanning can improve startup time and JSP compilation time.
08-Jul-2026 11:38:28.827 INFO [main] org.apache.catalina.startup.HostConfig.deployDirectory Deployment of web application directory [C:\Temp\Tomcat_compartido\webapps\ROOT] has finished in [252] ms
08-Jul-2026 11:38:28.827 INFO [main] org.apache.catalina.startup.HostConfig.deployDirectory Deploying web application directory [C:\Temp\Tomcat_compartido\webapps\Servlet1]
08-Jul-2026 11:38:29.060 INFO [main] org.apache.jasper.servlet.TldScanner.scanJars At least one JAR was scanned for TLDs yet contained no TLDs. Enable debug logging for this logger for a complete list of JARs that were scanned but no TLDs were found in them. Skipping unneeded JARs during scanning can improve startup time and JSP compilation time.
08-Jul-2026 11:38:29.062 INFO [main] org.apache.catalina.startup.HostConfig.deployDirectory Deployment of web application directory [C:\Temp\Tomcat_compartido\webapps\Servlet1] has finished in [235] ms
08-Jul-2026 11:38:29.062 INFO [main] org.apache.catalina.startup.HostConfig.deployDirectory Deploying web application directory [C:\Temp\Tomcat_compartido\webapps\Test1]
08-Jul-2026 11:38:29.340 INFO [main] org.apache.jasper.servlet.TldScanner.scanJars At least one JAR was scanned for TLDs yet contained no TLDs. Enable debug logging for this logger for a complete list of JARs that were scanned but no TLDs were found in them. Skipping unneeded JARs during scanning can improve startup time and JSP compilation time.
08-Jul-2026 11:38:29.344 INFO [main] org.apache.catalina.startup.HostConfig.deployDirectory Deployment of web application directory [C:\Temp\Tomcat_compartido\webapps\Test1] has finished in [282] ms
08-Jul-2026 11:38:29.344 INFO [main] org.apache.catalina.startup.HostConfig.deployDirectory Deploying web application directory [C:\Temp\Tomcat_compartido\webapps\Test2]
08-Jul-2026 11:38:29.570 INFO [main] org.apache.jasper.servlet.TldScanner.scanJars At least one JAR was scanned for TLDs yet contained no TLDs. Enable debug logging for this logger for a complete list of JARs that were scanned but no TLDs were found in them. Skipping unneeded JARs during scanning can improve startup time and JSP compilation time.
08-Jul-2026 11:38:29.573 INFO [main] org.apache.catalina.startup.HostConfig.deployDirectory Deployment of web application directory [C:\Temp\Tomcat_compartido\webapps\Test2] has finished in [229] ms
08-Jul-2026 11:38:29.573 INFO [main] org.apache.catalina.startup.HostConfig.deployDirectory Deploying web application directory [C:\Temp\Tomcat_compartido\webapps\trabajogr]
08-Jul-2026 11:38:29.901 INFO [main] org.apache.jasper.servlet.TldScanner.scanJars At least one JAR was scanned for TLDs yet contained no TLDs. Enable debug logging for this logger for a complete list of JARs that were scanned but no TLDs were found in them. Skipping unneeded JARs during scanning can improve startup time and JSP compilation time.
08-Jul-2026 11:38:29.904 INFO [main] org.apache.catalina.startup.HostConfig.deployDirectory Deployment of web application directory [C:\Temp\Tomcat_compartido\webapps\trabajogr] has finished in [331] ms
08-Jul-2026 11:38:29.908 INFO [main] org.apache.coyote.AbstractProtocol.start Starting ProtocolHandler ["http-nio-8082"]
08-Jul-2026 11:38:29.959 INFO [main] org.apache.catalina.startup.Catalina.start Server startup in [3097] milliseconds
08-Jul-2026 11:43:10.674 INFO [main] org.apache.catalina.startup.VersionLoggerListener.log Server version name:   Apache Tomcat/9.0.89
08-Jul-2026 11:43:10.678 INFO [main] org.apache.catalina.startup.VersionLoggerListener.log Server built:          May 3 2024 20:22:11 UTC
08-Jul-2026 11:43:10.678 INFO [main] org.apache.catalina.startup.VersionLoggerListener.log Server version number: 9.0.89.0
08-Jul-2026 11:43:10.678 INFO [main] org.apache.catalina.startup.VersionLoggerListener.log OS Name:               Windows 11
08-Jul-2026 11:43:10.678 INFO [main] org.apache.catalina.startup.VersionLoggerListener.log OS Version:            10.0
08-Jul-2026 11:43:10.678 INFO [main] org.apache.catalina.startup.VersionLoggerListener.log Architecture:          amd64
08-Jul-2026 11:43:10.679 INFO [main] org.apache.catalina.startup.VersionLoggerListener.log Java Home:             C:\Temp\Programs\JavaStack\jdk-17.0.19+10
08-Jul-2026 11:43:10.679 INFO [main] org.apache.catalina.startup.VersionLoggerListener.log JVM Version:           17.0.19+10-LTS
08-Jul-2026 11:43:10.679 INFO [main] org.apache.catalina.startup.VersionLoggerListener.log JVM Vendor:            Microsoft
08-Jul-2026 11:43:10.679 INFO [main] org.apache.catalina.startup.VersionLoggerListener.log CATALINA_BASE:         C:\Temp\Tomcat_compartido
08-Jul-2026 11:43:10.679 INFO [main] org.apache.catalina.startup.VersionLoggerListener.log CATALINA_HOME:         C:\Temp\Programs\JavaStack\apache-tomcat-9.0.89
08-Jul-2026 11:43:10.691 INFO [main] org.apache.catalina.startup.VersionLoggerListener.log Command line argument: -Djava.util.logging.config.file=C:\Temp\Tomcat_compartido/conf/logging.properties
08-Jul-2026 11:43:10.692 INFO [main] org.apache.catalina.startup.VersionLoggerListener.log Command line argument: -Djava.util.logging.manager=org.apache.juli.ClassLoaderLogManager
08-Jul-2026 11:43:10.692 INFO [main] org.apache.catalina.startup.VersionLoggerListener.log Command line argument: -Djdk.tls.ephemeralDHKeySize=2048
08-Jul-2026 11:43:10.692 INFO [main] org.apache.catalina.startup.VersionLoggerListener.log Command line argument: -Djava.protocol.handler.pkgs=org.apache.catalina.webresources
08-Jul-2026 11:43:10.692 INFO [main] org.apache.catalina.startup.VersionLoggerListener.log Command line argument: -Dorg.apache.catalina.security.SecurityListener.UMASK=0027
08-Jul-2026 11:43:10.692 INFO [main] org.apache.catalina.startup.VersionLoggerListener.log Command line argument: -Dcatalina.base=C:\Temp\Tomcat_compartido
08-Jul-2026 11:43:10.692 INFO [main] org.apache.catalina.startup.VersionLoggerListener.log Command line argument: -Dcatalina.home=C:\Temp\Programs\JavaStack\apache-tomcat-9.0.89
08-Jul-2026 11:43:10.692 INFO [main] org.apache.catalina.startup.VersionLoggerListener.log Command line argument: -Djava.io.tmpdir=C:\Temp\Tomcat_compartido/temp
08-Jul-2026 11:43:10.702 INFO [main] org.apache.catalina.core.AprLifecycleListener.lifecycleEvent The Apache Tomcat Native library which allows using OpenSSL was not found on the java.library.path: [C:\Temp\Programs\JavaStack\jdk-17.0.19+10\bin;C:\WINDOWS\Sun\Java\bin;C:\WINDOWS\system32;C:\WINDOWS;C:\Temp\Programs\JavaStack\jdk1.8.0_131\bin;C:\Temp\Programs\JavaStack\jdk1.8.0_131\db\bin;C:\Temp\Programs\JavaStack\squirrelsql-4.0.0-standard;C:\Temp\Programs\JavaStack\apache-tomcat-9.0.89\bin;c:\Users\Aldoa\AppData\Roaming\Code\User\globalStorage\github.copilot-chat\debugCommand;c:\Users\Aldoa\AppData\Roaming\Code\User\globalStorage\github.copilot-chat\copilotCli;C:\WINDOWS\system32;C:\WINDOWS;C:\WINDOWS\System32\Wbem;C:\WINDOWS\System32\WindowsPowerShell\v1.0\;C:\WINDOWS\System32\OpenSSH\;C:\Program Files\dotnet\;C:\Users\Aldoa\Desktop\Infor\bin;C:\Program Files\Microsoft SQL Server Migration Assistant for Access\bin\;C:\Users\Aldoa\OneDrive\Desktop\;C:\Program Files\Git\cmd;C:\Program Files\nodejs\;C:\Users\Aldoa\AppData\Local\Microsoft\WindowsApps;C:\Users\Aldoa\AppData\Local\Programs\Microsoft VS Code\bin;C:\Users\Aldoa\AppData\Local\Programs\cursor\resources\app\bin;C:\Users\Aldoa\AppData\Roaming\npm;C:\Temp\Programs\JavaStack\jdk-17.0.19+10\bin;C:\Temp\Programs\JavaStack\apache-maven-3.9.16\bin;c:\Users\Aldoa\.vscode\extensions\vscjava.vscode-java-debug-0.59.0\bundled\scripts\noConfigScripts;.]
08-Jul-2026 11:43:10.944 INFO [main] org.apache.coyote.AbstractProtocol.init Initializing ProtocolHandler ["http-nio-8082"]
08-Jul-2026 11:43:10.969 INFO [main] org.apache.catalina.startup.Catalina.load Server initialization in [501] milliseconds
08-Jul-2026 11:43:11.012 INFO [main] org.apache.catalina.core.StandardService.startInternal Starting service [Catalina]
08-Jul-2026 11:43:11.012 INFO [main] org.apache.catalina.core.StandardEngine.startInternal Starting Servlet engine: [Apache Tomcat/9.0.89]
08-Jul-2026 11:43:11.022 INFO [main] org.apache.catalina.startup.HostConfig.deployDirectory Deploying web application directory [C:\Temp\Tomcat_compartido\webapps\aerrigochan]
08-Jul-2026 11:43:11.541 INFO [main] org.apache.jasper.servlet.TldScanner.scanJars At least one JAR was scanned for TLDs yet contained no TLDs. Enable debug logging for this logger for a complete list of JARs that were scanned but no TLDs were found in them. Skipping unneeded JARs during scanning can improve startup time and JSP compilation time.
08-Jul-2026 11:43:11.611 INFO [main] org.apache.catalina.startup.HostConfig.deployDirectory Deployment of web application directory [C:\Temp\Tomcat_compartido\webapps\aerrigochan] has finished in [588] ms
08-Jul-2026 11:43:11.611 INFO [main] org.apache.catalina.startup.HostConfig.deployDirectory Deploying web application directory [C:\Temp\Tomcat_compartido\webapps\ERP]
08-Jul-2026 11:43:11.948 INFO [main] org.apache.jasper.servlet.TldScanner.scanJars At least one JAR was scanned for TLDs yet contained no TLDs. Enable debug logging for this logger for a complete list of JARs that were scanned but no TLDs were found in them. Skipping unneeded JARs during scanning can improve startup time and JSP compilation time.
08-Jul-2026 11:43:11.950 INFO [main] org.apache.catalina.startup.HostConfig.deployDirectory Deployment of web application directory [C:\Temp\Tomcat_compartido\webapps\ERP] has finished in [339] ms
08-Jul-2026 11:43:11.950 INFO [main] org.apache.catalina.startup.HostConfig.deployDirectory Deploying web application directory [C:\Temp\Tomcat_compartido\webapps\ERP 2]
08-Jul-2026 11:43:12.245 INFO [main] org.apache.jasper.servlet.TldScanner.scanJars At least one JAR was scanned for TLDs yet contained no TLDs. Enable debug logging for this logger for a complete list of JARs that were scanned but no TLDs were found in them. Skipping unneeded JARs during scanning can improve startup time and JSP compilation time.
08-Jul-2026 11:43:12.245 INFO [main] org.apache.catalina.startup.HostConfig.deployDirectory Deployment of web application directory [C:\Temp\Tomcat_compartido\webapps\ERP 2] has finished in [295] ms
08-Jul-2026 11:43:12.245 INFO [main] org.apache.catalina.startup.HostConfig.deployDirectory Deploying web application directory [C:\Temp\Tomcat_compartido\webapps\host-manager]
08-Jul-2026 11:43:12.500 INFO [main] org.apache.jasper.servlet.TldScanner.scanJars At least one JAR was scanned for TLDs yet contained no TLDs. Enable debug logging for this logger for a complete list of JARs that were scanned but no TLDs were found in them. Skipping unneeded JARs during scanning can improve startup time and JSP compilation time.
08-Jul-2026 11:43:12.516 INFO [main] org.apache.catalina.startup.HostConfig.deployDirectory Deployment of web application directory [C:\Temp\Tomcat_compartido\webapps\host-manager] has finished in [271] ms
08-Jul-2026 11:43:12.516 INFO [main] org.apache.catalina.startup.HostConfig.deployDirectory Deploying web application directory [C:\Temp\Tomcat_compartido\webapps\manager]
08-Jul-2026 11:43:12.744 INFO [main] org.apache.jasper.servlet.TldScanner.scanJars At least one JAR was scanned for TLDs yet contained no TLDs. Enable debug logging for this logger for a complete list of JARs that were scanned but no TLDs were found in them. Skipping unneeded JARs during scanning can improve startup time and JSP compilation time.
08-Jul-2026 11:43:12.747 INFO [main] org.apache.catalina.startup.HostConfig.deployDirectory Deployment of web application directory [C:\Temp\Tomcat_compartido\webapps\manager] has finished in [231] ms
08-Jul-2026 11:43:12.747 INFO [main] org.apache.catalina.startup.HostConfig.deployDirectory Deploying web application directory [C:\Temp\Tomcat_compartido\webapps\ROOT]
08-Jul-2026 11:43:12.946 INFO [main] org.apache.jasper.servlet.TldScanner.scanJars At least one JAR was scanned for TLDs yet contained no TLDs. Enable debug logging for this logger for a complete list of JARs that were scanned but no TLDs were found in them. Skipping unneeded JARs during scanning can improve startup time and JSP compilation time.
08-Jul-2026 11:43:12.946 INFO [main] org.apache.catalina.startup.HostConfig.deployDirectory Deployment of web application directory [C:\Temp\Tomcat_compartido\webapps\ROOT] has finished in [199] ms
08-Jul-2026 11:43:12.962 INFO [main] org.apache.catalina.startup.HostConfig.deployDirectory Deploying web application directory [C:\Temp\Tomcat_compartido\webapps\Servlet1]
08-Jul-2026 11:43:13.189 INFO [main] org.apache.jasper.servlet.TldScanner.scanJars At least one JAR was scanned for TLDs yet contained no TLDs. Enable debug logging for this logger for a complete list of JARs that were scanned but no TLDs were found in them. Skipping unneeded JARs during scanning can improve startup time and JSP compilation time.
08-Jul-2026 11:43:13.189 INFO [main] org.apache.catalina.startup.HostConfig.deployDirectory Deployment of web application directory [C:\Temp\Tomcat_compartido\webapps\Servlet1] has finished in [227] ms
08-Jul-2026 11:43:13.189 INFO [main] org.apache.catalina.startup.HostConfig.deployDirectory Deploying web application directory [C:\Temp\Tomcat_compartido\webapps\Test1]
08-Jul-2026 11:43:13.418 INFO [main] org.apache.jasper.servlet.TldScanner.scanJars At least one JAR was scanned for TLDs yet contained no TLDs. Enable debug logging for this logger for a complete list of JARs that were scanned but no TLDs were found in them. Skipping unneeded JARs during scanning can improve startup time and JSP compilation time.
08-Jul-2026 11:43:13.421 INFO [main] org.apache.catalina.startup.HostConfig.deployDirectory Deployment of web application directory [C:\Temp\Tomcat_compartido\webapps\Test1] has finished in [232] ms
08-Jul-2026 11:43:13.422 INFO [main] org.apache.catalina.startup.HostConfig.deployDirectory Deploying web application directory [C:\Temp\Tomcat_compartido\webapps\trabajogr]
08-Jul-2026 11:43:13.727 INFO [main] org.apache.jasper.servlet.TldScanner.scanJars At least one JAR was scanned for TLDs yet contained no TLDs. Enable debug logging for this logger for a complete list of JARs that were scanned but no TLDs were found in them. Skipping unneeded JARs during scanning can improve startup time and JSP compilation time.
08-Jul-2026 11:43:13.730 INFO [main] org.apache.catalina.startup.HostConfig.deployDirectory Deployment of web application directory [C:\Temp\Tomcat_compartido\webapps\trabajogr] has finished in [308] ms
08-Jul-2026 11:43:13.734 INFO [main] org.apache.coyote.AbstractProtocol.start Starting ProtocolHandler ["http-nio-8082"]
08-Jul-2026 11:43:13.774 INFO [main] org.apache.catalina.startup.Catalina.start Server startup in [2805] milliseconds
08-Jul-2026 11:46:55.973 INFO [main] org.apache.catalina.startup.VersionLoggerListener.log Server version name:   Apache Tomcat/9.0.89
08-Jul-2026 11:46:55.976 INFO [main] org.apache.catalina.startup.VersionLoggerListener.log Server built:          May 3 2024 20:22:11 UTC
08-Jul-2026 11:46:55.978 INFO [main] org.apache.catalina.startup.VersionLoggerListener.log Server version number: 9.0.89.0
08-Jul-2026 11:46:55.978 INFO [main] org.apache.catalina.startup.VersionLoggerListener.log OS Name:               Windows 11
08-Jul-2026 11:46:55.978 INFO [main] org.apache.catalina.startup.VersionLoggerListener.log OS Version:            10.0
08-Jul-2026 11:46:55.978 INFO [main] org.apache.catalina.startup.VersionLoggerListener.log Architecture:          amd64
08-Jul-2026 11:46:55.978 INFO [main] org.apache.catalina.startup.VersionLoggerListener.log Java Home:             C:\Temp\Programs\JavaStack\jdk-17.0.19+10
08-Jul-2026 11:46:55.978 INFO [main] org.apache.catalina.startup.VersionLoggerListener.log JVM Version:           17.0.19+10-LTS
08-Jul-2026 11:46:55.978 INFO [main] org.apache.catalina.startup.VersionLoggerListener.log JVM Vendor:            Microsoft
08-Jul-2026 11:46:55.979 INFO [main] org.apache.catalina.startup.VersionLoggerListener.log CATALINA_BASE:         C:\Temp\Tomcat_compartido
08-Jul-2026 11:46:55.979 INFO [main] org.apache.catalina.startup.VersionLoggerListener.log CATALINA_HOME:         C:\Temp\Programs\JavaStack\apache-tomcat-9.0.89
08-Jul-2026 11:46:56.000 INFO [main] org.apache.catalina.startup.VersionLoggerListener.log Command line argument: -Djava.util.logging.config.file=C:\Temp\Tomcat_compartido/conf/logging.properties
08-Jul-2026 11:46:56.000 INFO [main] org.apache.catalina.startup.VersionLoggerListener.log Command line argument: -Djava.util.logging.manager=org.apache.juli.ClassLoaderLogManager
08-Jul-2026 11:46:56.000 INFO [main] org.apache.catalina.startup.VersionLoggerListener.log Command line argument: -Djdk.tls.ephemeralDHKeySize=2048
08-Jul-2026 11:46:56.000 INFO [main] org.apache.catalina.startup.VersionLoggerListener.log Command line argument: -Djava.protocol.handler.pkgs=org.apache.catalina.webresources
08-Jul-2026 11:46:56.000 INFO [main] org.apache.catalina.startup.VersionLoggerListener.log Command line argument: -Dorg.apache.catalina.security.SecurityListener.UMASK=0027
08-Jul-2026 11:46:56.000 INFO [main] org.apache.catalina.startup.VersionLoggerListener.log Command line argument: -Dcatalina.base=C:\Temp\Tomcat_compartido
08-Jul-2026 11:46:56.001 INFO [main] org.apache.catalina.startup.VersionLoggerListener.log Command line argument: -Dcatalina.home=C:\Temp\Programs\JavaStack\apache-tomcat-9.0.89
08-Jul-2026 11:46:56.001 INFO [main] org.apache.catalina.startup.VersionLoggerListener.log Command line argument: -Djava.io.tmpdir=C:\Temp\Tomcat_compartido/temp
08-Jul-2026 11:46:56.012 INFO [main] org.apache.catalina.core.AprLifecycleListener.lifecycleEvent The Apache Tomcat Native library which allows using OpenSSL was not found on the java.library.path: [C:\Temp\Programs\JavaStack\jdk-17.0.19+10\bin;C:\WINDOWS\Sun\Java\bin;C:\WINDOWS\system32;C:\WINDOWS;C:\Temp\Programs\JavaStack\jdk1.8.0_131\bin;C:\Temp\Programs\JavaStack\jdk1.8.0_131\db\bin;C:\Temp\Programs\JavaStack\squirrelsql-4.0.0-standard;C:\Temp\Programs\JavaStack\apache-tomcat-9.0.89\bin;c:\Users\Aldoa\AppData\Roaming\Code\User\globalStorage\github.copilot-chat\debugCommand;c:\Users\Aldoa\AppData\Roaming\Code\User\globalStorage\github.copilot-chat\copilotCli;C:\WINDOWS\system32;C:\WINDOWS;C:\WINDOWS\System32\Wbem;C:\WINDOWS\System32\WindowsPowerShell\v1.0\;C:\WINDOWS\System32\OpenSSH\;C:\Program Files\dotnet\;C:\Users\Aldoa\Desktop\Infor\bin;C:\Program Files\Microsoft SQL Server Migration Assistant for Access\bin\;C:\Users\Aldoa\OneDrive\Desktop\;C:\Program Files\Git\cmd;C:\Program Files\nodejs\;C:\Users\Aldoa\AppData\Local\Microsoft\WindowsApps;C:\Users\Aldoa\AppData\Local\Programs\Microsoft VS Code\bin;C:\Users\Aldoa\AppData\Local\Programs\cursor\resources\app\bin;C:\Users\Aldoa\AppData\Roaming\npm;C:\Temp\Programs\JavaStack\jdk-17.0.19+10\bin;C:\Temp\Programs\JavaStack\apache-maven-3.9.16\bin;c:\Users\Aldoa\.vscode\extensions\vscjava.vscode-java-debug-0.59.0\bundled\scripts\noConfigScripts;.]
08-Jul-2026 11:46:56.360 INFO [main] org.apache.coyote.AbstractProtocol.init Initializing ProtocolHandler ["http-nio-8082"]
08-Jul-2026 11:46:56.393 INFO [main] org.apache.catalina.startup.Catalina.load Server initialization in [578] milliseconds
08-Jul-2026 11:46:56.431 INFO [main] org.apache.catalina.core.StandardService.startInternal Starting service [Catalina]
08-Jul-2026 11:46:56.431 INFO [main] org.apache.catalina.core.StandardEngine.startInternal Starting Servlet engine: [Apache Tomcat/9.0.89]
08-Jul-2026 11:46:56.441 INFO [main] org.apache.catalina.startup.HostConfig.deployDirectory Deploying web application directory [C:\Temp\Tomcat_compartido\webapps\aerrigochan]
08-Jul-2026 11:46:57.028 INFO [main] org.apache.jasper.servlet.TldScanner.scanJars At least one JAR was scanned for TLDs yet contained no TLDs. Enable debug logging for this logger for a complete list of JARs that were scanned but no TLDs were found in them. Skipping unneeded JARs during scanning can improve startup time and JSP compilation time.
08-Jul-2026 11:46:57.099 INFO [main] org.apache.catalina.startup.HostConfig.deployDirectory Deployment of web application directory [C:\Temp\Tomcat_compartido\webapps\aerrigochan] has finished in [658] ms
08-Jul-2026 11:46:57.099 INFO [main] org.apache.catalina.startup.HostConfig.deployDirectory Deploying web application directory [C:\Temp\Tomcat_compartido\webapps\ERP]
08-Jul-2026 11:46:57.398 INFO [main] org.apache.jasper.servlet.TldScanner.scanJars At least one JAR was scanned for TLDs yet contained no TLDs. Enable debug logging for this logger for a complete list of JARs that were scanned but no TLDs were found in them. Skipping unneeded JARs during scanning can improve startup time and JSP compilation time.
08-Jul-2026 11:46:57.400 INFO [main] org.apache.catalina.startup.HostConfig.deployDirectory Deployment of web application directory [C:\Temp\Tomcat_compartido\webapps\ERP] has finished in [301] ms
08-Jul-2026 11:46:57.400 INFO [main] org.apache.catalina.startup.HostConfig.deployDirectory Deploying web application directory [C:\Temp\Tomcat_compartido\webapps\ERP 2]
08-Jul-2026 11:46:57.694 INFO [main] org.apache.jasper.servlet.TldScanner.scanJars At least one JAR was scanned for TLDs yet contained no TLDs. Enable debug logging for this logger for a complete list of JARs that were scanned but no TLDs were found in them. Skipping unneeded JARs during scanning can improve startup time and JSP compilation time.
08-Jul-2026 11:46:57.698 INFO [main] org.apache.catalina.startup.HostConfig.deployDirectory Deployment of web application directory [C:\Temp\Tomcat_compartido\webapps\ERP 2] has finished in [298] ms
08-Jul-2026 11:46:57.700 INFO [main] org.apache.catalina.startup.HostConfig.deployDirectory Deploying web application directory [C:\Temp\Tomcat_compartido\webapps\host-manager]
08-Jul-2026 11:46:57.962 INFO [main] org.apache.jasper.servlet.TldScanner.scanJars At least one JAR was scanned for TLDs yet contained no TLDs. Enable debug logging for this logger for a complete list of JARs that were scanned but no TLDs were found in them. Skipping unneeded JARs during scanning can improve startup time and JSP compilation time.
08-Jul-2026 11:46:57.976 INFO [main] org.apache.catalina.startup.HostConfig.deployDirectory Deployment of web application directory [C:\Temp\Tomcat_compartido\webapps\host-manager] has finished in [276] ms
08-Jul-2026 11:46:57.976 INFO [main] org.apache.catalina.startup.HostConfig.deployDirectory Deploying web application directory [C:\Temp\Tomcat_compartido\webapps\manager]
08-Jul-2026 11:46:58.218 INFO [main] org.apache.jasper.servlet.TldScanner.scanJars At least one JAR was scanned for TLDs yet contained no TLDs. Enable debug logging for this logger for a complete list of JARs that were scanned but no TLDs were found in them. Skipping unneeded JARs during scanning can improve startup time and JSP compilation time.
08-Jul-2026 11:46:58.222 INFO [main] org.apache.catalina.startup.HostConfig.deployDirectory Deployment of web application directory [C:\Temp\Tomcat_compartido\webapps\manager] has finished in [246] ms
08-Jul-2026 11:46:58.224 INFO [main] org.apache.catalina.startup.HostConfig.deployDirectory Deploying web application directory [C:\Temp\Tomcat_compartido\webapps\ROOT]
08-Jul-2026 11:46:58.482 INFO [main] org.apache.jasper.servlet.TldScanner.scanJars At least one JAR was scanned for TLDs yet contained no TLDs. Enable debug logging for this logger for a complete list of JARs that were scanned but no TLDs were found in them. Skipping unneeded JARs during scanning can improve startup time and JSP compilation time.
08-Jul-2026 11:46:58.492 INFO [main] org.apache.catalina.startup.HostConfig.deployDirectory Deployment of web application directory [C:\Temp\Tomcat_compartido\webapps\ROOT] has finished in [267] ms
08-Jul-2026 11:46:58.494 INFO [main] org.apache.catalina.startup.HostConfig.deployDirectory Deploying web application directory [C:\Temp\Tomcat_compartido\webapps\Servlet1]
08-Jul-2026 11:46:58.751 INFO [main] org.apache.jasper.servlet.TldScanner.scanJars At least one JAR was scanned for TLDs yet contained no TLDs. Enable debug logging for this logger for a complete list of JARs that were scanned but no TLDs were found in them. Skipping unneeded JARs during scanning can improve startup time and JSP compilation time.
08-Jul-2026 11:46:58.757 INFO [main] org.apache.catalina.startup.HostConfig.deployDirectory Deployment of web application directory [C:\Temp\Tomcat_compartido\webapps\Servlet1] has finished in [263] ms
08-Jul-2026 11:46:58.757 INFO [main] org.apache.catalina.startup.HostConfig.deployDirectory Deploying web application directory [C:\Temp\Tomcat_compartido\webapps\Test1]
08-Jul-2026 11:46:58.982 INFO [main] org.apache.jasper.servlet.TldScanner.scanJars At least one JAR was scanned for TLDs yet contained no TLDs. Enable debug logging for this logger for a complete list of JARs that were scanned but no TLDs were found in them. Skipping unneeded JARs during scanning can improve startup time and JSP compilation time.
08-Jul-2026 11:46:58.985 INFO [main] org.apache.catalina.startup.HostConfig.deployDirectory Deployment of web application directory [C:\Temp\Tomcat_compartido\webapps\Test1] has finished in [228] ms
08-Jul-2026 11:46:58.985 INFO [main] org.apache.catalina.startup.HostConfig.deployDirectory Deploying web application directory [C:\Temp\Tomcat_compartido\webapps\trabajogr]
08-Jul-2026 11:46:59.285 INFO [main] org.apache.jasper.servlet.TldScanner.scanJars At least one JAR was scanned for TLDs yet contained no TLDs. Enable debug logging for this logger for a complete list of JARs that were scanned but no TLDs were found in them. Skipping unneeded JARs during scanning can improve startup time and JSP compilation time.
08-Jul-2026 11:46:59.289 INFO [main] org.apache.catalina.startup.HostConfig.deployDirectory Deployment of web application directory [C:\Temp\Tomcat_compartido\webapps\trabajogr] has finished in [304] ms
08-Jul-2026 11:46:59.294 INFO [main] org.apache.coyote.AbstractProtocol.start Starting ProtocolHandler ["http-nio-8082"]
08-Jul-2026 11:46:59.335 INFO [main] org.apache.catalina.startup.Catalina.start Server startup in [2941] milliseconds
08-Jul-2026 11:48:18.823 INFO [main] org.apache.catalina.startup.VersionLoggerListener.log Server version name:   Apache Tomcat/9.0.89
08-Jul-2026 11:48:18.831 INFO [main] org.apache.catalina.startup.VersionLoggerListener.log Server built:          May 3 2024 20:22:11 UTC
08-Jul-2026 11:48:18.831 INFO [main] org.apache.catalina.startup.VersionLoggerListener.log Server version number: 9.0.89.0
08-Jul-2026 11:48:18.831 INFO [main] org.apache.catalina.startup.VersionLoggerListener.log OS Name:               Windows 11
08-Jul-2026 11:48:18.831 INFO [main] org.apache.catalina.startup.VersionLoggerListener.log OS Version:            10.0
08-Jul-2026 11:48:18.831 INFO [main] org.apache.catalina.startup.VersionLoggerListener.log Architecture:          amd64
08-Jul-2026 11:48:18.831 INFO [main] org.apache.catalina.startup.VersionLoggerListener.log Java Home:             C:\Temp\Programs\JavaStack\jdk-17.0.19+10
08-Jul-2026 11:48:18.831 INFO [main] org.apache.catalina.startup.VersionLoggerListener.log JVM Version:           17.0.19+10-LTS
08-Jul-2026 11:48:18.831 INFO [main] org.apache.catalina.startup.VersionLoggerListener.log JVM Vendor:            Microsoft
08-Jul-2026 11:48:18.831 INFO [main] org.apache.catalina.startup.VersionLoggerListener.log CATALINA_BASE:         C:\Temp\Tomcat_compartido
08-Jul-2026 11:48:18.831 INFO [main] org.apache.catalina.startup.VersionLoggerListener.log CATALINA_HOME:         C:\Temp\Programs\JavaStack\apache-tomcat-9.0.89
08-Jul-2026 11:48:18.844 INFO [main] org.apache.catalina.startup.VersionLoggerListener.log Command line argument: -Djava.util.logging.config.file=C:\Temp\Tomcat_compartido/conf/logging.properties
08-Jul-2026 11:48:18.844 INFO [main] org.apache.catalina.startup.VersionLoggerListener.log Command line argument: -Djava.util.logging.manager=org.apache.juli.ClassLoaderLogManager
08-Jul-2026 11:48:18.845 INFO [main] org.apache.catalina.startup.VersionLoggerListener.log Command line argument: -Djdk.tls.ephemeralDHKeySize=2048
08-Jul-2026 11:48:18.845 INFO [main] org.apache.catalina.startup.VersionLoggerListener.log Command line argument: -Djava.protocol.handler.pkgs=org.apache.catalina.webresources
08-Jul-2026 11:48:18.845 INFO [main] org.apache.catalina.startup.VersionLoggerListener.log Command line argument: -Dorg.apache.catalina.security.SecurityListener.UMASK=0027
08-Jul-2026 11:48:18.845 INFO [main] org.apache.catalina.startup.VersionLoggerListener.log Command line argument: -Dcatalina.base=C:\Temp\Tomcat_compartido
08-Jul-2026 11:48:18.845 INFO [main] org.apache.catalina.startup.VersionLoggerListener.log Command line argument: -Dcatalina.home=C:\Temp\Programs\JavaStack\apache-tomcat-9.0.89
08-Jul-2026 11:48:18.845 INFO [main] org.apache.catalina.startup.VersionLoggerListener.log Command line argument: -Djava.io.tmpdir=C:\Temp\Tomcat_compartido/temp
08-Jul-2026 11:48:18.852 INFO [main] org.apache.catalina.core.AprLifecycleListener.lifecycleEvent The Apache Tomcat Native library which allows using OpenSSL was not found on the java.library.path: [C:\Temp\Programs\JavaStack\jdk-17.0.19+10\bin;C:\WINDOWS\Sun\Java\bin;C:\WINDOWS\system32;C:\WINDOWS;C:\Temp\Programs\JavaStack\jdk1.8.0_131\bin;C:\Temp\Programs\JavaStack\jdk1.8.0_131\db\bin;C:\Temp\Programs\JavaStack\squirrelsql-4.0.0-standard;C:\Temp\Programs\JavaStack\apache-tomcat-9.0.89\bin;c:\Users\Aldoa\AppData\Roaming\Code\User\globalStorage\github.copilot-chat\debugCommand;c:\Users\Aldoa\AppData\Roaming\Code\User\globalStorage\github.copilot-chat\copilotCli;C:\WINDOWS\system32;C:\WINDOWS;C:\WINDOWS\System32\Wbem;C:\WINDOWS\System32\WindowsPowerShell\v1.0\;C:\WINDOWS\System32\OpenSSH\;C:\Program Files\dotnet\;C:\Users\Aldoa\Desktop\Infor\bin;C:\Program Files\Microsoft SQL Server Migration Assistant for Access\bin\;C:\Users\Aldoa\OneDrive\Desktop\;C:\Program Files\Git\cmd;C:\Program Files\nodejs\;C:\Users\Aldoa\AppData\Local\Microsoft\WindowsApps;C:\Users\Aldoa\AppData\Local\Programs\Microsoft VS Code\bin;C:\Users\Aldoa\AppData\Local\Programs\cursor\resources\app\bin;C:\Users\Aldoa\AppData\Roaming\npm;C:\Temp\Programs\JavaStack\jdk-17.0.19+10\bin;C:\Temp\Programs\JavaStack\apache-maven-3.9.16\bin;c:\Users\Aldoa\.vscode\extensions\vscjava.vscode-java-debug-0.59.0\bundled\scripts\noConfigScripts;.]
08-Jul-2026 11:48:19.079 INFO [main] org.apache.coyote.AbstractProtocol.init Initializing ProtocolHandler ["http-nio-8082"]
08-Jul-2026 11:48:19.113 INFO [main] org.apache.catalina.startup.Catalina.load Server initialization in [448] milliseconds
08-Jul-2026 11:48:19.152 INFO [main] org.apache.catalina.core.StandardService.startInternal Starting service [Catalina]
08-Jul-2026 11:48:19.152 INFO [main] org.apache.catalina.core.StandardEngine.startInternal Starting Servlet engine: [Apache Tomcat/9.0.89]
08-Jul-2026 11:48:19.161 INFO [main] org.apache.catalina.startup.HostConfig.deployDirectory Deploying web application directory [C:\Temp\Tomcat_compartido\webapps\aerrigochan]
08-Jul-2026 11:48:19.735 INFO [main] org.apache.jasper.servlet.TldScanner.scanJars At least one JAR was scanned for TLDs yet contained no TLDs. Enable debug logging for this logger for a complete list of JARs that were scanned but no TLDs were found in them. Skipping unneeded JARs during scanning can improve startup time and JSP compilation time.
08-Jul-2026 11:48:19.808 INFO [main] org.apache.catalina.startup.HostConfig.deployDirectory Deployment of web application directory [C:\Temp\Tomcat_compartido\webapps\aerrigochan] has finished in [647] ms
08-Jul-2026 11:48:19.808 INFO [main] org.apache.catalina.startup.HostConfig.deployDirectory Deploying web application directory [C:\Temp\Tomcat_compartido\webapps\ERP]
08-Jul-2026 11:48:20.091 INFO [main] org.apache.jasper.servlet.TldScanner.scanJars At least one JAR was scanned for TLDs yet contained no TLDs. Enable debug logging for this logger for a complete list of JARs that were scanned but no TLDs were found in them. Skipping unneeded JARs during scanning can improve startup time and JSP compilation time.
08-Jul-2026 11:48:20.100 INFO [main] org.apache.catalina.startup.HostConfig.deployDirectory Deployment of web application directory [C:\Temp\Tomcat_compartido\webapps\ERP] has finished in [290] ms
08-Jul-2026 11:48:20.100 INFO [main] org.apache.catalina.startup.HostConfig.deployDirectory Deploying web application directory [C:\Temp\Tomcat_compartido\webapps\ERP 2]
08-Jul-2026 11:48:20.386 INFO [main] org.apache.jasper.servlet.TldScanner.scanJars At least one JAR was scanned for TLDs yet contained no TLDs. Enable debug logging for this logger for a complete list of JARs that were scanned but no TLDs were found in them. Skipping unneeded JARs during scanning can improve startup time and JSP compilation time.
08-Jul-2026 11:48:20.392 INFO [main] org.apache.catalina.startup.HostConfig.deployDirectory Deployment of web application directory [C:\Temp\Tomcat_compartido\webapps\ERP 2] has finished in [290] ms
08-Jul-2026 11:48:20.392 INFO [main] org.apache.catalina.startup.HostConfig.deployDirectory Deploying web application directory [C:\Temp\Tomcat_compartido\webapps\host-manager]
08-Jul-2026 11:48:20.660 INFO [main] org.apache.jasper.servlet.TldScanner.scanJars At least one JAR was scanned for TLDs yet contained no TLDs. Enable debug logging for this logger for a complete list of JARs that were scanned but no TLDs were found in them. Skipping unneeded JARs during scanning can improve startup time and JSP compilation time.
08-Jul-2026 11:48:20.672 INFO [main] org.apache.catalina.startup.HostConfig.deployDirectory Deployment of web application directory [C:\Temp\Tomcat_compartido\webapps\host-manager] has finished in [280] ms
08-Jul-2026 11:48:20.672 INFO [main] org.apache.catalina.startup.HostConfig.deployDirectory Deploying web application directory [C:\Temp\Tomcat_compartido\webapps\manager]
08-Jul-2026 11:48:20.917 INFO [main] org.apache.jasper.servlet.TldScanner.scanJars At least one JAR was scanned for TLDs yet contained no TLDs. Enable debug logging for this logger for a complete list of JARs that were scanned but no TLDs were found in them. Skipping unneeded JARs during scanning can improve startup time and JSP compilation time.
08-Jul-2026 11:48:20.920 INFO [main] org.apache.catalina.startup.HostConfig.deployDirectory Deployment of web application directory [C:\Temp\Tomcat_compartido\webapps\manager] has finished in [248] ms
08-Jul-2026 11:48:20.920 INFO [main] org.apache.catalina.startup.HostConfig.deployDirectory Deploying web application directory [C:\Temp\Tomcat_compartido\webapps\ROOT]
08-Jul-2026 11:48:21.164 INFO [main] org.apache.jasper.servlet.TldScanner.scanJars At least one JAR was scanned for TLDs yet contained no TLDs. Enable debug logging for this logger for a complete list of JARs that were scanned but no TLDs were found in them. Skipping unneeded JARs during scanning can improve startup time and JSP compilation time.
08-Jul-2026 11:48:21.167 INFO [main] org.apache.catalina.startup.HostConfig.deployDirectory Deployment of web application directory [C:\Temp\Tomcat_compartido\webapps\ROOT] has finished in [247] ms
08-Jul-2026 11:48:21.167 INFO [main] org.apache.catalina.startup.HostConfig.deployDirectory Deploying web application directory [C:\Temp\Tomcat_compartido\webapps\Servlet1]
08-Jul-2026 11:48:21.410 INFO [main] org.apache.jasper.servlet.TldScanner.scanJars At least one JAR was scanned for TLDs yet contained no TLDs. Enable debug logging for this logger for a complete list of JARs that were scanned but no TLDs were found in them. Skipping unneeded JARs during scanning can improve startup time and JSP compilation time.
08-Jul-2026 11:48:21.410 INFO [main] org.apache.catalina.startup.HostConfig.deployDirectory Deployment of web application directory [C:\Temp\Tomcat_compartido\webapps\Servlet1] has finished in [243] ms
08-Jul-2026 11:48:21.410 INFO [main] org.apache.catalina.startup.HostConfig.deployDirectory Deploying web application directory [C:\Temp\Tomcat_compartido\webapps\Test1]
08-Jul-2026 11:48:21.635 INFO [main] org.apache.jasper.servlet.TldScanner.scanJars At least one JAR was scanned for TLDs yet contained no TLDs. Enable debug logging for this logger for a complete list of JARs that were scanned but no TLDs were found in them. Skipping unneeded JARs during scanning can improve startup time and JSP compilation time.
08-Jul-2026 11:48:21.635 INFO [main] org.apache.catalina.startup.HostConfig.deployDirectory Deployment of web application directory [C:\Temp\Tomcat_compartido\webapps\Test1] has finished in [225] ms
08-Jul-2026 11:48:21.635 INFO [main] org.apache.catalina.startup.HostConfig.deployDirectory Deploying web application directory [C:\Temp\Tomcat_compartido\webapps\trabajogr]
08-Jul-2026 11:48:21.942 INFO [main] org.apache.jasper.servlet.TldScanner.scanJars At least one JAR was scanned for TLDs yet contained no TLDs. Enable debug logging for this logger for a complete list of JARs that were scanned but no TLDs were found in them. Skipping unneeded JARs during scanning can improve startup time and JSP compilation time.
08-Jul-2026 11:48:21.958 INFO [main] org.apache.catalina.startup.HostConfig.deployDirectory Deployment of web application directory [C:\Temp\Tomcat_compartido\webapps\trabajogr] has finished in [323] ms
08-Jul-2026 11:48:21.961 INFO [main] org.apache.coyote.AbstractProtocol.start Starting ProtocolHandler ["http-nio-8082"]
08-Jul-2026 11:48:22.000 INFO [main] org.apache.catalina.startup.Catalina.start Server startup in [2887] milliseconds
08-Jul-2026 11:54:07.630 INFO [main] org.apache.catalina.startup.VersionLoggerListener.log Server version name:   Apache Tomcat/9.0.89
08-Jul-2026 11:54:07.634 INFO [main] org.apache.catalina.startup.VersionLoggerListener.log Server built:          May 3 2024 20:22:11 UTC
08-Jul-2026 11:54:07.634 INFO [main] org.apache.catalina.startup.VersionLoggerListener.log Server version number: 9.0.89.0
08-Jul-2026 11:54:07.634 INFO [main] org.apache.catalina.startup.VersionLoggerListener.log OS Name:               Windows 11
08-Jul-2026 11:54:07.634 INFO [main] org.apache.catalina.startup.VersionLoggerListener.log OS Version:            10.0
08-Jul-2026 11:54:07.635 INFO [main] org.apache.catalina.startup.VersionLoggerListener.log Architecture:          amd64
08-Jul-2026 11:54:07.635 INFO [main] org.apache.catalina.startup.VersionLoggerListener.log Java Home:             C:\Temp\Programs\JavaStack\jdk-17.0.19+10
08-Jul-2026 11:54:07.635 INFO [main] org.apache.catalina.startup.VersionLoggerListener.log JVM Version:           17.0.19+10-LTS
08-Jul-2026 11:54:07.635 INFO [main] org.apache.catalina.startup.VersionLoggerListener.log JVM Vendor:            Microsoft
08-Jul-2026 11:54:07.635 INFO [main] org.apache.catalina.startup.VersionLoggerListener.log CATALINA_BASE:         C:\Temp\Tomcat_compartido
08-Jul-2026 11:54:07.635 INFO [main] org.apache.catalina.startup.VersionLoggerListener.log CATALINA_HOME:         C:\Temp\Programs\JavaStack\apache-tomcat-9.0.89
08-Jul-2026 11:54:07.644 INFO [main] org.apache.catalina.startup.VersionLoggerListener.log Command line argument: -Djava.util.logging.config.file=C:\Temp\Tomcat_compartido/conf/logging.properties
08-Jul-2026 11:54:07.644 INFO [main] org.apache.catalina.startup.VersionLoggerListener.log Command line argument: -Djava.util.logging.manager=org.apache.juli.ClassLoaderLogManager
08-Jul-2026 11:54:07.644 INFO [main] org.apache.catalina.startup.VersionLoggerListener.log Command line argument: -Djdk.tls.ephemeralDHKeySize=2048
08-Jul-2026 11:54:07.644 INFO [main] org.apache.catalina.startup.VersionLoggerListener.log Command line argument: -Djava.protocol.handler.pkgs=org.apache.catalina.webresources
08-Jul-2026 11:54:07.644 INFO [main] org.apache.catalina.startup.VersionLoggerListener.log Command line argument: -Dorg.apache.catalina.security.SecurityListener.UMASK=0027
08-Jul-2026 11:54:07.644 INFO [main] org.apache.catalina.startup.VersionLoggerListener.log Command line argument: -Dcatalina.base=C:\Temp\Tomcat_compartido
08-Jul-2026 11:54:07.644 INFO [main] org.apache.catalina.startup.VersionLoggerListener.log Command line argument: -Dcatalina.home=C:\Temp\Programs\JavaStack\apache-tomcat-9.0.89
08-Jul-2026 11:54:07.644 INFO [main] org.apache.catalina.startup.VersionLoggerListener.log Command line argument: -Djava.io.tmpdir=C:\Temp\Tomcat_compartido/temp
08-Jul-2026 11:54:07.655 INFO [main] org.apache.catalina.core.AprLifecycleListener.lifecycleEvent The Apache Tomcat Native library which allows using OpenSSL was not found on the java.library.path: [C:\Temp\Programs\JavaStack\jdk-17.0.19+10\bin;C:\WINDOWS\Sun\Java\bin;C:\WINDOWS\system32;C:\WINDOWS;C:\Temp\Programs\JavaStack\jdk1.8.0_131\bin;C:\Temp\Programs\JavaStack\jdk1.8.0_131\db\bin;C:\Temp\Programs\JavaStack\squirrelsql-4.0.0-standard;C:\Temp\Programs\JavaStack\apache-tomcat-9.0.89\bin;c:\Users\Aldoa\AppData\Roaming\Code\User\globalStorage\github.copilot-chat\debugCommand;c:\Users\Aldoa\AppData\Roaming\Code\User\globalStorage\github.copilot-chat\copilotCli;C:\WINDOWS\system32;C:\WINDOWS;C:\WINDOWS\System32\Wbem;C:\WINDOWS\System32\WindowsPowerShell\v1.0\;C:\WINDOWS\System32\OpenSSH\;C:\Program Files\dotnet\;C:\Users\Aldoa\Desktop\Infor\bin;C:\Program Files\Microsoft SQL Server Migration Assistant for Access\bin\;C:\Users\Aldoa\OneDrive\Desktop\;C:\Program Files\Git\cmd;C:\Program Files\nodejs\;C:\Users\Aldoa\AppData\Local\Microsoft\WindowsApps;C:\Users\Aldoa\AppData\Local\Programs\Microsoft VS Code\bin;C:\Users\Aldoa\AppData\Local\Programs\cursor\resources\app\bin;C:\Users\Aldoa\AppData\Roaming\npm;C:\Temp\Programs\JavaStack\jdk-17.0.19+10\bin;C:\Temp\Programs\JavaStack\apache-maven-3.9.16\bin;c:\Users\Aldoa\.vscode\extensions\vscjava.vscode-java-debug-0.59.0\bundled\scripts\noConfigScripts;.]
08-Jul-2026 11:54:07.907 INFO [main] org.apache.coyote.AbstractProtocol.init Initializing ProtocolHandler ["http-nio-8082"]
08-Jul-2026 11:54:07.930 INFO [main] org.apache.catalina.startup.Catalina.load Server initialization in [459] milliseconds
08-Jul-2026 11:54:07.971 INFO [main] org.apache.catalina.core.StandardService.startInternal Starting service [Catalina]
08-Jul-2026 11:54:07.971 INFO [main] org.apache.catalina.core.StandardEngine.startInternal Starting Servlet engine: [Apache Tomcat/9.0.89]
08-Jul-2026 11:54:07.984 INFO [main] org.apache.catalina.startup.HostConfig.deployDirectory Deploying web application directory [C:\Temp\Tomcat_compartido\webapps\aerrigochan]
08-Jul-2026 11:54:08.569 INFO [main] org.apache.jasper.servlet.TldScanner.scanJars At least one JAR was scanned for TLDs yet contained no TLDs. Enable debug logging for this logger for a complete list of JARs that were scanned but no TLDs were found in them. Skipping unneeded JARs during scanning can improve startup time and JSP compilation time.
08-Jul-2026 11:54:08.641 INFO [main] org.apache.catalina.startup.HostConfig.deployDirectory Deployment of web application directory [C:\Temp\Tomcat_compartido\webapps\aerrigochan] has finished in [657] ms
08-Jul-2026 11:54:08.641 INFO [main] org.apache.catalina.startup.HostConfig.deployDirectory Deploying web application directory [C:\Temp\Tomcat_compartido\webapps\ERP]
08-Jul-2026 11:54:08.950 INFO [main] org.apache.jasper.servlet.TldScanner.scanJars At least one JAR was scanned for TLDs yet contained no TLDs. Enable debug logging for this logger for a complete list of JARs that were scanned but no TLDs were found in them. Skipping unneeded JARs during scanning can improve startup time and JSP compilation time.
08-Jul-2026 11:54:08.954 INFO [main] org.apache.catalina.startup.HostConfig.deployDirectory Deployment of web application directory [C:\Temp\Tomcat_compartido\webapps\ERP] has finished in [312] ms
08-Jul-2026 11:54:08.954 INFO [main] org.apache.catalina.startup.HostConfig.deployDirectory Deploying web application directory [C:\Temp\Tomcat_compartido\webapps\ERP 2]
08-Jul-2026 11:54:09.244 INFO [main] org.apache.jasper.servlet.TldScanner.scanJars At least one JAR was scanned for TLDs yet contained no TLDs. Enable debug logging for this logger for a complete list of JARs that were scanned but no TLDs were found in them. Skipping unneeded JARs during scanning can improve startup time and JSP compilation time.
08-Jul-2026 11:54:09.248 INFO [main] org.apache.catalina.startup.HostConfig.deployDirectory Deployment of web application directory [C:\Temp\Tomcat_compartido\webapps\ERP 2] has finished in [291] ms
08-Jul-2026 11:54:09.248 INFO [main] org.apache.catalina.startup.HostConfig.deployDirectory Deploying web application directory [C:\Temp\Tomcat_compartido\webapps\host-manager]
08-Jul-2026 11:54:09.499 INFO [main] org.apache.jasper.servlet.TldScanner.scanJars At least one JAR was scanned for TLDs yet contained no TLDs. Enable debug logging for this logger for a complete list of JARs that were scanned but no TLDs were found in them. Skipping unneeded JARs during scanning can improve startup time and JSP compilation time.
08-Jul-2026 11:54:09.518 INFO [main] org.apache.catalina.startup.HostConfig.deployDirectory Deployment of web application directory [C:\Temp\Tomcat_compartido\webapps\host-manager] has finished in [270] ms
08-Jul-2026 11:54:09.519 INFO [main] org.apache.catalina.startup.HostConfig.deployDirectory Deploying web application directory [C:\Temp\Tomcat_compartido\webapps\manager]
08-Jul-2026 11:54:09.753 INFO [main] org.apache.jasper.servlet.TldScanner.scanJars At least one JAR was scanned for TLDs yet contained no TLDs. Enable debug logging for this logger for a complete list of JARs that were scanned but no TLDs were found in them. Skipping unneeded JARs during scanning can improve startup time and JSP compilation time.
08-Jul-2026 11:54:09.756 INFO [main] org.apache.catalina.startup.HostConfig.deployDirectory Deployment of web application directory [C:\Temp\Tomcat_compartido\webapps\manager] has finished in [237] ms
08-Jul-2026 11:54:09.756 INFO [main] org.apache.catalina.startup.HostConfig.deployDirectory Deploying web application directory [C:\Temp\Tomcat_compartido\webapps\ROOT]
08-Jul-2026 11:54:10.025 INFO [main] org.apache.jasper.servlet.TldScanner.scanJars At least one JAR was scanned for TLDs yet contained no TLDs. Enable debug logging for this logger for a complete list of JARs that were scanned but no TLDs were found in them. Skipping unneeded JARs during scanning can improve startup time and JSP compilation time.
08-Jul-2026 11:54:10.038 INFO [main] org.apache.catalina.startup.HostConfig.deployDirectory Deployment of web application directory [C:\Temp\Tomcat_compartido\webapps\ROOT] has finished in [282] ms
08-Jul-2026 11:54:10.038 INFO [main] org.apache.catalina.startup.HostConfig.deployDirectory Deploying web application directory [C:\Temp\Tomcat_compartido\webapps\Servlet1]
08-Jul-2026 11:54:10.319 INFO [main] org.apache.jasper.servlet.TldScanner.scanJars At least one JAR was scanned for TLDs yet contained no TLDs. Enable debug logging for this logger for a complete list of JARs that were scanned but no TLDs were found in them. Skipping unneeded JARs during scanning can improve startup time and JSP compilation time.
08-Jul-2026 11:54:10.325 INFO [main] org.apache.catalina.startup.HostConfig.deployDirectory Deployment of web application directory [C:\Temp\Tomcat_compartido\webapps\Servlet1] has finished in [287] ms
08-Jul-2026 11:54:10.325 INFO [main] org.apache.catalina.startup.HostConfig.deployDirectory Deploying web application directory [C:\Temp\Tomcat_compartido\webapps\Test1]
08-Jul-2026 11:54:10.570 INFO [main] org.apache.jasper.servlet.TldScanner.scanJars At least one JAR was scanned for TLDs yet contained no TLDs. Enable debug logging for this logger for a complete list of JARs that were scanned but no TLDs were found in them. Skipping unneeded JARs during scanning can improve startup time and JSP compilation time.
08-Jul-2026 11:54:10.570 INFO [main] org.apache.catalina.startup.HostConfig.deployDirectory Deployment of web application directory [C:\Temp\Tomcat_compartido\webapps\Test1] has finished in [245] ms
08-Jul-2026 11:54:10.570 INFO [main] org.apache.catalina.startup.HostConfig.deployDirectory Deploying web application directory [C:\Temp\Tomcat_compartido\webapps\trabajogr]
08-Jul-2026 11:54:10.885 INFO [main] org.apache.jasper.servlet.TldScanner.scanJars At least one JAR was scanned for TLDs yet contained no TLDs. Enable debug logging for this logger for a complete list of JARs that were scanned but no TLDs were found in them. Skipping unneeded JARs during scanning can improve startup time and JSP compilation time.
08-Jul-2026 11:54:10.887 INFO [main] org.apache.catalina.startup.HostConfig.deployDirectory Deployment of web application directory [C:\Temp\Tomcat_compartido\webapps\trabajogr] has finished in [317] ms
08-Jul-2026 11:54:10.891 INFO [main] org.apache.coyote.AbstractProtocol.start Starting ProtocolHandler ["http-nio-8082"]
08-Jul-2026 11:54:10.933 INFO [main] org.apache.catalina.startup.Catalina.start Server startup in [3000] milliseconds
08-Jul-2026 12:12:04.732 INFO [main] org.apache.catalina.startup.VersionLoggerListener.log Server version name:   Apache Tomcat/9.0.89
08-Jul-2026 12:12:04.739 INFO [main] org.apache.catalina.startup.VersionLoggerListener.log Server built:          May 3 2024 20:22:11 UTC
08-Jul-2026 12:12:04.739 INFO [main] org.apache.catalina.startup.VersionLoggerListener.log Server version number: 9.0.89.0
08-Jul-2026 12:12:04.739 INFO [main] org.apache.catalina.startup.VersionLoggerListener.log OS Name:               Windows 11
08-Jul-2026 12:12:04.739 INFO [main] org.apache.catalina.startup.VersionLoggerListener.log OS Version:            10.0
08-Jul-2026 12:12:04.739 INFO [main] org.apache.catalina.startup.VersionLoggerListener.log Architecture:          amd64
08-Jul-2026 12:12:04.739 INFO [main] org.apache.catalina.startup.VersionLoggerListener.log Java Home:             C:\Temp\Programs\JavaStack\jdk-17.0.19+10
08-Jul-2026 12:12:04.739 INFO [main] org.apache.catalina.startup.VersionLoggerListener.log JVM Version:           17.0.19+10-LTS
08-Jul-2026 12:12:04.739 INFO [main] org.apache.catalina.startup.VersionLoggerListener.log JVM Vendor:            Microsoft
08-Jul-2026 12:12:04.739 INFO [main] org.apache.catalina.startup.VersionLoggerListener.log CATALINA_BASE:         C:\Temp\Tomcat_compartido
08-Jul-2026 12:12:04.739 INFO [main] org.apache.catalina.startup.VersionLoggerListener.log CATALINA_HOME:         C:\Temp\Programs\JavaStack\apache-tomcat-9.0.89
08-Jul-2026 12:12:04.752 INFO [main] org.apache.catalina.startup.VersionLoggerListener.log Command line argument: -Djava.util.logging.config.file=C:\Temp\Tomcat_compartido/conf/logging.properties
08-Jul-2026 12:12:04.753 INFO [main] org.apache.catalina.startup.VersionLoggerListener.log Command line argument: -Djava.util.logging.manager=org.apache.juli.ClassLoaderLogManager
08-Jul-2026 12:12:04.753 INFO [main] org.apache.catalina.startup.VersionLoggerListener.log Command line argument: -Djdk.tls.ephemeralDHKeySize=2048
08-Jul-2026 12:12:04.753 INFO [main] org.apache.catalina.startup.VersionLoggerListener.log Command line argument: -Djava.protocol.handler.pkgs=org.apache.catalina.webresources
08-Jul-2026 12:12:04.753 INFO [main] org.apache.catalina.startup.VersionLoggerListener.log Command line argument: -Dorg.apache.catalina.security.SecurityListener.UMASK=0027
08-Jul-2026 12:12:04.753 INFO [main] org.apache.catalina.startup.VersionLoggerListener.log Command line argument: -Dcatalina.base=C:\Temp\Tomcat_compartido
08-Jul-2026 12:12:04.753 INFO [main] org.apache.catalina.startup.VersionLoggerListener.log Command line argument: -Dcatalina.home=C:\Temp\Programs\JavaStack\apache-tomcat-9.0.89
08-Jul-2026 12:12:04.753 INFO [main] org.apache.catalina.startup.VersionLoggerListener.log Command line argument: -Djava.io.tmpdir=C:\Temp\Tomcat_compartido/temp
08-Jul-2026 12:12:04.761 INFO [main] org.apache.catalina.core.AprLifecycleListener.lifecycleEvent The Apache Tomcat Native library which allows using OpenSSL was not found on the java.library.path: [C:\Temp\Programs\JavaStack\jdk-17.0.19+10\bin;C:\WINDOWS\Sun\Java\bin;C:\WINDOWS\system32;C:\WINDOWS;C:\Temp\Programs\JavaStack\jdk1.8.0_131\bin;C:\Temp\Programs\JavaStack\jdk1.8.0_131\db\bin;C:\Temp\Programs\JavaStack\squirrelsql-4.0.0-standard;C:\Temp\Programs\JavaStack\apache-tomcat-9.0.89\bin;c:\Users\Aldoa\AppData\Roaming\Code\User\globalStorage\github.copilot-chat\debugCommand;c:\Users\Aldoa\AppData\Roaming\Code\User\globalStorage\github.copilot-chat\copilotCli;C:\WINDOWS\system32;C:\WINDOWS;C:\WINDOWS\System32\Wbem;C:\WINDOWS\System32\WindowsPowerShell\v1.0\;C:\WINDOWS\System32\OpenSSH\;C:\Program Files\dotnet\;C:\Users\Aldoa\Desktop\Infor\bin;C:\Program Files\Microsoft SQL Server Migration Assistant for Access\bin\;C:\Users\Aldoa\OneDrive\Desktop\;C:\Program Files\Git\cmd;C:\Program Files\nodejs\;C:\Users\Aldoa\AppData\Local\Microsoft\WindowsApps;C:\Users\Aldoa\AppData\Local\Programs\Microsoft VS Code\bin;C:\Users\Aldoa\AppData\Local\Programs\cursor\resources\app\bin;C:\Users\Aldoa\AppData\Roaming\npm;C:\Temp\Programs\JavaStack\jdk-17.0.19+10\bin;C:\Temp\Programs\JavaStack\apache-maven-3.9.16\bin;c:\Users\Aldoa\.vscode\extensions\vscjava.vscode-java-debug-0.59.0\bundled\scripts\noConfigScripts;.]
08-Jul-2026 12:12:05.013 INFO [main] org.apache.coyote.AbstractProtocol.init Initializing ProtocolHandler ["http-nio-8082"]
08-Jul-2026 12:12:05.038 INFO [main] org.apache.catalina.startup.Catalina.load Server initialization in [458] milliseconds
08-Jul-2026 12:12:05.078 INFO [main] org.apache.catalina.core.StandardService.startInternal Starting service [Catalina]
08-Jul-2026 12:12:05.078 INFO [main] org.apache.catalina.core.StandardEngine.startInternal Starting Servlet engine: [Apache Tomcat/9.0.89]
08-Jul-2026 12:12:05.086 INFO [main] org.apache.catalina.startup.HostConfig.deployDirectory Deploying web application directory [C:\Temp\Tomcat_compartido\webapps\aerrigochan]
08-Jul-2026 12:12:05.694 INFO [main] org.apache.jasper.servlet.TldScanner.scanJars At least one JAR was scanned for TLDs yet contained no TLDs. Enable debug logging for this logger for a complete list of JARs that were scanned but no TLDs were found in them. Skipping unneeded JARs during scanning can improve startup time and JSP compilation time.
08-Jul-2026 12:12:05.770 INFO [main] org.apache.catalina.startup.HostConfig.deployDirectory Deployment of web application directory [C:\Temp\Tomcat_compartido\webapps\aerrigochan] has finished in [683] ms
08-Jul-2026 12:12:05.770 INFO [main] org.apache.catalina.startup.HostConfig.deployDirectory Deploying web application directory [C:\Temp\Tomcat_compartido\webapps\ERP]
08-Jul-2026 12:12:06.060 INFO [main] org.apache.jasper.servlet.TldScanner.scanJars At least one JAR was scanned for TLDs yet contained no TLDs. Enable debug logging for this logger for a complete list of JARs that were scanned but no TLDs were found in them. Skipping unneeded JARs during scanning can improve startup time and JSP compilation time.
08-Jul-2026 12:12:06.061 INFO [main] org.apache.catalina.startup.HostConfig.deployDirectory Deployment of web application directory [C:\Temp\Tomcat_compartido\webapps\ERP] has finished in [291] ms
08-Jul-2026 12:12:06.061 INFO [main] org.apache.catalina.startup.HostConfig.deployDirectory Deploying web application directory [C:\Temp\Tomcat_compartido\webapps\ERP 2]
08-Jul-2026 12:12:06.378 INFO [main] org.apache.jasper.servlet.TldScanner.scanJars At least one JAR was scanned for TLDs yet contained no TLDs. Enable debug logging for this logger for a complete list of JARs that were scanned but no TLDs were found in them. Skipping unneeded JARs during scanning can improve startup time and JSP compilation time.
08-Jul-2026 12:12:06.383 INFO [main] org.apache.catalina.startup.HostConfig.deployDirectory Deployment of web application directory [C:\Temp\Tomcat_compartido\webapps\ERP 2] has finished in [322] ms
08-Jul-2026 12:12:06.383 INFO [main] org.apache.catalina.startup.HostConfig.deployDirectory Deploying web application directory [C:\Temp\Tomcat_compartido\webapps\host-manager]
08-Jul-2026 12:12:06.629 INFO [main] org.apache.jasper.servlet.TldScanner.scanJars At least one JAR was scanned for TLDs yet contained no TLDs. Enable debug logging for this logger for a complete list of JARs that were scanned but no TLDs were found in them. Skipping unneeded JARs during scanning can improve startup time and JSP compilation time.
08-Jul-2026 12:12:06.640 INFO [main] org.apache.catalina.startup.HostConfig.deployDirectory Deployment of web application directory [C:\Temp\Tomcat_compartido\webapps\host-manager] has finished in [257] ms
08-Jul-2026 12:12:06.642 INFO [main] org.apache.catalina.startup.HostConfig.deployDirectory Deploying web application directory [C:\Temp\Tomcat_compartido\webapps\manager]
08-Jul-2026 12:12:06.872 INFO [main] org.apache.jasper.servlet.TldScanner.scanJars At least one JAR was scanned for TLDs yet contained no TLDs. Enable debug logging for this logger for a complete list of JARs that were scanned but no TLDs were found in them. Skipping unneeded JARs during scanning can improve startup time and JSP compilation time.
08-Jul-2026 12:12:06.876 INFO [main] org.apache.catalina.startup.HostConfig.deployDirectory Deployment of web application directory [C:\Temp\Tomcat_compartido\webapps\manager] has finished in [233] ms
08-Jul-2026 12:12:06.876 INFO [main] org.apache.catalina.startup.HostConfig.deployDirectory Deploying web application directory [C:\Temp\Tomcat_compartido\webapps\ROOT]
08-Jul-2026 12:12:07.115 INFO [main] org.apache.jasper.servlet.TldScanner.scanJars At least one JAR was scanned for TLDs yet contained no TLDs. Enable debug logging for this logger for a complete list of JARs that were scanned but no TLDs were found in them. Skipping unneeded JARs during scanning can improve startup time and JSP compilation time.
08-Jul-2026 12:12:07.118 INFO [main] org.apache.catalina.startup.HostConfig.deployDirectory Deployment of web application directory [C:\Temp\Tomcat_compartido\webapps\ROOT] has finished in [242] ms
08-Jul-2026 12:12:07.118 INFO [main] org.apache.catalina.startup.HostConfig.deployDirectory Deploying web application directory [C:\Temp\Tomcat_compartido\webapps\Servlet1]
08-Jul-2026 12:12:07.367 INFO [main] org.apache.jasper.servlet.TldScanner.scanJars At least one JAR was scanned for TLDs yet contained no TLDs. Enable debug logging for this logger for a complete list of JARs that were scanned but no TLDs were found in them. Skipping unneeded JARs during scanning can improve startup time and JSP compilation time.
08-Jul-2026 12:12:07.367 INFO [main] org.apache.catalina.startup.HostConfig.deployDirectory Deployment of web application directory [C:\Temp\Tomcat_compartido\webapps\Servlet1] has finished in [249] ms
08-Jul-2026 12:12:07.367 INFO [main] org.apache.catalina.startup.HostConfig.deployDirectory Deploying web application directory [C:\Temp\Tomcat_compartido\webapps\Test1]
08-Jul-2026 12:12:07.579 INFO [main] org.apache.jasper.servlet.TldScanner.scanJars At least one JAR was scanned for TLDs yet contained no TLDs. Enable debug logging for this logger for a complete list of JARs that were scanned but no TLDs were found in them. Skipping unneeded JARs during scanning can improve startup time and JSP compilation time.
08-Jul-2026 12:12:07.588 INFO [main] org.apache.catalina.startup.HostConfig.deployDirectory Deployment of web application directory [C:\Temp\Tomcat_compartido\webapps\Test1] has finished in [221] ms
08-Jul-2026 12:12:07.588 INFO [main] org.apache.catalina.startup.HostConfig.deployDirectory Deploying web application directory [C:\Temp\Tomcat_compartido\webapps\trabajogr]
08-Jul-2026 12:12:07.867 INFO [main] org.apache.jasper.servlet.TldScanner.scanJars At least one JAR was scanned for TLDs yet contained no TLDs. Enable debug logging for this logger for a complete list of JARs that were scanned but no TLDs were found in them. Skipping unneeded JARs during scanning can improve startup time and JSP compilation time.
08-Jul-2026 12:12:07.885 INFO [main] org.apache.catalina.startup.HostConfig.deployDirectory Deployment of web application directory [C:\Temp\Tomcat_compartido\webapps\trabajogr] has finished in [297] ms
08-Jul-2026 12:12:07.893 INFO [main] org.apache.coyote.AbstractProtocol.start Starting ProtocolHandler ["http-nio-8082"]
08-Jul-2026 12:12:07.938 INFO [main] org.apache.catalina.startup.Catalina.start Server startup in [2897] milliseconds
08-Jul-2026 12:14:11.050 INFO [main] org.apache.catalina.startup.VersionLoggerListener.log Server version name:   Apache Tomcat/9.0.89
08-Jul-2026 12:14:11.061 INFO [main] org.apache.catalina.startup.VersionLoggerListener.log Server built:          May 3 2024 20:22:11 UTC
08-Jul-2026 12:14:11.061 INFO [main] org.apache.catalina.startup.VersionLoggerListener.log Server version number: 9.0.89.0
08-Jul-2026 12:14:11.061 INFO [main] org.apache.catalina.startup.VersionLoggerListener.log OS Name:               Windows 11
08-Jul-2026 12:14:11.061 INFO [main] org.apache.catalina.startup.VersionLoggerListener.log OS Version:            10.0
08-Jul-2026 12:14:11.061 INFO [main] org.apache.catalina.startup.VersionLoggerListener.log Architecture:          amd64
08-Jul-2026 12:14:11.061 INFO [main] org.apache.catalina.startup.VersionLoggerListener.log Java Home:             C:\Temp\Programs\JavaStack\jdk-17.0.19+10
08-Jul-2026 12:14:11.061 INFO [main] org.apache.catalina.startup.VersionLoggerListener.log JVM Version:           17.0.19+10-LTS
08-Jul-2026 12:14:11.061 INFO [main] org.apache.catalina.startup.VersionLoggerListener.log JVM Vendor:            Microsoft
08-Jul-2026 12:14:11.061 INFO [main] org.apache.catalina.startup.VersionLoggerListener.log CATALINA_BASE:         C:\Temp\Tomcat_compartido
08-Jul-2026 12:14:11.061 INFO [main] org.apache.catalina.startup.VersionLoggerListener.log CATALINA_HOME:         C:\Temp\Programs\JavaStack\apache-tomcat-9.0.89
08-Jul-2026 12:14:11.068 INFO [main] org.apache.catalina.startup.VersionLoggerListener.log Command line argument: -Djava.util.logging.config.file=C:\Temp\Tomcat_compartido/conf/logging.properties
08-Jul-2026 12:14:11.068 INFO [main] org.apache.catalina.startup.VersionLoggerListener.log Command line argument: -Djava.util.logging.manager=org.apache.juli.ClassLoaderLogManager
08-Jul-2026 12:14:11.068 INFO [main] org.apache.catalina.startup.VersionLoggerListener.log Command line argument: -Djdk.tls.ephemeralDHKeySize=2048
08-Jul-2026 12:14:11.068 INFO [main] org.apache.catalina.startup.VersionLoggerListener.log Command line argument: -Djava.protocol.handler.pkgs=org.apache.catalina.webresources
08-Jul-2026 12:14:11.068 INFO [main] org.apache.catalina.startup.VersionLoggerListener.log Command line argument: -Dorg.apache.catalina.security.SecurityListener.UMASK=0027
08-Jul-2026 12:14:11.068 INFO [main] org.apache.catalina.startup.VersionLoggerListener.log Command line argument: -Dcatalina.base=C:\Temp\Tomcat_compartido
08-Jul-2026 12:14:11.068 INFO [main] org.apache.catalina.startup.VersionLoggerListener.log Command line argument: -Dcatalina.home=C:\Temp\Programs\JavaStack\apache-tomcat-9.0.89
08-Jul-2026 12:14:11.068 INFO [main] org.apache.catalina.startup.VersionLoggerListener.log Command line argument: -Djava.io.tmpdir=C:\Temp\Tomcat_compartido/temp
08-Jul-2026 12:14:11.080 INFO [main] org.apache.catalina.core.AprLifecycleListener.lifecycleEvent The Apache Tomcat Native library which allows using OpenSSL was not found on the java.library.path: [C:\Temp\Programs\JavaStack\jdk-17.0.19+10\bin;C:\WINDOWS\Sun\Java\bin;C:\WINDOWS\system32;C:\WINDOWS;C:\Temp\Programs\JavaStack\jdk1.8.0_131\bin;C:\Temp\Programs\JavaStack\jdk1.8.0_131\db\bin;C:\Temp\Programs\JavaStack\squirrelsql-4.0.0-standard;C:\Temp\Programs\JavaStack\apache-tomcat-9.0.89\bin;c:\Users\Aldoa\AppData\Roaming\Code\User\globalStorage\github.copilot-chat\debugCommand;c:\Users\Aldoa\AppData\Roaming\Code\User\globalStorage\github.copilot-chat\copilotCli;C:\WINDOWS\system32;C:\WINDOWS;C:\WINDOWS\System32\Wbem;C:\WINDOWS\System32\WindowsPowerShell\v1.0\;C:\WINDOWS\System32\OpenSSH\;C:\Program Files\dotnet\;C:\Users\Aldoa\Desktop\Infor\bin;C:\Program Files\Microsoft SQL Server Migration Assistant for Access\bin\;C:\Users\Aldoa\OneDrive\Desktop\;C:\Program Files\Git\cmd;C:\Program Files\nodejs\;C:\Users\Aldoa\AppData\Local\Microsoft\WindowsApps;C:\Users\Aldoa\AppData\Local\Programs\Microsoft VS Code\bin;C:\Users\Aldoa\AppData\Local\Programs\cursor\resources\app\bin;C:\Users\Aldoa\AppData\Roaming\npm;C:\Temp\Programs\JavaStack\jdk-17.0.19+10\bin;C:\Temp\Programs\JavaStack\apache-maven-3.9.16\bin;c:\Users\Aldoa\.vscode\extensions\vscjava.vscode-java-debug-0.59.0\bundled\scripts\noConfigScripts;.]
08-Jul-2026 12:14:11.365 INFO [main] org.apache.coyote.AbstractProtocol.init Initializing ProtocolHandler ["http-nio-8082"]
08-Jul-2026 12:14:11.395 INFO [main] org.apache.catalina.startup.Catalina.load Server initialization in [484] milliseconds
08-Jul-2026 12:14:11.431 INFO [main] org.apache.catalina.core.StandardService.startInternal Starting service [Catalina]
08-Jul-2026 12:14:11.431 INFO [main] org.apache.catalina.core.StandardEngine.startInternal Starting Servlet engine: [Apache Tomcat/9.0.89]
08-Jul-2026 12:14:11.444 INFO [main] org.apache.catalina.startup.HostConfig.deployDirectory Deploying web application directory [C:\Temp\Tomcat_compartido\webapps\aerrigochan]
08-Jul-2026 12:14:11.961 INFO [main] org.apache.jasper.servlet.TldScanner.scanJars At least one JAR was scanned for TLDs yet contained no TLDs. Enable debug logging for this logger for a complete list of JARs that were scanned but no TLDs were found in them. Skipping unneeded JARs during scanning can improve startup time and JSP compilation time.
08-Jul-2026 12:14:12.033 INFO [main] org.apache.catalina.startup.HostConfig.deployDirectory Deployment of web application directory [C:\Temp\Tomcat_compartido\webapps\aerrigochan] has finished in [589] ms
08-Jul-2026 12:14:12.033 INFO [main] org.apache.catalina.startup.HostConfig.deployDirectory Deploying web application directory [C:\Temp\Tomcat_compartido\webapps\ERP]
08-Jul-2026 12:14:12.315 INFO [main] org.apache.jasper.servlet.TldScanner.scanJars At least one JAR was scanned for TLDs yet contained no TLDs. Enable debug logging for this logger for a complete list of JARs that were scanned but no TLDs were found in them. Skipping unneeded JARs during scanning can improve startup time and JSP compilation time.
08-Jul-2026 12:14:12.331 INFO [main] org.apache.catalina.startup.HostConfig.deployDirectory Deployment of web application directory [C:\Temp\Tomcat_compartido\webapps\ERP] has finished in [298] ms
08-Jul-2026 12:14:12.331 INFO [main] org.apache.catalina.startup.HostConfig.deployDirectory Deploying web application directory [C:\Temp\Tomcat_compartido\webapps\ERP 2]
08-Jul-2026 12:14:12.623 INFO [main] org.apache.jasper.servlet.TldScanner.scanJars At least one JAR was scanned for TLDs yet contained no TLDs. Enable debug logging for this logger for a complete list of JARs that were scanned but no TLDs were found in them. Skipping unneeded JARs during scanning can improve startup time and JSP compilation time.
08-Jul-2026 12:14:12.626 INFO [main] org.apache.catalina.startup.HostConfig.deployDirectory Deployment of web application directory [C:\Temp\Tomcat_compartido\webapps\ERP 2] has finished in [295] ms
08-Jul-2026 12:14:12.626 INFO [main] org.apache.catalina.startup.HostConfig.deployDirectory Deploying web application directory [C:\Temp\Tomcat_compartido\webapps\host-manager]
08-Jul-2026 12:14:12.866 INFO [main] org.apache.jasper.servlet.TldScanner.scanJars At least one JAR was scanned for TLDs yet contained no TLDs. Enable debug logging for this logger for a complete list of JARs that were scanned but no TLDs were found in them. Skipping unneeded JARs during scanning can improve startup time and JSP compilation time.
08-Jul-2026 12:14:12.876 INFO [main] org.apache.catalina.startup.HostConfig.deployDirectory Deployment of web application directory [C:\Temp\Tomcat_compartido\webapps\host-manager] has finished in [250] ms
08-Jul-2026 12:14:12.877 INFO [main] org.apache.catalina.startup.HostConfig.deployDirectory Deploying web application directory [C:\Temp\Tomcat_compartido\webapps\manager]
08-Jul-2026 12:14:13.126 INFO [main] org.apache.jasper.servlet.TldScanner.scanJars At least one JAR was scanned for TLDs yet contained no TLDs. Enable debug logging for this logger for a complete list of JARs that were scanned but no TLDs were found in them. Skipping unneeded JARs during scanning can improve startup time and JSP compilation time.
08-Jul-2026 12:14:13.129 INFO [main] org.apache.catalina.startup.HostConfig.deployDirectory Deployment of web application directory [C:\Temp\Tomcat_compartido\webapps\manager] has finished in [253] ms
08-Jul-2026 12:14:13.129 INFO [main] org.apache.catalina.startup.HostConfig.deployDirectory Deploying web application directory [C:\Temp\Tomcat_compartido\webapps\ROOT]
08-Jul-2026 12:14:13.386 INFO [main] org.apache.jasper.servlet.TldScanner.scanJars At least one JAR was scanned for TLDs yet contained no TLDs. Enable debug logging for this logger for a complete list of JARs that were scanned but no TLDs were found in them. Skipping unneeded JARs during scanning can improve startup time and JSP compilation time.
08-Jul-2026 12:14:13.388 INFO [main] org.apache.catalina.startup.HostConfig.deployDirectory Deployment of web application directory [C:\Temp\Tomcat_compartido\webapps\ROOT] has finished in [259] ms
08-Jul-2026 12:14:13.388 INFO [main] org.apache.catalina.startup.HostConfig.deployDirectory Deploying web application directory [C:\Temp\Tomcat_compartido\webapps\Servlet1]
08-Jul-2026 12:14:13.600 INFO [main] org.apache.jasper.servlet.TldScanner.scanJars At least one JAR was scanned for TLDs yet contained no TLDs. Enable debug logging for this logger for a complete list of JARs that were scanned but no TLDs were found in them. Skipping unneeded JARs during scanning can improve startup time and JSP compilation time.
08-Jul-2026 12:14:13.600 INFO [main] org.apache.catalina.startup.HostConfig.deployDirectory Deployment of web application directory [C:\Temp\Tomcat_compartido\webapps\Servlet1] has finished in [212] ms
08-Jul-2026 12:14:13.600 INFO [main] org.apache.catalina.startup.HostConfig.deployDirectory Deploying web application directory [C:\Temp\Tomcat_compartido\webapps\Test1]
08-Jul-2026 12:14:13.853 INFO [main] org.apache.jasper.servlet.TldScanner.scanJars At least one JAR was scanned for TLDs yet contained no TLDs. Enable debug logging for this logger for a complete list of JARs that were scanned but no TLDs were found in them. Skipping unneeded JARs during scanning can improve startup time and JSP compilation time.
08-Jul-2026 12:14:13.853 INFO [main] org.apache.catalina.startup.HostConfig.deployDirectory Deployment of web application directory [C:\Temp\Tomcat_compartido\webapps\Test1] has finished in [253] ms
08-Jul-2026 12:14:13.853 INFO [main] org.apache.catalina.startup.HostConfig.deployDirectory Deploying web application directory [C:\Temp\Tomcat_compartido\webapps\trabajogr]
08-Jul-2026 12:14:14.138 INFO [main] org.apache.jasper.servlet.TldScanner.scanJars At least one JAR was scanned for TLDs yet contained no TLDs. Enable debug logging for this logger for a complete list of JARs that were scanned but no TLDs were found in them. Skipping unneeded JARs during scanning can improve startup time and JSP compilation time.
08-Jul-2026 12:14:14.141 INFO [main] org.apache.catalina.startup.HostConfig.deployDirectory Deployment of web application directory [C:\Temp\Tomcat_compartido\webapps\trabajogr] has finished in [288] ms
08-Jul-2026 12:14:14.145 INFO [main] org.apache.coyote.AbstractProtocol.start Starting ProtocolHandler ["http-nio-8082"]
08-Jul-2026 12:14:14.185 INFO [main] org.apache.catalina.startup.Catalina.start Server startup in [2789] milliseconds
