01-Jul-2026 15:31:22.606 INFO [main] org.apache.catalina.startup.VersionLoggerListener.log Server version name:   Apache Tomcat/9.0.89
01-Jul-2026 15:31:22.621 INFO [main] org.apache.catalina.startup.VersionLoggerListener.log Server built:          May 3 2024 20:22:11 UTC
01-Jul-2026 15:31:22.622 INFO [main] org.apache.catalina.startup.VersionLoggerListener.log Server version number: 9.0.89.0
01-Jul-2026 15:31:22.622 INFO [main] org.apache.catalina.startup.VersionLoggerListener.log OS Name:               Windows 11
01-Jul-2026 15:31:22.622 INFO [main] org.apache.catalina.startup.VersionLoggerListener.log OS Version:            10.0
01-Jul-2026 15:31:22.622 INFO [main] org.apache.catalina.startup.VersionLoggerListener.log Architecture:          amd64
01-Jul-2026 15:31:22.622 INFO [main] org.apache.catalina.startup.VersionLoggerListener.log Java Home:             C:\Temp\Programs\JavaStack\jdk-17.0.19+10
01-Jul-2026 15:31:22.623 INFO [main] org.apache.catalina.startup.VersionLoggerListener.log JVM Version:           17.0.19+10-LTS
01-Jul-2026 15:31:22.623 INFO [main] org.apache.catalina.startup.VersionLoggerListener.log JVM Vendor:            Microsoft
01-Jul-2026 15:31:22.623 INFO [main] org.apache.catalina.startup.VersionLoggerListener.log CATALINA_BASE:         C:\Temp\Tomcat_compartido
01-Jul-2026 15:31:22.623 INFO [main] org.apache.catalina.startup.VersionLoggerListener.log CATALINA_HOME:         C:\Temp\Programs\JavaStack\apache-tomcat-9.0.89
01-Jul-2026 15:31:22.645 INFO [main] org.apache.catalina.startup.VersionLoggerListener.log Command line argument: -Djava.util.logging.config.file=C:\Temp\Tomcat_compartido/conf/logging.properties
01-Jul-2026 15:31:22.645 INFO [main] org.apache.catalina.startup.VersionLoggerListener.log Command line argument: -Djava.util.logging.manager=org.apache.juli.ClassLoaderLogManager
01-Jul-2026 15:31:22.645 INFO [main] org.apache.catalina.startup.VersionLoggerListener.log Command line argument: -Djdk.tls.ephemeralDHKeySize=2048
01-Jul-2026 15:31:22.645 INFO [main] org.apache.catalina.startup.VersionLoggerListener.log Command line argument: -Djava.protocol.handler.pkgs=org.apache.catalina.webresources
01-Jul-2026 15:31:22.645 INFO [main] org.apache.catalina.startup.VersionLoggerListener.log Command line argument: -Dorg.apache.catalina.security.SecurityListener.UMASK=0027
01-Jul-2026 15:31:22.645 INFO [main] org.apache.catalina.startup.VersionLoggerListener.log Command line argument: -Dcatalina.base=C:\Temp\Tomcat_compartido
01-Jul-2026 15:31:22.645 INFO [main] org.apache.catalina.startup.VersionLoggerListener.log Command line argument: -Dcatalina.home=C:\Temp\Programs\JavaStack\apache-tomcat-9.0.89
01-Jul-2026 15:31:22.645 INFO [main] org.apache.catalina.startup.VersionLoggerListener.log Command line argument: -Djava.io.tmpdir=C:\Temp\Tomcat_compartido/temp
01-Jul-2026 15:31:22.647 INFO [main] org.apache.catalina.core.AprLifecycleListener.lifecycleEvent The Apache Tomcat Native library which allows using OpenSSL was not found on the java.library.path: [C:\Temp\Programs\JavaStack\jdk-17.0.19+10\bin;C:\WINDOWS\Sun\Java\bin;C:\WINDOWS\system32;C:\WINDOWS;C:\WINDOWS\system32;C:\WINDOWS;C:\WINDOWS\System32\Wbem;C:\WINDOWS\System32\WindowsPowerShell\v1.0\;C:\WINDOWS\System32\OpenSSH\;C:\Program Files\dotnet\;C:\Users\Aldoa\Desktop\Infor\bin;C:\Program Files\Microsoft SQL Server Migration Assistant for Access\bin\;C:\Users\Aldoa\OneDrive\Desktop\;C:\Program Files\Git\cmd;C:\Program Files\nodejs\;C:\Users\Aldoa\AppData\Local\Microsoft\WindowsApps;C:\Users\Aldoa\AppData\Local\Programs\Microsoft VS Code\bin;C:\Users\Aldoa\AppData\Local\Programs\cursor\resources\app\bin;C:\Users\Aldoa\AppData\Roaming\npm;C:\Temp\Programs\JavaStack\jdk-17.0.19+10\bin;C:\Temp\Programs\JavaStack\apache-maven-3.9.16\bin;;.]
01-Jul-2026 15:31:23.057 INFO [main] org.apache.coyote.AbstractProtocol.init Initializing ProtocolHandler ["http-nio-8082"]
01-Jul-2026 15:31:23.110 INFO [main] org.apache.catalina.startup.Catalina.load Server initialization in [837] milliseconds
01-Jul-2026 15:31:23.241 INFO [main] org.apache.catalina.core.StandardService.startInternal Starting service [Catalina]
01-Jul-2026 15:31:23.242 INFO [main] org.apache.catalina.core.StandardEngine.startInternal Starting Servlet engine: [Apache Tomcat/9.0.89]
01-Jul-2026 15:31:23.257 INFO [main] org.apache.catalina.startup.HostConfig.deployDirectory Deploying web application directory [C:\Temp\Tomcat_compartido\webapps\ERP]
01-Jul-2026 15:31:24.578 INFO [main] org.apache.jasper.servlet.TldScanner.scanJars At least one JAR was scanned for TLDs yet contained no TLDs. Enable debug logging for this logger for a complete list of JARs that were scanned but no TLDs were found in them. Skipping unneeded JARs during scanning can improve startup time and JSP compilation time.
01-Jul-2026 15:31:24.747 INFO [main] org.apache.catalina.startup.HostConfig.deployDirectory Deployment of web application directory [C:\Temp\Tomcat_compartido\webapps\ERP] has finished in [1,489] ms
01-Jul-2026 15:31:24.748 INFO [main] org.apache.catalina.startup.HostConfig.deployDirectory Deploying web application directory [C:\Temp\Tomcat_compartido\webapps\host-manager]
01-Jul-2026 15:31:25.526 INFO [main] org.apache.jasper.servlet.TldScanner.scanJars At least one JAR was scanned for TLDs yet contained no TLDs. Enable debug logging for this logger for a complete list of JARs that were scanned but no TLDs were found in them. Skipping unneeded JARs during scanning can improve startup time and JSP compilation time.
01-Jul-2026 15:31:25.553 INFO [main] org.apache.catalina.startup.HostConfig.deployDirectory Deployment of web application directory [C:\Temp\Tomcat_compartido\webapps\host-manager] has finished in [806] ms
01-Jul-2026 15:31:25.554 INFO [main] org.apache.catalina.startup.HostConfig.deployDirectory Deploying web application directory [C:\Temp\Tomcat_compartido\webapps\manager]
01-Jul-2026 15:31:26.178 INFO [main] org.apache.jasper.servlet.TldScanner.scanJars At least one JAR was scanned for TLDs yet contained no TLDs. Enable debug logging for this logger for a complete list of JARs that were scanned but no TLDs were found in them. Skipping unneeded JARs during scanning can improve startup time and JSP compilation time.
01-Jul-2026 15:31:26.185 INFO [main] org.apache.catalina.startup.HostConfig.deployDirectory Deployment of web application directory [C:\Temp\Tomcat_compartido\webapps\manager] has finished in [630] ms
01-Jul-2026 15:31:26.185 INFO [main] org.apache.catalina.startup.HostConfig.deployDirectory Deploying web application directory [C:\Temp\Tomcat_compartido\webapps\ROOT]
01-Jul-2026 15:31:26.643 INFO [main] org.apache.jasper.servlet.TldScanner.scanJars At least one JAR was scanned for TLDs yet contained no TLDs. Enable debug logging for this logger for a complete list of JARs that were scanned but no TLDs were found in them. Skipping unneeded JARs during scanning can improve startup time and JSP compilation time.
01-Jul-2026 15:31:26.652 INFO [main] org.apache.catalina.startup.HostConfig.deployDirectory Deployment of web application directory [C:\Temp\Tomcat_compartido\webapps\ROOT] has finished in [467] ms
01-Jul-2026 15:31:26.654 INFO [main] org.apache.catalina.startup.HostConfig.deployDirectory Deploying web application directory [C:\Temp\Tomcat_compartido\webapps\Servlet1]
01-Jul-2026 15:31:27.200 INFO [main] org.apache.jasper.servlet.TldScanner.scanJars At least one JAR was scanned for TLDs yet contained no TLDs. Enable debug logging for this logger for a complete list of JARs that were scanned but no TLDs were found in them. Skipping unneeded JARs during scanning can improve startup time and JSP compilation time.
01-Jul-2026 15:31:27.207 INFO [main] org.apache.catalina.startup.HostConfig.deployDirectory Deployment of web application directory [C:\Temp\Tomcat_compartido\webapps\Servlet1] has finished in [554] ms
01-Jul-2026 15:31:27.208 INFO [main] org.apache.catalina.startup.HostConfig.deployDirectory Deploying web application directory [C:\Temp\Tomcat_compartido\webapps\test-r1]
01-Jul-2026 15:31:27.616 INFO [main] org.apache.jasper.servlet.TldScanner.scanJars At least one JAR was scanned for TLDs yet contained no TLDs. Enable debug logging for this logger for a complete list of JARs that were scanned but no TLDs were found in them. Skipping unneeded JARs during scanning can improve startup time and JSP compilation time.
01-Jul-2026 15:31:27.623 INFO [main] org.apache.catalina.startup.HostConfig.deployDirectory Deployment of web application directory [C:\Temp\Tomcat_compartido\webapps\test-r1] has finished in [415] ms
01-Jul-2026 15:31:27.624 INFO [main] org.apache.catalina.startup.HostConfig.deployDirectory Deploying web application directory [C:\Temp\Tomcat_compartido\webapps\Test2]
01-Jul-2026 15:31:28.101 INFO [main] org.apache.jasper.servlet.TldScanner.scanJars At least one JAR was scanned for TLDs yet contained no TLDs. Enable debug logging for this logger for a complete list of JARs that were scanned but no TLDs were found in them. Skipping unneeded JARs during scanning can improve startup time and JSP compilation time.
01-Jul-2026 15:31:28.108 INFO [main] org.apache.catalina.startup.HostConfig.deployDirectory Deployment of web application directory [C:\Temp\Tomcat_compartido\webapps\Test2] has finished in [485] ms
01-Jul-2026 15:31:28.108 INFO [main] org.apache.catalina.startup.HostConfig.deployDirectory Deploying web application directory [C:\Temp\Tomcat_compartido\webapps\trabajogr]
01-Jul-2026 15:31:29.849 INFO [main] org.apache.jasper.servlet.TldScanner.scanJars At least one JAR was scanned for TLDs yet contained no TLDs. Enable debug logging for this logger for a complete list of JARs that were scanned but no TLDs were found in them. Skipping unneeded JARs during scanning can improve startup time and JSP compilation time.
01-Jul-2026 15:31:29.856 INFO [main] org.apache.catalina.startup.HostConfig.deployDirectory Deployment of web application directory [C:\Temp\Tomcat_compartido\webapps\trabajogr] has finished in [1,748] ms
01-Jul-2026 15:31:29.865 INFO [main] org.apache.coyote.AbstractProtocol.start Starting ProtocolHandler ["http-nio-8082"]
01-Jul-2026 15:31:29.936 INFO [main] org.apache.catalina.startup.Catalina.start Server startup in [6825] milliseconds
01-Jul-2026 15:37:44.694 INFO [main] org.apache.catalina.startup.VersionLoggerListener.log Server version name:   Apache Tomcat/9.0.89
01-Jul-2026 15:37:44.699 INFO [main] org.apache.catalina.startup.VersionLoggerListener.log Server built:          May 3 2024 20:22:11 UTC
01-Jul-2026 15:37:44.699 INFO [main] org.apache.catalina.startup.VersionLoggerListener.log Server version number: 9.0.89.0
01-Jul-2026 15:37:44.699 INFO [main] org.apache.catalina.startup.VersionLoggerListener.log OS Name:               Windows 11
01-Jul-2026 15:37:44.699 INFO [main] org.apache.catalina.startup.VersionLoggerListener.log OS Version:            10.0
01-Jul-2026 15:37:44.699 INFO [main] org.apache.catalina.startup.VersionLoggerListener.log Architecture:          amd64
01-Jul-2026 15:37:44.699 INFO [main] org.apache.catalina.startup.VersionLoggerListener.log Java Home:             C:\Temp\Programs\JavaStack\jdk-17.0.19+10
01-Jul-2026 15:37:44.699 INFO [main] org.apache.catalina.startup.VersionLoggerListener.log JVM Version:           17.0.19+10-LTS
01-Jul-2026 15:37:44.699 INFO [main] org.apache.catalina.startup.VersionLoggerListener.log JVM Vendor:            Microsoft
01-Jul-2026 15:37:44.699 INFO [main] org.apache.catalina.startup.VersionLoggerListener.log CATALINA_BASE:         C:\Temp\Tomcat_compartido
01-Jul-2026 15:37:44.699 INFO [main] org.apache.catalina.startup.VersionLoggerListener.log CATALINA_HOME:         C:\Temp\Programs\JavaStack\apache-tomcat-9.0.89
01-Jul-2026 15:37:44.711 INFO [main] org.apache.catalina.startup.VersionLoggerListener.log Command line argument: -Djava.util.logging.config.file=C:\Temp\Tomcat_compartido/conf/logging.properties
01-Jul-2026 15:37:44.711 INFO [main] org.apache.catalina.startup.VersionLoggerListener.log Command line argument: -Djava.util.logging.manager=org.apache.juli.ClassLoaderLogManager
01-Jul-2026 15:37:44.711 INFO [main] org.apache.catalina.startup.VersionLoggerListener.log Command line argument: -Djdk.tls.ephemeralDHKeySize=2048
01-Jul-2026 15:37:44.711 INFO [main] org.apache.catalina.startup.VersionLoggerListener.log Command line argument: -Djava.protocol.handler.pkgs=org.apache.catalina.webresources
01-Jul-2026 15:37:44.711 INFO [main] org.apache.catalina.startup.VersionLoggerListener.log Command line argument: -Dorg.apache.catalina.security.SecurityListener.UMASK=0027
01-Jul-2026 15:37:44.711 INFO [main] org.apache.catalina.startup.VersionLoggerListener.log Command line argument: -Dcatalina.base=C:\Temp\Tomcat_compartido
01-Jul-2026 15:37:44.711 INFO [main] org.apache.catalina.startup.VersionLoggerListener.log Command line argument: -Dcatalina.home=C:\Temp\Programs\JavaStack\apache-tomcat-9.0.89
01-Jul-2026 15:37:44.711 INFO [main] org.apache.catalina.startup.VersionLoggerListener.log Command line argument: -Djava.io.tmpdir=C:\Temp\Tomcat_compartido/temp
01-Jul-2026 15:37:44.717 INFO [main] org.apache.catalina.core.AprLifecycleListener.lifecycleEvent The Apache Tomcat Native library which allows using OpenSSL was not found on the java.library.path: [C:\Temp\Programs\JavaStack\jdk-17.0.19+10\bin;C:\WINDOWS\Sun\Java\bin;C:\WINDOWS\system32;C:\WINDOWS;C:\WINDOWS\system32;C:\WINDOWS;C:\WINDOWS\System32\Wbem;C:\WINDOWS\System32\WindowsPowerShell\v1.0\;C:\WINDOWS\System32\OpenSSH\;C:\Program Files\dotnet\;C:\Users\Aldoa\Desktop\Infor\bin;C:\Program Files\Microsoft SQL Server Migration Assistant for Access\bin\;C:\Users\Aldoa\OneDrive\Desktop\;C:\Program Files\Git\cmd;C:\Program Files\nodejs\;C:\Users\Aldoa\AppData\Local\Microsoft\WindowsApps;C:\Users\Aldoa\AppData\Local\Programs\Microsoft VS Code\bin;C:\Users\Aldoa\AppData\Local\Programs\cursor\resources\app\bin;C:\Users\Aldoa\AppData\Roaming\npm;C:\Temp\Programs\JavaStack\jdk-17.0.19+10\bin;C:\Temp\Programs\JavaStack\apache-maven-3.9.16\bin;;.]
01-Jul-2026 15:37:44.943 INFO [main] org.apache.coyote.AbstractProtocol.init Initializing ProtocolHandler ["http-nio-8082"]
01-Jul-2026 15:37:44.967 INFO [main] org.apache.catalina.startup.Catalina.load Server initialization in [425] milliseconds
01-Jul-2026 15:37:45.017 INFO [main] org.apache.catalina.core.StandardService.startInternal Starting service [Catalina]
01-Jul-2026 15:37:45.017 INFO [main] org.apache.catalina.core.StandardEngine.startInternal Starting Servlet engine: [Apache Tomcat/9.0.89]
01-Jul-2026 15:37:45.026 INFO [main] org.apache.catalina.startup.HostConfig.deployDirectory Deploying web application directory [C:\Temp\Tomcat_compartido\webapps\ERP]
01-Jul-2026 15:37:45.575 INFO [main] org.apache.jasper.servlet.TldScanner.scanJars At least one JAR was scanned for TLDs yet contained no TLDs. Enable debug logging for this logger for a complete list of JARs that were scanned but no TLDs were found in them. Skipping unneeded JARs during scanning can improve startup time and JSP compilation time.
01-Jul-2026 15:37:45.642 INFO [main] org.apache.catalina.startup.HostConfig.deployDirectory Deployment of web application directory [C:\Temp\Tomcat_compartido\webapps\ERP] has finished in [615] ms
01-Jul-2026 15:37:45.642 INFO [main] org.apache.catalina.startup.HostConfig.deployDirectory Deploying web application directory [C:\Temp\Tomcat_compartido\webapps\host-manager]
01-Jul-2026 15:37:45.879 INFO [main] org.apache.jasper.servlet.TldScanner.scanJars At least one JAR was scanned for TLDs yet contained no TLDs. Enable debug logging for this logger for a complete list of JARs that were scanned but no TLDs were found in them. Skipping unneeded JARs during scanning can improve startup time and JSP compilation time.
01-Jul-2026 15:37:45.890 INFO [main] org.apache.catalina.startup.HostConfig.deployDirectory Deployment of web application directory [C:\Temp\Tomcat_compartido\webapps\host-manager] has finished in [247] ms
01-Jul-2026 15:37:45.890 INFO [main] org.apache.catalina.startup.HostConfig.deployDirectory Deploying web application directory [C:\Temp\Tomcat_compartido\webapps\manager]
01-Jul-2026 15:37:46.125 INFO [main] org.apache.jasper.servlet.TldScanner.scanJars At least one JAR was scanned for TLDs yet contained no TLDs. Enable debug logging for this logger for a complete list of JARs that were scanned but no TLDs were found in them. Skipping unneeded JARs during scanning can improve startup time and JSP compilation time.
01-Jul-2026 15:37:46.130 INFO [main] org.apache.catalina.startup.HostConfig.deployDirectory Deployment of web application directory [C:\Temp\Tomcat_compartido\webapps\manager] has finished in [240] ms
01-Jul-2026 15:37:46.131 INFO [main] org.apache.catalina.startup.HostConfig.deployDirectory Deploying web application directory [C:\Temp\Tomcat_compartido\webapps\ROOT]
01-Jul-2026 15:37:46.357 INFO [main] org.apache.jasper.servlet.TldScanner.scanJars At least one JAR was scanned for TLDs yet contained no TLDs. Enable debug logging for this logger for a complete list of JARs that were scanned but no TLDs were found in them. Skipping unneeded JARs during scanning can improve startup time and JSP compilation time.
01-Jul-2026 15:37:46.359 INFO [main] org.apache.catalina.startup.HostConfig.deployDirectory Deployment of web application directory [C:\Temp\Tomcat_compartido\webapps\ROOT] has finished in [228] ms
01-Jul-2026 15:37:46.360 INFO [main] org.apache.catalina.startup.HostConfig.deployDirectory Deploying web application directory [C:\Temp\Tomcat_compartido\webapps\Servlet1]
01-Jul-2026 15:37:46.604 INFO [main] org.apache.jasper.servlet.TldScanner.scanJars At least one JAR was scanned for TLDs yet contained no TLDs. Enable debug logging for this logger for a complete list of JARs that were scanned but no TLDs were found in them. Skipping unneeded JARs during scanning can improve startup time and JSP compilation time.
01-Jul-2026 15:37:46.608 INFO [main] org.apache.catalina.startup.HostConfig.deployDirectory Deployment of web application directory [C:\Temp\Tomcat_compartido\webapps\Servlet1] has finished in [247] ms
01-Jul-2026 15:37:46.608 INFO [main] org.apache.catalina.startup.HostConfig.deployDirectory Deploying web application directory [C:\Temp\Tomcat_compartido\webapps\test-r1]
01-Jul-2026 15:37:46.788 INFO [main] org.apache.jasper.servlet.TldScanner.scanJars At least one JAR was scanned for TLDs yet contained no TLDs. Enable debug logging for this logger for a complete list of JARs that were scanned but no TLDs were found in them. Skipping unneeded JARs during scanning can improve startup time and JSP compilation time.
01-Jul-2026 15:37:46.790 INFO [main] org.apache.catalina.startup.HostConfig.deployDirectory Deployment of web application directory [C:\Temp\Tomcat_compartido\webapps\test-r1] has finished in [182] ms
01-Jul-2026 15:37:46.791 INFO [main] org.apache.catalina.startup.HostConfig.deployDirectory Deploying web application directory [C:\Temp\Tomcat_compartido\webapps\Test2]
01-Jul-2026 15:37:46.988 INFO [main] org.apache.jasper.servlet.TldScanner.scanJars At least one JAR was scanned for TLDs yet contained no TLDs. Enable debug logging for this logger for a complete list of JARs that were scanned but no TLDs were found in them. Skipping unneeded JARs during scanning can improve startup time and JSP compilation time.
01-Jul-2026 15:37:46.991 INFO [main] org.apache.catalina.startup.HostConfig.deployDirectory Deployment of web application directory [C:\Temp\Tomcat_compartido\webapps\Test2] has finished in [199] ms
01-Jul-2026 15:37:46.991 INFO [main] org.apache.catalina.startup.HostConfig.deployDirectory Deploying web application directory [C:\Temp\Tomcat_compartido\webapps\trabajogr]
01-Jul-2026 15:37:47.263 INFO [main] org.apache.jasper.servlet.TldScanner.scanJars At least one JAR was scanned for TLDs yet contained no TLDs. Enable debug logging for this logger for a complete list of JARs that were scanned but no TLDs were found in them. Skipping unneeded JARs during scanning can improve startup time and JSP compilation time.
01-Jul-2026 15:37:47.265 INFO [main] org.apache.catalina.startup.HostConfig.deployDirectory Deployment of web application directory [C:\Temp\Tomcat_compartido\webapps\trabajogr] has finished in [274] ms
01-Jul-2026 15:37:47.271 INFO [main] org.apache.coyote.AbstractProtocol.start Starting ProtocolHandler ["http-nio-8082"]
01-Jul-2026 15:37:47.316 INFO [main] org.apache.catalina.startup.Catalina.start Server startup in [2347] milliseconds
01-Jul-2026 15:39:48.824 INFO [main] org.apache.catalina.startup.VersionLoggerListener.log Server version name:   Apache Tomcat/9.0.89
01-Jul-2026 15:39:48.827 INFO [main] org.apache.catalina.startup.VersionLoggerListener.log Server built:          May 3 2024 20:22:11 UTC
01-Jul-2026 15:39:48.827 INFO [main] org.apache.catalina.startup.VersionLoggerListener.log Server version number: 9.0.89.0
01-Jul-2026 15:39:48.827 INFO [main] org.apache.catalina.startup.VersionLoggerListener.log OS Name:               Windows 11
01-Jul-2026 15:39:48.827 INFO [main] org.apache.catalina.startup.VersionLoggerListener.log OS Version:            10.0
01-Jul-2026 15:39:48.828 INFO [main] org.apache.catalina.startup.VersionLoggerListener.log Architecture:          amd64
01-Jul-2026 15:39:48.828 INFO [main] org.apache.catalina.startup.VersionLoggerListener.log Java Home:             C:\Temp\Programs\JavaStack\jdk-17.0.19+10
01-Jul-2026 15:39:48.828 INFO [main] org.apache.catalina.startup.VersionLoggerListener.log JVM Version:           17.0.19+10-LTS
01-Jul-2026 15:39:48.828 INFO [main] org.apache.catalina.startup.VersionLoggerListener.log JVM Vendor:            Microsoft
01-Jul-2026 15:39:48.828 INFO [main] org.apache.catalina.startup.VersionLoggerListener.log CATALINA_BASE:         C:\Temp\Tomcat_compartido
01-Jul-2026 15:39:48.828 INFO [main] org.apache.catalina.startup.VersionLoggerListener.log CATALINA_HOME:         C:\Temp\Programs\JavaStack\apache-tomcat-9.0.89
01-Jul-2026 15:39:48.842 INFO [main] org.apache.catalina.startup.VersionLoggerListener.log Command line argument: -Djava.util.logging.config.file=C:\Temp\Tomcat_compartido/conf/logging.properties
01-Jul-2026 15:39:48.842 INFO [main] org.apache.catalina.startup.VersionLoggerListener.log Command line argument: -Djava.util.logging.manager=org.apache.juli.ClassLoaderLogManager
01-Jul-2026 15:39:48.842 INFO [main] org.apache.catalina.startup.VersionLoggerListener.log Command line argument: -Djdk.tls.ephemeralDHKeySize=2048
01-Jul-2026 15:39:48.842 INFO [main] org.apache.catalina.startup.VersionLoggerListener.log Command line argument: -Djava.protocol.handler.pkgs=org.apache.catalina.webresources
01-Jul-2026 15:39:48.842 INFO [main] org.apache.catalina.startup.VersionLoggerListener.log Command line argument: -Dorg.apache.catalina.security.SecurityListener.UMASK=0027
01-Jul-2026 15:39:48.842 INFO [main] org.apache.catalina.startup.VersionLoggerListener.log Command line argument: -Dcatalina.base=C:\Temp\Tomcat_compartido
01-Jul-2026 15:39:48.842 INFO [main] org.apache.catalina.startup.VersionLoggerListener.log Command line argument: -Dcatalina.home=C:\Temp\Programs\JavaStack\apache-tomcat-9.0.89
01-Jul-2026 15:39:48.842 INFO [main] org.apache.catalina.startup.VersionLoggerListener.log Command line argument: -Djava.io.tmpdir=C:\Temp\Tomcat_compartido/temp
01-Jul-2026 15:39:48.849 INFO [main] org.apache.catalina.core.AprLifecycleListener.lifecycleEvent The Apache Tomcat Native library which allows using OpenSSL was not found on the java.library.path: [C:\Temp\Programs\JavaStack\jdk-17.0.19+10\bin;C:\WINDOWS\Sun\Java\bin;C:\WINDOWS\system32;C:\WINDOWS;C:\WINDOWS\system32;C:\WINDOWS;C:\WINDOWS\System32\Wbem;C:\WINDOWS\System32\WindowsPowerShell\v1.0\;C:\WINDOWS\System32\OpenSSH\;C:\Program Files\dotnet\;C:\Users\Aldoa\Desktop\Infor\bin;C:\Program Files\Microsoft SQL Server Migration Assistant for Access\bin\;C:\Users\Aldoa\OneDrive\Desktop\;C:\Program Files\Git\cmd;C:\Program Files\nodejs\;C:\Users\Aldoa\AppData\Local\Microsoft\WindowsApps;C:\Users\Aldoa\AppData\Local\Programs\Microsoft VS Code\bin;C:\Users\Aldoa\AppData\Local\Programs\cursor\resources\app\bin;C:\Users\Aldoa\AppData\Roaming\npm;C:\Temp\Programs\JavaStack\jdk-17.0.19+10\bin;C:\Temp\Programs\JavaStack\apache-maven-3.9.16\bin;;.]
01-Jul-2026 15:39:49.079 INFO [main] org.apache.coyote.AbstractProtocol.init Initializing ProtocolHandler ["http-nio-8082"]
01-Jul-2026 15:39:49.123 INFO [main] org.apache.catalina.startup.Catalina.load Server initialization in [467] milliseconds
01-Jul-2026 15:39:49.215 INFO [main] org.apache.catalina.core.StandardService.startInternal Starting service [Catalina]
01-Jul-2026 15:39:49.217 INFO [main] org.apache.catalina.core.StandardEngine.startInternal Starting Servlet engine: [Apache Tomcat/9.0.89]
01-Jul-2026 15:39:49.223 INFO [main] org.apache.catalina.startup.HostConfig.deployDirectory Deploying web application directory [C:\Temp\Tomcat_compartido\webapps\ERP]
01-Jul-2026 15:39:49.801 INFO [main] org.apache.jasper.servlet.TldScanner.scanJars At least one JAR was scanned for TLDs yet contained no TLDs. Enable debug logging for this logger for a complete list of JARs that were scanned but no TLDs were found in them. Skipping unneeded JARs during scanning can improve startup time and JSP compilation time.
01-Jul-2026 15:39:49.879 INFO [main] org.apache.catalina.startup.HostConfig.deployDirectory Deployment of web application directory [C:\Temp\Tomcat_compartido\webapps\ERP] has finished in [655] ms
01-Jul-2026 15:39:49.879 INFO [main] org.apache.catalina.startup.HostConfig.deployDirectory Deploying web application directory [C:\Temp\Tomcat_compartido\webapps\host-manager]
01-Jul-2026 15:39:50.173 INFO [main] org.apache.jasper.servlet.TldScanner.scanJars At least one JAR was scanned for TLDs yet contained no TLDs. Enable debug logging for this logger for a complete list of JARs that were scanned but no TLDs were found in them. Skipping unneeded JARs during scanning can improve startup time and JSP compilation time.
01-Jul-2026 15:39:50.186 INFO [main] org.apache.catalina.startup.HostConfig.deployDirectory Deployment of web application directory [C:\Temp\Tomcat_compartido\webapps\host-manager] has finished in [307] ms
01-Jul-2026 15:39:50.186 INFO [main] org.apache.catalina.startup.HostConfig.deployDirectory Deploying web application directory [C:\Temp\Tomcat_compartido\webapps\manager]
01-Jul-2026 15:39:50.487 INFO [main] org.apache.jasper.servlet.TldScanner.scanJars At least one JAR was scanned for TLDs yet contained no TLDs. Enable debug logging for this logger for a complete list of JARs that were scanned but no TLDs were found in them. Skipping unneeded JARs during scanning can improve startup time and JSP compilation time.
01-Jul-2026 15:39:50.494 INFO [main] org.apache.catalina.startup.HostConfig.deployDirectory Deployment of web application directory [C:\Temp\Tomcat_compartido\webapps\manager] has finished in [305] ms
01-Jul-2026 15:39:50.495 INFO [main] org.apache.catalina.startup.HostConfig.deployDirectory Deploying web application directory [C:\Temp\Tomcat_compartido\webapps\ROOT]
01-Jul-2026 15:39:50.797 INFO [main] org.apache.jasper.servlet.TldScanner.scanJars At least one JAR was scanned for TLDs yet contained no TLDs. Enable debug logging for this logger for a complete list of JARs that were scanned but no TLDs were found in them. Skipping unneeded JARs during scanning can improve startup time and JSP compilation time.
01-Jul-2026 15:39:50.803 INFO [main] org.apache.catalina.startup.HostConfig.deployDirectory Deployment of web application directory [C:\Temp\Tomcat_compartido\webapps\ROOT] has finished in [308] ms
01-Jul-2026 15:39:50.803 INFO [main] org.apache.catalina.startup.HostConfig.deployDirectory Deploying web application directory [C:\Temp\Tomcat_compartido\webapps\Servlet1]
01-Jul-2026 15:39:51.056 INFO [main] org.apache.jasper.servlet.TldScanner.scanJars At least one JAR was scanned for TLDs yet contained no TLDs. Enable debug logging for this logger for a complete list of JARs that were scanned but no TLDs were found in them. Skipping unneeded JARs during scanning can improve startup time and JSP compilation time.
01-Jul-2026 15:39:51.058 INFO [main] org.apache.catalina.startup.HostConfig.deployDirectory Deployment of web application directory [C:\Temp\Tomcat_compartido\webapps\Servlet1] has finished in [255] ms
01-Jul-2026 15:39:51.058 INFO [main] org.apache.catalina.startup.HostConfig.deployDirectory Deploying web application directory [C:\Temp\Tomcat_compartido\webapps\test-r1]
01-Jul-2026 15:39:51.242 INFO [main] org.apache.jasper.servlet.TldScanner.scanJars At least one JAR was scanned for TLDs yet contained no TLDs. Enable debug logging for this logger for a complete list of JARs that were scanned but no TLDs were found in them. Skipping unneeded JARs during scanning can improve startup time and JSP compilation time.
01-Jul-2026 15:39:51.242 INFO [main] org.apache.catalina.startup.HostConfig.deployDirectory Deployment of web application directory [C:\Temp\Tomcat_compartido\webapps\test-r1] has finished in [184] ms
01-Jul-2026 15:39:51.242 INFO [main] org.apache.catalina.startup.HostConfig.deployDirectory Deploying web application directory [C:\Temp\Tomcat_compartido\webapps\Test2]
01-Jul-2026 15:39:51.474 INFO [main] org.apache.jasper.servlet.TldScanner.scanJars At least one JAR was scanned for TLDs yet contained no TLDs. Enable debug logging for this logger for a complete list of JARs that were scanned but no TLDs were found in them. Skipping unneeded JARs during scanning can improve startup time and JSP compilation time.
01-Jul-2026 15:39:51.476 INFO [main] org.apache.catalina.startup.HostConfig.deployDirectory Deployment of web application directory [C:\Temp\Tomcat_compartido\webapps\Test2] has finished in [234] ms
01-Jul-2026 15:39:51.477 INFO [main] org.apache.catalina.startup.HostConfig.deployDirectory Deploying web application directory [C:\Temp\Tomcat_compartido\webapps\trabajogr]
01-Jul-2026 15:39:52.137 INFO [main] org.apache.jasper.servlet.TldScanner.scanJars At least one JAR was scanned for TLDs yet contained no TLDs. Enable debug logging for this logger for a complete list of JARs that were scanned but no TLDs were found in them. Skipping unneeded JARs during scanning can improve startup time and JSP compilation time.
01-Jul-2026 15:39:52.141 INFO [main] org.apache.catalina.startup.HostConfig.deployDirectory Deployment of web application directory [C:\Temp\Tomcat_compartido\webapps\trabajogr] has finished in [664] ms
01-Jul-2026 15:39:52.147 INFO [main] org.apache.coyote.AbstractProtocol.start Starting ProtocolHandler ["http-nio-8082"]
01-Jul-2026 15:39:52.232 INFO [main] org.apache.catalina.startup.Catalina.start Server startup in [3107] milliseconds
01-Jul-2026 15:40:27.155 INFO [main] org.apache.catalina.startup.VersionLoggerListener.log Server version name:   Apache Tomcat/9.0.89
01-Jul-2026 15:40:27.158 INFO [main] org.apache.catalina.startup.VersionLoggerListener.log Server built:          May 3 2024 20:22:11 UTC
01-Jul-2026 15:40:27.158 INFO [main] org.apache.catalina.startup.VersionLoggerListener.log Server version number: 9.0.89.0
01-Jul-2026 15:40:27.159 INFO [main] org.apache.catalina.startup.VersionLoggerListener.log OS Name:               Windows 11
01-Jul-2026 15:40:27.159 INFO [main] org.apache.catalina.startup.VersionLoggerListener.log OS Version:            10.0
01-Jul-2026 15:40:27.159 INFO [main] org.apache.catalina.startup.VersionLoggerListener.log Architecture:          amd64
01-Jul-2026 15:40:27.159 INFO [main] org.apache.catalina.startup.VersionLoggerListener.log Java Home:             C:\Temp\Programs\JavaStack\jdk-17.0.19+10
01-Jul-2026 15:40:27.159 INFO [main] org.apache.catalina.startup.VersionLoggerListener.log JVM Version:           17.0.19+10-LTS
01-Jul-2026 15:40:27.159 INFO [main] org.apache.catalina.startup.VersionLoggerListener.log JVM Vendor:            Microsoft
01-Jul-2026 15:40:27.159 INFO [main] org.apache.catalina.startup.VersionLoggerListener.log CATALINA_BASE:         C:\Temp\Tomcat_compartido
01-Jul-2026 15:40:27.159 INFO [main] org.apache.catalina.startup.VersionLoggerListener.log CATALINA_HOME:         C:\Temp\Programs\JavaStack\apache-tomcat-9.0.89
01-Jul-2026 15:40:27.169 INFO [main] org.apache.catalina.startup.VersionLoggerListener.log Command line argument: -Djava.util.logging.config.file=C:\Temp\Tomcat_compartido/conf/logging.properties
01-Jul-2026 15:40:27.170 INFO [main] org.apache.catalina.startup.VersionLoggerListener.log Command line argument: -Djava.util.logging.manager=org.apache.juli.ClassLoaderLogManager
01-Jul-2026 15:40:27.170 INFO [main] org.apache.catalina.startup.VersionLoggerListener.log Command line argument: -Djdk.tls.ephemeralDHKeySize=2048
01-Jul-2026 15:40:27.170 INFO [main] org.apache.catalina.startup.VersionLoggerListener.log Command line argument: -Djava.protocol.handler.pkgs=org.apache.catalina.webresources
01-Jul-2026 15:40:27.170 INFO [main] org.apache.catalina.startup.VersionLoggerListener.log Command line argument: -Dorg.apache.catalina.security.SecurityListener.UMASK=0027
01-Jul-2026 15:40:27.170 INFO [main] org.apache.catalina.startup.VersionLoggerListener.log Command line argument: -Dcatalina.base=C:\Temp\Tomcat_compartido
01-Jul-2026 15:40:27.170 INFO [main] org.apache.catalina.startup.VersionLoggerListener.log Command line argument: -Dcatalina.home=C:\Temp\Programs\JavaStack\apache-tomcat-9.0.89
01-Jul-2026 15:40:27.170 INFO [main] org.apache.catalina.startup.VersionLoggerListener.log Command line argument: -Djava.io.tmpdir=C:\Temp\Tomcat_compartido/temp
01-Jul-2026 15:40:27.175 INFO [main] org.apache.catalina.core.AprLifecycleListener.lifecycleEvent The Apache Tomcat Native library which allows using OpenSSL was not found on the java.library.path: [C:\Temp\Programs\JavaStack\jdk-17.0.19+10\bin;C:\WINDOWS\Sun\Java\bin;C:\WINDOWS\system32;C:\WINDOWS;C:\WINDOWS\system32;C:\WINDOWS;C:\WINDOWS\System32\Wbem;C:\WINDOWS\System32\WindowsPowerShell\v1.0\;C:\WINDOWS\System32\OpenSSH\;C:\Program Files\dotnet\;C:\Users\Aldoa\Desktop\Infor\bin;C:\Program Files\Microsoft SQL Server Migration Assistant for Access\bin\;C:\Users\Aldoa\OneDrive\Desktop\;C:\Program Files\Git\cmd;C:\Program Files\nodejs\;C:\Users\Aldoa\AppData\Local\Microsoft\WindowsApps;C:\Users\Aldoa\AppData\Local\Programs\Microsoft VS Code\bin;C:\Users\Aldoa\AppData\Local\Programs\cursor\resources\app\bin;C:\Users\Aldoa\AppData\Roaming\npm;C:\Temp\Programs\JavaStack\jdk-17.0.19+10\bin;C:\Temp\Programs\JavaStack\apache-maven-3.9.16\bin;;.]
01-Jul-2026 15:40:27.405 INFO [main] org.apache.coyote.AbstractProtocol.init Initializing ProtocolHandler ["http-nio-8082"]
01-Jul-2026 15:40:27.429 INFO [main] org.apache.catalina.startup.Catalina.load Server initialization in [418] milliseconds
01-Jul-2026 15:40:27.473 INFO [main] org.apache.catalina.core.StandardService.startInternal Starting service [Catalina]
01-Jul-2026 15:40:27.473 INFO [main] org.apache.catalina.core.StandardEngine.startInternal Starting Servlet engine: [Apache Tomcat/9.0.89]
01-Jul-2026 15:40:27.481 INFO [main] org.apache.catalina.startup.HostConfig.deployDirectory Deploying web application directory [C:\Temp\Tomcat_compartido\webapps\ERP]
01-Jul-2026 15:40:28.046 INFO [main] org.apache.jasper.servlet.TldScanner.scanJars At least one JAR was scanned for TLDs yet contained no TLDs. Enable debug logging for this logger for a complete list of JARs that were scanned but no TLDs were found in them. Skipping unneeded JARs during scanning can improve startup time and JSP compilation time.
01-Jul-2026 15:40:28.113 INFO [main] org.apache.catalina.startup.HostConfig.deployDirectory Deployment of web application directory [C:\Temp\Tomcat_compartido\webapps\ERP] has finished in [631] ms
01-Jul-2026 15:40:28.113 INFO [main] org.apache.catalina.startup.HostConfig.deployDirectory Deploying web application directory [C:\Temp\Tomcat_compartido\webapps\host-manager]
01-Jul-2026 15:40:28.347 INFO [main] org.apache.jasper.servlet.TldScanner.scanJars At least one JAR was scanned for TLDs yet contained no TLDs. Enable debug logging for this logger for a complete list of JARs that were scanned but no TLDs were found in them. Skipping unneeded JARs during scanning can improve startup time and JSP compilation time.
01-Jul-2026 15:40:28.359 INFO [main] org.apache.catalina.startup.HostConfig.deployDirectory Deployment of web application directory [C:\Temp\Tomcat_compartido\webapps\host-manager] has finished in [246] ms
01-Jul-2026 15:40:28.360 INFO [main] org.apache.catalina.startup.HostConfig.deployDirectory Deploying web application directory [C:\Temp\Tomcat_compartido\webapps\manager]
01-Jul-2026 15:40:28.591 INFO [main] org.apache.jasper.servlet.TldScanner.scanJars At least one JAR was scanned for TLDs yet contained no TLDs. Enable debug logging for this logger for a complete list of JARs that were scanned but no TLDs were found in them. Skipping unneeded JARs during scanning can improve startup time and JSP compilation time.
01-Jul-2026 15:40:28.594 INFO [main] org.apache.catalina.startup.HostConfig.deployDirectory Deployment of web application directory [C:\Temp\Tomcat_compartido\webapps\manager] has finished in [234] ms
01-Jul-2026 15:40:28.595 INFO [main] org.apache.catalina.startup.HostConfig.deployDirectory Deploying web application directory [C:\Temp\Tomcat_compartido\webapps\ROOT]
01-Jul-2026 15:40:28.812 INFO [main] org.apache.jasper.servlet.TldScanner.scanJars At least one JAR was scanned for TLDs yet contained no TLDs. Enable debug logging for this logger for a complete list of JARs that were scanned but no TLDs were found in them. Skipping unneeded JARs during scanning can improve startup time and JSP compilation time.
01-Jul-2026 15:40:28.814 INFO [main] org.apache.catalina.startup.HostConfig.deployDirectory Deployment of web application directory [C:\Temp\Tomcat_compartido\webapps\ROOT] has finished in [220] ms
01-Jul-2026 15:40:28.815 INFO [main] org.apache.catalina.startup.HostConfig.deployDirectory Deploying web application directory [C:\Temp\Tomcat_compartido\webapps\Servlet1]
01-Jul-2026 15:40:29.081 INFO [main] org.apache.jasper.servlet.TldScanner.scanJars At least one JAR was scanned for TLDs yet contained no TLDs. Enable debug logging for this logger for a complete list of JARs that were scanned but no TLDs were found in them. Skipping unneeded JARs during scanning can improve startup time and JSP compilation time.
01-Jul-2026 15:40:29.084 INFO [main] org.apache.catalina.startup.HostConfig.deployDirectory Deployment of web application directory [C:\Temp\Tomcat_compartido\webapps\Servlet1] has finished in [269] ms
01-Jul-2026 15:40:29.085 INFO [main] org.apache.catalina.startup.HostConfig.deployDirectory Deploying web application directory [C:\Temp\Tomcat_compartido\webapps\test-r1]
01-Jul-2026 15:40:29.267 INFO [main] org.apache.jasper.servlet.TldScanner.scanJars At least one JAR was scanned for TLDs yet contained no TLDs. Enable debug logging for this logger for a complete list of JARs that were scanned but no TLDs were found in them. Skipping unneeded JARs during scanning can improve startup time and JSP compilation time.
01-Jul-2026 15:40:29.270 INFO [main] org.apache.catalina.startup.HostConfig.deployDirectory Deployment of web application directory [C:\Temp\Tomcat_compartido\webapps\test-r1] has finished in [185] ms
01-Jul-2026 15:40:29.270 INFO [main] org.apache.catalina.startup.HostConfig.deployDirectory Deploying web application directory [C:\Temp\Tomcat_compartido\webapps\Test2]
01-Jul-2026 15:40:29.467 INFO [main] org.apache.jasper.servlet.TldScanner.scanJars At least one JAR was scanned for TLDs yet contained no TLDs. Enable debug logging for this logger for a complete list of JARs that were scanned but no TLDs were found in them. Skipping unneeded JARs during scanning can improve startup time and JSP compilation time.
01-Jul-2026 15:40:29.470 INFO [main] org.apache.catalina.startup.HostConfig.deployDirectory Deployment of web application directory [C:\Temp\Tomcat_compartido\webapps\Test2] has finished in [200] ms
01-Jul-2026 15:40:29.470 INFO [main] org.apache.catalina.startup.HostConfig.deployDirectory Deploying web application directory [C:\Temp\Tomcat_compartido\webapps\trabajogr]
01-Jul-2026 15:40:29.734 INFO [main] org.apache.jasper.servlet.TldScanner.scanJars At least one JAR was scanned for TLDs yet contained no TLDs. Enable debug logging for this logger for a complete list of JARs that were scanned but no TLDs were found in them. Skipping unneeded JARs during scanning can improve startup time and JSP compilation time.
01-Jul-2026 15:40:29.737 INFO [main] org.apache.catalina.startup.HostConfig.deployDirectory Deployment of web application directory [C:\Temp\Tomcat_compartido\webapps\trabajogr] has finished in [267] ms
01-Jul-2026 15:40:29.740 INFO [main] org.apache.coyote.AbstractProtocol.start Starting ProtocolHandler ["http-nio-8082"]
01-Jul-2026 15:40:29.776 INFO [main] org.apache.catalina.startup.Catalina.start Server startup in [2346] milliseconds
01-Jul-2026 15:46:54.543 INFO [main] org.apache.catalina.startup.VersionLoggerListener.log Server version name:   Apache Tomcat/9.0.89
01-Jul-2026 15:46:54.546 INFO [main] org.apache.catalina.startup.VersionLoggerListener.log Server built:          May 3 2024 20:22:11 UTC
01-Jul-2026 15:46:54.547 INFO [main] org.apache.catalina.startup.VersionLoggerListener.log Server version number: 9.0.89.0
01-Jul-2026 15:46:54.547 INFO [main] org.apache.catalina.startup.VersionLoggerListener.log OS Name:               Windows 11
01-Jul-2026 15:46:54.547 INFO [main] org.apache.catalina.startup.VersionLoggerListener.log OS Version:            10.0
01-Jul-2026 15:46:54.547 INFO [main] org.apache.catalina.startup.VersionLoggerListener.log Architecture:          amd64
01-Jul-2026 15:46:54.547 INFO [main] org.apache.catalina.startup.VersionLoggerListener.log Java Home:             C:\Temp\Programs\JavaStack\jdk-17.0.19+10
01-Jul-2026 15:46:54.547 INFO [main] org.apache.catalina.startup.VersionLoggerListener.log JVM Version:           17.0.19+10-LTS
01-Jul-2026 15:46:54.547 INFO [main] org.apache.catalina.startup.VersionLoggerListener.log JVM Vendor:            Microsoft
01-Jul-2026 15:46:54.547 INFO [main] org.apache.catalina.startup.VersionLoggerListener.log CATALINA_BASE:         C:\Temp\Tomcat_compartido
01-Jul-2026 15:46:54.547 INFO [main] org.apache.catalina.startup.VersionLoggerListener.log CATALINA_HOME:         C:\Temp\Programs\JavaStack\apache-tomcat-9.0.89
01-Jul-2026 15:46:54.561 INFO [main] org.apache.catalina.startup.VersionLoggerListener.log Command line argument: -Djava.util.logging.config.file=C:\Temp\Tomcat_compartido/conf/logging.properties
01-Jul-2026 15:46:54.561 INFO [main] org.apache.catalina.startup.VersionLoggerListener.log Command line argument: -Djava.util.logging.manager=org.apache.juli.ClassLoaderLogManager
01-Jul-2026 15:46:54.562 INFO [main] org.apache.catalina.startup.VersionLoggerListener.log Command line argument: -Djdk.tls.ephemeralDHKeySize=2048
01-Jul-2026 15:46:54.562 INFO [main] org.apache.catalina.startup.VersionLoggerListener.log Command line argument: -Djava.protocol.handler.pkgs=org.apache.catalina.webresources
01-Jul-2026 15:46:54.562 INFO [main] org.apache.catalina.startup.VersionLoggerListener.log Command line argument: -Dorg.apache.catalina.security.SecurityListener.UMASK=0027
01-Jul-2026 15:46:54.562 INFO [main] org.apache.catalina.startup.VersionLoggerListener.log Command line argument: -Dcatalina.base=C:\Temp\Tomcat_compartido
01-Jul-2026 15:46:54.562 INFO [main] org.apache.catalina.startup.VersionLoggerListener.log Command line argument: -Dcatalina.home=C:\Temp\Programs\JavaStack\apache-tomcat-9.0.89
01-Jul-2026 15:46:54.562 INFO [main] org.apache.catalina.startup.VersionLoggerListener.log Command line argument: -Djava.io.tmpdir=C:\Temp\Tomcat_compartido/temp
01-Jul-2026 15:46:54.567 INFO [main] org.apache.catalina.core.AprLifecycleListener.lifecycleEvent The Apache Tomcat Native library which allows using OpenSSL was not found on the java.library.path: [C:\Temp\Programs\JavaStack\jdk-17.0.19+10\bin;C:\WINDOWS\Sun\Java\bin;C:\WINDOWS\system32;C:\WINDOWS;C:\WINDOWS\system32;C:\WINDOWS;C:\WINDOWS\System32\Wbem;C:\WINDOWS\System32\WindowsPowerShell\v1.0\;C:\WINDOWS\System32\OpenSSH\;C:\Program Files\dotnet\;C:\Users\Aldoa\Desktop\Infor\bin;C:\Program Files\Microsoft SQL Server Migration Assistant for Access\bin\;C:\Users\Aldoa\OneDrive\Desktop\;C:\Program Files\Git\cmd;C:\Program Files\nodejs\;C:\Users\Aldoa\AppData\Local\Microsoft\WindowsApps;C:\Users\Aldoa\AppData\Local\Programs\Microsoft VS Code\bin;C:\Users\Aldoa\AppData\Local\Programs\cursor\resources\app\bin;C:\Users\Aldoa\AppData\Roaming\npm;C:\Temp\Programs\JavaStack\jdk-17.0.19+10\bin;C:\Temp\Programs\JavaStack\apache-maven-3.9.16\bin;;.]
01-Jul-2026 15:46:54.831 INFO [main] org.apache.coyote.AbstractProtocol.init Initializing ProtocolHandler ["http-nio-8082"]
01-Jul-2026 15:46:54.853 INFO [main] org.apache.catalina.startup.Catalina.load Server initialization in [484] milliseconds
01-Jul-2026 15:46:54.902 INFO [main] org.apache.catalina.core.StandardService.startInternal Starting service [Catalina]
01-Jul-2026 15:46:54.902 INFO [main] org.apache.catalina.core.StandardEngine.startInternal Starting Servlet engine: [Apache Tomcat/9.0.89]
01-Jul-2026 15:46:54.913 INFO [main] org.apache.catalina.startup.HostConfig.deployDirectory Deploying web application directory [C:\Temp\Tomcat_compartido\webapps\ERP]
01-Jul-2026 15:46:55.445 INFO [main] org.apache.jasper.servlet.TldScanner.scanJars At least one JAR was scanned for TLDs yet contained no TLDs. Enable debug logging for this logger for a complete list of JARs that were scanned but no TLDs were found in them. Skipping unneeded JARs during scanning can improve startup time and JSP compilation time.
01-Jul-2026 15:46:55.515 INFO [main] org.apache.catalina.startup.HostConfig.deployDirectory Deployment of web application directory [C:\Temp\Tomcat_compartido\webapps\ERP] has finished in [602] ms
01-Jul-2026 15:46:55.516 INFO [main] org.apache.catalina.startup.HostConfig.deployDirectory Deploying web application directory [C:\Temp\Tomcat_compartido\webapps\host-manager]
01-Jul-2026 15:46:55.774 INFO [main] org.apache.jasper.servlet.TldScanner.scanJars At least one JAR was scanned for TLDs yet contained no TLDs. Enable debug logging for this logger for a complete list of JARs that were scanned but no TLDs were found in them. Skipping unneeded JARs during scanning can improve startup time and JSP compilation time.
01-Jul-2026 15:46:55.782 INFO [main] org.apache.catalina.startup.HostConfig.deployDirectory Deployment of web application directory [C:\Temp\Tomcat_compartido\webapps\host-manager] has finished in [267] ms
01-Jul-2026 15:46:55.782 INFO [main] org.apache.catalina.startup.HostConfig.deployDirectory Deploying web application directory [C:\Temp\Tomcat_compartido\webapps\manager]
01-Jul-2026 15:46:56.021 INFO [main] org.apache.jasper.servlet.TldScanner.scanJars At least one JAR was scanned for TLDs yet contained no TLDs. Enable debug logging for this logger for a complete list of JARs that were scanned but no TLDs were found in them. Skipping unneeded JARs during scanning can improve startup time and JSP compilation time.
01-Jul-2026 15:46:56.027 INFO [main] org.apache.catalina.startup.HostConfig.deployDirectory Deployment of web application directory [C:\Temp\Tomcat_compartido\webapps\manager] has finished in [244] ms
01-Jul-2026 15:46:56.027 INFO [main] org.apache.catalina.startup.HostConfig.deployDirectory Deploying web application directory [C:\Temp\Tomcat_compartido\webapps\ROOT]
01-Jul-2026 15:46:56.285 INFO [main] org.apache.jasper.servlet.TldScanner.scanJars At least one JAR was scanned for TLDs yet contained no TLDs. Enable debug logging for this logger for a complete list of JARs that were scanned but no TLDs were found in them. Skipping unneeded JARs during scanning can improve startup time and JSP compilation time.
01-Jul-2026 15:46:56.288 INFO [main] org.apache.catalina.startup.HostConfig.deployDirectory Deployment of web application directory [C:\Temp\Tomcat_compartido\webapps\ROOT] has finished in [261] ms
01-Jul-2026 15:46:56.288 INFO [main] org.apache.catalina.startup.HostConfig.deployDirectory Deploying web application directory [C:\Temp\Tomcat_compartido\webapps\Servlet1]
01-Jul-2026 15:46:56.509 INFO [main] org.apache.jasper.servlet.TldScanner.scanJars At least one JAR was scanned for TLDs yet contained no TLDs. Enable debug logging for this logger for a complete list of JARs that were scanned but no TLDs were found in them. Skipping unneeded JARs during scanning can improve startup time and JSP compilation time.
01-Jul-2026 15:46:56.512 INFO [main] org.apache.catalina.startup.HostConfig.deployDirectory Deployment of web application directory [C:\Temp\Tomcat_compartido\webapps\Servlet1] has finished in [224] ms
01-Jul-2026 15:46:56.512 INFO [main] org.apache.catalina.startup.HostConfig.deployDirectory Deploying web application directory [C:\Temp\Tomcat_compartido\webapps\test-r1]
01-Jul-2026 15:46:56.692 INFO [main] org.apache.jasper.servlet.TldScanner.scanJars At least one JAR was scanned for TLDs yet contained no TLDs. Enable debug logging for this logger for a complete list of JARs that were scanned but no TLDs were found in them. Skipping unneeded JARs during scanning can improve startup time and JSP compilation time.
01-Jul-2026 15:46:56.695 INFO [main] org.apache.catalina.startup.HostConfig.deployDirectory Deployment of web application directory [C:\Temp\Tomcat_compartido\webapps\test-r1] has finished in [183] ms
01-Jul-2026 15:46:56.696 INFO [main] org.apache.catalina.startup.HostConfig.deployDirectory Deploying web application directory [C:\Temp\Tomcat_compartido\webapps\Test2]
01-Jul-2026 15:46:56.910 INFO [main] org.apache.jasper.servlet.TldScanner.scanJars At least one JAR was scanned for TLDs yet contained no TLDs. Enable debug logging for this logger for a complete list of JARs that were scanned but no TLDs were found in them. Skipping unneeded JARs during scanning can improve startup time and JSP compilation time.
01-Jul-2026 15:46:56.913 INFO [main] org.apache.catalina.startup.HostConfig.deployDirectory Deployment of web application directory [C:\Temp\Tomcat_compartido\webapps\Test2] has finished in [217] ms
01-Jul-2026 15:46:56.914 INFO [main] org.apache.catalina.startup.HostConfig.deployDirectory Deploying web application directory [C:\Temp\Tomcat_compartido\webapps\trabajogr]
01-Jul-2026 15:46:57.189 INFO [main] org.apache.jasper.servlet.TldScanner.scanJars At least one JAR was scanned for TLDs yet contained no TLDs. Enable debug logging for this logger for a complete list of JARs that were scanned but no TLDs were found in them. Skipping unneeded JARs during scanning can improve startup time and JSP compilation time.
01-Jul-2026 15:46:57.193 INFO [main] org.apache.catalina.startup.HostConfig.deployDirectory Deployment of web application directory [C:\Temp\Tomcat_compartido\webapps\trabajogr] has finished in [277] ms
01-Jul-2026 15:46:57.197 INFO [main] org.apache.coyote.AbstractProtocol.start Starting ProtocolHandler ["http-nio-8082"]
01-Jul-2026 15:46:57.231 INFO [main] org.apache.catalina.startup.Catalina.start Server startup in [2377] milliseconds
01-Jul-2026 16:07:42.216 INFO [main] org.apache.catalina.startup.VersionLoggerListener.log Server version name:   Apache Tomcat/9.0.89
01-Jul-2026 16:07:42.218 INFO [main] org.apache.catalina.startup.VersionLoggerListener.log Server built:          May 3 2024 20:22:11 UTC
01-Jul-2026 16:07:42.218 INFO [main] org.apache.catalina.startup.VersionLoggerListener.log Server version number: 9.0.89.0
01-Jul-2026 16:07:42.218 INFO [main] org.apache.catalina.startup.VersionLoggerListener.log OS Name:               Windows 11
01-Jul-2026 16:07:42.218 INFO [main] org.apache.catalina.startup.VersionLoggerListener.log OS Version:            10.0
01-Jul-2026 16:07:42.219 INFO [main] org.apache.catalina.startup.VersionLoggerListener.log Architecture:          amd64
01-Jul-2026 16:07:42.219 INFO [main] org.apache.catalina.startup.VersionLoggerListener.log Java Home:             C:\Temp\Programs\JavaStack\jdk-17.0.19+10
01-Jul-2026 16:07:42.219 INFO [main] org.apache.catalina.startup.VersionLoggerListener.log JVM Version:           17.0.19+10-LTS
01-Jul-2026 16:07:42.219 INFO [main] org.apache.catalina.startup.VersionLoggerListener.log JVM Vendor:            Microsoft
01-Jul-2026 16:07:42.219 INFO [main] org.apache.catalina.startup.VersionLoggerListener.log CATALINA_BASE:         C:\Temp\Tomcat_compartido
01-Jul-2026 16:07:42.219 INFO [main] org.apache.catalina.startup.VersionLoggerListener.log CATALINA_HOME:         C:\Temp\Programs\JavaStack\apache-tomcat-9.0.89
01-Jul-2026 16:07:42.229 INFO [main] org.apache.catalina.startup.VersionLoggerListener.log Command line argument: -Djava.util.logging.config.file=C:\Temp\Tomcat_compartido/conf/logging.properties
01-Jul-2026 16:07:42.229 INFO [main] org.apache.catalina.startup.VersionLoggerListener.log Command line argument: -Djava.util.logging.manager=org.apache.juli.ClassLoaderLogManager
01-Jul-2026 16:07:42.229 INFO [main] org.apache.catalina.startup.VersionLoggerListener.log Command line argument: -Djdk.tls.ephemeralDHKeySize=2048
01-Jul-2026 16:07:42.229 INFO [main] org.apache.catalina.startup.VersionLoggerListener.log Command line argument: -Djava.protocol.handler.pkgs=org.apache.catalina.webresources
01-Jul-2026 16:07:42.229 INFO [main] org.apache.catalina.startup.VersionLoggerListener.log Command line argument: -Dorg.apache.catalina.security.SecurityListener.UMASK=0027
01-Jul-2026 16:07:42.230 INFO [main] org.apache.catalina.startup.VersionLoggerListener.log Command line argument: -Dcatalina.base=C:\Temp\Tomcat_compartido
01-Jul-2026 16:07:42.230 INFO [main] org.apache.catalina.startup.VersionLoggerListener.log Command line argument: -Dcatalina.home=C:\Temp\Programs\JavaStack\apache-tomcat-9.0.89
01-Jul-2026 16:07:42.230 INFO [main] org.apache.catalina.startup.VersionLoggerListener.log Command line argument: -Djava.io.tmpdir=C:\Temp\Tomcat_compartido/temp
01-Jul-2026 16:07:42.236 INFO [main] org.apache.catalina.core.AprLifecycleListener.lifecycleEvent The Apache Tomcat Native library which allows using OpenSSL was not found on the java.library.path: [C:\Temp\Programs\JavaStack\jdk-17.0.19+10\bin;C:\WINDOWS\Sun\Java\bin;C:\WINDOWS\system32;C:\WINDOWS;C:\WINDOWS\system32;C:\WINDOWS;C:\WINDOWS\System32\Wbem;C:\WINDOWS\System32\WindowsPowerShell\v1.0\;C:\WINDOWS\System32\OpenSSH\;C:\Program Files\dotnet\;C:\Users\Aldoa\Desktop\Infor\bin;C:\Program Files\Microsoft SQL Server Migration Assistant for Access\bin\;C:\Users\Aldoa\OneDrive\Desktop\;C:\Program Files\Git\cmd;C:\Program Files\nodejs\;C:\Users\Aldoa\AppData\Local\Microsoft\WindowsApps;C:\Users\Aldoa\AppData\Local\Programs\Microsoft VS Code\bin;C:\Users\Aldoa\AppData\Local\Programs\cursor\resources\app\bin;C:\Users\Aldoa\AppData\Roaming\npm;C:\Temp\Programs\JavaStack\jdk-17.0.19+10\bin;C:\Temp\Programs\JavaStack\apache-maven-3.9.16\bin;;.]
01-Jul-2026 16:07:42.502 INFO [main] org.apache.coyote.AbstractProtocol.init Initializing ProtocolHandler ["http-nio-8082"]
01-Jul-2026 16:07:42.522 INFO [main] org.apache.catalina.startup.Catalina.load Server initialization in [448] milliseconds
01-Jul-2026 16:07:42.565 INFO [main] org.apache.catalina.core.StandardService.startInternal Starting service [Catalina]
01-Jul-2026 16:07:42.566 INFO [main] org.apache.catalina.core.StandardEngine.startInternal Starting Servlet engine: [Apache Tomcat/9.0.89]
01-Jul-2026 16:07:42.575 INFO [main] org.apache.catalina.startup.HostConfig.deployDirectory Deploying web application directory [C:\Temp\Tomcat_compartido\webapps\ERP]
01-Jul-2026 16:07:43.412 INFO [main] org.apache.jasper.servlet.TldScanner.scanJars At least one JAR was scanned for TLDs yet contained no TLDs. Enable debug logging for this logger for a complete list of JARs that were scanned but no TLDs were found in them. Skipping unneeded JARs during scanning can improve startup time and JSP compilation time.
01-Jul-2026 16:07:43.510 INFO [main] org.apache.catalina.startup.HostConfig.deployDirectory Deployment of web application directory [C:\Temp\Tomcat_compartido\webapps\ERP] has finished in [934] ms
01-Jul-2026 16:07:43.510 INFO [main] org.apache.catalina.startup.HostConfig.deployDirectory Deploying web application directory [C:\Temp\Tomcat_compartido\webapps\host-manager]
01-Jul-2026 16:07:43.833 INFO [main] org.apache.jasper.servlet.TldScanner.scanJars At least one JAR was scanned for TLDs yet contained no TLDs. Enable debug logging for this logger for a complete list of JARs that were scanned but no TLDs were found in them. Skipping unneeded JARs during scanning can improve startup time and JSP compilation time.
01-Jul-2026 16:07:43.841 INFO [main] org.apache.catalina.startup.HostConfig.deployDirectory Deployment of web application directory [C:\Temp\Tomcat_compartido\webapps\host-manager] has finished in [331] ms
01-Jul-2026 16:07:43.841 INFO [main] org.apache.catalina.startup.HostConfig.deployDirectory Deploying web application directory [C:\Temp\Tomcat_compartido\webapps\manager]
01-Jul-2026 16:07:44.109 INFO [main] org.apache.jasper.servlet.TldScanner.scanJars At least one JAR was scanned for TLDs yet contained no TLDs. Enable debug logging for this logger for a complete list of JARs that were scanned but no TLDs were found in them. Skipping unneeded JARs during scanning can improve startup time and JSP compilation time.
01-Jul-2026 16:07:44.112 INFO [main] org.apache.catalina.startup.HostConfig.deployDirectory Deployment of web application directory [C:\Temp\Tomcat_compartido\webapps\manager] has finished in [271] ms
01-Jul-2026 16:07:44.113 INFO [main] org.apache.catalina.startup.HostConfig.deployDirectory Deploying web application directory [C:\Temp\Tomcat_compartido\webapps\ROOT]
01-Jul-2026 16:07:44.342 INFO [main] org.apache.jasper.servlet.TldScanner.scanJars At least one JAR was scanned for TLDs yet contained no TLDs. Enable debug logging for this logger for a complete list of JARs that were scanned but no TLDs were found in them. Skipping unneeded JARs during scanning can improve startup time and JSP compilation time.
01-Jul-2026 16:07:44.342 INFO [main] org.apache.catalina.startup.HostConfig.deployDirectory Deployment of web application directory [C:\Temp\Tomcat_compartido\webapps\ROOT] has finished in [230] ms
01-Jul-2026 16:07:44.342 INFO [main] org.apache.catalina.startup.HostConfig.deployDirectory Deploying web application directory [C:\Temp\Tomcat_compartido\webapps\Servlet1]
01-Jul-2026 16:07:44.599 INFO [main] org.apache.jasper.servlet.TldScanner.scanJars At least one JAR was scanned for TLDs yet contained no TLDs. Enable debug logging for this logger for a complete list of JARs that were scanned but no TLDs were found in them. Skipping unneeded JARs during scanning can improve startup time and JSP compilation time.
01-Jul-2026 16:07:44.604 INFO [main] org.apache.catalina.startup.HostConfig.deployDirectory Deployment of web application directory [C:\Temp\Tomcat_compartido\webapps\Servlet1] has finished in [262] ms
01-Jul-2026 16:07:44.604 INFO [main] org.apache.catalina.startup.HostConfig.deployDirectory Deploying web application directory [C:\Temp\Tomcat_compartido\webapps\test-r1]
01-Jul-2026 16:07:44.858 INFO [main] org.apache.jasper.servlet.TldScanner.scanJars At least one JAR was scanned for TLDs yet contained no TLDs. Enable debug logging for this logger for a complete list of JARs that were scanned but no TLDs were found in them. Skipping unneeded JARs during scanning can improve startup time and JSP compilation time.
01-Jul-2026 16:07:44.865 INFO [main] org.apache.catalina.startup.HostConfig.deployDirectory Deployment of web application directory [C:\Temp\Tomcat_compartido\webapps\test-r1] has finished in [261] ms
01-Jul-2026 16:07:44.865 INFO [main] org.apache.catalina.startup.HostConfig.deployDirectory Deploying web application directory [C:\Temp\Tomcat_compartido\webapps\Test2]
01-Jul-2026 16:07:45.276 INFO [main] org.apache.jasper.servlet.TldScanner.scanJars At least one JAR was scanned for TLDs yet contained no TLDs. Enable debug logging for this logger for a complete list of JARs that were scanned but no TLDs were found in them. Skipping unneeded JARs during scanning can improve startup time and JSP compilation time.
01-Jul-2026 16:07:45.279 INFO [main] org.apache.catalina.startup.HostConfig.deployDirectory Deployment of web application directory [C:\Temp\Tomcat_compartido\webapps\Test2] has finished in [414] ms
01-Jul-2026 16:07:45.280 INFO [main] org.apache.catalina.startup.HostConfig.deployDirectory Deploying web application directory [C:\Temp\Tomcat_compartido\webapps\trabajogr]
01-Jul-2026 16:07:45.889 INFO [main] org.apache.jasper.servlet.TldScanner.scanJars At least one JAR was scanned for TLDs yet contained no TLDs. Enable debug logging for this logger for a complete list of JARs that were scanned but no TLDs were found in them. Skipping unneeded JARs during scanning can improve startup time and JSP compilation time.
01-Jul-2026 16:07:45.889 INFO [main] org.apache.catalina.startup.HostConfig.deployDirectory Deployment of web application directory [C:\Temp\Tomcat_compartido\webapps\trabajogr] has finished in [610] ms
01-Jul-2026 16:07:45.914 INFO [main] org.apache.coyote.AbstractProtocol.start Starting ProtocolHandler ["http-nio-8082"]
01-Jul-2026 16:07:45.978 INFO [main] org.apache.catalina.startup.Catalina.start Server startup in [3454] milliseconds
01-Jul-2026 16:45:03.794 INFO [main] org.apache.catalina.startup.VersionLoggerListener.log Server version name:   Apache Tomcat/9.0.89
01-Jul-2026 16:45:03.798 INFO [main] org.apache.catalina.startup.VersionLoggerListener.log Server built:          May 3 2024 20:22:11 UTC
01-Jul-2026 16:45:03.798 INFO [main] org.apache.catalina.startup.VersionLoggerListener.log Server version number: 9.0.89.0
01-Jul-2026 16:45:03.798 INFO [main] org.apache.catalina.startup.VersionLoggerListener.log OS Name:               Windows 11
01-Jul-2026 16:45:03.798 INFO [main] org.apache.catalina.startup.VersionLoggerListener.log OS Version:            10.0
01-Jul-2026 16:45:03.798 INFO [main] org.apache.catalina.startup.VersionLoggerListener.log Architecture:          amd64
01-Jul-2026 16:45:03.798 INFO [main] org.apache.catalina.startup.VersionLoggerListener.log Java Home:             C:\Temp\Programs\JavaStack\jdk-17.0.19+10
01-Jul-2026 16:45:03.799 INFO [main] org.apache.catalina.startup.VersionLoggerListener.log JVM Version:           17.0.19+10-LTS
01-Jul-2026 16:45:03.799 INFO [main] org.apache.catalina.startup.VersionLoggerListener.log JVM Vendor:            Microsoft
01-Jul-2026 16:45:03.799 INFO [main] org.apache.catalina.startup.VersionLoggerListener.log CATALINA_BASE:         C:\Temp\Tomcat_compartido
01-Jul-2026 16:45:03.799 INFO [main] org.apache.catalina.startup.VersionLoggerListener.log CATALINA_HOME:         C:\Temp\Programs\JavaStack\apache-tomcat-9.0.89
01-Jul-2026 16:45:03.810 INFO [main] org.apache.catalina.startup.VersionLoggerListener.log Command line argument: -Djava.util.logging.config.file=C:\Temp\Tomcat_compartido/conf/logging.properties
01-Jul-2026 16:45:03.810 INFO [main] org.apache.catalina.startup.VersionLoggerListener.log Command line argument: -Djava.util.logging.manager=org.apache.juli.ClassLoaderLogManager
01-Jul-2026 16:45:03.810 INFO [main] org.apache.catalina.startup.VersionLoggerListener.log Command line argument: -Djdk.tls.ephemeralDHKeySize=2048
01-Jul-2026 16:45:03.810 INFO [main] org.apache.catalina.startup.VersionLoggerListener.log Command line argument: -Djava.protocol.handler.pkgs=org.apache.catalina.webresources
01-Jul-2026 16:45:03.810 INFO [main] org.apache.catalina.startup.VersionLoggerListener.log Command line argument: -Dorg.apache.catalina.security.SecurityListener.UMASK=0027
01-Jul-2026 16:45:03.810 INFO [main] org.apache.catalina.startup.VersionLoggerListener.log Command line argument: -Dcatalina.base=C:\Temp\Tomcat_compartido
01-Jul-2026 16:45:03.810 INFO [main] org.apache.catalina.startup.VersionLoggerListener.log Command line argument: -Dcatalina.home=C:\Temp\Programs\JavaStack\apache-tomcat-9.0.89
01-Jul-2026 16:45:03.810 INFO [main] org.apache.catalina.startup.VersionLoggerListener.log Command line argument: -Djava.io.tmpdir=C:\Temp\Tomcat_compartido/temp
01-Jul-2026 16:45:03.818 INFO [main] org.apache.catalina.core.AprLifecycleListener.lifecycleEvent The Apache Tomcat Native library which allows using OpenSSL was not found on the java.library.path: [C:\Temp\Programs\JavaStack\jdk-17.0.19+10\bin;C:\WINDOWS\Sun\Java\bin;C:\WINDOWS\system32;C:\WINDOWS;C:\Temp\Programs\JavaStack\jdk1.8.0_131\bin;C:\Temp\Programs\JavaStack\jdk1.8.0_131\db\bin;C:\Temp\Programs\JavaStack\squirrelsql-4.0.0-standard;C:\Temp\Programs\JavaStack\apache-tomcat-9.0.89\bin;c:\Users\Aldoa\AppData\Roaming\Code\User\globalStorage\github.copilot-chat\debugCommand;c:\Users\Aldoa\AppData\Roaming\Code\User\globalStorage\github.copilot-chat\copilotCli;C:\WINDOWS\system32;C:\WINDOWS;C:\WINDOWS\System32\Wbem;C:\WINDOWS\System32\WindowsPowerShell\v1.0\;C:\WINDOWS\System32\OpenSSH\;C:\Program Files\dotnet\;C:\Users\Aldoa\Desktop\Infor\bin;C:\Program Files\Microsoft SQL Server Migration Assistant for Access\bin\;C:\Users\Aldoa\OneDrive\Desktop\;C:\Program Files\Git\cmd;C:\Program Files\nodejs\;C:\Users\Aldoa\AppData\Local\Microsoft\WindowsApps;C:\Users\Aldoa\AppData\Local\Programs\Microsoft VS Code\bin;C:\Users\Aldoa\AppData\Local\Programs\cursor\resources\app\bin;C:\Users\Aldoa\AppData\Roaming\npm;C:\Temp\Programs\JavaStack\jdk-17.0.19+10\bin;C:\Temp\Programs\JavaStack\apache-maven-3.9.16\bin;c:\Users\Aldoa\.vscode\extensions\vscjava.vscode-java-debug-0.59.0\bundled\scripts\noConfigScripts;.]
01-Jul-2026 16:45:04.088 INFO [main] org.apache.coyote.AbstractProtocol.init Initializing ProtocolHandler ["http-nio-8082"]
01-Jul-2026 16:45:04.116 INFO [main] org.apache.catalina.startup.Catalina.load Server initialization in [468] milliseconds
01-Jul-2026 16:45:04.153 INFO [main] org.apache.catalina.core.StandardService.startInternal Starting service [Catalina]
01-Jul-2026 16:45:04.153 INFO [main] org.apache.catalina.core.StandardEngine.startInternal Starting Servlet engine: [Apache Tomcat/9.0.89]
01-Jul-2026 16:45:04.162 INFO [main] org.apache.catalina.startup.HostConfig.deployDirectory Deploying web application directory [C:\Temp\Tomcat_compartido\webapps\ERP]
01-Jul-2026 16:45:04.718 INFO [main] org.apache.jasper.servlet.TldScanner.scanJars At least one JAR was scanned for TLDs yet contained no TLDs. Enable debug logging for this logger for a complete list of JARs that were scanned but no TLDs were found in them. Skipping unneeded JARs during scanning can improve startup time and JSP compilation time.
01-Jul-2026 16:45:04.785 INFO [main] org.apache.catalina.startup.HostConfig.deployDirectory Deployment of web application directory [C:\Temp\Tomcat_compartido\webapps\ERP] has finished in [622] ms
01-Jul-2026 16:45:04.785 INFO [main] org.apache.catalina.startup.HostConfig.deployDirectory Deploying web application directory [C:\Temp\Tomcat_compartido\webapps\host-manager]
01-Jul-2026 16:45:05.086 INFO [main] org.apache.jasper.servlet.TldScanner.scanJars At least one JAR was scanned for TLDs yet contained no TLDs. Enable debug logging for this logger for a complete list of JARs that were scanned but no TLDs were found in them. Skipping unneeded JARs during scanning can improve startup time and JSP compilation time.
01-Jul-2026 16:45:05.097 INFO [main] org.apache.catalina.startup.HostConfig.deployDirectory Deployment of web application directory [C:\Temp\Tomcat_compartido\webapps\host-manager] has finished in [312] ms
01-Jul-2026 16:45:05.097 INFO [main] org.apache.catalina.startup.HostConfig.deployDirectory Deploying web application directory [C:\Temp\Tomcat_compartido\webapps\manager]
01-Jul-2026 16:45:05.426 INFO [main] org.apache.jasper.servlet.TldScanner.scanJars At least one JAR was scanned for TLDs yet contained no TLDs. Enable debug logging for this logger for a complete list of JARs that were scanned but no TLDs were found in them. Skipping unneeded JARs during scanning can improve startup time and JSP compilation time.
01-Jul-2026 16:45:05.430 INFO [main] org.apache.catalina.startup.HostConfig.deployDirectory Deployment of web application directory [C:\Temp\Tomcat_compartido\webapps\manager] has finished in [332] ms
01-Jul-2026 16:45:05.430 INFO [main] org.apache.catalina.startup.HostConfig.deployDirectory Deploying web application directory [C:\Temp\Tomcat_compartido\webapps\ROOT]
01-Jul-2026 16:45:05.688 INFO [main] org.apache.jasper.servlet.TldScanner.scanJars At least one JAR was scanned for TLDs yet contained no TLDs. Enable debug logging for this logger for a complete list of JARs that were scanned but no TLDs were found in them. Skipping unneeded JARs during scanning can improve startup time and JSP compilation time.
01-Jul-2026 16:45:05.694 INFO [main] org.apache.catalina.startup.HostConfig.deployDirectory Deployment of web application directory [C:\Temp\Tomcat_compartido\webapps\ROOT] has finished in [264] ms
01-Jul-2026 16:45:05.694 INFO [main] org.apache.catalina.startup.HostConfig.deployDirectory Deploying web application directory [C:\Temp\Tomcat_compartido\webapps\Servlet1]
01-Jul-2026 16:45:05.940 INFO [main] org.apache.jasper.servlet.TldScanner.scanJars At least one JAR was scanned for TLDs yet contained no TLDs. Enable debug logging for this logger for a complete list of JARs that were scanned but no TLDs were found in them. Skipping unneeded JARs during scanning can improve startup time and JSP compilation time.
01-Jul-2026 16:45:05.945 INFO [main] org.apache.catalina.startup.HostConfig.deployDirectory Deployment of web application directory [C:\Temp\Tomcat_compartido\webapps\Servlet1] has finished in [251] ms
01-Jul-2026 16:45:05.945 INFO [main] org.apache.catalina.startup.HostConfig.deployDirectory Deploying web application directory [C:\Temp\Tomcat_compartido\webapps\test-r1]
01-Jul-2026 16:45:06.160 INFO [main] org.apache.jasper.servlet.TldScanner.scanJars At least one JAR was scanned for TLDs yet contained no TLDs. Enable debug logging for this logger for a complete list of JARs that were scanned but no TLDs were found in them. Skipping unneeded JARs during scanning can improve startup time and JSP compilation time.
01-Jul-2026 16:45:06.164 INFO [main] org.apache.catalina.startup.HostConfig.deployDirectory Deployment of web application directory [C:\Temp\Tomcat_compartido\webapps\test-r1] has finished in [219] ms
01-Jul-2026 16:45:06.164 INFO [main] org.apache.catalina.startup.HostConfig.deployDirectory Deploying web application directory [C:\Temp\Tomcat_compartido\webapps\Test2]
01-Jul-2026 16:45:06.438 INFO [main] org.apache.jasper.servlet.TldScanner.scanJars At least one JAR was scanned for TLDs yet contained no TLDs. Enable debug logging for this logger for a complete list of JARs that were scanned but no TLDs were found in them. Skipping unneeded JARs during scanning can improve startup time and JSP compilation time.
01-Jul-2026 16:45:06.441 INFO [main] org.apache.catalina.startup.HostConfig.deployDirectory Deployment of web application directory [C:\Temp\Tomcat_compartido\webapps\Test2] has finished in [277] ms
01-Jul-2026 16:45:06.441 INFO [main] org.apache.catalina.startup.HostConfig.deployDirectory Deploying web application directory [C:\Temp\Tomcat_compartido\webapps\trabajogr]
01-Jul-2026 16:45:06.813 INFO [main] org.apache.jasper.servlet.TldScanner.scanJars At least one JAR was scanned for TLDs yet contained no TLDs. Enable debug logging for this logger for a complete list of JARs that were scanned but no TLDs were found in them. Skipping unneeded JARs during scanning can improve startup time and JSP compilation time.
01-Jul-2026 16:45:06.816 INFO [main] org.apache.catalina.startup.HostConfig.deployDirectory Deployment of web application directory [C:\Temp\Tomcat_compartido\webapps\trabajogr] has finished in [375] ms
01-Jul-2026 16:45:06.821 INFO [main] org.apache.coyote.AbstractProtocol.start Starting ProtocolHandler ["http-nio-8082"]
01-Jul-2026 16:45:06.875 INFO [main] org.apache.catalina.startup.Catalina.start Server startup in [2757] milliseconds
01-Jul-2026 17:08:59.350 INFO [main] org.apache.catalina.startup.VersionLoggerListener.log Server version name:   Apache Tomcat/9.0.89
01-Jul-2026 17:08:59.357 INFO [main] org.apache.catalina.startup.VersionLoggerListener.log Server built:          May 3 2024 20:22:11 UTC
01-Jul-2026 17:08:59.357 INFO [main] org.apache.catalina.startup.VersionLoggerListener.log Server version number: 9.0.89.0
01-Jul-2026 17:08:59.357 INFO [main] org.apache.catalina.startup.VersionLoggerListener.log OS Name:               Windows 11
01-Jul-2026 17:08:59.357 INFO [main] org.apache.catalina.startup.VersionLoggerListener.log OS Version:            10.0
01-Jul-2026 17:08:59.358 INFO [main] org.apache.catalina.startup.VersionLoggerListener.log Architecture:          amd64
01-Jul-2026 17:08:59.358 INFO [main] org.apache.catalina.startup.VersionLoggerListener.log Java Home:             C:\Temp\Programs\JavaStack\jdk-17.0.19+10
01-Jul-2026 17:08:59.358 INFO [main] org.apache.catalina.startup.VersionLoggerListener.log JVM Version:           17.0.19+10-LTS
01-Jul-2026 17:08:59.358 INFO [main] org.apache.catalina.startup.VersionLoggerListener.log JVM Vendor:            Microsoft
01-Jul-2026 17:08:59.359 INFO [main] org.apache.catalina.startup.VersionLoggerListener.log CATALINA_BASE:         C:\Temp\Tomcat_compartido
01-Jul-2026 17:08:59.359 INFO [main] org.apache.catalina.startup.VersionLoggerListener.log CATALINA_HOME:         C:\Temp\Programs\JavaStack\apache-tomcat-9.0.89
01-Jul-2026 17:08:59.374 INFO [main] org.apache.catalina.startup.VersionLoggerListener.log Command line argument: -Djava.util.logging.config.file=C:\Temp\Tomcat_compartido/conf/logging.properties
01-Jul-2026 17:08:59.378 INFO [main] org.apache.catalina.startup.VersionLoggerListener.log Command line argument: -Djava.util.logging.manager=org.apache.juli.ClassLoaderLogManager
01-Jul-2026 17:08:59.378 INFO [main] org.apache.catalina.startup.VersionLoggerListener.log Command line argument: -Djdk.tls.ephemeralDHKeySize=2048
01-Jul-2026 17:08:59.378 INFO [main] org.apache.catalina.startup.VersionLoggerListener.log Command line argument: -Djava.protocol.handler.pkgs=org.apache.catalina.webresources
01-Jul-2026 17:08:59.378 INFO [main] org.apache.catalina.startup.VersionLoggerListener.log Command line argument: -Dorg.apache.catalina.security.SecurityListener.UMASK=0027
01-Jul-2026 17:08:59.378 INFO [main] org.apache.catalina.startup.VersionLoggerListener.log Command line argument: -Dcatalina.base=C:\Temp\Tomcat_compartido
01-Jul-2026 17:08:59.378 INFO [main] org.apache.catalina.startup.VersionLoggerListener.log Command line argument: -Dcatalina.home=C:\Temp\Programs\JavaStack\apache-tomcat-9.0.89
01-Jul-2026 17:08:59.378 INFO [main] org.apache.catalina.startup.VersionLoggerListener.log Command line argument: -Djava.io.tmpdir=C:\Temp\Tomcat_compartido/temp
01-Jul-2026 17:08:59.394 INFO [main] org.apache.catalina.core.AprLifecycleListener.lifecycleEvent The Apache Tomcat Native library which allows using OpenSSL was not found on the java.library.path: [C:\Temp\Programs\JavaStack\jdk-17.0.19+10\bin;C:\WINDOWS\Sun\Java\bin;C:\WINDOWS\system32;C:\WINDOWS;C:\Temp\Programs\JavaStack\jdk1.8.0_131\bin;C:\Temp\Programs\JavaStack\jdk1.8.0_131\db\bin;C:\Temp\Programs\JavaStack\squirrelsql-4.0.0-standard;C:\Temp\Programs\JavaStack\apache-tomcat-9.0.89\bin;c:\Users\Aldoa\AppData\Roaming\Code\User\globalStorage\github.copilot-chat\debugCommand;c:\Users\Aldoa\AppData\Roaming\Code\User\globalStorage\github.copilot-chat\copilotCli;C:\WINDOWS\system32;C:\WINDOWS;C:\WINDOWS\System32\Wbem;C:\WINDOWS\System32\WindowsPowerShell\v1.0\;C:\WINDOWS\System32\OpenSSH\;C:\Program Files\dotnet\;C:\Users\Aldoa\Desktop\Infor\bin;C:\Program Files\Microsoft SQL Server Migration Assistant for Access\bin\;C:\Users\Aldoa\OneDrive\Desktop\;C:\Program Files\Git\cmd;C:\Program Files\nodejs\;C:\Users\Aldoa\AppData\Local\Microsoft\WindowsApps;C:\Users\Aldoa\AppData\Local\Programs\Microsoft VS Code\bin;C:\Users\Aldoa\AppData\Local\Programs\cursor\resources\app\bin;C:\Users\Aldoa\AppData\Roaming\npm;C:\Temp\Programs\JavaStack\jdk-17.0.19+10\bin;C:\Temp\Programs\JavaStack\apache-maven-3.9.16\bin;c:\Users\Aldoa\.vscode\extensions\vscjava.vscode-java-debug-0.59.0\bundled\scripts\noConfigScripts;.]
01-Jul-2026 17:08:59.848 INFO [main] org.apache.coyote.AbstractProtocol.init Initializing ProtocolHandler ["http-nio-8082"]
01-Jul-2026 17:08:59.904 INFO [main] org.apache.catalina.startup.Catalina.load Server initialization in [804] milliseconds
01-Jul-2026 17:08:59.968 INFO [main] org.apache.catalina.core.StandardService.startInternal Starting service [Catalina]
01-Jul-2026 17:08:59.968 INFO [main] org.apache.catalina.core.StandardEngine.startInternal Starting Servlet engine: [Apache Tomcat/9.0.89]
01-Jul-2026 17:08:59.977 INFO [main] org.apache.catalina.startup.HostConfig.deployDirectory Deploying web application directory [C:\Temp\Tomcat_compartido\webapps\ERP]
01-Jul-2026 17:09:01.187 INFO [main] org.apache.jasper.servlet.TldScanner.scanJars At least one JAR was scanned for TLDs yet contained no TLDs. Enable debug logging for this logger for a complete list of JARs that were scanned but no TLDs were found in them. Skipping unneeded JARs during scanning can improve startup time and JSP compilation time.
01-Jul-2026 17:09:01.298 INFO [main] org.apache.catalina.startup.HostConfig.deployDirectory Deployment of web application directory [C:\Temp\Tomcat_compartido\webapps\ERP] has finished in [1,320] ms
01-Jul-2026 17:09:01.299 INFO [main] org.apache.catalina.startup.HostConfig.deployDirectory Deploying web application directory [C:\Temp\Tomcat_compartido\webapps\host-manager]
01-Jul-2026 17:09:01.869 INFO [main] org.apache.jasper.servlet.TldScanner.scanJars At least one JAR was scanned for TLDs yet contained no TLDs. Enable debug logging for this logger for a complete list of JARs that were scanned but no TLDs were found in them. Skipping unneeded JARs during scanning can improve startup time and JSP compilation time.
01-Jul-2026 17:09:01.883 INFO [main] org.apache.catalina.startup.HostConfig.deployDirectory Deployment of web application directory [C:\Temp\Tomcat_compartido\webapps\host-manager] has finished in [584] ms
01-Jul-2026 17:09:01.884 INFO [main] org.apache.catalina.startup.HostConfig.deployDirectory Deploying web application directory [C:\Temp\Tomcat_compartido\webapps\manager]
01-Jul-2026 17:09:02.485 INFO [main] org.apache.jasper.servlet.TldScanner.scanJars At least one JAR was scanned for TLDs yet contained no TLDs. Enable debug logging for this logger for a complete list of JARs that were scanned but no TLDs were found in them. Skipping unneeded JARs during scanning can improve startup time and JSP compilation time.
01-Jul-2026 17:09:02.490 INFO [main] org.apache.catalina.startup.HostConfig.deployDirectory Deployment of web application directory [C:\Temp\Tomcat_compartido\webapps\manager] has finished in [606] ms
01-Jul-2026 17:09:02.490 INFO [main] org.apache.catalina.startup.HostConfig.deployDirectory Deploying web application directory [C:\Temp\Tomcat_compartido\webapps\ROOT]
01-Jul-2026 17:09:02.880 INFO [main] org.apache.jasper.servlet.TldScanner.scanJars At least one JAR was scanned for TLDs yet contained no TLDs. Enable debug logging for this logger for a complete list of JARs that were scanned but no TLDs were found in them. Skipping unneeded JARs during scanning can improve startup time and JSP compilation time.
01-Jul-2026 17:09:02.883 INFO [main] org.apache.catalina.startup.HostConfig.deployDirectory Deployment of web application directory [C:\Temp\Tomcat_compartido\webapps\ROOT] has finished in [393] ms
01-Jul-2026 17:09:02.884 INFO [main] org.apache.catalina.startup.HostConfig.deployDirectory Deploying web application directory [C:\Temp\Tomcat_compartido\webapps\Servlet1]
01-Jul-2026 17:09:03.421 INFO [main] org.apache.jasper.servlet.TldScanner.scanJars At least one JAR was scanned for TLDs yet contained no TLDs. Enable debug logging for this logger for a complete list of JARs that were scanned but no TLDs were found in them. Skipping unneeded JARs during scanning can improve startup time and JSP compilation time.
01-Jul-2026 17:09:03.435 INFO [main] org.apache.catalina.startup.HostConfig.deployDirectory Deployment of web application directory [C:\Temp\Tomcat_compartido\webapps\Servlet1] has finished in [551] ms
01-Jul-2026 17:09:03.435 INFO [main] org.apache.catalina.startup.HostConfig.deployDirectory Deploying web application directory [C:\Temp\Tomcat_compartido\webapps\test-r1]
01-Jul-2026 17:09:03.835 INFO [main] org.apache.jasper.servlet.TldScanner.scanJars At least one JAR was scanned for TLDs yet contained no TLDs. Enable debug logging for this logger for a complete list of JARs that were scanned but no TLDs were found in them. Skipping unneeded JARs during scanning can improve startup time and JSP compilation time.
01-Jul-2026 17:09:03.839 INFO [main] org.apache.catalina.startup.HostConfig.deployDirectory Deployment of web application directory [C:\Temp\Tomcat_compartido\webapps\test-r1] has finished in [403] ms
01-Jul-2026 17:09:03.839 INFO [main] org.apache.catalina.startup.HostConfig.deployDirectory Deploying web application directory [C:\Temp\Tomcat_compartido\webapps\Test2]
01-Jul-2026 17:09:04.398 INFO [main] org.apache.jasper.servlet.TldScanner.scanJars At least one JAR was scanned for TLDs yet contained no TLDs. Enable debug logging for this logger for a complete list of JARs that were scanned but no TLDs were found in them. Skipping unneeded JARs during scanning can improve startup time and JSP compilation time.
01-Jul-2026 17:09:04.403 INFO [main] org.apache.catalina.startup.HostConfig.deployDirectory Deployment of web application directory [C:\Temp\Tomcat_compartido\webapps\Test2] has finished in [564] ms
01-Jul-2026 17:09:04.404 INFO [main] org.apache.catalina.startup.HostConfig.deployDirectory Deploying web application directory [C:\Temp\Tomcat_compartido\webapps\trabajogr]
01-Jul-2026 17:09:06.168 INFO [main] org.apache.jasper.servlet.TldScanner.scanJars At least one JAR was scanned for TLDs yet contained no TLDs. Enable debug logging for this logger for a complete list of JARs that were scanned but no TLDs were found in them. Skipping unneeded JARs during scanning can improve startup time and JSP compilation time.
01-Jul-2026 17:09:06.176 INFO [main] org.apache.catalina.startup.HostConfig.deployDirectory Deployment of web application directory [C:\Temp\Tomcat_compartido\webapps\trabajogr] has finished in [1,773] ms
01-Jul-2026 17:09:06.183 INFO [main] org.apache.coyote.AbstractProtocol.start Starting ProtocolHandler ["http-nio-8082"]
01-Jul-2026 17:09:06.236 INFO [main] org.apache.catalina.startup.Catalina.start Server startup in [6331] milliseconds
01-Jul-2026 17:23:22.770 INFO [main] org.apache.catalina.startup.VersionLoggerListener.log Server version name:   Apache Tomcat/9.0.89
01-Jul-2026 17:23:22.773 INFO [main] org.apache.catalina.startup.VersionLoggerListener.log Server built:          May 3 2024 20:22:11 UTC
01-Jul-2026 17:23:22.773 INFO [main] org.apache.catalina.startup.VersionLoggerListener.log Server version number: 9.0.89.0
01-Jul-2026 17:23:22.773 INFO [main] org.apache.catalina.startup.VersionLoggerListener.log OS Name:               Windows 11
01-Jul-2026 17:23:22.773 INFO [main] org.apache.catalina.startup.VersionLoggerListener.log OS Version:            10.0
01-Jul-2026 17:23:22.773 INFO [main] org.apache.catalina.startup.VersionLoggerListener.log Architecture:          amd64
01-Jul-2026 17:23:22.774 INFO [main] org.apache.catalina.startup.VersionLoggerListener.log Java Home:             C:\Temp\Programs\JavaStack\jdk-17.0.19+10
01-Jul-2026 17:23:22.774 INFO [main] org.apache.catalina.startup.VersionLoggerListener.log JVM Version:           17.0.19+10-LTS
01-Jul-2026 17:23:22.774 INFO [main] org.apache.catalina.startup.VersionLoggerListener.log JVM Vendor:            Microsoft
01-Jul-2026 17:23:22.774 INFO [main] org.apache.catalina.startup.VersionLoggerListener.log CATALINA_BASE:         C:\Temp\Tomcat_compartido
01-Jul-2026 17:23:22.774 INFO [main] org.apache.catalina.startup.VersionLoggerListener.log CATALINA_HOME:         C:\Temp\Programs\JavaStack\apache-tomcat-9.0.89
01-Jul-2026 17:23:22.783 INFO [main] org.apache.catalina.startup.VersionLoggerListener.log Command line argument: -Djava.util.logging.config.file=C:\Temp\Tomcat_compartido/conf/logging.properties
01-Jul-2026 17:23:22.783 INFO [main] org.apache.catalina.startup.VersionLoggerListener.log Command line argument: -Djava.util.logging.manager=org.apache.juli.ClassLoaderLogManager
01-Jul-2026 17:23:22.783 INFO [main] org.apache.catalina.startup.VersionLoggerListener.log Command line argument: -Djdk.tls.ephemeralDHKeySize=2048
01-Jul-2026 17:23:22.783 INFO [main] org.apache.catalina.startup.VersionLoggerListener.log Command line argument: -Djava.protocol.handler.pkgs=org.apache.catalina.webresources
01-Jul-2026 17:23:22.783 INFO [main] org.apache.catalina.startup.VersionLoggerListener.log Command line argument: -Dorg.apache.catalina.security.SecurityListener.UMASK=0027
01-Jul-2026 17:23:22.783 INFO [main] org.apache.catalina.startup.VersionLoggerListener.log Command line argument: -Dcatalina.base=C:\Temp\Tomcat_compartido
01-Jul-2026 17:23:22.783 INFO [main] org.apache.catalina.startup.VersionLoggerListener.log Command line argument: -Dcatalina.home=C:\Temp\Programs\JavaStack\apache-tomcat-9.0.89
01-Jul-2026 17:23:22.784 INFO [main] org.apache.catalina.startup.VersionLoggerListener.log Command line argument: -Djava.io.tmpdir=C:\Temp\Tomcat_compartido/temp
01-Jul-2026 17:23:22.789 INFO [main] org.apache.catalina.core.AprLifecycleListener.lifecycleEvent The Apache Tomcat Native library which allows using OpenSSL was not found on the java.library.path: [C:\Temp\Programs\JavaStack\jdk-17.0.19+10\bin;C:\WINDOWS\Sun\Java\bin;C:\WINDOWS\system32;C:\WINDOWS;C:\Temp\Programs\JavaStack\jdk1.8.0_131\bin;C:\Temp\Programs\JavaStack\jdk1.8.0_131\db\bin;C:\Temp\Programs\JavaStack\squirrelsql-4.0.0-standard;C:\Temp\Programs\JavaStack\apache-tomcat-9.0.89\bin;c:\Users\Aldoa\AppData\Roaming\Code\User\globalStorage\github.copilot-chat\debugCommand;c:\Users\Aldoa\AppData\Roaming\Code\User\globalStorage\github.copilot-chat\copilotCli;C:\WINDOWS\system32;C:\WINDOWS;C:\WINDOWS\System32\Wbem;C:\WINDOWS\System32\WindowsPowerShell\v1.0\;C:\WINDOWS\System32\OpenSSH\;C:\Program Files\dotnet\;C:\Users\Aldoa\Desktop\Infor\bin;C:\Program Files\Microsoft SQL Server Migration Assistant for Access\bin\;C:\Users\Aldoa\OneDrive\Desktop\;C:\Program Files\Git\cmd;C:\Program Files\nodejs\;C:\Users\Aldoa\AppData\Local\Microsoft\WindowsApps;C:\Users\Aldoa\AppData\Local\Programs\Microsoft VS Code\bin;C:\Users\Aldoa\AppData\Local\Programs\cursor\resources\app\bin;C:\Users\Aldoa\AppData\Roaming\npm;C:\Temp\Programs\JavaStack\jdk-17.0.19+10\bin;C:\Temp\Programs\JavaStack\apache-maven-3.9.16\bin;c:\Users\Aldoa\.vscode\extensions\vscjava.vscode-java-debug-0.59.0\bundled\scripts\noConfigScripts;.]
01-Jul-2026 17:23:23.052 INFO [main] org.apache.coyote.AbstractProtocol.init Initializing ProtocolHandler ["http-nio-8082"]
01-Jul-2026 17:23:23.076 INFO [main] org.apache.catalina.startup.Catalina.load Server initialization in [451] milliseconds
01-Jul-2026 17:23:23.119 INFO [main] org.apache.catalina.core.StandardService.startInternal Starting service [Catalina]
01-Jul-2026 17:23:23.119 INFO [main] org.apache.catalina.core.StandardEngine.startInternal Starting Servlet engine: [Apache Tomcat/9.0.89]
01-Jul-2026 17:23:23.125 INFO [main] org.apache.catalina.startup.HostConfig.deployDirectory Deploying web application directory [C:\Temp\Tomcat_compartido\webapps\ERP]
01-Jul-2026 17:23:23.734 INFO [main] org.apache.jasper.servlet.TldScanner.scanJars At least one JAR was scanned for TLDs yet contained no TLDs. Enable debug logging for this logger for a complete list of JARs that were scanned but no TLDs were found in them. Skipping unneeded JARs during scanning can improve startup time and JSP compilation time.
01-Jul-2026 17:23:23.802 INFO [main] org.apache.catalina.startup.HostConfig.deployDirectory Deployment of web application directory [C:\Temp\Tomcat_compartido\webapps\ERP] has finished in [676] ms
01-Jul-2026 17:23:23.802 INFO [main] org.apache.catalina.startup.HostConfig.deployDirectory Deploying web application directory [C:\Temp\Tomcat_compartido\webapps\host-manager]
01-Jul-2026 17:23:24.084 INFO [main] org.apache.jasper.servlet.TldScanner.scanJars At least one JAR was scanned for TLDs yet contained no TLDs. Enable debug logging for this logger for a complete list of JARs that were scanned but no TLDs were found in them. Skipping unneeded JARs during scanning can improve startup time and JSP compilation time.
01-Jul-2026 17:23:24.095 INFO [main] org.apache.catalina.startup.HostConfig.deployDirectory Deployment of web application directory [C:\Temp\Tomcat_compartido\webapps\host-manager] has finished in [292] ms
01-Jul-2026 17:23:24.095 INFO [main] org.apache.catalina.startup.HostConfig.deployDirectory Deploying web application directory [C:\Temp\Tomcat_compartido\webapps\manager]
01-Jul-2026 17:23:24.342 INFO [main] org.apache.jasper.servlet.TldScanner.scanJars At least one JAR was scanned for TLDs yet contained no TLDs. Enable debug logging for this logger for a complete list of JARs that were scanned but no TLDs were found in them. Skipping unneeded JARs during scanning can improve startup time and JSP compilation time.
01-Jul-2026 17:23:24.346 INFO [main] org.apache.catalina.startup.HostConfig.deployDirectory Deployment of web application directory [C:\Temp\Tomcat_compartido\webapps\manager] has finished in [251] ms
01-Jul-2026 17:23:24.346 INFO [main] org.apache.catalina.startup.HostConfig.deployDirectory Deploying web application directory [C:\Temp\Tomcat_compartido\webapps\ROOT]
01-Jul-2026 17:23:24.617 INFO [main] org.apache.jasper.servlet.TldScanner.scanJars At least one JAR was scanned for TLDs yet contained no TLDs. Enable debug logging for this logger for a complete list of JARs that were scanned but no TLDs were found in them. Skipping unneeded JARs during scanning can improve startup time and JSP compilation time.
01-Jul-2026 17:23:24.620 INFO [main] org.apache.catalina.startup.HostConfig.deployDirectory Deployment of web application directory [C:\Temp\Tomcat_compartido\webapps\ROOT] has finished in [273] ms
01-Jul-2026 17:23:24.620 INFO [main] org.apache.catalina.startup.HostConfig.deployDirectory Deploying web application directory [C:\Temp\Tomcat_compartido\webapps\Servlet1]
01-Jul-2026 17:23:24.846 INFO [main] org.apache.jasper.servlet.TldScanner.scanJars At least one JAR was scanned for TLDs yet contained no TLDs. Enable debug logging for this logger for a complete list of JARs that were scanned but no TLDs were found in them. Skipping unneeded JARs during scanning can improve startup time and JSP compilation time.
01-Jul-2026 17:23:24.850 INFO [main] org.apache.catalina.startup.HostConfig.deployDirectory Deployment of web application directory [C:\Temp\Tomcat_compartido\webapps\Servlet1] has finished in [230] ms
01-Jul-2026 17:23:24.850 INFO [main] org.apache.catalina.startup.HostConfig.deployDirectory Deploying web application directory [C:\Temp\Tomcat_compartido\webapps\test-r1]
01-Jul-2026 17:23:25.068 INFO [main] org.apache.jasper.servlet.TldScanner.scanJars At least one JAR was scanned for TLDs yet contained no TLDs. Enable debug logging for this logger for a complete list of JARs that were scanned but no TLDs were found in them. Skipping unneeded JARs during scanning can improve startup time and JSP compilation time.
01-Jul-2026 17:23:25.071 INFO [main] org.apache.catalina.startup.HostConfig.deployDirectory Deployment of web application directory [C:\Temp\Tomcat_compartido\webapps\test-r1] has finished in [221] ms
01-Jul-2026 17:23:25.071 INFO [main] org.apache.catalina.startup.HostConfig.deployDirectory Deploying web application directory [C:\Temp\Tomcat_compartido\webapps\Test2]
01-Jul-2026 17:23:25.318 INFO [main] org.apache.jasper.servlet.TldScanner.scanJars At least one JAR was scanned for TLDs yet contained no TLDs. Enable debug logging for this logger for a complete list of JARs that were scanned but no TLDs were found in them. Skipping unneeded JARs during scanning can improve startup time and JSP compilation time.
01-Jul-2026 17:23:25.323 INFO [main] org.apache.catalina.startup.HostConfig.deployDirectory Deployment of web application directory [C:\Temp\Tomcat_compartido\webapps\Test2] has finished in [251] ms
01-Jul-2026 17:23:25.323 INFO [main] org.apache.catalina.startup.HostConfig.deployDirectory Deploying web application directory [C:\Temp\Tomcat_compartido\webapps\trabajogr]
01-Jul-2026 17:23:25.694 INFO [main] org.apache.jasper.servlet.TldScanner.scanJars At least one JAR was scanned for TLDs yet contained no TLDs. Enable debug logging for this logger for a complete list of JARs that were scanned but no TLDs were found in them. Skipping unneeded JARs during scanning can improve startup time and JSP compilation time.
01-Jul-2026 17:23:25.698 INFO [main] org.apache.catalina.startup.HostConfig.deployDirectory Deployment of web application directory [C:\Temp\Tomcat_compartido\webapps\trabajogr] has finished in [375] ms
01-Jul-2026 17:23:25.701 INFO [main] org.apache.coyote.AbstractProtocol.start Starting ProtocolHandler ["http-nio-8082"]
01-Jul-2026 17:23:25.739 INFO [main] org.apache.catalina.startup.Catalina.start Server startup in [2662] milliseconds
01-Jul-2026 17:25:59.187 INFO [main] org.apache.catalina.startup.VersionLoggerListener.log Server version name:   Apache Tomcat/9.0.89
01-Jul-2026 17:25:59.191 INFO [main] org.apache.catalina.startup.VersionLoggerListener.log Server built:          May 3 2024 20:22:11 UTC
01-Jul-2026 17:25:59.191 INFO [main] org.apache.catalina.startup.VersionLoggerListener.log Server version number: 9.0.89.0
01-Jul-2026 17:25:59.191 INFO [main] org.apache.catalina.startup.VersionLoggerListener.log OS Name:               Windows 11
01-Jul-2026 17:25:59.191 INFO [main] org.apache.catalina.startup.VersionLoggerListener.log OS Version:            10.0
01-Jul-2026 17:25:59.191 INFO [main] org.apache.catalina.startup.VersionLoggerListener.log Architecture:          amd64
01-Jul-2026 17:25:59.191 INFO [main] org.apache.catalina.startup.VersionLoggerListener.log Java Home:             C:\Temp\Programs\JavaStack\jdk-17.0.19+10
01-Jul-2026 17:25:59.191 INFO [main] org.apache.catalina.startup.VersionLoggerListener.log JVM Version:           17.0.19+10-LTS
01-Jul-2026 17:25:59.191 INFO [main] org.apache.catalina.startup.VersionLoggerListener.log JVM Vendor:            Microsoft
01-Jul-2026 17:25:59.191 INFO [main] org.apache.catalina.startup.VersionLoggerListener.log CATALINA_BASE:         C:\Temp\Tomcat_compartido
01-Jul-2026 17:25:59.192 INFO [main] org.apache.catalina.startup.VersionLoggerListener.log CATALINA_HOME:         C:\Temp\Programs\JavaStack\apache-tomcat-9.0.89
01-Jul-2026 17:25:59.205 INFO [main] org.apache.catalina.startup.VersionLoggerListener.log Command line argument: -Djava.util.logging.config.file=C:\Temp\Tomcat_compartido/conf/logging.properties
01-Jul-2026 17:25:59.205 INFO [main] org.apache.catalina.startup.VersionLoggerListener.log Command line argument: -Djava.util.logging.manager=org.apache.juli.ClassLoaderLogManager
01-Jul-2026 17:25:59.205 INFO [main] org.apache.catalina.startup.VersionLoggerListener.log Command line argument: -Djdk.tls.ephemeralDHKeySize=2048
01-Jul-2026 17:25:59.205 INFO [main] org.apache.catalina.startup.VersionLoggerListener.log Command line argument: -Djava.protocol.handler.pkgs=org.apache.catalina.webresources
01-Jul-2026 17:25:59.205 INFO [main] org.apache.catalina.startup.VersionLoggerListener.log Command line argument: -Dorg.apache.catalina.security.SecurityListener.UMASK=0027
01-Jul-2026 17:25:59.205 INFO [main] org.apache.catalina.startup.VersionLoggerListener.log Command line argument: -Dcatalina.base=C:\Temp\Tomcat_compartido
01-Jul-2026 17:25:59.205 INFO [main] org.apache.catalina.startup.VersionLoggerListener.log Command line argument: -Dcatalina.home=C:\Temp\Programs\JavaStack\apache-tomcat-9.0.89
01-Jul-2026 17:25:59.206 INFO [main] org.apache.catalina.startup.VersionLoggerListener.log Command line argument: -Djava.io.tmpdir=C:\Temp\Tomcat_compartido/temp
01-Jul-2026 17:25:59.217 INFO [main] org.apache.catalina.core.AprLifecycleListener.lifecycleEvent The Apache Tomcat Native library which allows using OpenSSL was not found on the java.library.path: [C:\Temp\Programs\JavaStack\jdk-17.0.19+10\bin;C:\WINDOWS\Sun\Java\bin;C:\WINDOWS\system32;C:\WINDOWS;C:\Temp\Programs\JavaStack\jdk1.8.0_131\bin;C:\Temp\Programs\JavaStack\jdk1.8.0_131\db\bin;C:\Temp\Programs\JavaStack\squirrelsql-4.0.0-standard;C:\Temp\Programs\JavaStack\apache-tomcat-9.0.89\bin;c:\Users\Aldoa\AppData\Roaming\Code\User\globalStorage\github.copilot-chat\debugCommand;c:\Users\Aldoa\AppData\Roaming\Code\User\globalStorage\github.copilot-chat\copilotCli;C:\WINDOWS\system32;C:\WINDOWS;C:\WINDOWS\System32\Wbem;C:\WINDOWS\System32\WindowsPowerShell\v1.0\;C:\WINDOWS\System32\OpenSSH\;C:\Program Files\dotnet\;C:\Users\Aldoa\Desktop\Infor\bin;C:\Program Files\Microsoft SQL Server Migration Assistant for Access\bin\;C:\Users\Aldoa\OneDrive\Desktop\;C:\Program Files\Git\cmd;C:\Program Files\nodejs\;C:\Users\Aldoa\AppData\Local\Microsoft\WindowsApps;C:\Users\Aldoa\AppData\Local\Programs\Microsoft VS Code\bin;C:\Users\Aldoa\AppData\Local\Programs\cursor\resources\app\bin;C:\Users\Aldoa\AppData\Roaming\npm;C:\Temp\Programs\JavaStack\jdk-17.0.19+10\bin;C:\Temp\Programs\JavaStack\apache-maven-3.9.16\bin;c:\Users\Aldoa\.vscode\extensions\vscjava.vscode-java-debug-0.59.0\bundled\scripts\noConfigScripts;.]
01-Jul-2026 17:25:59.442 INFO [main] org.apache.coyote.AbstractProtocol.init Initializing ProtocolHandler ["http-nio-8082"]
01-Jul-2026 17:25:59.467 INFO [main] org.apache.catalina.startup.Catalina.load Server initialization in [441] milliseconds
01-Jul-2026 17:25:59.513 INFO [main] org.apache.catalina.core.StandardService.startInternal Starting service [Catalina]
01-Jul-2026 17:25:59.513 INFO [main] org.apache.catalina.core.StandardEngine.startInternal Starting Servlet engine: [Apache Tomcat/9.0.89]
01-Jul-2026 17:25:59.521 INFO [main] org.apache.catalina.startup.HostConfig.deployDirectory Deploying web application directory [C:\Temp\Tomcat_compartido\webapps\ERP]
01-Jul-2026 17:26:00.115 INFO [main] org.apache.jasper.servlet.TldScanner.scanJars At least one JAR was scanned for TLDs yet contained no TLDs. Enable debug logging for this logger for a complete list of JARs that were scanned but no TLDs were found in them. Skipping unneeded JARs during scanning can improve startup time and JSP compilation time.
01-Jul-2026 17:26:00.191 INFO [main] org.apache.catalina.startup.HostConfig.deployDirectory Deployment of web application directory [C:\Temp\Tomcat_compartido\webapps\ERP] has finished in [670] ms
01-Jul-2026 17:26:00.191 INFO [main] org.apache.catalina.startup.HostConfig.deployDirectory Deploying web application directory [C:\Temp\Tomcat_compartido\webapps\host-manager]
01-Jul-2026 17:26:00.510 INFO [main] org.apache.jasper.servlet.TldScanner.scanJars At least one JAR was scanned for TLDs yet contained no TLDs. Enable debug logging for this logger for a complete list of JARs that were scanned but no TLDs were found in them. Skipping unneeded JARs during scanning can improve startup time and JSP compilation time.
01-Jul-2026 17:26:00.523 INFO [main] org.apache.catalina.startup.HostConfig.deployDirectory Deployment of web application directory [C:\Temp\Tomcat_compartido\webapps\host-manager] has finished in [332] ms
01-Jul-2026 17:26:00.524 INFO [main] org.apache.catalina.startup.HostConfig.deployDirectory Deploying web application directory [C:\Temp\Tomcat_compartido\webapps\manager]
01-Jul-2026 17:26:00.787 INFO [main] org.apache.jasper.servlet.TldScanner.scanJars At least one JAR was scanned for TLDs yet contained no TLDs. Enable debug logging for this logger for a complete list of JARs that were scanned but no TLDs were found in them. Skipping unneeded JARs during scanning can improve startup time and JSP compilation time.
01-Jul-2026 17:26:00.789 INFO [main] org.apache.catalina.startup.HostConfig.deployDirectory Deployment of web application directory [C:\Temp\Tomcat_compartido\webapps\manager] has finished in [266] ms
01-Jul-2026 17:26:00.789 INFO [main] org.apache.catalina.startup.HostConfig.deployDirectory Deploying web application directory [C:\Temp\Tomcat_compartido\webapps\ROOT]
01-Jul-2026 17:26:01.060 INFO [main] org.apache.jasper.servlet.TldScanner.scanJars At least one JAR was scanned for TLDs yet contained no TLDs. Enable debug logging for this logger for a complete list of JARs that were scanned but no TLDs were found in them. Skipping unneeded JARs during scanning can improve startup time and JSP compilation time.
01-Jul-2026 17:26:01.060 INFO [main] org.apache.catalina.startup.HostConfig.deployDirectory Deployment of web application directory [C:\Temp\Tomcat_compartido\webapps\ROOT] has finished in [271] ms
01-Jul-2026 17:26:01.060 INFO [main] org.apache.catalina.startup.HostConfig.deployDirectory Deploying web application directory [C:\Temp\Tomcat_compartido\webapps\Servlet1]
01-Jul-2026 17:26:01.360 INFO [main] org.apache.jasper.servlet.TldScanner.scanJars At least one JAR was scanned for TLDs yet contained no TLDs. Enable debug logging for this logger for a complete list of JARs that were scanned but no TLDs were found in them. Skipping unneeded JARs during scanning can improve startup time and JSP compilation time.
01-Jul-2026 17:26:01.366 INFO [main] org.apache.catalina.startup.HostConfig.deployDirectory Deployment of web application directory [C:\Temp\Tomcat_compartido\webapps\Servlet1] has finished in [306] ms
01-Jul-2026 17:26:01.366 INFO [main] org.apache.catalina.startup.HostConfig.deployDirectory Deploying web application directory [C:\Temp\Tomcat_compartido\webapps\test-r1]
01-Jul-2026 17:26:01.585 INFO [main] org.apache.jasper.servlet.TldScanner.scanJars At least one JAR was scanned for TLDs yet contained no TLDs. Enable debug logging for this logger for a complete list of JARs that were scanned but no TLDs were found in them. Skipping unneeded JARs during scanning can improve startup time and JSP compilation time.
01-Jul-2026 17:26:01.588 INFO [main] org.apache.catalina.startup.HostConfig.deployDirectory Deployment of web application directory [C:\Temp\Tomcat_compartido\webapps\test-r1] has finished in [222] ms
01-Jul-2026 17:26:01.588 INFO [main] org.apache.catalina.startup.HostConfig.deployDirectory Deploying web application directory [C:\Temp\Tomcat_compartido\webapps\Test2]
01-Jul-2026 17:26:01.896 INFO [main] org.apache.jasper.servlet.TldScanner.scanJars At least one JAR was scanned for TLDs yet contained no TLDs. Enable debug logging for this logger for a complete list of JARs that were scanned but no TLDs were found in them. Skipping unneeded JARs during scanning can improve startup time and JSP compilation time.
01-Jul-2026 17:26:01.900 INFO [main] org.apache.catalina.startup.HostConfig.deployDirectory Deployment of web application directory [C:\Temp\Tomcat_compartido\webapps\Test2] has finished in [312] ms
01-Jul-2026 17:26:01.900 INFO [main] org.apache.catalina.startup.HostConfig.deployDirectory Deploying web application directory [C:\Temp\Tomcat_compartido\webapps\trabajogr]
01-Jul-2026 17:26:02.521 INFO [main] org.apache.jasper.servlet.TldScanner.scanJars At least one JAR was scanned for TLDs yet contained no TLDs. Enable debug logging for this logger for a complete list of JARs that were scanned but no TLDs were found in them. Skipping unneeded JARs during scanning can improve startup time and JSP compilation time.
01-Jul-2026 17:26:02.528 INFO [main] org.apache.catalina.startup.HostConfig.deployDirectory Deployment of web application directory [C:\Temp\Tomcat_compartido\webapps\trabajogr] has finished in [627] ms
01-Jul-2026 17:26:02.535 INFO [main] org.apache.coyote.AbstractProtocol.start Starting ProtocolHandler ["http-nio-8082"]
01-Jul-2026 17:26:02.610 INFO [main] org.apache.catalina.startup.Catalina.start Server startup in [3142] milliseconds
01-Jul-2026 17:37:45.046 INFO [main] org.apache.catalina.startup.VersionLoggerListener.log Server version name:   Apache Tomcat/9.0.89
01-Jul-2026 17:37:45.049 INFO [main] org.apache.catalina.startup.VersionLoggerListener.log Server built:          May 3 2024 20:22:11 UTC
01-Jul-2026 17:37:45.049 INFO [main] org.apache.catalina.startup.VersionLoggerListener.log Server version number: 9.0.89.0
01-Jul-2026 17:37:45.049 INFO [main] org.apache.catalina.startup.VersionLoggerListener.log OS Name:               Windows 11
01-Jul-2026 17:37:45.049 INFO [main] org.apache.catalina.startup.VersionLoggerListener.log OS Version:            10.0
01-Jul-2026 17:37:45.049 INFO [main] org.apache.catalina.startup.VersionLoggerListener.log Architecture:          amd64
01-Jul-2026 17:37:45.050 INFO [main] org.apache.catalina.startup.VersionLoggerListener.log Java Home:             C:\Temp\Programs\JavaStack\jdk-17.0.19+10
01-Jul-2026 17:37:45.050 INFO [main] org.apache.catalina.startup.VersionLoggerListener.log JVM Version:           17.0.19+10-LTS
01-Jul-2026 17:37:45.050 INFO [main] org.apache.catalina.startup.VersionLoggerListener.log JVM Vendor:            Microsoft
01-Jul-2026 17:37:45.050 INFO [main] org.apache.catalina.startup.VersionLoggerListener.log CATALINA_BASE:         C:\Temp\Tomcat_compartido
01-Jul-2026 17:37:45.050 INFO [main] org.apache.catalina.startup.VersionLoggerListener.log CATALINA_HOME:         C:\Temp\Programs\JavaStack\apache-tomcat-9.0.89
01-Jul-2026 17:37:45.061 INFO [main] org.apache.catalina.startup.VersionLoggerListener.log Command line argument: -Djava.util.logging.config.file=C:\Temp\Tomcat_compartido/conf/logging.properties
01-Jul-2026 17:37:45.061 INFO [main] org.apache.catalina.startup.VersionLoggerListener.log Command line argument: -Djava.util.logging.manager=org.apache.juli.ClassLoaderLogManager
01-Jul-2026 17:37:45.061 INFO [main] org.apache.catalina.startup.VersionLoggerListener.log Command line argument: -Djdk.tls.ephemeralDHKeySize=2048
01-Jul-2026 17:37:45.061 INFO [main] org.apache.catalina.startup.VersionLoggerListener.log Command line argument: -Djava.protocol.handler.pkgs=org.apache.catalina.webresources
01-Jul-2026 17:37:45.061 INFO [main] org.apache.catalina.startup.VersionLoggerListener.log Command line argument: -Dorg.apache.catalina.security.SecurityListener.UMASK=0027
01-Jul-2026 17:37:45.061 INFO [main] org.apache.catalina.startup.VersionLoggerListener.log Command line argument: -Dcatalina.base=C:\Temp\Tomcat_compartido
01-Jul-2026 17:37:45.061 INFO [main] org.apache.catalina.startup.VersionLoggerListener.log Command line argument: -Dcatalina.home=C:\Temp\Programs\JavaStack\apache-tomcat-9.0.89
01-Jul-2026 17:37:45.061 INFO [main] org.apache.catalina.startup.VersionLoggerListener.log Command line argument: -Djava.io.tmpdir=C:\Temp\Tomcat_compartido/temp
01-Jul-2026 17:37:45.069 INFO [main] org.apache.catalina.core.AprLifecycleListener.lifecycleEvent The Apache Tomcat Native library which allows using OpenSSL was not found on the java.library.path: [C:\Temp\Programs\JavaStack\jdk-17.0.19+10\bin;C:\WINDOWS\Sun\Java\bin;C:\WINDOWS\system32;C:\WINDOWS;C:\Temp\Programs\JavaStack\jdk1.8.0_131\bin;C:\Temp\Programs\JavaStack\jdk1.8.0_131\db\bin;C:\Temp\Programs\JavaStack\squirrelsql-4.0.0-standard;C:\Temp\Programs\JavaStack\apache-tomcat-9.0.89\bin;c:\Users\Aldoa\AppData\Roaming\Code\User\globalStorage\github.copilot-chat\debugCommand;c:\Users\Aldoa\AppData\Roaming\Code\User\globalStorage\github.copilot-chat\copilotCli;C:\WINDOWS\system32;C:\WINDOWS;C:\WINDOWS\System32\Wbem;C:\WINDOWS\System32\WindowsPowerShell\v1.0\;C:\WINDOWS\System32\OpenSSH\;C:\Program Files\dotnet\;C:\Users\Aldoa\Desktop\Infor\bin;C:\Program Files\Microsoft SQL Server Migration Assistant for Access\bin\;C:\Users\Aldoa\OneDrive\Desktop\;C:\Program Files\Git\cmd;C:\Program Files\nodejs\;C:\Users\Aldoa\AppData\Local\Microsoft\WindowsApps;C:\Users\Aldoa\AppData\Local\Programs\Microsoft VS Code\bin;C:\Users\Aldoa\AppData\Local\Programs\cursor\resources\app\bin;C:\Users\Aldoa\AppData\Roaming\npm;C:\Temp\Programs\JavaStack\jdk-17.0.19+10\bin;C:\Temp\Programs\JavaStack\apache-maven-3.9.16\bin;c:\Users\Aldoa\.vscode\extensions\vscjava.vscode-java-debug-0.59.0\bundled\scripts\noConfigScripts;.]
01-Jul-2026 17:37:45.316 INFO [main] org.apache.coyote.AbstractProtocol.init Initializing ProtocolHandler ["http-nio-8082"]
01-Jul-2026 17:37:45.346 INFO [main] org.apache.catalina.startup.Catalina.load Server initialization in [442] milliseconds
01-Jul-2026 17:37:45.390 INFO [main] org.apache.catalina.core.StandardService.startInternal Starting service [Catalina]
01-Jul-2026 17:37:45.391 INFO [main] org.apache.catalina.core.StandardEngine.startInternal Starting Servlet engine: [Apache Tomcat/9.0.89]
01-Jul-2026 17:37:45.397 INFO [main] org.apache.catalina.startup.HostConfig.deployDirectory Deploying web application directory [C:\Temp\Tomcat_compartido\webapps\ERP]
01-Jul-2026 17:37:45.897 INFO [main] org.apache.jasper.servlet.TldScanner.scanJars At least one JAR was scanned for TLDs yet contained no TLDs. Enable debug logging for this logger for a complete list of JARs that were scanned but no TLDs were found in them. Skipping unneeded JARs during scanning can improve startup time and JSP compilation time.
01-Jul-2026 17:37:45.977 INFO [main] org.apache.catalina.startup.HostConfig.deployDirectory Deployment of web application directory [C:\Temp\Tomcat_compartido\webapps\ERP] has finished in [580] ms
01-Jul-2026 17:37:45.978 INFO [main] org.apache.catalina.startup.HostConfig.deployDirectory Deploying web application directory [C:\Temp\Tomcat_compartido\webapps\host-manager]
01-Jul-2026 17:37:46.367 INFO [main] org.apache.jasper.servlet.TldScanner.scanJars At least one JAR was scanned for TLDs yet contained no TLDs. Enable debug logging for this logger for a complete list of JARs that were scanned but no TLDs were found in them. Skipping unneeded JARs during scanning can improve startup time and JSP compilation time.
01-Jul-2026 17:37:46.378 INFO [main] org.apache.catalina.startup.HostConfig.deployDirectory Deployment of web application directory [C:\Temp\Tomcat_compartido\webapps\host-manager] has finished in [399] ms
01-Jul-2026 17:37:46.379 INFO [main] org.apache.catalina.startup.HostConfig.deployDirectory Deploying web application directory [C:\Temp\Tomcat_compartido\webapps\manager]
01-Jul-2026 17:37:46.654 INFO [main] org.apache.jasper.servlet.TldScanner.scanJars At least one JAR was scanned for TLDs yet contained no TLDs. Enable debug logging for this logger for a complete list of JARs that were scanned but no TLDs were found in them. Skipping unneeded JARs during scanning can improve startup time and JSP compilation time.
01-Jul-2026 17:37:46.660 INFO [main] org.apache.catalina.startup.HostConfig.deployDirectory Deployment of web application directory [C:\Temp\Tomcat_compartido\webapps\manager] has finished in [280] ms
01-Jul-2026 17:37:46.660 INFO [main] org.apache.catalina.startup.HostConfig.deployDirectory Deploying web application directory [C:\Temp\Tomcat_compartido\webapps\ROOT]
01-Jul-2026 17:37:46.979 INFO [main] org.apache.jasper.servlet.TldScanner.scanJars At least one JAR was scanned for TLDs yet contained no TLDs. Enable debug logging for this logger for a complete list of JARs that were scanned but no TLDs were found in them. Skipping unneeded JARs during scanning can improve startup time and JSP compilation time.
01-Jul-2026 17:37:46.983 INFO [main] org.apache.catalina.startup.HostConfig.deployDirectory Deployment of web application directory [C:\Temp\Tomcat_compartido\webapps\ROOT] has finished in [323] ms
01-Jul-2026 17:37:46.983 INFO [main] org.apache.catalina.startup.HostConfig.deployDirectory Deploying web application directory [C:\Temp\Tomcat_compartido\webapps\Servlet1]
01-Jul-2026 17:37:47.275 INFO [main] org.apache.jasper.servlet.TldScanner.scanJars At least one JAR was scanned for TLDs yet contained no TLDs. Enable debug logging for this logger for a complete list of JARs that were scanned but no TLDs were found in them. Skipping unneeded JARs during scanning can improve startup time and JSP compilation time.
01-Jul-2026 17:37:47.277 INFO [main] org.apache.catalina.startup.HostConfig.deployDirectory Deployment of web application directory [C:\Temp\Tomcat_compartido\webapps\Servlet1] has finished in [294] ms
01-Jul-2026 17:37:47.278 INFO [main] org.apache.catalina.startup.HostConfig.deployDirectory Deploying web application directory [C:\Temp\Tomcat_compartido\webapps\test-r1]
01-Jul-2026 17:37:47.469 INFO [main] org.apache.jasper.servlet.TldScanner.scanJars At least one JAR was scanned for TLDs yet contained no TLDs. Enable debug logging for this logger for a complete list of JARs that were scanned but no TLDs were found in them. Skipping unneeded JARs during scanning can improve startup time and JSP compilation time.
01-Jul-2026 17:37:47.469 INFO [main] org.apache.catalina.startup.HostConfig.deployDirectory Deployment of web application directory [C:\Temp\Tomcat_compartido\webapps\test-r1] has finished in [191] ms
01-Jul-2026 17:37:47.469 INFO [main] org.apache.catalina.startup.HostConfig.deployDirectory Deploying web application directory [C:\Temp\Tomcat_compartido\webapps\Test2]
01-Jul-2026 17:37:47.748 INFO [main] org.apache.jasper.servlet.TldScanner.scanJars At least one JAR was scanned for TLDs yet contained no TLDs. Enable debug logging for this logger for a complete list of JARs that were scanned but no TLDs were found in them. Skipping unneeded JARs during scanning can improve startup time and JSP compilation time.
01-Jul-2026 17:37:47.753 INFO [main] org.apache.catalina.startup.HostConfig.deployDirectory Deployment of web application directory [C:\Temp\Tomcat_compartido\webapps\Test2] has finished in [283] ms
01-Jul-2026 17:37:47.753 INFO [main] org.apache.catalina.startup.HostConfig.deployDirectory Deploying web application directory [C:\Temp\Tomcat_compartido\webapps\trabajogr]
01-Jul-2026 17:37:48.308 INFO [main] org.apache.jasper.servlet.TldScanner.scanJars At least one JAR was scanned for TLDs yet contained no TLDs. Enable debug logging for this logger for a complete list of JARs that were scanned but no TLDs were found in them. Skipping unneeded JARs during scanning can improve startup time and JSP compilation time.
01-Jul-2026 17:37:48.317 INFO [main] org.apache.catalina.startup.HostConfig.deployDirectory Deployment of web application directory [C:\Temp\Tomcat_compartido\webapps\trabajogr] has finished in [563] ms
01-Jul-2026 17:37:48.326 INFO [main] org.apache.coyote.AbstractProtocol.start Starting ProtocolHandler ["http-nio-8082"]
01-Jul-2026 17:37:48.448 INFO [main] org.apache.catalina.startup.Catalina.start Server startup in [3103] milliseconds
01-Jul-2026 17:41:58.930 INFO [main] org.apache.catalina.startup.VersionLoggerListener.log Server version name:   Apache Tomcat/9.0.89
01-Jul-2026 17:41:58.935 INFO [main] org.apache.catalina.startup.VersionLoggerListener.log Server built:          May 3 2024 20:22:11 UTC
01-Jul-2026 17:41:58.935 INFO [main] org.apache.catalina.startup.VersionLoggerListener.log Server version number: 9.0.89.0
01-Jul-2026 17:41:58.935 INFO [main] org.apache.catalina.startup.VersionLoggerListener.log OS Name:               Windows 11
01-Jul-2026 17:41:58.935 INFO [main] org.apache.catalina.startup.VersionLoggerListener.log OS Version:            10.0
01-Jul-2026 17:41:58.935 INFO [main] org.apache.catalina.startup.VersionLoggerListener.log Architecture:          amd64
01-Jul-2026 17:41:58.935 INFO [main] org.apache.catalina.startup.VersionLoggerListener.log Java Home:             C:\Temp\Programs\JavaStack\jdk-17.0.19+10
01-Jul-2026 17:41:58.935 INFO [main] org.apache.catalina.startup.VersionLoggerListener.log JVM Version:           17.0.19+10-LTS
01-Jul-2026 17:41:58.936 INFO [main] org.apache.catalina.startup.VersionLoggerListener.log JVM Vendor:            Microsoft
01-Jul-2026 17:41:58.936 INFO [main] org.apache.catalina.startup.VersionLoggerListener.log CATALINA_BASE:         C:\Temp\Tomcat_compartido
01-Jul-2026 17:41:58.936 INFO [main] org.apache.catalina.startup.VersionLoggerListener.log CATALINA_HOME:         C:\Temp\Programs\JavaStack\apache-tomcat-9.0.89
01-Jul-2026 17:41:58.946 INFO [main] org.apache.catalina.startup.VersionLoggerListener.log Command line argument: -Djava.util.logging.config.file=C:\Temp\Tomcat_compartido/conf/logging.properties
01-Jul-2026 17:41:58.946 INFO [main] org.apache.catalina.startup.VersionLoggerListener.log Command line argument: -Djava.util.logging.manager=org.apache.juli.ClassLoaderLogManager
01-Jul-2026 17:41:58.946 INFO [main] org.apache.catalina.startup.VersionLoggerListener.log Command line argument: -Djdk.tls.ephemeralDHKeySize=2048
01-Jul-2026 17:41:58.946 INFO [main] org.apache.catalina.startup.VersionLoggerListener.log Command line argument: -Djava.protocol.handler.pkgs=org.apache.catalina.webresources
01-Jul-2026 17:41:58.946 INFO [main] org.apache.catalina.startup.VersionLoggerListener.log Command line argument: -Dorg.apache.catalina.security.SecurityListener.UMASK=0027
01-Jul-2026 17:41:58.946 INFO [main] org.apache.catalina.startup.VersionLoggerListener.log Command line argument: -Dcatalina.base=C:\Temp\Tomcat_compartido
01-Jul-2026 17:41:58.946 INFO [main] org.apache.catalina.startup.VersionLoggerListener.log Command line argument: -Dcatalina.home=C:\Temp\Programs\JavaStack\apache-tomcat-9.0.89
01-Jul-2026 17:41:58.946 INFO [main] org.apache.catalina.startup.VersionLoggerListener.log Command line argument: -Djava.io.tmpdir=C:\Temp\Tomcat_compartido/temp
01-Jul-2026 17:41:58.953 INFO [main] org.apache.catalina.core.AprLifecycleListener.lifecycleEvent The Apache Tomcat Native library which allows using OpenSSL was not found on the java.library.path: [C:\Temp\Programs\JavaStack\jdk-17.0.19+10\bin;C:\WINDOWS\Sun\Java\bin;C:\WINDOWS\system32;C:\WINDOWS;C:\Temp\Programs\JavaStack\jdk1.8.0_131\bin;C:\Temp\Programs\JavaStack\jdk1.8.0_131\db\bin;C:\Temp\Programs\JavaStack\squirrelsql-4.0.0-standard;C:\Temp\Programs\JavaStack\apache-tomcat-9.0.89\bin;c:\Users\Aldoa\AppData\Roaming\Code\User\globalStorage\github.copilot-chat\debugCommand;c:\Users\Aldoa\AppData\Roaming\Code\User\globalStorage\github.copilot-chat\copilotCli;C:\WINDOWS\system32;C:\WINDOWS;C:\WINDOWS\System32\Wbem;C:\WINDOWS\System32\WindowsPowerShell\v1.0\;C:\WINDOWS\System32\OpenSSH\;C:\Program Files\dotnet\;C:\Users\Aldoa\Desktop\Infor\bin;C:\Program Files\Microsoft SQL Server Migration Assistant for Access\bin\;C:\Users\Aldoa\OneDrive\Desktop\;C:\Program Files\Git\cmd;C:\Program Files\nodejs\;C:\Users\Aldoa\AppData\Local\Microsoft\WindowsApps;C:\Users\Aldoa\AppData\Local\Programs\Microsoft VS Code\bin;C:\Users\Aldoa\AppData\Local\Programs\cursor\resources\app\bin;C:\Users\Aldoa\AppData\Roaming\npm;C:\Temp\Programs\JavaStack\jdk-17.0.19+10\bin;C:\Temp\Programs\JavaStack\apache-maven-3.9.16\bin;c:\Users\Aldoa\.vscode\extensions\vscjava.vscode-java-debug-0.59.0\bundled\scripts\noConfigScripts;.]
01-Jul-2026 17:41:59.201 INFO [main] org.apache.coyote.AbstractProtocol.init Initializing ProtocolHandler ["http-nio-8082"]
01-Jul-2026 17:41:59.222 INFO [main] org.apache.catalina.startup.Catalina.load Server initialization in [430] milliseconds
01-Jul-2026 17:41:59.255 INFO [main] org.apache.catalina.core.StandardService.startInternal Starting service [Catalina]
01-Jul-2026 17:41:59.255 INFO [main] org.apache.catalina.core.StandardEngine.startInternal Starting Servlet engine: [Apache Tomcat/9.0.89]
01-Jul-2026 17:41:59.263 INFO [main] org.apache.catalina.startup.HostConfig.deployDirectory Deploying web application directory [C:\Temp\Tomcat_compartido\webapps\ERP]
01-Jul-2026 17:41:59.774 INFO [main] org.apache.jasper.servlet.TldScanner.scanJars At least one JAR was scanned for TLDs yet contained no TLDs. Enable debug logging for this logger for a complete list of JARs that were scanned but no TLDs were found in them. Skipping unneeded JARs during scanning can improve startup time and JSP compilation time.
01-Jul-2026 17:41:59.839 INFO [main] org.apache.catalina.startup.HostConfig.deployDirectory Deployment of web application directory [C:\Temp\Tomcat_compartido\webapps\ERP] has finished in [576] ms
01-Jul-2026 17:41:59.840 INFO [main] org.apache.catalina.startup.HostConfig.deployDirectory Deploying web application directory [C:\Temp\Tomcat_compartido\webapps\host-manager]
01-Jul-2026 17:42:00.110 INFO [main] org.apache.jasper.servlet.TldScanner.scanJars At least one JAR was scanned for TLDs yet contained no TLDs. Enable debug logging for this logger for a complete list of JARs that were scanned but no TLDs were found in them. Skipping unneeded JARs during scanning can improve startup time and JSP compilation time.
01-Jul-2026 17:42:00.121 INFO [main] org.apache.catalina.startup.HostConfig.deployDirectory Deployment of web application directory [C:\Temp\Tomcat_compartido\webapps\host-manager] has finished in [281] ms
01-Jul-2026 17:42:00.121 INFO [main] org.apache.catalina.startup.HostConfig.deployDirectory Deploying web application directory [C:\Temp\Tomcat_compartido\webapps\manager]
01-Jul-2026 17:42:00.370 INFO [main] org.apache.jasper.servlet.TldScanner.scanJars At least one JAR was scanned for TLDs yet contained no TLDs. Enable debug logging for this logger for a complete list of JARs that were scanned but no TLDs were found in them. Skipping unneeded JARs during scanning can improve startup time and JSP compilation time.
01-Jul-2026 17:42:00.373 INFO [main] org.apache.catalina.startup.HostConfig.deployDirectory Deployment of web application directory [C:\Temp\Tomcat_compartido\webapps\manager] has finished in [252] ms
01-Jul-2026 17:42:00.373 INFO [main] org.apache.catalina.startup.HostConfig.deployDirectory Deploying web application directory [C:\Temp\Tomcat_compartido\webapps\ROOT]
01-Jul-2026 17:42:00.604 INFO [main] org.apache.jasper.servlet.TldScanner.scanJars At least one JAR was scanned for TLDs yet contained no TLDs. Enable debug logging for this logger for a complete list of JARs that were scanned but no TLDs were found in them. Skipping unneeded JARs during scanning can improve startup time and JSP compilation time.
01-Jul-2026 17:42:00.607 INFO [main] org.apache.catalina.startup.HostConfig.deployDirectory Deployment of web application directory [C:\Temp\Tomcat_compartido\webapps\ROOT] has finished in [234] ms
01-Jul-2026 17:42:00.607 INFO [main] org.apache.catalina.startup.HostConfig.deployDirectory Deploying web application directory [C:\Temp\Tomcat_compartido\webapps\Servlet1]
01-Jul-2026 17:42:00.872 INFO [main] org.apache.jasper.servlet.TldScanner.scanJars At least one JAR was scanned for TLDs yet contained no TLDs. Enable debug logging for this logger for a complete list of JARs that were scanned but no TLDs were found in them. Skipping unneeded JARs during scanning can improve startup time and JSP compilation time.
01-Jul-2026 17:42:00.875 INFO [main] org.apache.catalina.startup.HostConfig.deployDirectory Deployment of web application directory [C:\Temp\Tomcat_compartido\webapps\Servlet1] has finished in [268] ms
01-Jul-2026 17:42:00.875 INFO [main] org.apache.catalina.startup.HostConfig.deployDirectory Deploying web application directory [C:\Temp\Tomcat_compartido\webapps\test-r1]
01-Jul-2026 17:42:01.062 INFO [main] org.apache.jasper.servlet.TldScanner.scanJars At least one JAR was scanned for TLDs yet contained no TLDs. Enable debug logging for this logger for a complete list of JARs that were scanned but no TLDs were found in them. Skipping unneeded JARs during scanning can improve startup time and JSP compilation time.
01-Jul-2026 17:42:01.066 INFO [main] org.apache.catalina.startup.HostConfig.deployDirectory Deployment of web application directory [C:\Temp\Tomcat_compartido\webapps\test-r1] has finished in [190] ms
01-Jul-2026 17:42:01.066 INFO [main] org.apache.catalina.startup.HostConfig.deployDirectory Deploying web application directory [C:\Temp\Tomcat_compartido\webapps\Test2]
01-Jul-2026 17:42:01.260 INFO [main] org.apache.jasper.servlet.TldScanner.scanJars At least one JAR was scanned for TLDs yet contained no TLDs. Enable debug logging for this logger for a complete list of JARs that were scanned but no TLDs were found in them. Skipping unneeded JARs during scanning can improve startup time and JSP compilation time.
01-Jul-2026 17:42:01.264 INFO [main] org.apache.catalina.startup.HostConfig.deployDirectory Deployment of web application directory [C:\Temp\Tomcat_compartido\webapps\Test2] has finished in [198] ms
01-Jul-2026 17:42:01.264 INFO [main] org.apache.catalina.startup.HostConfig.deployDirectory Deploying web application directory [C:\Temp\Tomcat_compartido\webapps\trabajogr]
01-Jul-2026 17:42:01.520 INFO [main] org.apache.jasper.servlet.TldScanner.scanJars At least one JAR was scanned for TLDs yet contained no TLDs. Enable debug logging for this logger for a complete list of JARs that were scanned but no TLDs were found in them. Skipping unneeded JARs during scanning can improve startup time and JSP compilation time.
01-Jul-2026 17:42:01.523 INFO [main] org.apache.catalina.startup.HostConfig.deployDirectory Deployment of web application directory [C:\Temp\Tomcat_compartido\webapps\trabajogr] has finished in [258] ms
01-Jul-2026 17:42:01.527 INFO [main] org.apache.coyote.AbstractProtocol.start Starting ProtocolHandler ["http-nio-8082"]
01-Jul-2026 17:42:01.563 INFO [main] org.apache.catalina.startup.Catalina.start Server startup in [2340] milliseconds
01-Jul-2026 17:43:33.126 INFO [main] org.apache.catalina.startup.VersionLoggerListener.log Server version name:   Apache Tomcat/9.0.89
01-Jul-2026 17:43:33.129 INFO [main] org.apache.catalina.startup.VersionLoggerListener.log Server built:          May 3 2024 20:22:11 UTC
01-Jul-2026 17:43:33.129 INFO [main] org.apache.catalina.startup.VersionLoggerListener.log Server version number: 9.0.89.0
01-Jul-2026 17:43:33.129 INFO [main] org.apache.catalina.startup.VersionLoggerListener.log OS Name:               Windows 11
01-Jul-2026 17:43:33.129 INFO [main] org.apache.catalina.startup.VersionLoggerListener.log OS Version:            10.0
01-Jul-2026 17:43:33.129 INFO [main] org.apache.catalina.startup.VersionLoggerListener.log Architecture:          amd64
01-Jul-2026 17:43:33.129 INFO [main] org.apache.catalina.startup.VersionLoggerListener.log Java Home:             C:\Temp\Programs\JavaStack\jdk-17.0.19+10
01-Jul-2026 17:43:33.129 INFO [main] org.apache.catalina.startup.VersionLoggerListener.log JVM Version:           17.0.19+10-LTS
01-Jul-2026 17:43:33.129 INFO [main] org.apache.catalina.startup.VersionLoggerListener.log JVM Vendor:            Microsoft
01-Jul-2026 17:43:33.130 INFO [main] org.apache.catalina.startup.VersionLoggerListener.log CATALINA_BASE:         C:\Temp\Tomcat_compartido
01-Jul-2026 17:43:33.130 INFO [main] org.apache.catalina.startup.VersionLoggerListener.log CATALINA_HOME:         C:\Temp\Programs\JavaStack\apache-tomcat-9.0.89
01-Jul-2026 17:43:33.140 INFO [main] org.apache.catalina.startup.VersionLoggerListener.log Command line argument: -Djava.util.logging.config.file=C:\Temp\Tomcat_compartido/conf/logging.properties
01-Jul-2026 17:43:33.140 INFO [main] org.apache.catalina.startup.VersionLoggerListener.log Command line argument: -Djava.util.logging.manager=org.apache.juli.ClassLoaderLogManager
01-Jul-2026 17:43:33.140 INFO [main] org.apache.catalina.startup.VersionLoggerListener.log Command line argument: -Djdk.tls.ephemeralDHKeySize=2048
01-Jul-2026 17:43:33.140 INFO [main] org.apache.catalina.startup.VersionLoggerListener.log Command line argument: -Djava.protocol.handler.pkgs=org.apache.catalina.webresources
01-Jul-2026 17:43:33.141 INFO [main] org.apache.catalina.startup.VersionLoggerListener.log Command line argument: -Dorg.apache.catalina.security.SecurityListener.UMASK=0027
01-Jul-2026 17:43:33.141 INFO [main] org.apache.catalina.startup.VersionLoggerListener.log Command line argument: -Dcatalina.base=C:\Temp\Tomcat_compartido
01-Jul-2026 17:43:33.141 INFO [main] org.apache.catalina.startup.VersionLoggerListener.log Command line argument: -Dcatalina.home=C:\Temp\Programs\JavaStack\apache-tomcat-9.0.89
01-Jul-2026 17:43:33.141 INFO [main] org.apache.catalina.startup.VersionLoggerListener.log Command line argument: -Djava.io.tmpdir=C:\Temp\Tomcat_compartido/temp
01-Jul-2026 17:43:33.148 INFO [main] org.apache.catalina.core.AprLifecycleListener.lifecycleEvent The Apache Tomcat Native library which allows using OpenSSL was not found on the java.library.path: [C:\Temp\Programs\JavaStack\jdk-17.0.19+10\bin;C:\WINDOWS\Sun\Java\bin;C:\WINDOWS\system32;C:\WINDOWS;C:\Temp\Programs\JavaStack\jdk1.8.0_131\bin;C:\Temp\Programs\JavaStack\jdk1.8.0_131\db\bin;C:\Temp\Programs\JavaStack\squirrelsql-4.0.0-standard;C:\Temp\Programs\JavaStack\apache-tomcat-9.0.89\bin;c:\Users\Aldoa\AppData\Roaming\Code\User\globalStorage\github.copilot-chat\debugCommand;c:\Users\Aldoa\AppData\Roaming\Code\User\globalStorage\github.copilot-chat\copilotCli;C:\WINDOWS\system32;C:\WINDOWS;C:\WINDOWS\System32\Wbem;C:\WINDOWS\System32\WindowsPowerShell\v1.0\;C:\WINDOWS\System32\OpenSSH\;C:\Program Files\dotnet\;C:\Users\Aldoa\Desktop\Infor\bin;C:\Program Files\Microsoft SQL Server Migration Assistant for Access\bin\;C:\Users\Aldoa\OneDrive\Desktop\;C:\Program Files\Git\cmd;C:\Program Files\nodejs\;C:\Users\Aldoa\AppData\Local\Microsoft\WindowsApps;C:\Users\Aldoa\AppData\Local\Programs\Microsoft VS Code\bin;C:\Users\Aldoa\AppData\Local\Programs\cursor\resources\app\bin;C:\Users\Aldoa\AppData\Roaming\npm;C:\Temp\Programs\JavaStack\jdk-17.0.19+10\bin;C:\Temp\Programs\JavaStack\apache-maven-3.9.16\bin;c:\Users\Aldoa\.vscode\extensions\vscjava.vscode-java-debug-0.59.0\bundled\scripts\noConfigScripts;.]
01-Jul-2026 17:43:33.357 INFO [main] org.apache.coyote.AbstractProtocol.init Initializing ProtocolHandler ["http-nio-8082"]
01-Jul-2026 17:43:33.381 INFO [main] org.apache.catalina.startup.Catalina.load Server initialization in [400] milliseconds
01-Jul-2026 17:43:33.426 INFO [main] org.apache.catalina.core.StandardService.startInternal Starting service [Catalina]
01-Jul-2026 17:43:33.426 INFO [main] org.apache.catalina.core.StandardEngine.startInternal Starting Servlet engine: [Apache Tomcat/9.0.89]
01-Jul-2026 17:43:33.449 INFO [main] org.apache.catalina.startup.HostConfig.deployDirectory Deploying web application directory [C:\Temp\Tomcat_compartido\webapps\ERP]
01-Jul-2026 17:43:33.946 INFO [main] org.apache.jasper.servlet.TldScanner.scanJars At least one JAR was scanned for TLDs yet contained no TLDs. Enable debug logging for this logger for a complete list of JARs that were scanned but no TLDs were found in them. Skipping unneeded JARs during scanning can improve startup time and JSP compilation time.
01-Jul-2026 17:43:34.009 INFO [main] org.apache.catalina.startup.HostConfig.deployDirectory Deployment of web application directory [C:\Temp\Tomcat_compartido\webapps\ERP] has finished in [559] ms
01-Jul-2026 17:43:34.009 INFO [main] org.apache.catalina.startup.HostConfig.deployDirectory Deploying web application directory [C:\Temp\Tomcat_compartido\webapps\host-manager]
01-Jul-2026 17:43:34.238 INFO [main] org.apache.jasper.servlet.TldScanner.scanJars At least one JAR was scanned for TLDs yet contained no TLDs. Enable debug logging for this logger for a complete list of JARs that were scanned but no TLDs were found in them. Skipping unneeded JARs during scanning can improve startup time and JSP compilation time.
01-Jul-2026 17:43:34.247 INFO [main] org.apache.catalina.startup.HostConfig.deployDirectory Deployment of web application directory [C:\Temp\Tomcat_compartido\webapps\host-manager] has finished in [238] ms
01-Jul-2026 17:43:34.248 INFO [main] org.apache.catalina.startup.HostConfig.deployDirectory Deploying web application directory [C:\Temp\Tomcat_compartido\webapps\manager]
01-Jul-2026 17:43:34.475 INFO [main] org.apache.jasper.servlet.TldScanner.scanJars At least one JAR was scanned for TLDs yet contained no TLDs. Enable debug logging for this logger for a complete list of JARs that were scanned but no TLDs were found in them. Skipping unneeded JARs during scanning can improve startup time and JSP compilation time.
01-Jul-2026 17:43:34.479 INFO [main] org.apache.catalina.startup.HostConfig.deployDirectory Deployment of web application directory [C:\Temp\Tomcat_compartido\webapps\manager] has finished in [231] ms
01-Jul-2026 17:43:34.479 INFO [main] org.apache.catalina.startup.HostConfig.deployDirectory Deploying web application directory [C:\Temp\Tomcat_compartido\webapps\ROOT]
01-Jul-2026 17:43:34.697 INFO [main] org.apache.jasper.servlet.TldScanner.scanJars At least one JAR was scanned for TLDs yet contained no TLDs. Enable debug logging for this logger for a complete list of JARs that were scanned but no TLDs were found in them. Skipping unneeded JARs during scanning can improve startup time and JSP compilation time.
01-Jul-2026 17:43:34.700 INFO [main] org.apache.catalina.startup.HostConfig.deployDirectory Deployment of web application directory [C:\Temp\Tomcat_compartido\webapps\ROOT] has finished in [220] ms
01-Jul-2026 17:43:34.700 INFO [main] org.apache.catalina.startup.HostConfig.deployDirectory Deploying web application directory [C:\Temp\Tomcat_compartido\webapps\Servlet1]
01-Jul-2026 17:43:34.929 INFO [main] org.apache.jasper.servlet.TldScanner.scanJars At least one JAR was scanned for TLDs yet contained no TLDs. Enable debug logging for this logger for a complete list of JARs that were scanned but no TLDs were found in them. Skipping unneeded JARs during scanning can improve startup time and JSP compilation time.
01-Jul-2026 17:43:34.932 INFO [main] org.apache.catalina.startup.HostConfig.deployDirectory Deployment of web application directory [C:\Temp\Tomcat_compartido\webapps\Servlet1] has finished in [232] ms
01-Jul-2026 17:43:34.932 INFO [main] org.apache.catalina.startup.HostConfig.deployDirectory Deploying web application directory [C:\Temp\Tomcat_compartido\webapps\test-r1]
01-Jul-2026 17:43:35.130 INFO [main] org.apache.jasper.servlet.TldScanner.scanJars At least one JAR was scanned for TLDs yet contained no TLDs. Enable debug logging for this logger for a complete list of JARs that were scanned but no TLDs were found in them. Skipping unneeded JARs during scanning can improve startup time and JSP compilation time.
01-Jul-2026 17:43:35.132 INFO [main] org.apache.catalina.startup.HostConfig.deployDirectory Deployment of web application directory [C:\Temp\Tomcat_compartido\webapps\test-r1] has finished in [200] ms
01-Jul-2026 17:43:35.132 INFO [main] org.apache.catalina.startup.HostConfig.deployDirectory Deploying web application directory [C:\Temp\Tomcat_compartido\webapps\Test2]
01-Jul-2026 17:43:35.332 INFO [main] org.apache.jasper.servlet.TldScanner.scanJars At least one JAR was scanned for TLDs yet contained no TLDs. Enable debug logging for this logger for a complete list of JARs that were scanned but no TLDs were found in them. Skipping unneeded JARs during scanning can improve startup time and JSP compilation time.
01-Jul-2026 17:43:35.334 INFO [main] org.apache.catalina.startup.HostConfig.deployDirectory Deployment of web application directory [C:\Temp\Tomcat_compartido\webapps\Test2] has finished in [202] ms
01-Jul-2026 17:43:35.335 INFO [main] org.apache.catalina.startup.HostConfig.deployDirectory Deploying web application directory [C:\Temp\Tomcat_compartido\webapps\trabajogr]
01-Jul-2026 17:43:35.593 INFO [main] org.apache.jasper.servlet.TldScanner.scanJars At least one JAR was scanned for TLDs yet contained no TLDs. Enable debug logging for this logger for a complete list of JARs that were scanned but no TLDs were found in them. Skipping unneeded JARs during scanning can improve startup time and JSP compilation time.
01-Jul-2026 17:43:35.595 INFO [main] org.apache.catalina.startup.HostConfig.deployDirectory Deployment of web application directory [C:\Temp\Tomcat_compartido\webapps\trabajogr] has finished in [261] ms
01-Jul-2026 17:43:35.599 INFO [main] org.apache.coyote.AbstractProtocol.start Starting ProtocolHandler ["http-nio-8082"]
01-Jul-2026 17:43:35.635 INFO [main] org.apache.catalina.startup.Catalina.start Server startup in [2253] milliseconds
01-Jul-2026 17:46:19.838 INFO [main] org.apache.catalina.startup.VersionLoggerListener.log Server version name:   Apache Tomcat/9.0.89
01-Jul-2026 17:46:19.841 INFO [main] org.apache.catalina.startup.VersionLoggerListener.log Server built:          May 3 2024 20:22:11 UTC
01-Jul-2026 17:46:19.841 INFO [main] org.apache.catalina.startup.VersionLoggerListener.log Server version number: 9.0.89.0
01-Jul-2026 17:46:19.842 INFO [main] org.apache.catalina.startup.VersionLoggerListener.log OS Name:               Windows 11
01-Jul-2026 17:46:19.842 INFO [main] org.apache.catalina.startup.VersionLoggerListener.log OS Version:            10.0
01-Jul-2026 17:46:19.842 INFO [main] org.apache.catalina.startup.VersionLoggerListener.log Architecture:          amd64
01-Jul-2026 17:46:19.842 INFO [main] org.apache.catalina.startup.VersionLoggerListener.log Java Home:             C:\Temp\Programs\JavaStack\jdk-17.0.19+10
01-Jul-2026 17:46:19.842 INFO [main] org.apache.catalina.startup.VersionLoggerListener.log JVM Version:           17.0.19+10-LTS
01-Jul-2026 17:46:19.842 INFO [main] org.apache.catalina.startup.VersionLoggerListener.log JVM Vendor:            Microsoft
01-Jul-2026 17:46:19.842 INFO [main] org.apache.catalina.startup.VersionLoggerListener.log CATALINA_BASE:         C:\Temp\Tomcat_compartido
01-Jul-2026 17:46:19.842 INFO [main] org.apache.catalina.startup.VersionLoggerListener.log CATALINA_HOME:         C:\Temp\Programs\JavaStack\apache-tomcat-9.0.89
01-Jul-2026 17:46:19.854 INFO [main] org.apache.catalina.startup.VersionLoggerListener.log Command line argument: -Djava.util.logging.config.file=C:\Temp\Tomcat_compartido/conf/logging.properties
01-Jul-2026 17:46:19.855 INFO [main] org.apache.catalina.startup.VersionLoggerListener.log Command line argument: -Djava.util.logging.manager=org.apache.juli.ClassLoaderLogManager
01-Jul-2026 17:46:19.855 INFO [main] org.apache.catalina.startup.VersionLoggerListener.log Command line argument: -Djdk.tls.ephemeralDHKeySize=2048
01-Jul-2026 17:46:19.855 INFO [main] org.apache.catalina.startup.VersionLoggerListener.log Command line argument: -Djava.protocol.handler.pkgs=org.apache.catalina.webresources
01-Jul-2026 17:46:19.855 INFO [main] org.apache.catalina.startup.VersionLoggerListener.log Command line argument: -Dorg.apache.catalina.security.SecurityListener.UMASK=0027
01-Jul-2026 17:46:19.855 INFO [main] org.apache.catalina.startup.VersionLoggerListener.log Command line argument: -Dcatalina.base=C:\Temp\Tomcat_compartido
01-Jul-2026 17:46:19.855 INFO [main] org.apache.catalina.startup.VersionLoggerListener.log Command line argument: -Dcatalina.home=C:\Temp\Programs\JavaStack\apache-tomcat-9.0.89
01-Jul-2026 17:46:19.856 INFO [main] org.apache.catalina.startup.VersionLoggerListener.log Command line argument: -Djava.io.tmpdir=C:\Temp\Tomcat_compartido/temp
01-Jul-2026 17:46:19.861 INFO [main] org.apache.catalina.core.AprLifecycleListener.lifecycleEvent The Apache Tomcat Native library which allows using OpenSSL was not found on the java.library.path: [C:\Temp\Programs\JavaStack\jdk-17.0.19+10\bin;C:\WINDOWS\Sun\Java\bin;C:\WINDOWS\system32;C:\WINDOWS;C:\Temp\Programs\JavaStack\jdk1.8.0_131\bin;C:\Temp\Programs\JavaStack\jdk1.8.0_131\db\bin;C:\Temp\Programs\JavaStack\squirrelsql-4.0.0-standard;C:\Temp\Programs\JavaStack\apache-tomcat-9.0.89\bin;c:\Users\Aldoa\AppData\Roaming\Code\User\globalStorage\github.copilot-chat\debugCommand;c:\Users\Aldoa\AppData\Roaming\Code\User\globalStorage\github.copilot-chat\copilotCli;C:\WINDOWS\system32;C:\WINDOWS;C:\WINDOWS\System32\Wbem;C:\WINDOWS\System32\WindowsPowerShell\v1.0\;C:\WINDOWS\System32\OpenSSH\;C:\Program Files\dotnet\;C:\Users\Aldoa\Desktop\Infor\bin;C:\Program Files\Microsoft SQL Server Migration Assistant for Access\bin\;C:\Users\Aldoa\OneDrive\Desktop\;C:\Program Files\Git\cmd;C:\Program Files\nodejs\;C:\Users\Aldoa\AppData\Local\Microsoft\WindowsApps;C:\Users\Aldoa\AppData\Local\Programs\Microsoft VS Code\bin;C:\Users\Aldoa\AppData\Local\Programs\cursor\resources\app\bin;C:\Users\Aldoa\AppData\Roaming\npm;C:\Temp\Programs\JavaStack\jdk-17.0.19+10\bin;C:\Temp\Programs\JavaStack\apache-maven-3.9.16\bin;c:\Users\Aldoa\.vscode\extensions\vscjava.vscode-java-debug-0.59.0\bundled\scripts\noConfigScripts;.]
01-Jul-2026 17:46:20.067 INFO [main] org.apache.coyote.AbstractProtocol.init Initializing ProtocolHandler ["http-nio-8082"]
01-Jul-2026 17:46:20.088 INFO [main] org.apache.catalina.startup.Catalina.load Server initialization in [391] milliseconds
01-Jul-2026 17:46:20.126 INFO [main] org.apache.catalina.core.StandardService.startInternal Starting service [Catalina]
01-Jul-2026 17:46:20.126 INFO [main] org.apache.catalina.core.StandardEngine.startInternal Starting Servlet engine: [Apache Tomcat/9.0.89]
01-Jul-2026 17:46:20.133 INFO [main] org.apache.catalina.startup.HostConfig.deployDirectory Deploying web application directory [C:\Temp\Tomcat_compartido\webapps\ERP]
01-Jul-2026 17:46:20.660 INFO [main] org.apache.jasper.servlet.TldScanner.scanJars At least one JAR was scanned for TLDs yet contained no TLDs. Enable debug logging for this logger for a complete list of JARs that were scanned but no TLDs were found in them. Skipping unneeded JARs during scanning can improve startup time and JSP compilation time.
01-Jul-2026 17:46:20.733 INFO [main] org.apache.catalina.startup.HostConfig.deployDirectory Deployment of web application directory [C:\Temp\Tomcat_compartido\webapps\ERP] has finished in [599] ms
01-Jul-2026 17:46:20.733 INFO [main] org.apache.catalina.startup.HostConfig.deployDirectory Deploying web application directory [C:\Temp\Tomcat_compartido\webapps\host-manager]
01-Jul-2026 17:46:20.982 INFO [main] org.apache.jasper.servlet.TldScanner.scanJars At least one JAR was scanned for TLDs yet contained no TLDs. Enable debug logging for this logger for a complete list of JARs that were scanned but no TLDs were found in them. Skipping unneeded JARs during scanning can improve startup time and JSP compilation time.
01-Jul-2026 17:46:20.992 INFO [main] org.apache.catalina.startup.HostConfig.deployDirectory Deployment of web application directory [C:\Temp\Tomcat_compartido\webapps\host-manager] has finished in [259] ms
01-Jul-2026 17:46:20.992 INFO [main] org.apache.catalina.startup.HostConfig.deployDirectory Deploying web application directory [C:\Temp\Tomcat_compartido\webapps\manager]
01-Jul-2026 17:46:21.224 INFO [main] org.apache.jasper.servlet.TldScanner.scanJars At least one JAR was scanned for TLDs yet contained no TLDs. Enable debug logging for this logger for a complete list of JARs that were scanned but no TLDs were found in them. Skipping unneeded JARs during scanning can improve startup time and JSP compilation time.
01-Jul-2026 17:46:21.228 INFO [main] org.apache.catalina.startup.HostConfig.deployDirectory Deployment of web application directory [C:\Temp\Tomcat_compartido\webapps\manager] has finished in [236] ms
01-Jul-2026 17:46:21.228 INFO [main] org.apache.catalina.startup.HostConfig.deployDirectory Deploying web application directory [C:\Temp\Tomcat_compartido\webapps\ROOT]
01-Jul-2026 17:46:21.462 INFO [main] org.apache.jasper.servlet.TldScanner.scanJars At least one JAR was scanned for TLDs yet contained no TLDs. Enable debug logging for this logger for a complete list of JARs that were scanned but no TLDs were found in them. Skipping unneeded JARs during scanning can improve startup time and JSP compilation time.
01-Jul-2026 17:46:21.465 INFO [main] org.apache.catalina.startup.HostConfig.deployDirectory Deployment of web application directory [C:\Temp\Tomcat_compartido\webapps\ROOT] has finished in [237] ms
01-Jul-2026 17:46:21.466 INFO [main] org.apache.catalina.startup.HostConfig.deployDirectory Deploying web application directory [C:\Temp\Tomcat_compartido\webapps\Servlet1]
01-Jul-2026 17:46:21.719 INFO [main] org.apache.jasper.servlet.TldScanner.scanJars At least one JAR was scanned for TLDs yet contained no TLDs. Enable debug logging for this logger for a complete list of JARs that were scanned but no TLDs were found in them. Skipping unneeded JARs during scanning can improve startup time and JSP compilation time.
01-Jul-2026 17:46:21.721 INFO [main] org.apache.catalina.startup.HostConfig.deployDirectory Deployment of web application directory [C:\Temp\Tomcat_compartido\webapps\Servlet1] has finished in [255] ms
01-Jul-2026 17:46:21.721 INFO [main] org.apache.catalina.startup.HostConfig.deployDirectory Deploying web application directory [C:\Temp\Tomcat_compartido\webapps\test-r1]
01-Jul-2026 17:46:21.896 INFO [main] org.apache.jasper.servlet.TldScanner.scanJars At least one JAR was scanned for TLDs yet contained no TLDs. Enable debug logging for this logger for a complete list of JARs that were scanned but no TLDs were found in them. Skipping unneeded JARs during scanning can improve startup time and JSP compilation time.
01-Jul-2026 17:46:21.899 INFO [main] org.apache.catalina.startup.HostConfig.deployDirectory Deployment of web application directory [C:\Temp\Tomcat_compartido\webapps\test-r1] has finished in [178] ms
01-Jul-2026 17:46:21.900 INFO [main] org.apache.catalina.startup.HostConfig.deployDirectory Deploying web application directory [C:\Temp\Tomcat_compartido\webapps\Test2]
01-Jul-2026 17:46:22.133 INFO [main] org.apache.jasper.servlet.TldScanner.scanJars At least one JAR was scanned for TLDs yet contained no TLDs. Enable debug logging for this logger for a complete list of JARs that were scanned but no TLDs were found in them. Skipping unneeded JARs during scanning can improve startup time and JSP compilation time.
01-Jul-2026 17:46:22.136 INFO [main] org.apache.catalina.startup.HostConfig.deployDirectory Deployment of web application directory [C:\Temp\Tomcat_compartido\webapps\Test2] has finished in [235] ms
01-Jul-2026 17:46:22.136 INFO [main] org.apache.catalina.startup.HostConfig.deployDirectory Deploying web application directory [C:\Temp\Tomcat_compartido\webapps\trabajogr]
01-Jul-2026 17:46:22.402 INFO [main] org.apache.jasper.servlet.TldScanner.scanJars At least one JAR was scanned for TLDs yet contained no TLDs. Enable debug logging for this logger for a complete list of JARs that were scanned but no TLDs were found in them. Skipping unneeded JARs during scanning can improve startup time and JSP compilation time.
01-Jul-2026 17:46:22.405 INFO [main] org.apache.catalina.startup.HostConfig.deployDirectory Deployment of web application directory [C:\Temp\Tomcat_compartido\webapps\trabajogr] has finished in [269] ms
01-Jul-2026 17:46:22.408 INFO [main] org.apache.coyote.AbstractProtocol.start Starting ProtocolHandler ["http-nio-8082"]
01-Jul-2026 17:46:22.445 INFO [main] org.apache.catalina.startup.Catalina.start Server startup in [2356] milliseconds
