19-Jun-2026 16:57:09.032 INFO [main] org.apache.catalina.startup.VersionLoggerListener.log Server version name:   Apache Tomcat/9.0.89
19-Jun-2026 16:57:09.040 INFO [main] org.apache.catalina.startup.VersionLoggerListener.log Server built:          May 3 2024 20:22:11 UTC
19-Jun-2026 16:57:09.040 INFO [main] org.apache.catalina.startup.VersionLoggerListener.log Server version number: 9.0.89.0
19-Jun-2026 16:57:09.040 INFO [main] org.apache.catalina.startup.VersionLoggerListener.log OS Name:               Windows 11
19-Jun-2026 16:57:09.040 INFO [main] org.apache.catalina.startup.VersionLoggerListener.log OS Version:            10.0
19-Jun-2026 16:57:09.040 INFO [main] org.apache.catalina.startup.VersionLoggerListener.log Architecture:          amd64
19-Jun-2026 16:57:09.040 INFO [main] org.apache.catalina.startup.VersionLoggerListener.log Java Home:             C:\Temp\Programs\JavaStack\jdk-17.0.19+10
19-Jun-2026 16:57:09.040 INFO [main] org.apache.catalina.startup.VersionLoggerListener.log JVM Version:           17.0.19+10-LTS
19-Jun-2026 16:57:09.040 INFO [main] org.apache.catalina.startup.VersionLoggerListener.log JVM Vendor:            Microsoft
19-Jun-2026 16:57:09.040 INFO [main] org.apache.catalina.startup.VersionLoggerListener.log CATALINA_BASE:         C:\Temp\Tomcat_compartido
19-Jun-2026 16:57:09.040 INFO [main] org.apache.catalina.startup.VersionLoggerListener.log CATALINA_HOME:         C:\Temp\Programs\JavaStack\apache-tomcat-9.0.89
19-Jun-2026 16:57:09.062 INFO [main] org.apache.catalina.startup.VersionLoggerListener.log Command line argument: -Djava.util.logging.config.file=C:\Temp\Tomcat_compartido/conf/logging.properties
19-Jun-2026 16:57:09.062 INFO [main] org.apache.catalina.startup.VersionLoggerListener.log Command line argument: -Djava.util.logging.manager=org.apache.juli.ClassLoaderLogManager
19-Jun-2026 16:57:09.062 INFO [main] org.apache.catalina.startup.VersionLoggerListener.log Command line argument: -Djdk.tls.ephemeralDHKeySize=2048
19-Jun-2026 16:57:09.062 INFO [main] org.apache.catalina.startup.VersionLoggerListener.log Command line argument: -Djava.protocol.handler.pkgs=org.apache.catalina.webresources
19-Jun-2026 16:57:09.062 INFO [main] org.apache.catalina.startup.VersionLoggerListener.log Command line argument: -Dorg.apache.catalina.security.SecurityListener.UMASK=0027
19-Jun-2026 16:57:09.062 INFO [main] org.apache.catalina.startup.VersionLoggerListener.log Command line argument: -Dcatalina.base=C:\Temp\Tomcat_compartido
19-Jun-2026 16:57:09.062 INFO [main] org.apache.catalina.startup.VersionLoggerListener.log Command line argument: -Dcatalina.home=C:\Temp\Programs\JavaStack\apache-tomcat-9.0.89
19-Jun-2026 16:57:09.062 INFO [main] org.apache.catalina.startup.VersionLoggerListener.log Command line argument: -Djava.io.tmpdir=C:\Temp\Tomcat_compartido/temp
19-Jun-2026 16:57:09.072 INFO [main] org.apache.catalina.core.AprLifecycleListener.lifecycleEvent The Apache Tomcat Native library which allows using OpenSSL was not found on the java.library.path: [C:\Temp\Programs\JavaStack\jdk-17.0.19+10\bin;C:\WINDOWS\Sun\Java\bin;C:\WINDOWS\system32;C:\WINDOWS;C:\WINDOWS\system32;C:\WINDOWS;C:\WINDOWS\System32\Wbem;C:\WINDOWS\System32\WindowsPowerShell\v1.0\;C:\WINDOWS\System32\OpenSSH\;C:\Program Files\dotnet\;C:\Users\Aldoa\Desktop\Infor\bin;C:\Program Files\Microsoft SQL Server Migration Assistant for Access\bin\;C:\Users\Aldoa\OneDrive\Desktop\;C:\Program Files\Git\cmd;C:\Program Files\nodejs\;C:\Users\Aldoa\AppData\Local\Microsoft\WindowsApps;C:\Users\Aldoa\AppData\Local\Programs\Microsoft VS Code\bin;C:\Users\Aldoa\AppData\Local\Programs\cursor\resources\app\bin;C:\Users\Aldoa\AppData\Roaming\npm;C:\Temp\Programs\JavaStack\jdk-17.0.19+10\bin;C:\Temp\Programs\JavaStack\apache-maven-3.9.16\bin;;.]
19-Jun-2026 16:57:09.369 INFO [main] org.apache.coyote.AbstractProtocol.init Initializing ProtocolHandler ["http-nio-8082"]
19-Jun-2026 16:57:09.404 INFO [main] org.apache.catalina.startup.Catalina.load Server initialization in [552] milliseconds
19-Jun-2026 16:57:09.456 INFO [main] org.apache.catalina.core.StandardService.startInternal Starting service [Catalina]
19-Jun-2026 16:57:09.463 INFO [main] org.apache.catalina.core.StandardEngine.startInternal Starting Servlet engine: [Apache Tomcat/9.0.89]
19-Jun-2026 16:57:09.473 INFO [main] org.apache.catalina.startup.HostConfig.deployDirectory Deploying web application directory [C:\Temp\Tomcat_compartido\webapps\aerrigochan]
19-Jun-2026 16:57:10.242 INFO [main] org.apache.jasper.servlet.TldScanner.scanJars At least one JAR was scanned for TLDs yet contained no TLDs. Enable debug logging for this logger for a complete list of JARs that were scanned but no TLDs were found in them. Skipping unneeded JARs during scanning can improve startup time and JSP compilation time.
19-Jun-2026 16:57:10.351 INFO [main] org.apache.catalina.startup.HostConfig.deployDirectory Deployment of web application directory [C:\Temp\Tomcat_compartido\webapps\aerrigochan] has finished in [878] ms
19-Jun-2026 16:57:10.351 INFO [main] org.apache.catalina.startup.HostConfig.deployDirectory Deploying web application directory [C:\Temp\Tomcat_compartido\webapps\host-manager]
19-Jun-2026 16:57:10.680 INFO [main] org.apache.jasper.servlet.TldScanner.scanJars At least one JAR was scanned for TLDs yet contained no TLDs. Enable debug logging for this logger for a complete list of JARs that were scanned but no TLDs were found in them. Skipping unneeded JARs during scanning can improve startup time and JSP compilation time.
19-Jun-2026 16:57:10.697 INFO [main] org.apache.catalina.startup.HostConfig.deployDirectory Deployment of web application directory [C:\Temp\Tomcat_compartido\webapps\host-manager] has finished in [346] ms
19-Jun-2026 16:57:10.697 INFO [main] org.apache.catalina.startup.HostConfig.deployDirectory Deploying web application directory [C:\Temp\Tomcat_compartido\webapps\manager]
19-Jun-2026 16:57:11.091 INFO [main] org.apache.jasper.servlet.TldScanner.scanJars At least one JAR was scanned for TLDs yet contained no TLDs. Enable debug logging for this logger for a complete list of JARs that were scanned but no TLDs were found in them. Skipping unneeded JARs during scanning can improve startup time and JSP compilation time.
19-Jun-2026 16:57:11.095 INFO [main] org.apache.catalina.startup.HostConfig.deployDirectory Deployment of web application directory [C:\Temp\Tomcat_compartido\webapps\manager] has finished in [398] ms
19-Jun-2026 16:57:11.097 INFO [main] org.apache.catalina.startup.HostConfig.deployDirectory Deploying web application directory [C:\Temp\Tomcat_compartido\webapps\ROOT]
19-Jun-2026 16:57:11.433 INFO [main] org.apache.jasper.servlet.TldScanner.scanJars At least one JAR was scanned for TLDs yet contained no TLDs. Enable debug logging for this logger for a complete list of JARs that were scanned but no TLDs were found in them. Skipping unneeded JARs during scanning can improve startup time and JSP compilation time.
19-Jun-2026 16:57:11.437 INFO [main] org.apache.catalina.startup.HostConfig.deployDirectory Deployment of web application directory [C:\Temp\Tomcat_compartido\webapps\ROOT] has finished in [340] ms
19-Jun-2026 16:57:11.437 INFO [main] org.apache.catalina.startup.HostConfig.deployDirectory Deploying web application directory [C:\Temp\Tomcat_compartido\webapps\Servlet1]
19-Jun-2026 16:57:11.767 INFO [main] org.apache.jasper.servlet.TldScanner.scanJars At least one JAR was scanned for TLDs yet contained no TLDs. Enable debug logging for this logger for a complete list of JARs that were scanned but no TLDs were found in them. Skipping unneeded JARs during scanning can improve startup time and JSP compilation time.
19-Jun-2026 16:57:11.773 INFO [main] org.apache.catalina.startup.HostConfig.deployDirectory Deployment of web application directory [C:\Temp\Tomcat_compartido\webapps\Servlet1] has finished in [336] ms
19-Jun-2026 16:57:11.773 INFO [main] org.apache.catalina.startup.HostConfig.deployDirectory Deploying web application directory [C:\Temp\Tomcat_compartido\webapps\test-r1-v2]
19-Jun-2026 16:57:12.087 INFO [main] org.apache.jasper.servlet.TldScanner.scanJars At least one JAR was scanned for TLDs yet contained no TLDs. Enable debug logging for this logger for a complete list of JARs that were scanned but no TLDs were found in them. Skipping unneeded JARs during scanning can improve startup time and JSP compilation time.
19-Jun-2026 16:57:12.091 INFO [main] org.apache.catalina.startup.HostConfig.deployDirectory Deployment of web application directory [C:\Temp\Tomcat_compartido\webapps\test-r1-v2] has finished in [318] ms
19-Jun-2026 16:57:12.091 INFO [main] org.apache.catalina.startup.HostConfig.deployDirectory Deploying web application directory [C:\Temp\Tomcat_compartido\webapps\trabajogr]
19-Jun-2026 16:57:12.595 INFO [main] org.apache.jasper.servlet.TldScanner.scanJars At least one JAR was scanned for TLDs yet contained no TLDs. Enable debug logging for this logger for a complete list of JARs that were scanned but no TLDs were found in them. Skipping unneeded JARs during scanning can improve startup time and JSP compilation time.
19-Jun-2026 16:57:12.601 INFO [main] org.apache.catalina.startup.HostConfig.deployDirectory Deployment of web application directory [C:\Temp\Tomcat_compartido\webapps\trabajogr] has finished in [504] ms
19-Jun-2026 16:57:12.605 INFO [main] org.apache.coyote.AbstractProtocol.start Starting ProtocolHandler ["http-nio-8082"]
19-Jun-2026 16:57:12.668 INFO [main] org.apache.catalina.startup.Catalina.start Server startup in [3260] milliseconds
19-Jun-2026 16:59:24.258 INFO [main] org.apache.catalina.startup.VersionLoggerListener.log Server version name:   Apache Tomcat/9.0.89
19-Jun-2026 16:59:24.270 INFO [main] org.apache.catalina.startup.VersionLoggerListener.log Server built:          May 3 2024 20:22:11 UTC
19-Jun-2026 16:59:24.270 INFO [main] org.apache.catalina.startup.VersionLoggerListener.log Server version number: 9.0.89.0
19-Jun-2026 16:59:24.270 INFO [main] org.apache.catalina.startup.VersionLoggerListener.log OS Name:               Windows 11
19-Jun-2026 16:59:24.270 INFO [main] org.apache.catalina.startup.VersionLoggerListener.log OS Version:            10.0
19-Jun-2026 16:59:24.270 INFO [main] org.apache.catalina.startup.VersionLoggerListener.log Architecture:          amd64
19-Jun-2026 16:59:24.270 INFO [main] org.apache.catalina.startup.VersionLoggerListener.log Java Home:             C:\Temp\Programs\JavaStack\jdk-17.0.19+10
19-Jun-2026 16:59:24.270 INFO [main] org.apache.catalina.startup.VersionLoggerListener.log JVM Version:           17.0.19+10-LTS
19-Jun-2026 16:59:24.270 INFO [main] org.apache.catalina.startup.VersionLoggerListener.log JVM Vendor:            Microsoft
19-Jun-2026 16:59:24.270 INFO [main] org.apache.catalina.startup.VersionLoggerListener.log CATALINA_BASE:         C:\Temp\Tomcat_compartido
19-Jun-2026 16:59:24.270 INFO [main] org.apache.catalina.startup.VersionLoggerListener.log CATALINA_HOME:         C:\Temp\Programs\JavaStack\apache-tomcat-9.0.89
19-Jun-2026 16:59:24.283 INFO [main] org.apache.catalina.startup.VersionLoggerListener.log Command line argument: -Djava.util.logging.config.file=C:\Temp\Tomcat_compartido/conf/logging.properties
19-Jun-2026 16:59:24.283 INFO [main] org.apache.catalina.startup.VersionLoggerListener.log Command line argument: -Djava.util.logging.manager=org.apache.juli.ClassLoaderLogManager
19-Jun-2026 16:59:24.283 INFO [main] org.apache.catalina.startup.VersionLoggerListener.log Command line argument: -Djdk.tls.ephemeralDHKeySize=2048
19-Jun-2026 16:59:24.283 INFO [main] org.apache.catalina.startup.VersionLoggerListener.log Command line argument: -Djava.protocol.handler.pkgs=org.apache.catalina.webresources
19-Jun-2026 16:59:24.283 INFO [main] org.apache.catalina.startup.VersionLoggerListener.log Command line argument: -Dorg.apache.catalina.security.SecurityListener.UMASK=0027
19-Jun-2026 16:59:24.283 INFO [main] org.apache.catalina.startup.VersionLoggerListener.log Command line argument: -Dcatalina.base=C:\Temp\Tomcat_compartido
19-Jun-2026 16:59:24.283 INFO [main] org.apache.catalina.startup.VersionLoggerListener.log Command line argument: -Dcatalina.home=C:\Temp\Programs\JavaStack\apache-tomcat-9.0.89
19-Jun-2026 16:59:24.283 INFO [main] org.apache.catalina.startup.VersionLoggerListener.log Command line argument: -Djava.io.tmpdir=C:\Temp\Tomcat_compartido/temp
19-Jun-2026 16:59:24.294 INFO [main] org.apache.catalina.core.AprLifecycleListener.lifecycleEvent The Apache Tomcat Native library which allows using OpenSSL was not found on the java.library.path: [C:\Temp\Programs\JavaStack\jdk-17.0.19+10\bin;C:\WINDOWS\Sun\Java\bin;C:\WINDOWS\system32;C:\WINDOWS;C:\WINDOWS\system32;C:\WINDOWS;C:\WINDOWS\System32\Wbem;C:\WINDOWS\System32\WindowsPowerShell\v1.0\;C:\WINDOWS\System32\OpenSSH\;C:\Program Files\dotnet\;C:\Users\Aldoa\Desktop\Infor\bin;C:\Program Files\Microsoft SQL Server Migration Assistant for Access\bin\;C:\Users\Aldoa\OneDrive\Desktop\;C:\Program Files\Git\cmd;C:\Program Files\nodejs\;C:\Users\Aldoa\AppData\Local\Microsoft\WindowsApps;C:\Users\Aldoa\AppData\Local\Programs\Microsoft VS Code\bin;C:\Users\Aldoa\AppData\Local\Programs\cursor\resources\app\bin;C:\Users\Aldoa\AppData\Roaming\npm;C:\Temp\Programs\JavaStack\jdk-17.0.19+10\bin;C:\Temp\Programs\JavaStack\apache-maven-3.9.16\bin;;.]
19-Jun-2026 16:59:24.576 INFO [main] org.apache.coyote.AbstractProtocol.init Initializing ProtocolHandler ["http-nio-8082"]
19-Jun-2026 16:59:24.604 INFO [main] org.apache.catalina.startup.Catalina.load Server initialization in [533] milliseconds
19-Jun-2026 16:59:24.659 INFO [main] org.apache.catalina.core.StandardService.startInternal Starting service [Catalina]
19-Jun-2026 16:59:24.659 INFO [main] org.apache.catalina.core.StandardEngine.startInternal Starting Servlet engine: [Apache Tomcat/9.0.89]
19-Jun-2026 16:59:24.668 INFO [main] org.apache.catalina.startup.HostConfig.deployDirectory Deploying web application directory [C:\Temp\Tomcat_compartido\webapps\aerrigochan]
19-Jun-2026 16:59:25.307 INFO [main] org.apache.jasper.servlet.TldScanner.scanJars At least one JAR was scanned for TLDs yet contained no TLDs. Enable debug logging for this logger for a complete list of JARs that were scanned but no TLDs were found in them. Skipping unneeded JARs during scanning can improve startup time and JSP compilation time.
19-Jun-2026 16:59:25.416 INFO [main] org.apache.catalina.startup.HostConfig.deployDirectory Deployment of web application directory [C:\Temp\Tomcat_compartido\webapps\aerrigochan] has finished in [748] ms
19-Jun-2026 16:59:25.416 INFO [main] org.apache.catalina.startup.HostConfig.deployDirectory Deploying web application directory [C:\Temp\Tomcat_compartido\webapps\host-manager]
19-Jun-2026 16:59:25.755 INFO [main] org.apache.jasper.servlet.TldScanner.scanJars At least one JAR was scanned for TLDs yet contained no TLDs. Enable debug logging for this logger for a complete list of JARs that were scanned but no TLDs were found in them. Skipping unneeded JARs during scanning can improve startup time and JSP compilation time.
19-Jun-2026 16:59:25.768 INFO [main] org.apache.catalina.startup.HostConfig.deployDirectory Deployment of web application directory [C:\Temp\Tomcat_compartido\webapps\host-manager] has finished in [352] ms
19-Jun-2026 16:59:25.768 INFO [main] org.apache.catalina.startup.HostConfig.deployDirectory Deploying web application directory [C:\Temp\Tomcat_compartido\webapps\manager]
19-Jun-2026 16:59:26.127 INFO [main] org.apache.jasper.servlet.TldScanner.scanJars At least one JAR was scanned for TLDs yet contained no TLDs. Enable debug logging for this logger for a complete list of JARs that were scanned but no TLDs were found in them. Skipping unneeded JARs during scanning can improve startup time and JSP compilation time.
19-Jun-2026 16:59:26.144 INFO [main] org.apache.catalina.startup.HostConfig.deployDirectory Deployment of web application directory [C:\Temp\Tomcat_compartido\webapps\manager] has finished in [376] ms
19-Jun-2026 16:59:26.144 INFO [main] org.apache.catalina.startup.HostConfig.deployDirectory Deploying web application directory [C:\Temp\Tomcat_compartido\webapps\ROOT]
19-Jun-2026 16:59:26.469 INFO [main] org.apache.jasper.servlet.TldScanner.scanJars At least one JAR was scanned for TLDs yet contained no TLDs. Enable debug logging for this logger for a complete list of JARs that were scanned but no TLDs were found in them. Skipping unneeded JARs during scanning can improve startup time and JSP compilation time.
19-Jun-2026 16:59:26.484 INFO [main] org.apache.catalina.startup.HostConfig.deployDirectory Deployment of web application directory [C:\Temp\Tomcat_compartido\webapps\ROOT] has finished in [338] ms
19-Jun-2026 16:59:26.484 INFO [main] org.apache.catalina.startup.HostConfig.deployDirectory Deploying web application directory [C:\Temp\Tomcat_compartido\webapps\Servlet1]
19-Jun-2026 16:59:26.785 INFO [main] org.apache.jasper.servlet.TldScanner.scanJars At least one JAR was scanned for TLDs yet contained no TLDs. Enable debug logging for this logger for a complete list of JARs that were scanned but no TLDs were found in them. Skipping unneeded JARs during scanning can improve startup time and JSP compilation time.
19-Jun-2026 16:59:26.785 INFO [main] org.apache.catalina.startup.HostConfig.deployDirectory Deployment of web application directory [C:\Temp\Tomcat_compartido\webapps\Servlet1] has finished in [301] ms
19-Jun-2026 16:59:26.785 INFO [main] org.apache.catalina.startup.HostConfig.deployDirectory Deploying web application directory [C:\Temp\Tomcat_compartido\webapps\test-r1-v2]
19-Jun-2026 16:59:27.076 INFO [main] org.apache.jasper.servlet.TldScanner.scanJars At least one JAR was scanned for TLDs yet contained no TLDs. Enable debug logging for this logger for a complete list of JARs that were scanned but no TLDs were found in them. Skipping unneeded JARs during scanning can improve startup time and JSP compilation time.
19-Jun-2026 16:59:27.076 INFO [main] org.apache.catalina.startup.HostConfig.deployDirectory Deployment of web application directory [C:\Temp\Tomcat_compartido\webapps\test-r1-v2] has finished in [291] ms
19-Jun-2026 16:59:27.076 INFO [main] org.apache.catalina.startup.HostConfig.deployDirectory Deploying web application directory [C:\Temp\Tomcat_compartido\webapps\trabajogr]
19-Jun-2026 16:59:27.460 INFO [main] org.apache.jasper.servlet.TldScanner.scanJars At least one JAR was scanned for TLDs yet contained no TLDs. Enable debug logging for this logger for a complete list of JARs that were scanned but no TLDs were found in them. Skipping unneeded JARs during scanning can improve startup time and JSP compilation time.
19-Jun-2026 16:59:27.460 INFO [main] org.apache.catalina.startup.HostConfig.deployDirectory Deployment of web application directory [C:\Temp\Tomcat_compartido\webapps\trabajogr] has finished in [384] ms
19-Jun-2026 16:59:27.460 INFO [main] org.apache.coyote.AbstractProtocol.start Starting ProtocolHandler ["http-nio-8082"]
19-Jun-2026 16:59:27.522 INFO [main] org.apache.catalina.startup.Catalina.start Server startup in [2918] milliseconds
19-Jun-2026 17:03:35.772 INFO [main] org.apache.catalina.startup.VersionLoggerListener.log Server version name:   Apache Tomcat/9.0.89
19-Jun-2026 17:03:35.778 INFO [main] org.apache.catalina.startup.VersionLoggerListener.log Server built:          May 3 2024 20:22:11 UTC
19-Jun-2026 17:03:35.778 INFO [main] org.apache.catalina.startup.VersionLoggerListener.log Server version number: 9.0.89.0
19-Jun-2026 17:03:35.778 INFO [main] org.apache.catalina.startup.VersionLoggerListener.log OS Name:               Windows 11
19-Jun-2026 17:03:35.778 INFO [main] org.apache.catalina.startup.VersionLoggerListener.log OS Version:            10.0
19-Jun-2026 17:03:35.778 INFO [main] org.apache.catalina.startup.VersionLoggerListener.log Architecture:          amd64
19-Jun-2026 17:03:35.778 INFO [main] org.apache.catalina.startup.VersionLoggerListener.log Java Home:             C:\Temp\Programs\JavaStack\jdk-17.0.19+10
19-Jun-2026 17:03:35.778 INFO [main] org.apache.catalina.startup.VersionLoggerListener.log JVM Version:           17.0.19+10-LTS
19-Jun-2026 17:03:35.778 INFO [main] org.apache.catalina.startup.VersionLoggerListener.log JVM Vendor:            Microsoft
19-Jun-2026 17:03:35.778 INFO [main] org.apache.catalina.startup.VersionLoggerListener.log CATALINA_BASE:         C:\Temp\Tomcat_compartido
19-Jun-2026 17:03:35.778 INFO [main] org.apache.catalina.startup.VersionLoggerListener.log CATALINA_HOME:         C:\Temp\Programs\JavaStack\apache-tomcat-9.0.89
19-Jun-2026 17:03:35.791 INFO [main] org.apache.catalina.startup.VersionLoggerListener.log Command line argument: -Djava.util.logging.config.file=C:\Temp\Tomcat_compartido/conf/logging.properties
19-Jun-2026 17:03:35.793 INFO [main] org.apache.catalina.startup.VersionLoggerListener.log Command line argument: -Djava.util.logging.manager=org.apache.juli.ClassLoaderLogManager
19-Jun-2026 17:03:35.793 INFO [main] org.apache.catalina.startup.VersionLoggerListener.log Command line argument: -Djdk.tls.ephemeralDHKeySize=2048
19-Jun-2026 17:03:35.793 INFO [main] org.apache.catalina.startup.VersionLoggerListener.log Command line argument: -Djava.protocol.handler.pkgs=org.apache.catalina.webresources
19-Jun-2026 17:03:35.793 INFO [main] org.apache.catalina.startup.VersionLoggerListener.log Command line argument: -Dorg.apache.catalina.security.SecurityListener.UMASK=0027
19-Jun-2026 17:03:35.793 INFO [main] org.apache.catalina.startup.VersionLoggerListener.log Command line argument: -Dcatalina.base=C:\Temp\Tomcat_compartido
19-Jun-2026 17:03:35.793 INFO [main] org.apache.catalina.startup.VersionLoggerListener.log Command line argument: -Dcatalina.home=C:\Temp\Programs\JavaStack\apache-tomcat-9.0.89
19-Jun-2026 17:03:35.793 INFO [main] org.apache.catalina.startup.VersionLoggerListener.log Command line argument: -Djava.io.tmpdir=C:\Temp\Tomcat_compartido/temp
19-Jun-2026 17:03:35.802 INFO [main] org.apache.catalina.core.AprLifecycleListener.lifecycleEvent The Apache Tomcat Native library which allows using OpenSSL was not found on the java.library.path: [C:\Temp\Programs\JavaStack\jdk-17.0.19+10\bin;C:\WINDOWS\Sun\Java\bin;C:\WINDOWS\system32;C:\WINDOWS;C:\WINDOWS\system32;C:\WINDOWS;C:\WINDOWS\System32\Wbem;C:\WINDOWS\System32\WindowsPowerShell\v1.0\;C:\WINDOWS\System32\OpenSSH\;C:\Program Files\dotnet\;C:\Users\Aldoa\Desktop\Infor\bin;C:\Program Files\Microsoft SQL Server Migration Assistant for Access\bin\;C:\Users\Aldoa\OneDrive\Desktop\;C:\Program Files\Git\cmd;C:\Program Files\nodejs\;C:\Users\Aldoa\AppData\Local\Microsoft\WindowsApps;C:\Users\Aldoa\AppData\Local\Programs\Microsoft VS Code\bin;C:\Users\Aldoa\AppData\Local\Programs\cursor\resources\app\bin;C:\Users\Aldoa\AppData\Roaming\npm;C:\Temp\Programs\JavaStack\jdk-17.0.19+10\bin;C:\Temp\Programs\JavaStack\apache-maven-3.9.16\bin;;.]
19-Jun-2026 17:03:36.072 INFO [main] org.apache.coyote.AbstractProtocol.init Initializing ProtocolHandler ["http-nio-8082"]
19-Jun-2026 17:03:36.112 INFO [main] org.apache.catalina.startup.Catalina.load Server initialization in [547] milliseconds
19-Jun-2026 17:03:36.164 INFO [main] org.apache.catalina.core.StandardService.startInternal Starting service [Catalina]
19-Jun-2026 17:03:36.164 INFO [main] org.apache.catalina.core.StandardEngine.startInternal Starting Servlet engine: [Apache Tomcat/9.0.89]
19-Jun-2026 17:03:36.164 INFO [main] org.apache.catalina.startup.HostConfig.deployDirectory Deploying web application directory [C:\Temp\Tomcat_compartido\webapps\aerrigochan]
19-Jun-2026 17:03:36.809 INFO [main] org.apache.jasper.servlet.TldScanner.scanJars At least one JAR was scanned for TLDs yet contained no TLDs. Enable debug logging for this logger for a complete list of JARs that were scanned but no TLDs were found in them. Skipping unneeded JARs during scanning can improve startup time and JSP compilation time.
19-Jun-2026 17:03:36.901 INFO [main] org.apache.catalina.startup.HostConfig.deployDirectory Deployment of web application directory [C:\Temp\Tomcat_compartido\webapps\aerrigochan] has finished in [737] ms
19-Jun-2026 17:03:36.901 INFO [main] org.apache.catalina.startup.HostConfig.deployDirectory Deploying web application directory [C:\Temp\Tomcat_compartido\webapps\host-manager]
19-Jun-2026 17:03:37.248 INFO [main] org.apache.jasper.servlet.TldScanner.scanJars At least one JAR was scanned for TLDs yet contained no TLDs. Enable debug logging for this logger for a complete list of JARs that were scanned but no TLDs were found in them. Skipping unneeded JARs during scanning can improve startup time and JSP compilation time.
19-Jun-2026 17:03:37.262 INFO [main] org.apache.catalina.startup.HostConfig.deployDirectory Deployment of web application directory [C:\Temp\Tomcat_compartido\webapps\host-manager] has finished in [360] ms
19-Jun-2026 17:03:37.262 INFO [main] org.apache.catalina.startup.HostConfig.deployDirectory Deploying web application directory [C:\Temp\Tomcat_compartido\webapps\manager]
19-Jun-2026 17:03:37.606 INFO [main] org.apache.jasper.servlet.TldScanner.scanJars At least one JAR was scanned for TLDs yet contained no TLDs. Enable debug logging for this logger for a complete list of JARs that were scanned but no TLDs were found in them. Skipping unneeded JARs during scanning can improve startup time and JSP compilation time.
19-Jun-2026 17:03:37.619 INFO [main] org.apache.catalina.startup.HostConfig.deployDirectory Deployment of web application directory [C:\Temp\Tomcat_compartido\webapps\manager] has finished in [357] ms
19-Jun-2026 17:03:37.619 INFO [main] org.apache.catalina.startup.HostConfig.deployDirectory Deploying web application directory [C:\Temp\Tomcat_compartido\webapps\ROOT]
19-Jun-2026 17:03:37.949 INFO [main] org.apache.jasper.servlet.TldScanner.scanJars At least one JAR was scanned for TLDs yet contained no TLDs. Enable debug logging for this logger for a complete list of JARs that were scanned but no TLDs were found in them. Skipping unneeded JARs during scanning can improve startup time and JSP compilation time.
19-Jun-2026 17:03:37.954 INFO [main] org.apache.catalina.startup.HostConfig.deployDirectory Deployment of web application directory [C:\Temp\Tomcat_compartido\webapps\ROOT] has finished in [333] ms
19-Jun-2026 17:03:37.954 INFO [main] org.apache.catalina.startup.HostConfig.deployDirectory Deploying web application directory [C:\Temp\Tomcat_compartido\webapps\Servlet1]
19-Jun-2026 17:03:38.297 INFO [main] org.apache.jasper.servlet.TldScanner.scanJars At least one JAR was scanned for TLDs yet contained no TLDs. Enable debug logging for this logger for a complete list of JARs that were scanned but no TLDs were found in them. Skipping unneeded JARs during scanning can improve startup time and JSP compilation time.
19-Jun-2026 17:03:38.297 INFO [main] org.apache.catalina.startup.HostConfig.deployDirectory Deployment of web application directory [C:\Temp\Tomcat_compartido\webapps\Servlet1] has finished in [343] ms
19-Jun-2026 17:03:38.297 INFO [main] org.apache.catalina.startup.HostConfig.deployDirectory Deploying web application directory [C:\Temp\Tomcat_compartido\webapps\test-r1-v2]
19-Jun-2026 17:03:38.624 INFO [main] org.apache.jasper.servlet.TldScanner.scanJars At least one JAR was scanned for TLDs yet contained no TLDs. Enable debug logging for this logger for a complete list of JARs that were scanned but no TLDs were found in them. Skipping unneeded JARs during scanning can improve startup time and JSP compilation time.
19-Jun-2026 17:03:38.640 INFO [main] org.apache.catalina.startup.HostConfig.deployDirectory Deployment of web application directory [C:\Temp\Tomcat_compartido\webapps\test-r1-v2] has finished in [343] ms
19-Jun-2026 17:03:38.642 INFO [main] org.apache.catalina.startup.HostConfig.deployDirectory Deploying web application directory [C:\Temp\Tomcat_compartido\webapps\trabajogr]
19-Jun-2026 17:03:39.024 INFO [main] org.apache.jasper.servlet.TldScanner.scanJars At least one JAR was scanned for TLDs yet contained no TLDs. Enable debug logging for this logger for a complete list of JARs that were scanned but no TLDs were found in them. Skipping unneeded JARs during scanning can improve startup time and JSP compilation time.
19-Jun-2026 17:03:39.028 INFO [main] org.apache.catalina.startup.HostConfig.deployDirectory Deployment of web application directory [C:\Temp\Tomcat_compartido\webapps\trabajogr] has finished in [386] ms
19-Jun-2026 17:03:39.033 INFO [main] org.apache.coyote.AbstractProtocol.start Starting ProtocolHandler ["http-nio-8082"]
19-Jun-2026 17:03:39.086 INFO [main] org.apache.catalina.startup.Catalina.start Server startup in [2972] milliseconds
19-Jun-2026 17:06:29.883 INFO [main] org.apache.catalina.startup.VersionLoggerListener.log Server version name:   Apache Tomcat/9.0.89
19-Jun-2026 17:06:29.890 INFO [main] org.apache.catalina.startup.VersionLoggerListener.log Server built:          May 3 2024 20:22:11 UTC
19-Jun-2026 17:06:29.890 INFO [main] org.apache.catalina.startup.VersionLoggerListener.log Server version number: 9.0.89.0
19-Jun-2026 17:06:29.890 INFO [main] org.apache.catalina.startup.VersionLoggerListener.log OS Name:               Windows 11
19-Jun-2026 17:06:29.890 INFO [main] org.apache.catalina.startup.VersionLoggerListener.log OS Version:            10.0
19-Jun-2026 17:06:29.890 INFO [main] org.apache.catalina.startup.VersionLoggerListener.log Architecture:          amd64
19-Jun-2026 17:06:29.890 INFO [main] org.apache.catalina.startup.VersionLoggerListener.log Java Home:             C:\Temp\Programs\JavaStack\jdk-17.0.19+10
19-Jun-2026 17:06:29.890 INFO [main] org.apache.catalina.startup.VersionLoggerListener.log JVM Version:           17.0.19+10-LTS
19-Jun-2026 17:06:29.890 INFO [main] org.apache.catalina.startup.VersionLoggerListener.log JVM Vendor:            Microsoft
19-Jun-2026 17:06:29.890 INFO [main] org.apache.catalina.startup.VersionLoggerListener.log CATALINA_BASE:         C:\Temp\Tomcat_compartido
19-Jun-2026 17:06:29.890 INFO [main] org.apache.catalina.startup.VersionLoggerListener.log CATALINA_HOME:         C:\Temp\Programs\JavaStack\apache-tomcat-9.0.89
19-Jun-2026 17:06:29.905 INFO [main] org.apache.catalina.startup.VersionLoggerListener.log Command line argument: -Djava.util.logging.config.file=C:\Temp\Tomcat_compartido/conf/logging.properties
19-Jun-2026 17:06:29.905 INFO [main] org.apache.catalina.startup.VersionLoggerListener.log Command line argument: -Djava.util.logging.manager=org.apache.juli.ClassLoaderLogManager
19-Jun-2026 17:06:29.905 INFO [main] org.apache.catalina.startup.VersionLoggerListener.log Command line argument: -Djdk.tls.ephemeralDHKeySize=2048
19-Jun-2026 17:06:29.905 INFO [main] org.apache.catalina.startup.VersionLoggerListener.log Command line argument: -Djava.protocol.handler.pkgs=org.apache.catalina.webresources
19-Jun-2026 17:06:29.905 INFO [main] org.apache.catalina.startup.VersionLoggerListener.log Command line argument: -Dorg.apache.catalina.security.SecurityListener.UMASK=0027
19-Jun-2026 17:06:29.905 INFO [main] org.apache.catalina.startup.VersionLoggerListener.log Command line argument: -Dcatalina.base=C:\Temp\Tomcat_compartido
19-Jun-2026 17:06:29.905 INFO [main] org.apache.catalina.startup.VersionLoggerListener.log Command line argument: -Dcatalina.home=C:\Temp\Programs\JavaStack\apache-tomcat-9.0.89
19-Jun-2026 17:06:29.905 INFO [main] org.apache.catalina.startup.VersionLoggerListener.log Command line argument: -Djava.io.tmpdir=C:\Temp\Tomcat_compartido/temp
19-Jun-2026 17:06:29.918 INFO [main] org.apache.catalina.core.AprLifecycleListener.lifecycleEvent The Apache Tomcat Native library which allows using OpenSSL was not found on the java.library.path: [C:\Temp\Programs\JavaStack\jdk-17.0.19+10\bin;C:\WINDOWS\Sun\Java\bin;C:\WINDOWS\system32;C:\WINDOWS;C:\WINDOWS\system32;C:\WINDOWS;C:\WINDOWS\System32\Wbem;C:\WINDOWS\System32\WindowsPowerShell\v1.0\;C:\WINDOWS\System32\OpenSSH\;C:\Program Files\dotnet\;C:\Users\Aldoa\Desktop\Infor\bin;C:\Program Files\Microsoft SQL Server Migration Assistant for Access\bin\;C:\Users\Aldoa\OneDrive\Desktop\;C:\Program Files\Git\cmd;C:\Program Files\nodejs\;C:\Users\Aldoa\AppData\Local\Microsoft\WindowsApps;C:\Users\Aldoa\AppData\Local\Programs\Microsoft VS Code\bin;C:\Users\Aldoa\AppData\Local\Programs\cursor\resources\app\bin;C:\Users\Aldoa\AppData\Roaming\npm;C:\Temp\Programs\JavaStack\jdk-17.0.19+10\bin;C:\Temp\Programs\JavaStack\apache-maven-3.9.16\bin;;.]
19-Jun-2026 17:06:30.305 INFO [main] org.apache.coyote.AbstractProtocol.init Initializing ProtocolHandler ["http-nio-8082"]
19-Jun-2026 17:06:30.357 INFO [main] org.apache.catalina.startup.Catalina.load Server initialization in [668] milliseconds
19-Jun-2026 17:06:30.422 INFO [main] org.apache.catalina.core.StandardService.startInternal Starting service [Catalina]
19-Jun-2026 17:06:30.422 INFO [main] org.apache.catalina.core.StandardEngine.startInternal Starting Servlet engine: [Apache Tomcat/9.0.89]
19-Jun-2026 17:06:30.436 INFO [main] org.apache.catalina.startup.HostConfig.deployDirectory Deploying web application directory [C:\Temp\Tomcat_compartido\webapps\aerrigochan]
19-Jun-2026 17:06:31.271 INFO [main] org.apache.jasper.servlet.TldScanner.scanJars At least one JAR was scanned for TLDs yet contained no TLDs. Enable debug logging for this logger for a complete list of JARs that were scanned but no TLDs were found in them. Skipping unneeded JARs during scanning can improve startup time and JSP compilation time.
19-Jun-2026 17:06:31.386 INFO [main] org.apache.catalina.startup.HostConfig.deployDirectory Deployment of web application directory [C:\Temp\Tomcat_compartido\webapps\aerrigochan] has finished in [950] ms
19-Jun-2026 17:06:31.386 INFO [main] org.apache.catalina.startup.HostConfig.deployDirectory Deploying web application directory [C:\Temp\Tomcat_compartido\webapps\host-manager]
19-Jun-2026 17:06:31.763 INFO [main] org.apache.jasper.servlet.TldScanner.scanJars At least one JAR was scanned for TLDs yet contained no TLDs. Enable debug logging for this logger for a complete list of JARs that were scanned but no TLDs were found in them. Skipping unneeded JARs during scanning can improve startup time and JSP compilation time.
19-Jun-2026 17:06:31.779 INFO [main] org.apache.catalina.startup.HostConfig.deployDirectory Deployment of web application directory [C:\Temp\Tomcat_compartido\webapps\host-manager] has finished in [393] ms
19-Jun-2026 17:06:31.779 INFO [main] org.apache.catalina.startup.HostConfig.deployDirectory Deploying web application directory [C:\Temp\Tomcat_compartido\webapps\manager]
19-Jun-2026 17:06:32.128 INFO [main] org.apache.jasper.servlet.TldScanner.scanJars At least one JAR was scanned for TLDs yet contained no TLDs. Enable debug logging for this logger for a complete list of JARs that were scanned but no TLDs were found in them. Skipping unneeded JARs during scanning can improve startup time and JSP compilation time.
19-Jun-2026 17:06:32.133 INFO [main] org.apache.catalina.startup.HostConfig.deployDirectory Deployment of web application directory [C:\Temp\Tomcat_compartido\webapps\manager] has finished in [354] ms
19-Jun-2026 17:06:32.133 INFO [main] org.apache.catalina.startup.HostConfig.deployDirectory Deploying web application directory [C:\Temp\Tomcat_compartido\webapps\ROOT]
19-Jun-2026 17:06:32.472 INFO [main] org.apache.jasper.servlet.TldScanner.scanJars At least one JAR was scanned for TLDs yet contained no TLDs. Enable debug logging for this logger for a complete list of JARs that were scanned but no TLDs were found in them. Skipping unneeded JARs during scanning can improve startup time and JSP compilation time.
19-Jun-2026 17:06:32.481 INFO [main] org.apache.catalina.startup.HostConfig.deployDirectory Deployment of web application directory [C:\Temp\Tomcat_compartido\webapps\ROOT] has finished in [348] ms
19-Jun-2026 17:06:32.481 INFO [main] org.apache.catalina.startup.HostConfig.deployDirectory Deploying web application directory [C:\Temp\Tomcat_compartido\webapps\Servlet1]
19-Jun-2026 17:06:32.824 INFO [main] org.apache.jasper.servlet.TldScanner.scanJars At least one JAR was scanned for TLDs yet contained no TLDs. Enable debug logging for this logger for a complete list of JARs that were scanned but no TLDs were found in them. Skipping unneeded JARs during scanning can improve startup time and JSP compilation time.
19-Jun-2026 17:06:32.833 INFO [main] org.apache.catalina.startup.HostConfig.deployDirectory Deployment of web application directory [C:\Temp\Tomcat_compartido\webapps\Servlet1] has finished in [352] ms
19-Jun-2026 17:06:32.833 INFO [main] org.apache.catalina.startup.HostConfig.deployDirectory Deploying web application directory [C:\Temp\Tomcat_compartido\webapps\test-r1-v2]
19-Jun-2026 17:06:33.154 INFO [main] org.apache.jasper.servlet.TldScanner.scanJars At least one JAR was scanned for TLDs yet contained no TLDs. Enable debug logging for this logger for a complete list of JARs that were scanned but no TLDs were found in them. Skipping unneeded JARs during scanning can improve startup time and JSP compilation time.
19-Jun-2026 17:06:33.158 INFO [main] org.apache.catalina.startup.HostConfig.deployDirectory Deployment of web application directory [C:\Temp\Tomcat_compartido\webapps\test-r1-v2] has finished in [325] ms
19-Jun-2026 17:06:33.160 INFO [main] org.apache.catalina.startup.HostConfig.deployDirectory Deploying web application directory [C:\Temp\Tomcat_compartido\webapps\trabajogr]
19-Jun-2026 17:06:33.556 INFO [main] org.apache.jasper.servlet.TldScanner.scanJars At least one JAR was scanned for TLDs yet contained no TLDs. Enable debug logging for this logger for a complete list of JARs that were scanned but no TLDs were found in them. Skipping unneeded JARs during scanning can improve startup time and JSP compilation time.
19-Jun-2026 17:06:33.568 INFO [main] org.apache.catalina.startup.HostConfig.deployDirectory Deployment of web application directory [C:\Temp\Tomcat_compartido\webapps\trabajogr] has finished in [408] ms
19-Jun-2026 17:06:33.574 INFO [main] org.apache.coyote.AbstractProtocol.start Starting ProtocolHandler ["http-nio-8082"]
19-Jun-2026 17:06:33.637 INFO [main] org.apache.catalina.startup.Catalina.start Server startup in [3279] milliseconds
19-Jun-2026 17:08:24.040 INFO [Catalina-utility-1] org.apache.catalina.startup.HostConfig.reload Reloading context [/test-r1-v2]
19-Jun-2026 17:08:24.044 INFO [Catalina-utility-1] org.apache.catalina.core.StandardContext.reload Reloading Context with name [/test-r1-v2] has started
19-Jun-2026 17:08:24.055 WARNING [Catalina-utility-1] org.apache.catalina.loader.WebappClassLoaderBase.clearReferencesObjectStreamClassCaches When running on Java 9 or later you need to add "--add-opens=java.base/java.io=ALL-UNNAMED" to the JVM command line arguments to enable ObjectStream cache memory leak protection. Alternatively, you can suppress this warning by disabling ObjectStream class cache memory leak protection.
19-Jun-2026 17:08:24.057 WARNING [Catalina-utility-1] org.apache.catalina.loader.WebappClassLoaderBase.checkThreadLocalsForLeaks When running on Java 9 or later you need to add "--add-opens=java.base/java.lang=ALL-UNNAMED" to the JVM command line arguments to enable ThreadLocal memory leak detection. Alternatively, you can suppress this warning by disabling ThreadLocal memory leak detection.
19-Jun-2026 17:08:24.060 WARNING [Catalina-utility-1] org.apache.catalina.loader.WebappClassLoaderBase.clearReferencesRmiTargets When running on Java 9 or later you need to add "--add-opens=java.rmi/sun.rmi.transport=ALL-UNNAMED" to the JVM command line arguments to enable RMI Target memory leak detection. Alternatively, you can suppress this warning by disabling RMI Target memory leak detection.
19-Jun-2026 17:08:24.408 INFO [Catalina-utility-1] org.apache.jasper.servlet.TldScanner.scanJars At least one JAR was scanned for TLDs yet contained no TLDs. Enable debug logging for this logger for a complete list of JARs that were scanned but no TLDs were found in them. Skipping unneeded JARs during scanning can improve startup time and JSP compilation time.
19-Jun-2026 17:08:24.412 INFO [Catalina-utility-1] org.apache.catalina.core.StandardContext.reload Reloading Context with name [/test-r1-v2] is completed
19-Jun-2026 17:10:59.495 INFO [main] org.apache.catalina.startup.VersionLoggerListener.log Server version name:   Apache Tomcat/9.0.89
19-Jun-2026 17:10:59.498 INFO [main] org.apache.catalina.startup.VersionLoggerListener.log Server built:          May 3 2024 20:22:11 UTC
19-Jun-2026 17:10:59.498 INFO [main] org.apache.catalina.startup.VersionLoggerListener.log Server version number: 9.0.89.0
19-Jun-2026 17:10:59.498 INFO [main] org.apache.catalina.startup.VersionLoggerListener.log OS Name:               Windows 11
19-Jun-2026 17:10:59.498 INFO [main] org.apache.catalina.startup.VersionLoggerListener.log OS Version:            10.0
19-Jun-2026 17:10:59.498 INFO [main] org.apache.catalina.startup.VersionLoggerListener.log Architecture:          amd64
19-Jun-2026 17:10:59.498 INFO [main] org.apache.catalina.startup.VersionLoggerListener.log Java Home:             C:\Temp\Programs\JavaStack\jdk-17.0.19+10
19-Jun-2026 17:10:59.498 INFO [main] org.apache.catalina.startup.VersionLoggerListener.log JVM Version:           17.0.19+10-LTS
19-Jun-2026 17:10:59.498 INFO [main] org.apache.catalina.startup.VersionLoggerListener.log JVM Vendor:            Microsoft
19-Jun-2026 17:10:59.498 INFO [main] org.apache.catalina.startup.VersionLoggerListener.log CATALINA_BASE:         C:\Temp\Tomcat_compartido
19-Jun-2026 17:10:59.498 INFO [main] org.apache.catalina.startup.VersionLoggerListener.log CATALINA_HOME:         C:\Temp\Programs\JavaStack\apache-tomcat-9.0.89
19-Jun-2026 17:10:59.510 INFO [main] org.apache.catalina.startup.VersionLoggerListener.log Command line argument: -Djava.util.logging.config.file=C:\Temp\Tomcat_compartido/conf/logging.properties
19-Jun-2026 17:10:59.510 INFO [main] org.apache.catalina.startup.VersionLoggerListener.log Command line argument: -Djava.util.logging.manager=org.apache.juli.ClassLoaderLogManager
19-Jun-2026 17:10:59.510 INFO [main] org.apache.catalina.startup.VersionLoggerListener.log Command line argument: -Djdk.tls.ephemeralDHKeySize=2048
19-Jun-2026 17:10:59.510 INFO [main] org.apache.catalina.startup.VersionLoggerListener.log Command line argument: -Djava.protocol.handler.pkgs=org.apache.catalina.webresources
19-Jun-2026 17:10:59.510 INFO [main] org.apache.catalina.startup.VersionLoggerListener.log Command line argument: -Dorg.apache.catalina.security.SecurityListener.UMASK=0027
19-Jun-2026 17:10:59.510 INFO [main] org.apache.catalina.startup.VersionLoggerListener.log Command line argument: -Dcatalina.base=C:\Temp\Tomcat_compartido
19-Jun-2026 17:10:59.510 INFO [main] org.apache.catalina.startup.VersionLoggerListener.log Command line argument: -Dcatalina.home=C:\Temp\Programs\JavaStack\apache-tomcat-9.0.89
19-Jun-2026 17:10:59.510 INFO [main] org.apache.catalina.startup.VersionLoggerListener.log Command line argument: -Djava.io.tmpdir=C:\Temp\Tomcat_compartido/temp
19-Jun-2026 17:10:59.515 INFO [main] org.apache.catalina.core.AprLifecycleListener.lifecycleEvent The Apache Tomcat Native library which allows using OpenSSL was not found on the java.library.path: [C:\Temp\Programs\JavaStack\jdk-17.0.19+10\bin;C:\WINDOWS\Sun\Java\bin;C:\WINDOWS\system32;C:\WINDOWS;C:\WINDOWS\system32;C:\WINDOWS;C:\WINDOWS\System32\Wbem;C:\WINDOWS\System32\WindowsPowerShell\v1.0\;C:\WINDOWS\System32\OpenSSH\;C:\Program Files\dotnet\;C:\Users\Aldoa\Desktop\Infor\bin;C:\Program Files\Microsoft SQL Server Migration Assistant for Access\bin\;C:\Users\Aldoa\OneDrive\Desktop\;C:\Program Files\Git\cmd;C:\Program Files\nodejs\;C:\Users\Aldoa\AppData\Local\Microsoft\WindowsApps;C:\Users\Aldoa\AppData\Local\Programs\Microsoft VS Code\bin;C:\Users\Aldoa\AppData\Local\Programs\cursor\resources\app\bin;C:\Users\Aldoa\AppData\Roaming\npm;C:\Temp\Programs\JavaStack\jdk-17.0.19+10\bin;C:\Temp\Programs\JavaStack\apache-maven-3.9.16\bin;;.]
19-Jun-2026 17:10:59.813 INFO [main] org.apache.coyote.AbstractProtocol.init Initializing ProtocolHandler ["http-nio-8082"]
19-Jun-2026 17:10:59.850 INFO [main] org.apache.catalina.startup.Catalina.load Server initialization in [569] milliseconds
19-Jun-2026 17:10:59.923 INFO [main] org.apache.catalina.core.StandardService.startInternal Starting service [Catalina]
19-Jun-2026 17:10:59.926 INFO [main] org.apache.catalina.core.StandardEngine.startInternal Starting Servlet engine: [Apache Tomcat/9.0.89]
19-Jun-2026 17:10:59.932 INFO [main] org.apache.catalina.startup.HostConfig.deployDirectory Deploying web application directory [C:\Temp\Tomcat_compartido\webapps\aerrigochan]
19-Jun-2026 17:11:00.671 INFO [main] org.apache.jasper.servlet.TldScanner.scanJars At least one JAR was scanned for TLDs yet contained no TLDs. Enable debug logging for this logger for a complete list of JARs that were scanned but no TLDs were found in them. Skipping unneeded JARs during scanning can improve startup time and JSP compilation time.
19-Jun-2026 17:11:00.774 INFO [main] org.apache.catalina.startup.HostConfig.deployDirectory Deployment of web application directory [C:\Temp\Tomcat_compartido\webapps\aerrigochan] has finished in [842] ms
19-Jun-2026 17:11:00.774 INFO [main] org.apache.catalina.startup.HostConfig.deployDirectory Deploying web application directory [C:\Temp\Tomcat_compartido\webapps\host-manager]
19-Jun-2026 17:11:01.195 INFO [main] org.apache.jasper.servlet.TldScanner.scanJars At least one JAR was scanned for TLDs yet contained no TLDs. Enable debug logging for this logger for a complete list of JARs that were scanned but no TLDs were found in them. Skipping unneeded JARs during scanning can improve startup time and JSP compilation time.
19-Jun-2026 17:11:01.233 INFO [main] org.apache.catalina.startup.HostConfig.deployDirectory Deployment of web application directory [C:\Temp\Tomcat_compartido\webapps\host-manager] has finished in [459] ms
19-Jun-2026 17:11:01.233 INFO [main] org.apache.catalina.startup.HostConfig.deployDirectory Deploying web application directory [C:\Temp\Tomcat_compartido\webapps\manager]
19-Jun-2026 17:11:01.794 INFO [main] org.apache.jasper.servlet.TldScanner.scanJars At least one JAR was scanned for TLDs yet contained no TLDs. Enable debug logging for this logger for a complete list of JARs that were scanned but no TLDs were found in them. Skipping unneeded JARs during scanning can improve startup time and JSP compilation time.
19-Jun-2026 17:11:01.810 INFO [main] org.apache.catalina.startup.HostConfig.deployDirectory Deployment of web application directory [C:\Temp\Tomcat_compartido\webapps\manager] has finished in [577] ms
19-Jun-2026 17:11:01.810 INFO [main] org.apache.catalina.startup.HostConfig.deployDirectory Deploying web application directory [C:\Temp\Tomcat_compartido\webapps\ROOT]
19-Jun-2026 17:11:02.734 INFO [main] org.apache.jasper.servlet.TldScanner.scanJars At least one JAR was scanned for TLDs yet contained no TLDs. Enable debug logging for this logger for a complete list of JARs that were scanned but no TLDs were found in them. Skipping unneeded JARs during scanning can improve startup time and JSP compilation time.
19-Jun-2026 17:11:02.748 INFO [main] org.apache.catalina.startup.HostConfig.deployDirectory Deployment of web application directory [C:\Temp\Tomcat_compartido\webapps\ROOT] has finished in [937] ms
19-Jun-2026 17:11:02.750 INFO [main] org.apache.catalina.startup.HostConfig.deployDirectory Deploying web application directory [C:\Temp\Tomcat_compartido\webapps\Servlet1]
19-Jun-2026 17:11:03.898 INFO [main] org.apache.jasper.servlet.TldScanner.scanJars At least one JAR was scanned for TLDs yet contained no TLDs. Enable debug logging for this logger for a complete list of JARs that were scanned but no TLDs were found in them. Skipping unneeded JARs during scanning can improve startup time and JSP compilation time.
19-Jun-2026 17:11:03.911 INFO [main] org.apache.catalina.startup.HostConfig.deployDirectory Deployment of web application directory [C:\Temp\Tomcat_compartido\webapps\Servlet1] has finished in [1,163] ms
19-Jun-2026 17:11:03.911 INFO [main] org.apache.catalina.startup.HostConfig.deployDirectory Deploying web application directory [C:\Temp\Tomcat_compartido\webapps\test-r1-v2]
19-Jun-2026 17:11:05.126 INFO [main] org.apache.jasper.servlet.TldScanner.scanJars At least one JAR was scanned for TLDs yet contained no TLDs. Enable debug logging for this logger for a complete list of JARs that were scanned but no TLDs were found in them. Skipping unneeded JARs during scanning can improve startup time and JSP compilation time.
19-Jun-2026 17:11:05.142 INFO [main] org.apache.catalina.startup.HostConfig.deployDirectory Deployment of web application directory [C:\Temp\Tomcat_compartido\webapps\test-r1-v2] has finished in [1,231] ms
19-Jun-2026 17:11:05.142 INFO [main] org.apache.catalina.startup.HostConfig.deployDirectory Deploying web application directory [C:\Temp\Tomcat_compartido\webapps\trabajogr]
19-Jun-2026 17:11:06.559 INFO [main] org.apache.jasper.servlet.TldScanner.scanJars At least one JAR was scanned for TLDs yet contained no TLDs. Enable debug logging for this logger for a complete list of JARs that were scanned but no TLDs were found in them. Skipping unneeded JARs during scanning can improve startup time and JSP compilation time.
19-Jun-2026 17:11:06.575 INFO [main] org.apache.catalina.startup.HostConfig.deployDirectory Deployment of web application directory [C:\Temp\Tomcat_compartido\webapps\trabajogr] has finished in [1,433] ms
19-Jun-2026 17:11:06.592 INFO [main] org.apache.coyote.AbstractProtocol.start Starting ProtocolHandler ["http-nio-8082"]
19-Jun-2026 17:11:06.759 INFO [main] org.apache.catalina.startup.Catalina.start Server startup in [6905] milliseconds
19-Jun-2026 17:13:08.299 INFO [main] org.apache.catalina.startup.VersionLoggerListener.log Server version name:   Apache Tomcat/9.0.89
19-Jun-2026 17:13:08.306 INFO [main] org.apache.catalina.startup.VersionLoggerListener.log Server built:          May 3 2024 20:22:11 UTC
19-Jun-2026 17:13:08.306 INFO [main] org.apache.catalina.startup.VersionLoggerListener.log Server version number: 9.0.89.0
19-Jun-2026 17:13:08.306 INFO [main] org.apache.catalina.startup.VersionLoggerListener.log OS Name:               Windows 11
19-Jun-2026 17:13:08.306 INFO [main] org.apache.catalina.startup.VersionLoggerListener.log OS Version:            10.0
19-Jun-2026 17:13:08.306 INFO [main] org.apache.catalina.startup.VersionLoggerListener.log Architecture:          amd64
19-Jun-2026 17:13:08.306 INFO [main] org.apache.catalina.startup.VersionLoggerListener.log Java Home:             C:\Temp\Programs\JavaStack\jdk-17.0.19+10
19-Jun-2026 17:13:08.306 INFO [main] org.apache.catalina.startup.VersionLoggerListener.log JVM Version:           17.0.19+10-LTS
19-Jun-2026 17:13:08.306 INFO [main] org.apache.catalina.startup.VersionLoggerListener.log JVM Vendor:            Microsoft
19-Jun-2026 17:13:08.306 INFO [main] org.apache.catalina.startup.VersionLoggerListener.log CATALINA_BASE:         C:\Temp\Tomcat_compartido
19-Jun-2026 17:13:08.306 INFO [main] org.apache.catalina.startup.VersionLoggerListener.log CATALINA_HOME:         C:\Temp\Programs\JavaStack\apache-tomcat-9.0.89
19-Jun-2026 17:13:08.324 INFO [main] org.apache.catalina.startup.VersionLoggerListener.log Command line argument: -Djava.util.logging.config.file=C:\Temp\Tomcat_compartido/conf/logging.properties
19-Jun-2026 17:13:08.324 INFO [main] org.apache.catalina.startup.VersionLoggerListener.log Command line argument: -Djava.util.logging.manager=org.apache.juli.ClassLoaderLogManager
19-Jun-2026 17:13:08.327 INFO [main] org.apache.catalina.startup.VersionLoggerListener.log Command line argument: -Djdk.tls.ephemeralDHKeySize=2048
19-Jun-2026 17:13:08.327 INFO [main] org.apache.catalina.startup.VersionLoggerListener.log Command line argument: -Djava.protocol.handler.pkgs=org.apache.catalina.webresources
19-Jun-2026 17:13:08.327 INFO [main] org.apache.catalina.startup.VersionLoggerListener.log Command line argument: -Dorg.apache.catalina.security.SecurityListener.UMASK=0027
19-Jun-2026 17:13:08.327 INFO [main] org.apache.catalina.startup.VersionLoggerListener.log Command line argument: -Dcatalina.base=C:\Temp\Tomcat_compartido
19-Jun-2026 17:13:08.327 INFO [main] org.apache.catalina.startup.VersionLoggerListener.log Command line argument: -Dcatalina.home=C:\Temp\Programs\JavaStack\apache-tomcat-9.0.89
19-Jun-2026 17:13:08.327 INFO [main] org.apache.catalina.startup.VersionLoggerListener.log Command line argument: -Djava.io.tmpdir=C:\Temp\Tomcat_compartido/temp
19-Jun-2026 17:13:08.335 INFO [main] org.apache.catalina.core.AprLifecycleListener.lifecycleEvent The Apache Tomcat Native library which allows using OpenSSL was not found on the java.library.path: [C:\Temp\Programs\JavaStack\jdk-17.0.19+10\bin;C:\WINDOWS\Sun\Java\bin;C:\WINDOWS\system32;C:\WINDOWS;C:\WINDOWS\system32;C:\WINDOWS;C:\WINDOWS\System32\Wbem;C:\WINDOWS\System32\WindowsPowerShell\v1.0\;C:\WINDOWS\System32\OpenSSH\;C:\Program Files\dotnet\;C:\Users\Aldoa\Desktop\Infor\bin;C:\Program Files\Microsoft SQL Server Migration Assistant for Access\bin\;C:\Users\Aldoa\OneDrive\Desktop\;C:\Program Files\Git\cmd;C:\Program Files\nodejs\;C:\Users\Aldoa\AppData\Local\Microsoft\WindowsApps;C:\Users\Aldoa\AppData\Local\Programs\Microsoft VS Code\bin;C:\Users\Aldoa\AppData\Local\Programs\cursor\resources\app\bin;C:\Users\Aldoa\AppData\Roaming\npm;C:\Temp\Programs\JavaStack\jdk-17.0.19+10\bin;C:\Temp\Programs\JavaStack\apache-maven-3.9.16\bin;;.]
19-Jun-2026 17:13:08.656 INFO [main] org.apache.coyote.AbstractProtocol.init Initializing ProtocolHandler ["http-nio-8082"]
19-Jun-2026 17:13:08.695 INFO [main] org.apache.catalina.startup.Catalina.load Server initialization in [593] milliseconds
19-Jun-2026 17:13:08.756 INFO [main] org.apache.catalina.core.StandardService.startInternal Starting service [Catalina]
19-Jun-2026 17:13:08.756 INFO [main] org.apache.catalina.core.StandardEngine.startInternal Starting Servlet engine: [Apache Tomcat/9.0.89]
19-Jun-2026 17:13:08.771 INFO [main] org.apache.catalina.startup.HostConfig.deployDirectory Deploying web application directory [C:\Temp\Tomcat_compartido\webapps\aerrigochan]
19-Jun-2026 17:13:09.486 INFO [main] org.apache.jasper.servlet.TldScanner.scanJars At least one JAR was scanned for TLDs yet contained no TLDs. Enable debug logging for this logger for a complete list of JARs that were scanned but no TLDs were found in them. Skipping unneeded JARs during scanning can improve startup time and JSP compilation time.
19-Jun-2026 17:13:09.586 INFO [main] org.apache.catalina.startup.HostConfig.deployDirectory Deployment of web application directory [C:\Temp\Tomcat_compartido\webapps\aerrigochan] has finished in [815] ms
19-Jun-2026 17:13:09.586 INFO [main] org.apache.catalina.startup.HostConfig.deployDirectory Deploying web application directory [C:\Temp\Tomcat_compartido\webapps\host-manager]
19-Jun-2026 17:13:10.009 INFO [main] org.apache.jasper.servlet.TldScanner.scanJars At least one JAR was scanned for TLDs yet contained no TLDs. Enable debug logging for this logger for a complete list of JARs that were scanned but no TLDs were found in them. Skipping unneeded JARs during scanning can improve startup time and JSP compilation time.
19-Jun-2026 17:13:10.025 INFO [main] org.apache.catalina.startup.HostConfig.deployDirectory Deployment of web application directory [C:\Temp\Tomcat_compartido\webapps\host-manager] has finished in [439] ms
19-Jun-2026 17:13:10.025 INFO [main] org.apache.catalina.startup.HostConfig.deployDirectory Deploying web application directory [C:\Temp\Tomcat_compartido\webapps\manager]
19-Jun-2026 17:13:10.410 INFO [main] org.apache.jasper.servlet.TldScanner.scanJars At least one JAR was scanned for TLDs yet contained no TLDs. Enable debug logging for this logger for a complete list of JARs that were scanned but no TLDs were found in them. Skipping unneeded JARs during scanning can improve startup time and JSP compilation time.
19-Jun-2026 17:13:10.415 INFO [main] org.apache.catalina.startup.HostConfig.deployDirectory Deployment of web application directory [C:\Temp\Tomcat_compartido\webapps\manager] has finished in [390] ms
19-Jun-2026 17:13:10.418 INFO [main] org.apache.catalina.startup.HostConfig.deployDirectory Deploying web application directory [C:\Temp\Tomcat_compartido\webapps\ROOT]
19-Jun-2026 17:13:10.856 INFO [main] org.apache.jasper.servlet.TldScanner.scanJars At least one JAR was scanned for TLDs yet contained no TLDs. Enable debug logging for this logger for a complete list of JARs that were scanned but no TLDs were found in them. Skipping unneeded JARs during scanning can improve startup time and JSP compilation time.
19-Jun-2026 17:13:10.869 INFO [main] org.apache.catalina.startup.HostConfig.deployDirectory Deployment of web application directory [C:\Temp\Tomcat_compartido\webapps\ROOT] has finished in [451] ms
19-Jun-2026 17:13:10.871 INFO [main] org.apache.catalina.startup.HostConfig.deployDirectory Deploying web application directory [C:\Temp\Tomcat_compartido\webapps\Servlet1]
19-Jun-2026 17:13:12.119 INFO [main] org.apache.jasper.servlet.TldScanner.scanJars At least one JAR was scanned for TLDs yet contained no TLDs. Enable debug logging for this logger for a complete list of JARs that were scanned but no TLDs were found in them. Skipping unneeded JARs during scanning can improve startup time and JSP compilation time.
19-Jun-2026 17:13:12.135 INFO [main] org.apache.catalina.startup.HostConfig.deployDirectory Deployment of web application directory [C:\Temp\Tomcat_compartido\webapps\Servlet1] has finished in [1,264] ms
19-Jun-2026 17:13:12.135 INFO [main] org.apache.catalina.startup.HostConfig.deployDirectory Deploying web application directory [C:\Temp\Tomcat_compartido\webapps\test-r1-v2]
19-Jun-2026 17:13:13.267 INFO [main] org.apache.jasper.servlet.TldScanner.scanJars At least one JAR was scanned for TLDs yet contained no TLDs. Enable debug logging for this logger for a complete list of JARs that were scanned but no TLDs were found in them. Skipping unneeded JARs during scanning can improve startup time and JSP compilation time.
19-Jun-2026 17:13:13.272 INFO [main] org.apache.catalina.startup.HostConfig.deployDirectory Deployment of web application directory [C:\Temp\Tomcat_compartido\webapps\test-r1-v2] has finished in [1,137] ms
19-Jun-2026 17:13:13.278 INFO [main] org.apache.catalina.startup.HostConfig.deployDirectory Deploying web application directory [C:\Temp\Tomcat_compartido\webapps\trabajogr]
19-Jun-2026 17:13:14.655 INFO [main] org.apache.jasper.servlet.TldScanner.scanJars At least one JAR was scanned for TLDs yet contained no TLDs. Enable debug logging for this logger for a complete list of JARs that were scanned but no TLDs were found in them. Skipping unneeded JARs during scanning can improve startup time and JSP compilation time.
19-Jun-2026 17:13:14.666 INFO [main] org.apache.catalina.startup.HostConfig.deployDirectory Deployment of web application directory [C:\Temp\Tomcat_compartido\webapps\trabajogr] has finished in [1,394] ms
19-Jun-2026 17:13:14.682 INFO [main] org.apache.coyote.AbstractProtocol.start Starting ProtocolHandler ["http-nio-8082"]
19-Jun-2026 17:13:14.849 INFO [main] org.apache.catalina.startup.Catalina.start Server startup in [6159] milliseconds
19-Jun-2026 17:16:51.943 INFO [main] org.apache.catalina.startup.VersionLoggerListener.log Server version name:   Apache Tomcat/9.0.89
19-Jun-2026 17:16:51.949 INFO [main] org.apache.catalina.startup.VersionLoggerListener.log Server built:          May 3 2024 20:22:11 UTC
19-Jun-2026 17:16:51.949 INFO [main] org.apache.catalina.startup.VersionLoggerListener.log Server version number: 9.0.89.0
19-Jun-2026 17:16:51.949 INFO [main] org.apache.catalina.startup.VersionLoggerListener.log OS Name:               Windows 11
19-Jun-2026 17:16:51.949 INFO [main] org.apache.catalina.startup.VersionLoggerListener.log OS Version:            10.0
19-Jun-2026 17:16:51.949 INFO [main] org.apache.catalina.startup.VersionLoggerListener.log Architecture:          amd64
19-Jun-2026 17:16:51.949 INFO [main] org.apache.catalina.startup.VersionLoggerListener.log Java Home:             C:\Temp\Programs\JavaStack\jdk-17.0.19+10
19-Jun-2026 17:16:51.949 INFO [main] org.apache.catalina.startup.VersionLoggerListener.log JVM Version:           17.0.19+10-LTS
19-Jun-2026 17:16:51.949 INFO [main] org.apache.catalina.startup.VersionLoggerListener.log JVM Vendor:            Microsoft
19-Jun-2026 17:16:51.949 INFO [main] org.apache.catalina.startup.VersionLoggerListener.log CATALINA_BASE:         C:\Temp\Tomcat_compartido
19-Jun-2026 17:16:51.949 INFO [main] org.apache.catalina.startup.VersionLoggerListener.log CATALINA_HOME:         C:\Temp\Programs\JavaStack\apache-tomcat-9.0.89
19-Jun-2026 17:16:51.965 INFO [main] org.apache.catalina.startup.VersionLoggerListener.log Command line argument: -Djava.util.logging.config.file=C:\Temp\Tomcat_compartido/conf/logging.properties
19-Jun-2026 17:16:51.965 INFO [main] org.apache.catalina.startup.VersionLoggerListener.log Command line argument: -Djava.util.logging.manager=org.apache.juli.ClassLoaderLogManager
19-Jun-2026 17:16:51.965 INFO [main] org.apache.catalina.startup.VersionLoggerListener.log Command line argument: -Djdk.tls.ephemeralDHKeySize=2048
19-Jun-2026 17:16:51.968 INFO [main] org.apache.catalina.startup.VersionLoggerListener.log Command line argument: -Djava.protocol.handler.pkgs=org.apache.catalina.webresources
19-Jun-2026 17:16:51.968 INFO [main] org.apache.catalina.startup.VersionLoggerListener.log Command line argument: -Dorg.apache.catalina.security.SecurityListener.UMASK=0027
19-Jun-2026 17:16:51.968 INFO [main] org.apache.catalina.startup.VersionLoggerListener.log Command line argument: -Dcatalina.base=C:\Temp\Tomcat_compartido
19-Jun-2026 17:16:51.968 INFO [main] org.apache.catalina.startup.VersionLoggerListener.log Command line argument: -Dcatalina.home=C:\Temp\Programs\JavaStack\apache-tomcat-9.0.89
19-Jun-2026 17:16:51.968 INFO [main] org.apache.catalina.startup.VersionLoggerListener.log Command line argument: -Djava.io.tmpdir=C:\Temp\Tomcat_compartido/temp
19-Jun-2026 17:16:51.978 INFO [main] org.apache.catalina.core.AprLifecycleListener.lifecycleEvent The Apache Tomcat Native library which allows using OpenSSL was not found on the java.library.path: [C:\Temp\Programs\JavaStack\jdk-17.0.19+10\bin;C:\WINDOWS\Sun\Java\bin;C:\WINDOWS\system32;C:\WINDOWS;C:\WINDOWS\system32;C:\WINDOWS;C:\WINDOWS\System32\Wbem;C:\WINDOWS\System32\WindowsPowerShell\v1.0\;C:\WINDOWS\System32\OpenSSH\;C:\Program Files\dotnet\;C:\Users\Aldoa\Desktop\Infor\bin;C:\Program Files\Microsoft SQL Server Migration Assistant for Access\bin\;C:\Users\Aldoa\OneDrive\Desktop\;C:\Program Files\Git\cmd;C:\Program Files\nodejs\;C:\Users\Aldoa\AppData\Local\Microsoft\WindowsApps;C:\Users\Aldoa\AppData\Local\Programs\Microsoft VS Code\bin;C:\Users\Aldoa\AppData\Local\Programs\cursor\resources\app\bin;C:\Users\Aldoa\AppData\Roaming\npm;C:\Temp\Programs\JavaStack\jdk-17.0.19+10\bin;C:\Temp\Programs\JavaStack\apache-maven-3.9.16\bin;;.]
19-Jun-2026 17:16:52.273 INFO [main] org.apache.coyote.AbstractProtocol.init Initializing ProtocolHandler ["http-nio-8082"]
19-Jun-2026 17:16:52.312 INFO [main] org.apache.catalina.startup.Catalina.load Server initialization in [585] milliseconds
19-Jun-2026 17:16:52.360 INFO [main] org.apache.catalina.core.StandardService.startInternal Starting service [Catalina]
19-Jun-2026 17:16:52.360 INFO [main] org.apache.catalina.core.StandardEngine.startInternal Starting Servlet engine: [Apache Tomcat/9.0.89]
19-Jun-2026 17:16:52.399 INFO [main] org.apache.catalina.startup.HostConfig.deployDirectory Deploying web application directory [C:\Temp\Tomcat_compartido\webapps\aerrigochan]
19-Jun-2026 17:16:53.177 INFO [main] org.apache.jasper.servlet.TldScanner.scanJars At least one JAR was scanned for TLDs yet contained no TLDs. Enable debug logging for this logger for a complete list of JARs that were scanned but no TLDs were found in them. Skipping unneeded JARs during scanning can improve startup time and JSP compilation time.
19-Jun-2026 17:16:53.296 INFO [main] org.apache.catalina.startup.HostConfig.deployDirectory Deployment of web application directory [C:\Temp\Tomcat_compartido\webapps\aerrigochan] has finished in [897] ms
19-Jun-2026 17:16:53.296 INFO [main] org.apache.catalina.startup.HostConfig.deployDirectory Deploying web application directory [C:\Temp\Tomcat_compartido\webapps\host-manager]
19-Jun-2026 17:16:53.741 INFO [main] org.apache.jasper.servlet.TldScanner.scanJars At least one JAR was scanned for TLDs yet contained no TLDs. Enable debug logging for this logger for a complete list of JARs that were scanned but no TLDs were found in them. Skipping unneeded JARs during scanning can improve startup time and JSP compilation time.
19-Jun-2026 17:16:53.751 INFO [main] org.apache.catalina.startup.HostConfig.deployDirectory Deployment of web application directory [C:\Temp\Tomcat_compartido\webapps\host-manager] has finished in [455] ms
19-Jun-2026 17:16:53.751 INFO [main] org.apache.catalina.startup.HostConfig.deployDirectory Deploying web application directory [C:\Temp\Tomcat_compartido\webapps\manager]
19-Jun-2026 17:16:54.183 INFO [main] org.apache.jasper.servlet.TldScanner.scanJars At least one JAR was scanned for TLDs yet contained no TLDs. Enable debug logging for this logger for a complete list of JARs that were scanned but no TLDs were found in them. Skipping unneeded JARs during scanning can improve startup time and JSP compilation time.
19-Jun-2026 17:16:54.187 INFO [main] org.apache.catalina.startup.HostConfig.deployDirectory Deployment of web application directory [C:\Temp\Tomcat_compartido\webapps\manager] has finished in [436] ms
19-Jun-2026 17:16:54.187 INFO [main] org.apache.catalina.startup.HostConfig.deployDirectory Deploying web application directory [C:\Temp\Tomcat_compartido\webapps\ROOT]
19-Jun-2026 17:16:54.587 INFO [main] org.apache.jasper.servlet.TldScanner.scanJars At least one JAR was scanned for TLDs yet contained no TLDs. Enable debug logging for this logger for a complete list of JARs that were scanned but no TLDs were found in them. Skipping unneeded JARs during scanning can improve startup time and JSP compilation time.
19-Jun-2026 17:16:54.609 INFO [main] org.apache.catalina.startup.HostConfig.deployDirectory Deployment of web application directory [C:\Temp\Tomcat_compartido\webapps\ROOT] has finished in [422] ms
19-Jun-2026 17:16:54.609 INFO [main] org.apache.catalina.startup.HostConfig.deployDirectory Deploying web application directory [C:\Temp\Tomcat_compartido\webapps\Servlet1]
19-Jun-2026 17:16:55.888 INFO [main] org.apache.jasper.servlet.TldScanner.scanJars At least one JAR was scanned for TLDs yet contained no TLDs. Enable debug logging for this logger for a complete list of JARs that were scanned but no TLDs were found in them. Skipping unneeded JARs during scanning can improve startup time and JSP compilation time.
19-Jun-2026 17:16:55.895 INFO [main] org.apache.catalina.startup.HostConfig.deployDirectory Deployment of web application directory [C:\Temp\Tomcat_compartido\webapps\Servlet1] has finished in [1,286] ms
19-Jun-2026 17:16:55.903 INFO [main] org.apache.catalina.startup.HostConfig.deployDirectory Deploying web application directory [C:\Temp\Tomcat_compartido\webapps\test-r1-v2]
19-Jun-2026 17:16:57.047 INFO [main] org.apache.jasper.servlet.TldScanner.scanJars At least one JAR was scanned for TLDs yet contained no TLDs. Enable debug logging for this logger for a complete list of JARs that were scanned but no TLDs were found in them. Skipping unneeded JARs during scanning can improve startup time and JSP compilation time.
19-Jun-2026 17:16:57.059 INFO [main] org.apache.catalina.startup.HostConfig.deployDirectory Deployment of web application directory [C:\Temp\Tomcat_compartido\webapps\test-r1-v2] has finished in [1,156] ms
19-Jun-2026 17:16:57.059 INFO [main] org.apache.catalina.startup.HostConfig.deployDirectory Deploying web application directory [C:\Temp\Tomcat_compartido\webapps\trabajogr]
19-Jun-2026 17:16:58.399 INFO [main] org.apache.jasper.servlet.TldScanner.scanJars At least one JAR was scanned for TLDs yet contained no TLDs. Enable debug logging for this logger for a complete list of JARs that were scanned but no TLDs were found in them. Skipping unneeded JARs during scanning can improve startup time and JSP compilation time.
19-Jun-2026 17:16:58.416 INFO [main] org.apache.catalina.startup.HostConfig.deployDirectory Deployment of web application directory [C:\Temp\Tomcat_compartido\webapps\trabajogr] has finished in [1,357] ms
19-Jun-2026 17:16:58.430 INFO [main] org.apache.coyote.AbstractProtocol.start Starting ProtocolHandler ["http-nio-8082"]
19-Jun-2026 17:16:58.595 INFO [main] org.apache.catalina.startup.Catalina.start Server startup in [6287] milliseconds
19-Jun-2026 17:19:01.504 INFO [main] org.apache.catalina.startup.VersionLoggerListener.log Server version name:   Apache Tomcat/9.0.89
19-Jun-2026 17:19:01.513 INFO [main] org.apache.catalina.startup.VersionLoggerListener.log Server built:          May 3 2024 20:22:11 UTC
19-Jun-2026 17:19:01.513 INFO [main] org.apache.catalina.startup.VersionLoggerListener.log Server version number: 9.0.89.0
19-Jun-2026 17:19:01.513 INFO [main] org.apache.catalina.startup.VersionLoggerListener.log OS Name:               Windows 11
19-Jun-2026 17:19:01.513 INFO [main] org.apache.catalina.startup.VersionLoggerListener.log OS Version:            10.0
19-Jun-2026 17:19:01.513 INFO [main] org.apache.catalina.startup.VersionLoggerListener.log Architecture:          amd64
19-Jun-2026 17:19:01.513 INFO [main] org.apache.catalina.startup.VersionLoggerListener.log Java Home:             C:\Temp\Programs\JavaStack\jdk-17.0.19+10
19-Jun-2026 17:19:01.513 INFO [main] org.apache.catalina.startup.VersionLoggerListener.log JVM Version:           17.0.19+10-LTS
19-Jun-2026 17:19:01.513 INFO [main] org.apache.catalina.startup.VersionLoggerListener.log JVM Vendor:            Microsoft
19-Jun-2026 17:19:01.513 INFO [main] org.apache.catalina.startup.VersionLoggerListener.log CATALINA_BASE:         C:\Temp\Tomcat_compartido
19-Jun-2026 17:19:01.513 INFO [main] org.apache.catalina.startup.VersionLoggerListener.log CATALINA_HOME:         C:\Temp\Programs\JavaStack\apache-tomcat-9.0.89
19-Jun-2026 17:19:01.524 INFO [main] org.apache.catalina.startup.VersionLoggerListener.log Command line argument: -Djava.util.logging.config.file=C:\Temp\Tomcat_compartido/conf/logging.properties
19-Jun-2026 17:19:01.524 INFO [main] org.apache.catalina.startup.VersionLoggerListener.log Command line argument: -Djava.util.logging.manager=org.apache.juli.ClassLoaderLogManager
19-Jun-2026 17:19:01.524 INFO [main] org.apache.catalina.startup.VersionLoggerListener.log Command line argument: -Djdk.tls.ephemeralDHKeySize=2048
19-Jun-2026 17:19:01.524 INFO [main] org.apache.catalina.startup.VersionLoggerListener.log Command line argument: -Djava.protocol.handler.pkgs=org.apache.catalina.webresources
19-Jun-2026 17:19:01.524 INFO [main] org.apache.catalina.startup.VersionLoggerListener.log Command line argument: -Dorg.apache.catalina.security.SecurityListener.UMASK=0027
19-Jun-2026 17:19:01.524 INFO [main] org.apache.catalina.startup.VersionLoggerListener.log Command line argument: -Dcatalina.base=C:\Temp\Tomcat_compartido
19-Jun-2026 17:19:01.524 INFO [main] org.apache.catalina.startup.VersionLoggerListener.log Command line argument: -Dcatalina.home=C:\Temp\Programs\JavaStack\apache-tomcat-9.0.89
19-Jun-2026 17:19:01.524 INFO [main] org.apache.catalina.startup.VersionLoggerListener.log Command line argument: -Djava.io.tmpdir=C:\Temp\Tomcat_compartido/temp
19-Jun-2026 17:19:01.524 INFO [main] org.apache.catalina.core.AprLifecycleListener.lifecycleEvent The Apache Tomcat Native library which allows using OpenSSL was not found on the java.library.path: [C:\Temp\Programs\JavaStack\jdk-17.0.19+10\bin;C:\WINDOWS\Sun\Java\bin;C:\WINDOWS\system32;C:\WINDOWS;C:\WINDOWS\system32;C:\WINDOWS;C:\WINDOWS\System32\Wbem;C:\WINDOWS\System32\WindowsPowerShell\v1.0\;C:\WINDOWS\System32\OpenSSH\;C:\Program Files\dotnet\;C:\Users\Aldoa\Desktop\Infor\bin;C:\Program Files\Microsoft SQL Server Migration Assistant for Access\bin\;C:\Users\Aldoa\OneDrive\Desktop\;C:\Program Files\Git\cmd;C:\Program Files\nodejs\;C:\Users\Aldoa\AppData\Local\Microsoft\WindowsApps;C:\Users\Aldoa\AppData\Local\Programs\Microsoft VS Code\bin;C:\Users\Aldoa\AppData\Local\Programs\cursor\resources\app\bin;C:\Users\Aldoa\AppData\Roaming\npm;C:\Temp\Programs\JavaStack\jdk-17.0.19+10\bin;C:\Temp\Programs\JavaStack\apache-maven-3.9.16\bin;;.]
19-Jun-2026 17:19:01.849 INFO [main] org.apache.coyote.AbstractProtocol.init Initializing ProtocolHandler ["http-nio-8082"]
19-Jun-2026 17:19:01.891 INFO [main] org.apache.catalina.startup.Catalina.load Server initialization in [591] milliseconds
19-Jun-2026 17:19:01.944 INFO [main] org.apache.catalina.core.StandardService.startInternal Starting service [Catalina]
19-Jun-2026 17:19:01.944 INFO [main] org.apache.catalina.core.StandardEngine.startInternal Starting Servlet engine: [Apache Tomcat/9.0.89]
19-Jun-2026 17:19:01.955 INFO [main] org.apache.catalina.startup.HostConfig.deployDirectory Deploying web application directory [C:\Temp\Tomcat_compartido\webapps\aerrigochan]
19-Jun-2026 17:19:02.658 INFO [main] org.apache.jasper.servlet.TldScanner.scanJars At least one JAR was scanned for TLDs yet contained no TLDs. Enable debug logging for this logger for a complete list of JARs that were scanned but no TLDs were found in them. Skipping unneeded JARs during scanning can improve startup time and JSP compilation time.
19-Jun-2026 17:19:02.770 INFO [main] org.apache.catalina.startup.HostConfig.deployDirectory Deployment of web application directory [C:\Temp\Tomcat_compartido\webapps\aerrigochan] has finished in [815] ms
19-Jun-2026 17:19:02.770 INFO [main] org.apache.catalina.startup.HostConfig.deployDirectory Deploying web application directory [C:\Temp\Tomcat_compartido\webapps\host-manager]
19-Jun-2026 17:19:03.260 INFO [main] org.apache.jasper.servlet.TldScanner.scanJars At least one JAR was scanned for TLDs yet contained no TLDs. Enable debug logging for this logger for a complete list of JARs that were scanned but no TLDs were found in them. Skipping unneeded JARs during scanning can improve startup time and JSP compilation time.
19-Jun-2026 17:19:03.276 INFO [main] org.apache.catalina.startup.HostConfig.deployDirectory Deployment of web application directory [C:\Temp\Tomcat_compartido\webapps\host-manager] has finished in [504] ms
19-Jun-2026 17:19:03.276 INFO [main] org.apache.catalina.startup.HostConfig.deployDirectory Deploying web application directory [C:\Temp\Tomcat_compartido\webapps\manager]
19-Jun-2026 17:19:03.654 INFO [main] org.apache.jasper.servlet.TldScanner.scanJars At least one JAR was scanned for TLDs yet contained no TLDs. Enable debug logging for this logger for a complete list of JARs that were scanned but no TLDs were found in them. Skipping unneeded JARs during scanning can improve startup time and JSP compilation time.
19-Jun-2026 17:19:03.667 INFO [main] org.apache.catalina.startup.HostConfig.deployDirectory Deployment of web application directory [C:\Temp\Tomcat_compartido\webapps\manager] has finished in [389] ms
19-Jun-2026 17:19:03.667 INFO [main] org.apache.catalina.startup.HostConfig.deployDirectory Deploying web application directory [C:\Temp\Tomcat_compartido\webapps\ROOT]
19-Jun-2026 17:19:04.011 INFO [main] org.apache.jasper.servlet.TldScanner.scanJars At least one JAR was scanned for TLDs yet contained no TLDs. Enable debug logging for this logger for a complete list of JARs that were scanned but no TLDs were found in them. Skipping unneeded JARs during scanning can improve startup time and JSP compilation time.
19-Jun-2026 17:19:04.016 INFO [main] org.apache.catalina.startup.HostConfig.deployDirectory Deployment of web application directory [C:\Temp\Tomcat_compartido\webapps\ROOT] has finished in [349] ms
19-Jun-2026 17:19:04.018 INFO [main] org.apache.catalina.startup.HostConfig.deployDirectory Deploying web application directory [C:\Temp\Tomcat_compartido\webapps\Servlet1]
19-Jun-2026 17:19:05.206 INFO [main] org.apache.jasper.servlet.TldScanner.scanJars At least one JAR was scanned for TLDs yet contained no TLDs. Enable debug logging for this logger for a complete list of JARs that were scanned but no TLDs were found in them. Skipping unneeded JARs during scanning can improve startup time and JSP compilation time.
19-Jun-2026 17:19:05.224 INFO [main] org.apache.catalina.startup.HostConfig.deployDirectory Deployment of web application directory [C:\Temp\Tomcat_compartido\webapps\Servlet1] has finished in [1,206] ms
19-Jun-2026 17:19:05.224 INFO [main] org.apache.catalina.startup.HostConfig.deployDirectory Deploying web application directory [C:\Temp\Tomcat_compartido\webapps\test-r1-v2]
19-Jun-2026 17:19:06.454 INFO [main] org.apache.jasper.servlet.TldScanner.scanJars At least one JAR was scanned for TLDs yet contained no TLDs. Enable debug logging for this logger for a complete list of JARs that were scanned but no TLDs were found in them. Skipping unneeded JARs during scanning can improve startup time and JSP compilation time.
19-Jun-2026 17:19:06.470 INFO [main] org.apache.catalina.startup.HostConfig.deployDirectory Deployment of web application directory [C:\Temp\Tomcat_compartido\webapps\test-r1-v2] has finished in [1,246] ms
19-Jun-2026 17:19:06.470 INFO [main] org.apache.catalina.startup.HostConfig.deployDirectory Deploying web application directory [C:\Temp\Tomcat_compartido\webapps\trabajogr]
19-Jun-2026 17:19:07.893 INFO [main] org.apache.jasper.servlet.TldScanner.scanJars At least one JAR was scanned for TLDs yet contained no TLDs. Enable debug logging for this logger for a complete list of JARs that were scanned but no TLDs were found in them. Skipping unneeded JARs during scanning can improve startup time and JSP compilation time.
19-Jun-2026 17:19:07.907 INFO [main] org.apache.catalina.startup.HostConfig.deployDirectory Deployment of web application directory [C:\Temp\Tomcat_compartido\webapps\trabajogr] has finished in [1,437] ms
19-Jun-2026 17:19:07.928 INFO [main] org.apache.coyote.AbstractProtocol.start Starting ProtocolHandler ["http-nio-8082"]
19-Jun-2026 17:19:08.095 INFO [main] org.apache.catalina.startup.Catalina.start Server startup in [6208] milliseconds
19-Jun-2026 17:22:25.608 INFO [main] org.apache.catalina.startup.VersionLoggerListener.log Server version name:   Apache Tomcat/9.0.89
19-Jun-2026 17:22:25.612 INFO [main] org.apache.catalina.startup.VersionLoggerListener.log Server built:          May 3 2024 20:22:11 UTC
19-Jun-2026 17:22:25.612 INFO [main] org.apache.catalina.startup.VersionLoggerListener.log Server version number: 9.0.89.0
19-Jun-2026 17:22:25.612 INFO [main] org.apache.catalina.startup.VersionLoggerListener.log OS Name:               Windows 11
19-Jun-2026 17:22:25.612 INFO [main] org.apache.catalina.startup.VersionLoggerListener.log OS Version:            10.0
19-Jun-2026 17:22:25.612 INFO [main] org.apache.catalina.startup.VersionLoggerListener.log Architecture:          amd64
19-Jun-2026 17:22:25.612 INFO [main] org.apache.catalina.startup.VersionLoggerListener.log Java Home:             C:\Temp\Programs\JavaStack\jdk-17.0.19+10
19-Jun-2026 17:22:25.612 INFO [main] org.apache.catalina.startup.VersionLoggerListener.log JVM Version:           17.0.19+10-LTS
19-Jun-2026 17:22:25.612 INFO [main] org.apache.catalina.startup.VersionLoggerListener.log JVM Vendor:            Microsoft
19-Jun-2026 17:22:25.612 INFO [main] org.apache.catalina.startup.VersionLoggerListener.log CATALINA_BASE:         C:\Temp\Tomcat_compartido
19-Jun-2026 17:22:25.612 INFO [main] org.apache.catalina.startup.VersionLoggerListener.log CATALINA_HOME:         C:\Temp\Programs\JavaStack\apache-tomcat-9.0.89
19-Jun-2026 17:22:25.630 INFO [main] org.apache.catalina.startup.VersionLoggerListener.log Command line argument: -Djava.util.logging.config.file=C:\Temp\Tomcat_compartido/conf/logging.properties
19-Jun-2026 17:22:25.632 INFO [main] org.apache.catalina.startup.VersionLoggerListener.log Command line argument: -Djava.util.logging.manager=org.apache.juli.ClassLoaderLogManager
19-Jun-2026 17:22:25.632 INFO [main] org.apache.catalina.startup.VersionLoggerListener.log Command line argument: -Djdk.tls.ephemeralDHKeySize=2048
19-Jun-2026 17:22:25.632 INFO [main] org.apache.catalina.startup.VersionLoggerListener.log Command line argument: -Djava.protocol.handler.pkgs=org.apache.catalina.webresources
19-Jun-2026 17:22:25.632 INFO [main] org.apache.catalina.startup.VersionLoggerListener.log Command line argument: -Dorg.apache.catalina.security.SecurityListener.UMASK=0027
19-Jun-2026 17:22:25.632 INFO [main] org.apache.catalina.startup.VersionLoggerListener.log Command line argument: -Dcatalina.base=C:\Temp\Tomcat_compartido
19-Jun-2026 17:22:25.632 INFO [main] org.apache.catalina.startup.VersionLoggerListener.log Command line argument: -Dcatalina.home=C:\Temp\Programs\JavaStack\apache-tomcat-9.0.89
19-Jun-2026 17:22:25.632 INFO [main] org.apache.catalina.startup.VersionLoggerListener.log Command line argument: -Djava.io.tmpdir=C:\Temp\Tomcat_compartido/temp
19-Jun-2026 17:22:25.641 INFO [main] org.apache.catalina.core.AprLifecycleListener.lifecycleEvent The Apache Tomcat Native library which allows using OpenSSL was not found on the java.library.path: [C:\Temp\Programs\JavaStack\jdk-17.0.19+10\bin;C:\WINDOWS\Sun\Java\bin;C:\WINDOWS\system32;C:\WINDOWS;C:\WINDOWS\system32;C:\WINDOWS;C:\WINDOWS\System32\Wbem;C:\WINDOWS\System32\WindowsPowerShell\v1.0\;C:\WINDOWS\System32\OpenSSH\;C:\Program Files\dotnet\;C:\Users\Aldoa\Desktop\Infor\bin;C:\Program Files\Microsoft SQL Server Migration Assistant for Access\bin\;C:\Users\Aldoa\OneDrive\Desktop\;C:\Program Files\Git\cmd;C:\Program Files\nodejs\;C:\Users\Aldoa\AppData\Local\Microsoft\WindowsApps;C:\Users\Aldoa\AppData\Local\Programs\Microsoft VS Code\bin;C:\Users\Aldoa\AppData\Local\Programs\cursor\resources\app\bin;C:\Users\Aldoa\AppData\Roaming\npm;C:\Temp\Programs\JavaStack\jdk-17.0.19+10\bin;C:\Temp\Programs\JavaStack\apache-maven-3.9.16\bin;;.]
19-Jun-2026 17:22:25.992 INFO [main] org.apache.coyote.AbstractProtocol.init Initializing ProtocolHandler ["http-nio-8082"]
19-Jun-2026 17:22:26.042 INFO [main] org.apache.catalina.startup.Catalina.load Server initialization in [663] milliseconds
19-Jun-2026 17:22:26.105 INFO [main] org.apache.catalina.core.StandardService.startInternal Starting service [Catalina]
19-Jun-2026 17:22:26.105 INFO [main] org.apache.catalina.core.StandardEngine.startInternal Starting Servlet engine: [Apache Tomcat/9.0.89]
19-Jun-2026 17:22:26.122 INFO [main] org.apache.catalina.startup.HostConfig.deployDirectory Deploying web application directory [C:\Temp\Tomcat_compartido\webapps\aerrigochan]
19-Jun-2026 17:22:26.843 INFO [main] org.apache.jasper.servlet.TldScanner.scanJars At least one JAR was scanned for TLDs yet contained no TLDs. Enable debug logging for this logger for a complete list of JARs that were scanned but no TLDs were found in them. Skipping unneeded JARs during scanning can improve startup time and JSP compilation time.
19-Jun-2026 17:22:26.943 INFO [main] org.apache.catalina.startup.HostConfig.deployDirectory Deployment of web application directory [C:\Temp\Tomcat_compartido\webapps\aerrigochan] has finished in [818] ms
19-Jun-2026 17:22:26.944 INFO [main] org.apache.catalina.startup.HostConfig.deployDirectory Deploying web application directory [C:\Temp\Tomcat_compartido\webapps\host-manager]
19-Jun-2026 17:22:27.328 INFO [main] org.apache.jasper.servlet.TldScanner.scanJars At least one JAR was scanned for TLDs yet contained no TLDs. Enable debug logging for this logger for a complete list of JARs that were scanned but no TLDs were found in them. Skipping unneeded JARs during scanning can improve startup time and JSP compilation time.
19-Jun-2026 17:22:27.344 INFO [main] org.apache.catalina.startup.HostConfig.deployDirectory Deployment of web application directory [C:\Temp\Tomcat_compartido\webapps\host-manager] has finished in [400] ms
19-Jun-2026 17:22:27.344 INFO [main] org.apache.catalina.startup.HostConfig.deployDirectory Deploying web application directory [C:\Temp\Tomcat_compartido\webapps\manager]
19-Jun-2026 17:22:27.818 INFO [main] org.apache.jasper.servlet.TldScanner.scanJars At least one JAR was scanned for TLDs yet contained no TLDs. Enable debug logging for this logger for a complete list of JARs that were scanned but no TLDs were found in them. Skipping unneeded JARs during scanning can improve startup time and JSP compilation time.
19-Jun-2026 17:22:27.831 INFO [main] org.apache.catalina.startup.HostConfig.deployDirectory Deployment of web application directory [C:\Temp\Tomcat_compartido\webapps\manager] has finished in [485] ms
19-Jun-2026 17:22:27.831 INFO [main] org.apache.catalina.startup.HostConfig.deployDirectory Deploying web application directory [C:\Temp\Tomcat_compartido\webapps\ROOT]
19-Jun-2026 17:22:28.487 INFO [main] org.apache.jasper.servlet.TldScanner.scanJars At least one JAR was scanned for TLDs yet contained no TLDs. Enable debug logging for this logger for a complete list of JARs that were scanned but no TLDs were found in them. Skipping unneeded JARs during scanning can improve startup time and JSP compilation time.
19-Jun-2026 17:22:28.493 INFO [main] org.apache.catalina.startup.HostConfig.deployDirectory Deployment of web application directory [C:\Temp\Tomcat_compartido\webapps\ROOT] has finished in [662] ms
19-Jun-2026 17:22:28.500 INFO [main] org.apache.catalina.startup.HostConfig.deployDirectory Deploying web application directory [C:\Temp\Tomcat_compartido\webapps\Servlet1]
19-Jun-2026 17:22:29.637 INFO [main] org.apache.jasper.servlet.TldScanner.scanJars At least one JAR was scanned for TLDs yet contained no TLDs. Enable debug logging for this logger for a complete list of JARs that were scanned but no TLDs were found in them. Skipping unneeded JARs during scanning can improve startup time and JSP compilation time.
19-Jun-2026 17:22:29.656 INFO [main] org.apache.catalina.startup.HostConfig.deployDirectory Deployment of web application directory [C:\Temp\Tomcat_compartido\webapps\Servlet1] has finished in [1,156] ms
19-Jun-2026 17:22:29.656 INFO [main] org.apache.catalina.startup.HostConfig.deployDirectory Deploying web application directory [C:\Temp\Tomcat_compartido\webapps\test-r1-v2]
19-Jun-2026 17:22:30.852 INFO [main] org.apache.jasper.servlet.TldScanner.scanJars At least one JAR was scanned for TLDs yet contained no TLDs. Enable debug logging for this logger for a complete list of JARs that were scanned but no TLDs were found in them. Skipping unneeded JARs during scanning can improve startup time and JSP compilation time.
19-Jun-2026 17:22:30.869 INFO [main] org.apache.catalina.startup.HostConfig.deployDirectory Deployment of web application directory [C:\Temp\Tomcat_compartido\webapps\test-r1-v2] has finished in [1,207] ms
19-Jun-2026 17:22:30.869 INFO [main] org.apache.catalina.startup.HostConfig.deployDirectory Deploying web application directory [C:\Temp\Tomcat_compartido\webapps\trabajogr]
19-Jun-2026 17:22:32.339 INFO [main] org.apache.jasper.servlet.TldScanner.scanJars At least one JAR was scanned for TLDs yet contained no TLDs. Enable debug logging for this logger for a complete list of JARs that were scanned but no TLDs were found in them. Skipping unneeded JARs during scanning can improve startup time and JSP compilation time.
19-Jun-2026 17:22:32.354 INFO [main] org.apache.catalina.startup.HostConfig.deployDirectory Deployment of web application directory [C:\Temp\Tomcat_compartido\webapps\trabajogr] has finished in [1,485] ms
19-Jun-2026 17:22:32.368 INFO [main] org.apache.coyote.AbstractProtocol.start Starting ProtocolHandler ["http-nio-8082"]
19-Jun-2026 17:22:32.532 INFO [main] org.apache.catalina.startup.Catalina.start Server startup in [6492] milliseconds
19-Jun-2026 17:23:12.966 INFO [Catalina-utility-2] org.apache.catalina.startup.HostConfig.undeploy Undeploying context [/aerrigochan]
19-Jun-2026 17:23:12.982 WARNING [Catalina-utility-2] org.apache.catalina.loader.WebappClassLoaderBase.clearReferencesObjectStreamClassCaches When running on Java 9 or later you need to add "--add-opens=java.base/java.io=ALL-UNNAMED" to the JVM command line arguments to enable ObjectStream cache memory leak protection. Alternatively, you can suppress this warning by disabling ObjectStream class cache memory leak protection.
19-Jun-2026 17:23:12.982 WARNING [Catalina-utility-2] org.apache.catalina.loader.WebappClassLoaderBase.checkThreadLocalsForLeaks When running on Java 9 or later you need to add "--add-opens=java.base/java.lang=ALL-UNNAMED" to the JVM command line arguments to enable ThreadLocal memory leak detection. Alternatively, you can suppress this warning by disabling ThreadLocal memory leak detection.
19-Jun-2026 17:23:12.982 WARNING [Catalina-utility-2] org.apache.catalina.loader.WebappClassLoaderBase.clearReferencesRmiTargets When running on Java 9 or later you need to add "--add-opens=java.rmi/sun.rmi.transport=ALL-UNNAMED" to the JVM command line arguments to enable RMI Target memory leak detection. Alternatively, you can suppress this warning by disabling RMI Target memory leak detection.
19-Jun-2026 17:23:33.043 INFO [Catalina-utility-1] org.apache.catalina.startup.HostConfig.deployDirectory Deploying web application directory [C:\Temp\Tomcat_compartido\webapps\Servlet1 - Copy]
19-Jun-2026 17:23:33.987 INFO [Catalina-utility-1] org.apache.jasper.servlet.TldScanner.scanJars At least one JAR was scanned for TLDs yet contained no TLDs. Enable debug logging for this logger for a complete list of JARs that were scanned but no TLDs were found in them. Skipping unneeded JARs during scanning can improve startup time and JSP compilation time.
19-Jun-2026 17:23:33.987 INFO [Catalina-utility-1] org.apache.catalina.startup.HostConfig.deployDirectory Deployment of web application directory [C:\Temp\Tomcat_compartido\webapps\Servlet1 - Copy] has finished in [944] ms
19-Jun-2026 17:23:44.511 INFO [Catalina-utility-1] org.apache.catalina.startup.HostConfig.undeploy Undeploying context [/Servlet1 - Copy]
19-Jun-2026 17:23:44.516 WARNING [Catalina-utility-1] org.apache.catalina.loader.WebappClassLoaderBase.clearReferencesObjectStreamClassCaches When running on Java 9 or later you need to add "--add-opens=java.base/java.io=ALL-UNNAMED" to the JVM command line arguments to enable ObjectStream cache memory leak protection. Alternatively, you can suppress this warning by disabling ObjectStream class cache memory leak protection.
19-Jun-2026 17:23:44.518 WARNING [Catalina-utility-1] org.apache.catalina.loader.WebappClassLoaderBase.checkThreadLocalsForLeaks When running on Java 9 or later you need to add "--add-opens=java.base/java.lang=ALL-UNNAMED" to the JVM command line arguments to enable ThreadLocal memory leak detection. Alternatively, you can suppress this warning by disabling ThreadLocal memory leak detection.
19-Jun-2026 17:23:44.518 WARNING [Catalina-utility-1] org.apache.catalina.loader.WebappClassLoaderBase.clearReferencesRmiTargets When running on Java 9 or later you need to add "--add-opens=java.rmi/sun.rmi.transport=ALL-UNNAMED" to the JVM command line arguments to enable RMI Target memory leak detection. Alternatively, you can suppress this warning by disabling RMI Target memory leak detection.
19-Jun-2026 17:23:44.541 INFO [Catalina-utility-1] org.apache.catalina.startup.HostConfig.deployDirectory Deploying web application directory [C:\Temp\Tomcat_compartido\webapps\Servlet2]
19-Jun-2026 17:23:45.594 INFO [Catalina-utility-1] org.apache.jasper.servlet.TldScanner.scanJars At least one JAR was scanned for TLDs yet contained no TLDs. Enable debug logging for this logger for a complete list of JARs that were scanned but no TLDs were found in them. Skipping unneeded JARs during scanning can improve startup time and JSP compilation time.
19-Jun-2026 17:23:45.614 INFO [Catalina-utility-1] org.apache.catalina.startup.HostConfig.deployDirectory Deployment of web application directory [C:\Temp\Tomcat_compartido\webapps\Servlet2] has finished in [1,073] ms
19-Jun-2026 17:24:25.740 INFO [Catalina-utility-2] org.apache.catalina.startup.HostConfig.reload Reloading context [/Servlet2]
19-Jun-2026 17:24:25.740 INFO [Catalina-utility-2] org.apache.catalina.core.StandardContext.reload Reloading Context with name [/Servlet2] has started
19-Jun-2026 17:24:25.754 WARNING [Catalina-utility-2] org.apache.catalina.loader.WebappClassLoaderBase.clearReferencesObjectStreamClassCaches When running on Java 9 or later you need to add "--add-opens=java.base/java.io=ALL-UNNAMED" to the JVM command line arguments to enable ObjectStream cache memory leak protection. Alternatively, you can suppress this warning by disabling ObjectStream class cache memory leak protection.
19-Jun-2026 17:24:25.756 WARNING [Catalina-utility-2] org.apache.catalina.loader.WebappClassLoaderBase.checkThreadLocalsForLeaks When running on Java 9 or later you need to add "--add-opens=java.base/java.lang=ALL-UNNAMED" to the JVM command line arguments to enable ThreadLocal memory leak detection. Alternatively, you can suppress this warning by disabling ThreadLocal memory leak detection.
19-Jun-2026 17:24:25.758 WARNING [Catalina-utility-2] org.apache.catalina.loader.WebappClassLoaderBase.clearReferencesRmiTargets When running on Java 9 or later you need to add "--add-opens=java.rmi/sun.rmi.transport=ALL-UNNAMED" to the JVM command line arguments to enable RMI Target memory leak detection. Alternatively, you can suppress this warning by disabling RMI Target memory leak detection.
19-Jun-2026 17:24:26.580 INFO [main] org.apache.catalina.startup.VersionLoggerListener.log Server version name:   Apache Tomcat/9.0.89
19-Jun-2026 17:24:26.586 INFO [main] org.apache.catalina.startup.VersionLoggerListener.log Server built:          May 3 2024 20:22:11 UTC
19-Jun-2026 17:24:26.586 INFO [main] org.apache.catalina.startup.VersionLoggerListener.log Server version number: 9.0.89.0
19-Jun-2026 17:24:26.586 INFO [main] org.apache.catalina.startup.VersionLoggerListener.log OS Name:               Windows 11
19-Jun-2026 17:24:26.586 INFO [main] org.apache.catalina.startup.VersionLoggerListener.log OS Version:            10.0
19-Jun-2026 17:24:26.586 INFO [main] org.apache.catalina.startup.VersionLoggerListener.log Architecture:          amd64
19-Jun-2026 17:24:26.586 INFO [main] org.apache.catalina.startup.VersionLoggerListener.log Java Home:             C:\Temp\Programs\JavaStack\jdk-17.0.19+10
19-Jun-2026 17:24:26.586 INFO [main] org.apache.catalina.startup.VersionLoggerListener.log JVM Version:           17.0.19+10-LTS
19-Jun-2026 17:24:26.586 INFO [main] org.apache.catalina.startup.VersionLoggerListener.log JVM Vendor:            Microsoft
19-Jun-2026 17:24:26.586 INFO [main] org.apache.catalina.startup.VersionLoggerListener.log CATALINA_BASE:         C:\Temp\Tomcat_compartido
19-Jun-2026 17:24:26.586 INFO [main] org.apache.catalina.startup.VersionLoggerListener.log CATALINA_HOME:         C:\Temp\Programs\JavaStack\apache-tomcat-9.0.89
19-Jun-2026 17:24:26.607 INFO [main] org.apache.catalina.startup.VersionLoggerListener.log Command line argument: -Djava.util.logging.config.file=C:\Temp\Tomcat_compartido/conf/logging.properties
19-Jun-2026 17:24:26.607 INFO [main] org.apache.catalina.startup.VersionLoggerListener.log Command line argument: -Djava.util.logging.manager=org.apache.juli.ClassLoaderLogManager
19-Jun-2026 17:24:26.607 INFO [main] org.apache.catalina.startup.VersionLoggerListener.log Command line argument: -Djdk.tls.ephemeralDHKeySize=2048
19-Jun-2026 17:24:26.607 INFO [main] org.apache.catalina.startup.VersionLoggerListener.log Command line argument: -Djava.protocol.handler.pkgs=org.apache.catalina.webresources
19-Jun-2026 17:24:26.607 INFO [main] org.apache.catalina.startup.VersionLoggerListener.log Command line argument: -Dorg.apache.catalina.security.SecurityListener.UMASK=0027
19-Jun-2026 17:24:26.609 INFO [main] org.apache.catalina.startup.VersionLoggerListener.log Command line argument: -Dcatalina.base=C:\Temp\Tomcat_compartido
19-Jun-2026 17:24:26.609 INFO [main] org.apache.catalina.startup.VersionLoggerListener.log Command line argument: -Dcatalina.home=C:\Temp\Programs\JavaStack\apache-tomcat-9.0.89
19-Jun-2026 17:24:26.609 INFO [main] org.apache.catalina.startup.VersionLoggerListener.log Command line argument: -Djava.io.tmpdir=C:\Temp\Tomcat_compartido/temp
19-Jun-2026 17:24:26.620 INFO [main] org.apache.catalina.core.AprLifecycleListener.lifecycleEvent The Apache Tomcat Native library which allows using OpenSSL was not found on the java.library.path: [C:\Temp\Programs\JavaStack\jdk-17.0.19+10\bin;C:\WINDOWS\Sun\Java\bin;C:\WINDOWS\system32;C:\WINDOWS;C:\WINDOWS\system32;C:\WINDOWS;C:\WINDOWS\System32\Wbem;C:\WINDOWS\System32\WindowsPowerShell\v1.0\;C:\WINDOWS\System32\OpenSSH\;C:\Program Files\dotnet\;C:\Users\Aldoa\Desktop\Infor\bin;C:\Program Files\Microsoft SQL Server Migration Assistant for Access\bin\;C:\Users\Aldoa\OneDrive\Desktop\;C:\Program Files\Git\cmd;C:\Program Files\nodejs\;C:\Users\Aldoa\AppData\Local\Microsoft\WindowsApps;C:\Users\Aldoa\AppData\Local\Programs\Microsoft VS Code\bin;C:\Users\Aldoa\AppData\Local\Programs\cursor\resources\app\bin;C:\Users\Aldoa\AppData\Roaming\npm;C:\Temp\Programs\JavaStack\jdk-17.0.19+10\bin;C:\Temp\Programs\JavaStack\apache-maven-3.9.16\bin;;.]
19-Jun-2026 17:24:26.686 INFO [Catalina-utility-2] org.apache.jasper.servlet.TldScanner.scanJars At least one JAR was scanned for TLDs yet contained no TLDs. Enable debug logging for this logger for a complete list of JARs that were scanned but no TLDs were found in them. Skipping unneeded JARs during scanning can improve startup time and JSP compilation time.
19-Jun-2026 17:24:26.693 INFO [Catalina-utility-2] org.apache.catalina.core.StandardContext.reload Reloading Context with name [/Servlet2] is completed
19-Jun-2026 17:24:27.025 INFO [main] org.apache.coyote.AbstractProtocol.init Initializing ProtocolHandler ["http-nio-8082"]
19-Jun-2026 17:24:27.054 SEVERE [main] org.apache.catalina.util.LifecycleBase.handleSubClassException Failed to initialize component [Connector["http-nio-8082"]]
	org.apache.catalina.LifecycleException: Protocol handler initialization failed
		at org.apache.catalina.connector.Connector.initInternal(Connector.java:1012)
		at org.apache.catalina.util.LifecycleBase.init(LifecycleBase.java:127)
		at org.apache.catalina.core.StandardService.initInternal(StandardService.java:525)
		at org.apache.catalina.util.LifecycleBase.init(LifecycleBase.java:127)
		at org.apache.catalina.core.StandardServer.initInternal(StandardServer.java:990)
		at org.apache.catalina.util.LifecycleBase.init(LifecycleBase.java:127)
		at org.apache.catalina.startup.Catalina.load(Catalina.java:686)
		at org.apache.catalina.startup.Catalina.load(Catalina.java:709)
		at java.base/jdk.internal.reflect.NativeMethodAccessorImpl.invoke0(Native Method)
		at java.base/jdk.internal.reflect.NativeMethodAccessorImpl.invoke(NativeMethodAccessorImpl.java:77)
		at java.base/jdk.internal.reflect.DelegatingMethodAccessorImpl.invoke(DelegatingMethodAccessorImpl.java:43)
		at java.base/java.lang.reflect.Method.invoke(Method.java:569)
		at org.apache.catalina.startup.Bootstrap.load(Bootstrap.java:302)
		at org.apache.catalina.startup.Bootstrap.main(Bootstrap.java:472)
	Caused by: java.net.BindException: Address already in use: bind
		at java.base/sun.nio.ch.Net.bind0(Native Method)
		at java.base/sun.nio.ch.Net.bind(Net.java:567)
		at java.base/sun.nio.ch.ServerSocketChannelImpl.netBind(ServerSocketChannelImpl.java:337)
		at java.base/sun.nio.ch.ServerSocketChannelImpl.bind(ServerSocketChannelImpl.java:294)
		at org.apache.tomcat.util.net.NioEndpoint.initServerSocket(NioEndpoint.java:268)
		at org.apache.tomcat.util.net.NioEndpoint.bind(NioEndpoint.java:223)
		at org.apache.tomcat.util.net.AbstractEndpoint.bindWithCleanup(AbstractEndpoint.java:1355)
		at org.apache.tomcat.util.net.AbstractEndpoint.init(AbstractEndpoint.java:1368)
		at org.apache.coyote.AbstractProtocol.init(AbstractProtocol.java:654)
		at org.apache.coyote.http11.AbstractHttp11Protocol.init(AbstractHttp11Protocol.java:75)
		at org.apache.catalina.connector.Connector.initInternal(Connector.java:1010)
		... 13 more
19-Jun-2026 17:24:27.057 INFO [main] org.apache.catalina.startup.Catalina.load Server initialization in [739] milliseconds
19-Jun-2026 17:24:27.147 INFO [main] org.apache.catalina.core.StandardService.startInternal Starting service [Catalina]
19-Jun-2026 17:24:27.147 INFO [main] org.apache.catalina.core.StandardEngine.startInternal Starting Servlet engine: [Apache Tomcat/9.0.89]
19-Jun-2026 17:24:27.160 INFO [main] org.apache.catalina.startup.HostConfig.deployDirectory Deploying web application directory [C:\Temp\Tomcat_compartido\webapps\host-manager]
19-Jun-2026 17:24:28.078 INFO [main] org.apache.jasper.servlet.TldScanner.scanJars At least one JAR was scanned for TLDs yet contained no TLDs. Enable debug logging for this logger for a complete list of JARs that were scanned but no TLDs were found in them. Skipping unneeded JARs during scanning can improve startup time and JSP compilation time.
19-Jun-2026 17:24:28.202 INFO [main] org.apache.catalina.startup.HostConfig.deployDirectory Deployment of web application directory [C:\Temp\Tomcat_compartido\webapps\host-manager] has finished in [1,042] ms
19-Jun-2026 17:24:28.202 INFO [main] org.apache.catalina.startup.HostConfig.deployDirectory Deploying web application directory [C:\Temp\Tomcat_compartido\webapps\manager]
19-Jun-2026 17:24:28.557 INFO [main] org.apache.jasper.servlet.TldScanner.scanJars At least one JAR was scanned for TLDs yet contained no TLDs. Enable debug logging for this logger for a complete list of JARs that were scanned but no TLDs were found in them. Skipping unneeded JARs during scanning can improve startup time and JSP compilation time.
19-Jun-2026 17:24:28.561 INFO [main] org.apache.catalina.startup.HostConfig.deployDirectory Deployment of web application directory [C:\Temp\Tomcat_compartido\webapps\manager] has finished in [359] ms
19-Jun-2026 17:24:28.561 INFO [main] org.apache.catalina.startup.HostConfig.deployDirectory Deploying web application directory [C:\Temp\Tomcat_compartido\webapps\ROOT]
19-Jun-2026 17:24:28.882 INFO [main] org.apache.jasper.servlet.TldScanner.scanJars At least one JAR was scanned for TLDs yet contained no TLDs. Enable debug logging for this logger for a complete list of JARs that were scanned but no TLDs were found in them. Skipping unneeded JARs during scanning can improve startup time and JSP compilation time.
19-Jun-2026 17:24:28.890 INFO [main] org.apache.catalina.startup.HostConfig.deployDirectory Deployment of web application directory [C:\Temp\Tomcat_compartido\webapps\ROOT] has finished in [329] ms
19-Jun-2026 17:24:28.890 INFO [main] org.apache.catalina.startup.HostConfig.deployDirectory Deploying web application directory [C:\Temp\Tomcat_compartido\webapps\Servlet1]
19-Jun-2026 17:24:29.762 INFO [main] org.apache.jasper.servlet.TldScanner.scanJars At least one JAR was scanned for TLDs yet contained no TLDs. Enable debug logging for this logger for a complete list of JARs that were scanned but no TLDs were found in them. Skipping unneeded JARs during scanning can improve startup time and JSP compilation time.
19-Jun-2026 17:24:29.793 INFO [main] org.apache.catalina.startup.HostConfig.deployDirectory Deployment of web application directory [C:\Temp\Tomcat_compartido\webapps\Servlet1] has finished in [903] ms
19-Jun-2026 17:24:29.795 INFO [main] org.apache.catalina.startup.HostConfig.deployDirectory Deploying web application directory [C:\Temp\Tomcat_compartido\webapps\Servlet2]
19-Jun-2026 17:24:31.044 INFO [main] org.apache.jasper.servlet.TldScanner.scanJars At least one JAR was scanned for TLDs yet contained no TLDs. Enable debug logging for this logger for a complete list of JARs that were scanned but no TLDs were found in them. Skipping unneeded JARs during scanning can improve startup time and JSP compilation time.
19-Jun-2026 17:24:31.066 INFO [main] org.apache.catalina.startup.HostConfig.deployDirectory Deployment of web application directory [C:\Temp\Tomcat_compartido\webapps\Servlet2] has finished in [1,269] ms
19-Jun-2026 17:24:31.066 INFO [main] org.apache.catalina.startup.HostConfig.deployDirectory Deploying web application directory [C:\Temp\Tomcat_compartido\webapps\test-r1-v2]
19-Jun-2026 17:24:32.353 INFO [main] org.apache.jasper.servlet.TldScanner.scanJars At least one JAR was scanned for TLDs yet contained no TLDs. Enable debug logging for this logger for a complete list of JARs that were scanned but no TLDs were found in them. Skipping unneeded JARs during scanning can improve startup time and JSP compilation time.
19-Jun-2026 17:24:32.373 INFO [main] org.apache.catalina.startup.HostConfig.deployDirectory Deployment of web application directory [C:\Temp\Tomcat_compartido\webapps\test-r1-v2] has finished in [1,307] ms
19-Jun-2026 17:24:32.373 INFO [main] org.apache.catalina.startup.HostConfig.deployDirectory Deploying web application directory [C:\Temp\Tomcat_compartido\webapps\trabajogr]
19-Jun-2026 17:24:34.046 INFO [main] org.apache.jasper.servlet.TldScanner.scanJars At least one JAR was scanned for TLDs yet contained no TLDs. Enable debug logging for this logger for a complete list of JARs that were scanned but no TLDs were found in them. Skipping unneeded JARs during scanning can improve startup time and JSP compilation time.
19-Jun-2026 17:24:34.057 INFO [main] org.apache.catalina.startup.HostConfig.deployDirectory Deployment of web application directory [C:\Temp\Tomcat_compartido\webapps\trabajogr] has finished in [1,684] ms
19-Jun-2026 17:24:34.071 INFO [main] org.apache.catalina.startup.Catalina.start Server startup in [7014] milliseconds
19-Jun-2026 17:24:34.091 SEVERE [main] org.apache.catalina.core.StandardServer.await Failed to create server shutdown socket on address [localhost] and port [8005] (base port [8005] and offset [0])
	java.net.BindException: Address already in use: bind
		at java.base/sun.nio.ch.Net.bind0(Native Method)
		at java.base/sun.nio.ch.Net.bind(Net.java:567)
		at java.base/sun.nio.ch.Net.bind(Net.java:556)
		at java.base/sun.nio.ch.NioSocketImpl.bind(NioSocketImpl.java:648)
		at java.base/java.net.ServerSocket.bind(ServerSocket.java:388)
		at java.base/java.net.ServerSocket.<init>(ServerSocket.java:274)
		at org.apache.catalina.core.StandardServer.await(StandardServer.java:541)
		at org.apache.catalina.startup.Catalina.await(Catalina.java:825)
		at org.apache.catalina.startup.Catalina.start(Catalina.java:773)
		at java.base/jdk.internal.reflect.NativeMethodAccessorImpl.invoke0(Native Method)
		at java.base/jdk.internal.reflect.NativeMethodAccessorImpl.invoke(NativeMethodAccessorImpl.java:77)
		at java.base/jdk.internal.reflect.DelegatingMethodAccessorImpl.invoke(DelegatingMethodAccessorImpl.java:43)
		at java.base/java.lang.reflect.Method.invoke(Method.java:569)
		at org.apache.catalina.startup.Bootstrap.start(Bootstrap.java:345)
		at org.apache.catalina.startup.Bootstrap.main(Bootstrap.java:473)
19-Jun-2026 17:24:34.091 INFO [main] org.apache.coyote.AbstractProtocol.pause Pausing ProtocolHandler ["http-nio-8082"]
19-Jun-2026 17:24:34.091 INFO [main] org.apache.catalina.core.StandardService.stopInternal Stopping service [Catalina]
19-Jun-2026 17:24:34.115 WARNING [main] org.apache.catalina.loader.WebappClassLoaderBase.clearReferencesObjectStreamClassCaches When running on Java 9 or later you need to add "--add-opens=java.base/java.io=ALL-UNNAMED" to the JVM command line arguments to enable ObjectStream cache memory leak protection. Alternatively, you can suppress this warning by disabling ObjectStream class cache memory leak protection.
19-Jun-2026 17:24:34.115 WARNING [main] org.apache.catalina.loader.WebappClassLoaderBase.checkThreadLocalsForLeaks When running on Java 9 or later you need to add "--add-opens=java.base/java.lang=ALL-UNNAMED" to the JVM command line arguments to enable ThreadLocal memory leak detection. Alternatively, you can suppress this warning by disabling ThreadLocal memory leak detection.
19-Jun-2026 17:24:34.123 WARNING [main] org.apache.catalina.loader.WebappClassLoaderBase.clearReferencesRmiTargets When running on Java 9 or later you need to add "--add-opens=java.rmi/sun.rmi.transport=ALL-UNNAMED" to the JVM command line arguments to enable RMI Target memory leak detection. Alternatively, you can suppress this warning by disabling RMI Target memory leak detection.
19-Jun-2026 17:24:34.137 WARNING [main] org.apache.catalina.loader.WebappClassLoaderBase.clearReferencesObjectStreamClassCaches When running on Java 9 or later you need to add "--add-opens=java.base/java.io=ALL-UNNAMED" to the JVM command line arguments to enable ObjectStream cache memory leak protection. Alternatively, you can suppress this warning by disabling ObjectStream class cache memory leak protection.
19-Jun-2026 17:24:34.137 WARNING [main] org.apache.catalina.loader.WebappClassLoaderBase.checkThreadLocalsForLeaks When running on Java 9 or later you need to add "--add-opens=java.base/java.lang=ALL-UNNAMED" to the JVM command line arguments to enable ThreadLocal memory leak detection. Alternatively, you can suppress this warning by disabling ThreadLocal memory leak detection.
19-Jun-2026 17:24:34.137 WARNING [main] org.apache.catalina.loader.WebappClassLoaderBase.clearReferencesRmiTargets When running on Java 9 or later you need to add "--add-opens=java.rmi/sun.rmi.transport=ALL-UNNAMED" to the JVM command line arguments to enable RMI Target memory leak detection. Alternatively, you can suppress this warning by disabling RMI Target memory leak detection.
19-Jun-2026 17:24:34.148 WARNING [main] org.apache.catalina.loader.WebappClassLoaderBase.clearReferencesObjectStreamClassCaches When running on Java 9 or later you need to add "--add-opens=java.base/java.io=ALL-UNNAMED" to the JVM command line arguments to enable ObjectStream cache memory leak protection. Alternatively, you can suppress this warning by disabling ObjectStream class cache memory leak protection.
19-Jun-2026 17:24:34.148 WARNING [main] org.apache.catalina.loader.WebappClassLoaderBase.checkThreadLocalsForLeaks When running on Java 9 or later you need to add "--add-opens=java.base/java.lang=ALL-UNNAMED" to the JVM command line arguments to enable ThreadLocal memory leak detection. Alternatively, you can suppress this warning by disabling ThreadLocal memory leak detection.
19-Jun-2026 17:24:34.148 WARNING [main] org.apache.catalina.loader.WebappClassLoaderBase.clearReferencesRmiTargets When running on Java 9 or later you need to add "--add-opens=java.rmi/sun.rmi.transport=ALL-UNNAMED" to the JVM command line arguments to enable RMI Target memory leak detection. Alternatively, you can suppress this warning by disabling RMI Target memory leak detection.
19-Jun-2026 17:24:34.172 WARNING [main] org.apache.catalina.loader.WebappClassLoaderBase.clearReferencesObjectStreamClassCaches When running on Java 9 or later you need to add "--add-opens=java.base/java.io=ALL-UNNAMED" to the JVM command line arguments to enable ObjectStream cache memory leak protection. Alternatively, you can suppress this warning by disabling ObjectStream class cache memory leak protection.
19-Jun-2026 17:24:34.172 WARNING [main] org.apache.catalina.loader.WebappClassLoaderBase.checkThreadLocalsForLeaks When running on Java 9 or later you need to add "--add-opens=java.base/java.lang=ALL-UNNAMED" to the JVM command line arguments to enable ThreadLocal memory leak detection. Alternatively, you can suppress this warning by disabling ThreadLocal memory leak detection.
19-Jun-2026 17:24:34.172 WARNING [main] org.apache.catalina.loader.WebappClassLoaderBase.clearReferencesRmiTargets When running on Java 9 or later you need to add "--add-opens=java.rmi/sun.rmi.transport=ALL-UNNAMED" to the JVM command line arguments to enable RMI Target memory leak detection. Alternatively, you can suppress this warning by disabling RMI Target memory leak detection.
19-Jun-2026 17:24:34.188 WARNING [main] org.apache.catalina.loader.WebappClassLoaderBase.clearReferencesObjectStreamClassCaches When running on Java 9 or later you need to add "--add-opens=java.base/java.io=ALL-UNNAMED" to the JVM command line arguments to enable ObjectStream cache memory leak protection. Alternatively, you can suppress this warning by disabling ObjectStream class cache memory leak protection.
19-Jun-2026 17:24:34.188 WARNING [main] org.apache.catalina.loader.WebappClassLoaderBase.checkThreadLocalsForLeaks When running on Java 9 or later you need to add "--add-opens=java.base/java.lang=ALL-UNNAMED" to the JVM command line arguments to enable ThreadLocal memory leak detection. Alternatively, you can suppress this warning by disabling ThreadLocal memory leak detection.
19-Jun-2026 17:24:34.188 WARNING [main] org.apache.catalina.loader.WebappClassLoaderBase.clearReferencesRmiTargets When running on Java 9 or later you need to add "--add-opens=java.rmi/sun.rmi.transport=ALL-UNNAMED" to the JVM command line arguments to enable RMI Target memory leak detection. Alternatively, you can suppress this warning by disabling RMI Target memory leak detection.
19-Jun-2026 17:24:34.211 WARNING [main] org.apache.catalina.loader.WebappClassLoaderBase.clearReferencesObjectStreamClassCaches When running on Java 9 or later you need to add "--add-opens=java.base/java.io=ALL-UNNAMED" to the JVM command line arguments to enable ObjectStream cache memory leak protection. Alternatively, you can suppress this warning by disabling ObjectStream class cache memory leak protection.
19-Jun-2026 17:24:34.212 WARNING [main] org.apache.catalina.loader.WebappClassLoaderBase.checkThreadLocalsForLeaks When running on Java 9 or later you need to add "--add-opens=java.base/java.lang=ALL-UNNAMED" to the JVM command line arguments to enable ThreadLocal memory leak detection. Alternatively, you can suppress this warning by disabling ThreadLocal memory leak detection.
19-Jun-2026 17:24:34.212 WARNING [main] org.apache.catalina.loader.WebappClassLoaderBase.clearReferencesRmiTargets When running on Java 9 or later you need to add "--add-opens=java.rmi/sun.rmi.transport=ALL-UNNAMED" to the JVM command line arguments to enable RMI Target memory leak detection. Alternatively, you can suppress this warning by disabling RMI Target memory leak detection.
19-Jun-2026 17:24:34.217 WARNING [main] org.apache.catalina.loader.WebappClassLoaderBase.clearReferencesObjectStreamClassCaches When running on Java 9 or later you need to add "--add-opens=java.base/java.io=ALL-UNNAMED" to the JVM command line arguments to enable ObjectStream cache memory leak protection. Alternatively, you can suppress this warning by disabling ObjectStream class cache memory leak protection.
19-Jun-2026 17:24:34.228 WARNING [main] org.apache.catalina.loader.WebappClassLoaderBase.checkThreadLocalsForLeaks When running on Java 9 or later you need to add "--add-opens=java.base/java.lang=ALL-UNNAMED" to the JVM command line arguments to enable ThreadLocal memory leak detection. Alternatively, you can suppress this warning by disabling ThreadLocal memory leak detection.
19-Jun-2026 17:24:34.229 WARNING [main] org.apache.catalina.loader.WebappClassLoaderBase.clearReferencesRmiTargets When running on Java 9 or later you need to add "--add-opens=java.rmi/sun.rmi.transport=ALL-UNNAMED" to the JVM command line arguments to enable RMI Target memory leak detection. Alternatively, you can suppress this warning by disabling RMI Target memory leak detection.
19-Jun-2026 17:24:34.231 INFO [main] org.apache.coyote.AbstractProtocol.stop Stopping ProtocolHandler ["http-nio-8082"]
19-Jun-2026 17:24:34.251 INFO [main] org.apache.coyote.AbstractProtocol.destroy Destroying ProtocolHandler ["http-nio-8082"]
19-Jun-2026 17:25:36.831 INFO [Catalina-utility-2] org.apache.catalina.startup.HostConfig.deployDirectory Deploying web application directory [C:\Temp\Tomcat_compartido\webapps\aerrigochan]
19-Jun-2026 17:25:37.644 INFO [Catalina-utility-2] org.apache.jasper.servlet.TldScanner.scanJars At least one JAR was scanned for TLDs yet contained no TLDs. Enable debug logging for this logger for a complete list of JARs that were scanned but no TLDs were found in them. Skipping unneeded JARs during scanning can improve startup time and JSP compilation time.
19-Jun-2026 17:25:37.650 INFO [Catalina-utility-2] org.apache.catalina.startup.HostConfig.deployDirectory Deployment of web application directory [C:\Temp\Tomcat_compartido\webapps\aerrigochan] has finished in [821] ms
19-Jun-2026 17:25:58.613 INFO [main] org.apache.catalina.startup.VersionLoggerListener.log Server version name:   Apache Tomcat/9.0.89
19-Jun-2026 17:25:58.618 INFO [main] org.apache.catalina.startup.VersionLoggerListener.log Server built:          May 3 2024 20:22:11 UTC
19-Jun-2026 17:25:58.618 INFO [main] org.apache.catalina.startup.VersionLoggerListener.log Server version number: 9.0.89.0
19-Jun-2026 17:25:58.618 INFO [main] org.apache.catalina.startup.VersionLoggerListener.log OS Name:               Windows 11
19-Jun-2026 17:25:58.618 INFO [main] org.apache.catalina.startup.VersionLoggerListener.log OS Version:            10.0
19-Jun-2026 17:25:58.618 INFO [main] org.apache.catalina.startup.VersionLoggerListener.log Architecture:          amd64
19-Jun-2026 17:25:58.618 INFO [main] org.apache.catalina.startup.VersionLoggerListener.log Java Home:             C:\Temp\Programs\JavaStack\jdk-17.0.19+10
19-Jun-2026 17:25:58.621 INFO [main] org.apache.catalina.startup.VersionLoggerListener.log JVM Version:           17.0.19+10-LTS
19-Jun-2026 17:25:58.621 INFO [main] org.apache.catalina.startup.VersionLoggerListener.log JVM Vendor:            Microsoft
19-Jun-2026 17:25:58.621 INFO [main] org.apache.catalina.startup.VersionLoggerListener.log CATALINA_BASE:         C:\Temp\Tomcat_compartido
19-Jun-2026 17:25:58.621 INFO [main] org.apache.catalina.startup.VersionLoggerListener.log CATALINA_HOME:         C:\Temp\Programs\JavaStack\apache-tomcat-9.0.89
19-Jun-2026 17:25:58.633 INFO [main] org.apache.catalina.startup.VersionLoggerListener.log Command line argument: -Djava.util.logging.config.file=C:\Temp\Tomcat_compartido/conf/logging.properties
19-Jun-2026 17:25:58.633 INFO [main] org.apache.catalina.startup.VersionLoggerListener.log Command line argument: -Djava.util.logging.manager=org.apache.juli.ClassLoaderLogManager
19-Jun-2026 17:25:58.633 INFO [main] org.apache.catalina.startup.VersionLoggerListener.log Command line argument: -Djdk.tls.ephemeralDHKeySize=2048
19-Jun-2026 17:25:58.633 INFO [main] org.apache.catalina.startup.VersionLoggerListener.log Command line argument: -Djava.protocol.handler.pkgs=org.apache.catalina.webresources
19-Jun-2026 17:25:58.633 INFO [main] org.apache.catalina.startup.VersionLoggerListener.log Command line argument: -Dorg.apache.catalina.security.SecurityListener.UMASK=0027
19-Jun-2026 17:25:58.635 INFO [main] org.apache.catalina.startup.VersionLoggerListener.log Command line argument: -Dcatalina.base=C:\Temp\Tomcat_compartido
19-Jun-2026 17:25:58.635 INFO [main] org.apache.catalina.startup.VersionLoggerListener.log Command line argument: -Dcatalina.home=C:\Temp\Programs\JavaStack\apache-tomcat-9.0.89
19-Jun-2026 17:25:58.635 INFO [main] org.apache.catalina.startup.VersionLoggerListener.log Command line argument: -Djava.io.tmpdir=C:\Temp\Tomcat_compartido/temp
19-Jun-2026 17:25:58.641 INFO [main] org.apache.catalina.core.AprLifecycleListener.lifecycleEvent The Apache Tomcat Native library which allows using OpenSSL was not found on the java.library.path: [C:\Temp\Programs\JavaStack\jdk-17.0.19+10\bin;C:\WINDOWS\Sun\Java\bin;C:\WINDOWS\system32;C:\WINDOWS;C:\WINDOWS\system32;C:\WINDOWS;C:\WINDOWS\System32\Wbem;C:\WINDOWS\System32\WindowsPowerShell\v1.0\;C:\WINDOWS\System32\OpenSSH\;C:\Program Files\dotnet\;C:\Users\Aldoa\Desktop\Infor\bin;C:\Program Files\Microsoft SQL Server Migration Assistant for Access\bin\;C:\Users\Aldoa\OneDrive\Desktop\;C:\Program Files\Git\cmd;C:\Program Files\nodejs\;C:\Users\Aldoa\AppData\Local\Microsoft\WindowsApps;C:\Users\Aldoa\AppData\Local\Programs\Microsoft VS Code\bin;C:\Users\Aldoa\AppData\Local\Programs\cursor\resources\app\bin;C:\Users\Aldoa\AppData\Roaming\npm;C:\Temp\Programs\JavaStack\jdk-17.0.19+10\bin;C:\Temp\Programs\JavaStack\apache-maven-3.9.16\bin;;.]
19-Jun-2026 17:25:58.918 INFO [main] org.apache.coyote.AbstractProtocol.init Initializing ProtocolHandler ["http-nio-8082"]
19-Jun-2026 17:25:58.958 SEVERE [main] org.apache.catalina.util.LifecycleBase.handleSubClassException Failed to initialize component [Connector["http-nio-8082"]]
	org.apache.catalina.LifecycleException: Protocol handler initialization failed
		at org.apache.catalina.connector.Connector.initInternal(Connector.java:1012)
		at org.apache.catalina.util.LifecycleBase.init(LifecycleBase.java:127)
		at org.apache.catalina.core.StandardService.initInternal(StandardService.java:525)
		at org.apache.catalina.util.LifecycleBase.init(LifecycleBase.java:127)
		at org.apache.catalina.core.StandardServer.initInternal(StandardServer.java:990)
		at org.apache.catalina.util.LifecycleBase.init(LifecycleBase.java:127)
		at org.apache.catalina.startup.Catalina.load(Catalina.java:686)
		at org.apache.catalina.startup.Catalina.load(Catalina.java:709)
		at java.base/jdk.internal.reflect.NativeMethodAccessorImpl.invoke0(Native Method)
		at java.base/jdk.internal.reflect.NativeMethodAccessorImpl.invoke(NativeMethodAccessorImpl.java:77)
		at java.base/jdk.internal.reflect.DelegatingMethodAccessorImpl.invoke(DelegatingMethodAccessorImpl.java:43)
		at java.base/java.lang.reflect.Method.invoke(Method.java:569)
		at org.apache.catalina.startup.Bootstrap.load(Bootstrap.java:302)
		at org.apache.catalina.startup.Bootstrap.main(Bootstrap.java:472)
	Caused by: java.net.BindException: Address already in use: bind
		at java.base/sun.nio.ch.Net.bind0(Native Method)
		at java.base/sun.nio.ch.Net.bind(Net.java:567)
		at java.base/sun.nio.ch.ServerSocketChannelImpl.netBind(ServerSocketChannelImpl.java:337)
		at java.base/sun.nio.ch.ServerSocketChannelImpl.bind(ServerSocketChannelImpl.java:294)
		at org.apache.tomcat.util.net.NioEndpoint.initServerSocket(NioEndpoint.java:268)
		at org.apache.tomcat.util.net.NioEndpoint.bind(NioEndpoint.java:223)
		at org.apache.tomcat.util.net.AbstractEndpoint.bindWithCleanup(AbstractEndpoint.java:1355)
		at org.apache.tomcat.util.net.AbstractEndpoint.init(AbstractEndpoint.java:1368)
		at org.apache.coyote.AbstractProtocol.init(AbstractProtocol.java:654)
		at org.apache.coyote.http11.AbstractHttp11Protocol.init(AbstractHttp11Protocol.java:75)
		at org.apache.catalina.connector.Connector.initInternal(Connector.java:1010)
		... 13 more
19-Jun-2026 17:25:58.959 INFO [main] org.apache.catalina.startup.Catalina.load Server initialization in [549] milliseconds
19-Jun-2026 17:25:59.023 INFO [main] org.apache.catalina.core.StandardService.startInternal Starting service [Catalina]
19-Jun-2026 17:25:59.023 INFO [main] org.apache.catalina.core.StandardEngine.startInternal Starting Servlet engine: [Apache Tomcat/9.0.89]
19-Jun-2026 17:25:59.034 INFO [main] org.apache.catalina.startup.HostConfig.deployDirectory Deploying web application directory [C:\Temp\Tomcat_compartido\webapps\aerrigochan]
19-Jun-2026 17:25:59.751 INFO [main] org.apache.jasper.servlet.TldScanner.scanJars At least one JAR was scanned for TLDs yet contained no TLDs. Enable debug logging for this logger for a complete list of JARs that were scanned but no TLDs were found in them. Skipping unneeded JARs during scanning can improve startup time and JSP compilation time.
19-Jun-2026 17:25:59.855 INFO [main] org.apache.catalina.startup.HostConfig.deployDirectory Deployment of web application directory [C:\Temp\Tomcat_compartido\webapps\aerrigochan] has finished in [819] ms
19-Jun-2026 17:25:59.855 INFO [main] org.apache.catalina.startup.HostConfig.deployDirectory Deploying web application directory [C:\Temp\Tomcat_compartido\webapps\host-manager]
19-Jun-2026 17:26:00.183 INFO [main] org.apache.jasper.servlet.TldScanner.scanJars At least one JAR was scanned for TLDs yet contained no TLDs. Enable debug logging for this logger for a complete list of JARs that were scanned but no TLDs were found in them. Skipping unneeded JARs during scanning can improve startup time and JSP compilation time.
19-Jun-2026 17:26:00.203 INFO [main] org.apache.catalina.startup.HostConfig.deployDirectory Deployment of web application directory [C:\Temp\Tomcat_compartido\webapps\host-manager] has finished in [348] ms
19-Jun-2026 17:26:00.206 INFO [main] org.apache.catalina.startup.HostConfig.deployDirectory Deploying web application directory [C:\Temp\Tomcat_compartido\webapps\manager]
19-Jun-2026 17:26:00.513 INFO [main] org.apache.jasper.servlet.TldScanner.scanJars At least one JAR was scanned for TLDs yet contained no TLDs. Enable debug logging for this logger for a complete list of JARs that were scanned but no TLDs were found in them. Skipping unneeded JARs during scanning can improve startup time and JSP compilation time.
19-Jun-2026 17:26:00.532 INFO [main] org.apache.catalina.startup.HostConfig.deployDirectory Deployment of web application directory [C:\Temp\Tomcat_compartido\webapps\manager] has finished in [326] ms
19-Jun-2026 17:26:00.532 INFO [main] org.apache.catalina.startup.HostConfig.deployDirectory Deploying web application directory [C:\Temp\Tomcat_compartido\webapps\ROOT]
19-Jun-2026 17:26:00.868 INFO [main] org.apache.jasper.servlet.TldScanner.scanJars At least one JAR was scanned for TLDs yet contained no TLDs. Enable debug logging for this logger for a complete list of JARs that were scanned but no TLDs were found in them. Skipping unneeded JARs during scanning can improve startup time and JSP compilation time.
19-Jun-2026 17:26:00.883 INFO [main] org.apache.catalina.startup.HostConfig.deployDirectory Deployment of web application directory [C:\Temp\Tomcat_compartido\webapps\ROOT] has finished in [349] ms
19-Jun-2026 17:26:00.883 INFO [main] org.apache.catalina.startup.HostConfig.deployDirectory Deploying web application directory [C:\Temp\Tomcat_compartido\webapps\Servlet1]
19-Jun-2026 17:26:01.224 INFO [main] org.apache.jasper.servlet.TldScanner.scanJars At least one JAR was scanned for TLDs yet contained no TLDs. Enable debug logging for this logger for a complete list of JARs that were scanned but no TLDs were found in them. Skipping unneeded JARs during scanning can improve startup time and JSP compilation time.
19-Jun-2026 17:26:01.224 INFO [main] org.apache.catalina.startup.HostConfig.deployDirectory Deployment of web application directory [C:\Temp\Tomcat_compartido\webapps\Servlet1] has finished in [341] ms
19-Jun-2026 17:26:01.224 INFO [main] org.apache.catalina.startup.HostConfig.deployDirectory Deploying web application directory [C:\Temp\Tomcat_compartido\webapps\Servlet2]
19-Jun-2026 17:26:01.532 INFO [main] org.apache.jasper.servlet.TldScanner.scanJars At least one JAR was scanned for TLDs yet contained no TLDs. Enable debug logging for this logger for a complete list of JARs that were scanned but no TLDs were found in them. Skipping unneeded JARs during scanning can improve startup time and JSP compilation time.
19-Jun-2026 17:26:01.532 INFO [main] org.apache.catalina.startup.HostConfig.deployDirectory Deployment of web application directory [C:\Temp\Tomcat_compartido\webapps\Servlet2] has finished in [308] ms
19-Jun-2026 17:26:01.532 INFO [main] org.apache.catalina.startup.HostConfig.deployDirectory Deploying web application directory [C:\Temp\Tomcat_compartido\webapps\test-r1-v2]
19-Jun-2026 17:26:01.838 INFO [main] org.apache.jasper.servlet.TldScanner.scanJars At least one JAR was scanned for TLDs yet contained no TLDs. Enable debug logging for this logger for a complete list of JARs that were scanned but no TLDs were found in them. Skipping unneeded JARs during scanning can improve startup time and JSP compilation time.
19-Jun-2026 17:26:01.846 INFO [main] org.apache.catalina.startup.HostConfig.deployDirectory Deployment of web application directory [C:\Temp\Tomcat_compartido\webapps\test-r1-v2] has finished in [314] ms
19-Jun-2026 17:26:01.846 INFO [main] org.apache.catalina.startup.HostConfig.deployDirectory Deploying web application directory [C:\Temp\Tomcat_compartido\webapps\trabajogr]
19-Jun-2026 17:26:02.212 INFO [main] org.apache.jasper.servlet.TldScanner.scanJars At least one JAR was scanned for TLDs yet contained no TLDs. Enable debug logging for this logger for a complete list of JARs that were scanned but no TLDs were found in them. Skipping unneeded JARs during scanning can improve startup time and JSP compilation time.
19-Jun-2026 17:26:02.220 INFO [main] org.apache.catalina.startup.HostConfig.deployDirectory Deployment of web application directory [C:\Temp\Tomcat_compartido\webapps\trabajogr] has finished in [374] ms
19-Jun-2026 17:26:02.225 INFO [main] org.apache.catalina.startup.Catalina.start Server startup in [3266] milliseconds
19-Jun-2026 17:26:02.235 SEVERE [main] org.apache.catalina.core.StandardServer.await Failed to create server shutdown socket on address [localhost] and port [8005] (base port [8005] and offset [0])
	java.net.BindException: Address already in use: bind
		at java.base/sun.nio.ch.Net.bind0(Native Method)
		at java.base/sun.nio.ch.Net.bind(Net.java:567)
		at java.base/sun.nio.ch.Net.bind(Net.java:556)
		at java.base/sun.nio.ch.NioSocketImpl.bind(NioSocketImpl.java:648)
		at java.base/java.net.ServerSocket.bind(ServerSocket.java:388)
		at java.base/java.net.ServerSocket.<init>(ServerSocket.java:274)
		at org.apache.catalina.core.StandardServer.await(StandardServer.java:541)
		at org.apache.catalina.startup.Catalina.await(Catalina.java:825)
		at org.apache.catalina.startup.Catalina.start(Catalina.java:773)
		at java.base/jdk.internal.reflect.NativeMethodAccessorImpl.invoke0(Native Method)
		at java.base/jdk.internal.reflect.NativeMethodAccessorImpl.invoke(NativeMethodAccessorImpl.java:77)
		at java.base/jdk.internal.reflect.DelegatingMethodAccessorImpl.invoke(DelegatingMethodAccessorImpl.java:43)
		at java.base/java.lang.reflect.Method.invoke(Method.java:569)
		at org.apache.catalina.startup.Bootstrap.start(Bootstrap.java:345)
		at org.apache.catalina.startup.Bootstrap.main(Bootstrap.java:473)
19-Jun-2026 17:26:02.236 INFO [main] org.apache.coyote.AbstractProtocol.pause Pausing ProtocolHandler ["http-nio-8082"]
19-Jun-2026 17:26:02.236 INFO [main] org.apache.catalina.core.StandardService.stopInternal Stopping service [Catalina]
19-Jun-2026 17:26:02.245 WARNING [main] org.apache.catalina.loader.WebappClassLoaderBase.clearReferencesObjectStreamClassCaches When running on Java 9 or later you need to add "--add-opens=java.base/java.io=ALL-UNNAMED" to the JVM command line arguments to enable ObjectStream cache memory leak protection. Alternatively, you can suppress this warning by disabling ObjectStream class cache memory leak protection.
19-Jun-2026 17:26:02.245 WARNING [main] org.apache.catalina.loader.WebappClassLoaderBase.checkThreadLocalsForLeaks When running on Java 9 or later you need to add "--add-opens=java.base/java.lang=ALL-UNNAMED" to the JVM command line arguments to enable ThreadLocal memory leak detection. Alternatively, you can suppress this warning by disabling ThreadLocal memory leak detection.
19-Jun-2026 17:26:02.245 WARNING [main] org.apache.catalina.loader.WebappClassLoaderBase.clearReferencesRmiTargets When running on Java 9 or later you need to add "--add-opens=java.rmi/sun.rmi.transport=ALL-UNNAMED" to the JVM command line arguments to enable RMI Target memory leak detection. Alternatively, you can suppress this warning by disabling RMI Target memory leak detection.
19-Jun-2026 17:26:02.253 WARNING [main] org.apache.catalina.loader.WebappClassLoaderBase.clearReferencesObjectStreamClassCaches When running on Java 9 or later you need to add "--add-opens=java.base/java.io=ALL-UNNAMED" to the JVM command line arguments to enable ObjectStream cache memory leak protection. Alternatively, you can suppress this warning by disabling ObjectStream class cache memory leak protection.
19-Jun-2026 17:26:02.253 WARNING [main] org.apache.catalina.loader.WebappClassLoaderBase.checkThreadLocalsForLeaks When running on Java 9 or later you need to add "--add-opens=java.base/java.lang=ALL-UNNAMED" to the JVM command line arguments to enable ThreadLocal memory leak detection. Alternatively, you can suppress this warning by disabling ThreadLocal memory leak detection.
19-Jun-2026 17:26:02.253 WARNING [main] org.apache.catalina.loader.WebappClassLoaderBase.clearReferencesRmiTargets When running on Java 9 or later you need to add "--add-opens=java.rmi/sun.rmi.transport=ALL-UNNAMED" to the JVM command line arguments to enable RMI Target memory leak detection. Alternatively, you can suppress this warning by disabling RMI Target memory leak detection.
19-Jun-2026 17:26:02.257 WARNING [main] org.apache.catalina.loader.WebappClassLoaderBase.clearReferencesObjectStreamClassCaches When running on Java 9 or later you need to add "--add-opens=java.base/java.io=ALL-UNNAMED" to the JVM command line arguments to enable ObjectStream cache memory leak protection. Alternatively, you can suppress this warning by disabling ObjectStream class cache memory leak protection.
19-Jun-2026 17:26:02.259 WARNING [main] org.apache.catalina.loader.WebappClassLoaderBase.checkThreadLocalsForLeaks When running on Java 9 or later you need to add "--add-opens=java.base/java.lang=ALL-UNNAMED" to the JVM command line arguments to enable ThreadLocal memory leak detection. Alternatively, you can suppress this warning by disabling ThreadLocal memory leak detection.
19-Jun-2026 17:26:02.259 WARNING [main] org.apache.catalina.loader.WebappClassLoaderBase.clearReferencesRmiTargets When running on Java 9 or later you need to add "--add-opens=java.rmi/sun.rmi.transport=ALL-UNNAMED" to the JVM command line arguments to enable RMI Target memory leak detection. Alternatively, you can suppress this warning by disabling RMI Target memory leak detection.
19-Jun-2026 17:26:02.259 WARNING [main] org.apache.catalina.loader.WebappClassLoaderBase.clearReferencesObjectStreamClassCaches When running on Java 9 or later you need to add "--add-opens=java.base/java.io=ALL-UNNAMED" to the JVM command line arguments to enable ObjectStream cache memory leak protection. Alternatively, you can suppress this warning by disabling ObjectStream class cache memory leak protection.
19-Jun-2026 17:26:02.259 WARNING [main] org.apache.catalina.loader.WebappClassLoaderBase.checkThreadLocalsForLeaks When running on Java 9 or later you need to add "--add-opens=java.base/java.lang=ALL-UNNAMED" to the JVM command line arguments to enable ThreadLocal memory leak detection. Alternatively, you can suppress this warning by disabling ThreadLocal memory leak detection.
19-Jun-2026 17:26:02.259 WARNING [main] org.apache.catalina.loader.WebappClassLoaderBase.clearReferencesRmiTargets When running on Java 9 or later you need to add "--add-opens=java.rmi/sun.rmi.transport=ALL-UNNAMED" to the JVM command line arguments to enable RMI Target memory leak detection. Alternatively, you can suppress this warning by disabling RMI Target memory leak detection.
19-Jun-2026 17:26:02.267 WARNING [main] org.apache.catalina.loader.WebappClassLoaderBase.clearReferencesObjectStreamClassCaches When running on Java 9 or later you need to add "--add-opens=java.base/java.io=ALL-UNNAMED" to the JVM command line arguments to enable ObjectStream cache memory leak protection. Alternatively, you can suppress this warning by disabling ObjectStream class cache memory leak protection.
19-Jun-2026 17:26:02.270 WARNING [main] org.apache.catalina.loader.WebappClassLoaderBase.checkThreadLocalsForLeaks When running on Java 9 or later you need to add "--add-opens=java.base/java.lang=ALL-UNNAMED" to the JVM command line arguments to enable ThreadLocal memory leak detection. Alternatively, you can suppress this warning by disabling ThreadLocal memory leak detection.
19-Jun-2026 17:26:02.270 WARNING [main] org.apache.catalina.loader.WebappClassLoaderBase.clearReferencesRmiTargets When running on Java 9 or later you need to add "--add-opens=java.rmi/sun.rmi.transport=ALL-UNNAMED" to the JVM command line arguments to enable RMI Target memory leak detection. Alternatively, you can suppress this warning by disabling RMI Target memory leak detection.
19-Jun-2026 17:26:02.272 WARNING [main] org.apache.catalina.loader.WebappClassLoaderBase.clearReferencesObjectStreamClassCaches When running on Java 9 or later you need to add "--add-opens=java.base/java.io=ALL-UNNAMED" to the JVM command line arguments to enable ObjectStream cache memory leak protection. Alternatively, you can suppress this warning by disabling ObjectStream class cache memory leak protection.
19-Jun-2026 17:26:02.272 WARNING [main] org.apache.catalina.loader.WebappClassLoaderBase.checkThreadLocalsForLeaks When running on Java 9 or later you need to add "--add-opens=java.base/java.lang=ALL-UNNAMED" to the JVM command line arguments to enable ThreadLocal memory leak detection. Alternatively, you can suppress this warning by disabling ThreadLocal memory leak detection.
19-Jun-2026 17:26:02.272 WARNING [main] org.apache.catalina.loader.WebappClassLoaderBase.clearReferencesRmiTargets When running on Java 9 or later you need to add "--add-opens=java.rmi/sun.rmi.transport=ALL-UNNAMED" to the JVM command line arguments to enable RMI Target memory leak detection. Alternatively, you can suppress this warning by disabling RMI Target memory leak detection.
19-Jun-2026 17:26:02.281 WARNING [main] org.apache.catalina.loader.WebappClassLoaderBase.clearReferencesObjectStreamClassCaches When running on Java 9 or later you need to add "--add-opens=java.base/java.io=ALL-UNNAMED" to the JVM command line arguments to enable ObjectStream cache memory leak protection. Alternatively, you can suppress this warning by disabling ObjectStream class cache memory leak protection.
19-Jun-2026 17:26:02.281 WARNING [main] org.apache.catalina.loader.WebappClassLoaderBase.checkThreadLocalsForLeaks When running on Java 9 or later you need to add "--add-opens=java.base/java.lang=ALL-UNNAMED" to the JVM command line arguments to enable ThreadLocal memory leak detection. Alternatively, you can suppress this warning by disabling ThreadLocal memory leak detection.
19-Jun-2026 17:26:02.281 WARNING [main] org.apache.catalina.loader.WebappClassLoaderBase.clearReferencesRmiTargets When running on Java 9 or later you need to add "--add-opens=java.rmi/sun.rmi.transport=ALL-UNNAMED" to the JVM command line arguments to enable RMI Target memory leak detection. Alternatively, you can suppress this warning by disabling RMI Target memory leak detection.
19-Jun-2026 17:26:02.286 WARNING [main] org.apache.catalina.loader.WebappClassLoaderBase.clearReferencesObjectStreamClassCaches When running on Java 9 or later you need to add "--add-opens=java.base/java.io=ALL-UNNAMED" to the JVM command line arguments to enable ObjectStream cache memory leak protection. Alternatively, you can suppress this warning by disabling ObjectStream class cache memory leak protection.
19-Jun-2026 17:26:02.286 WARNING [main] org.apache.catalina.loader.WebappClassLoaderBase.checkThreadLocalsForLeaks When running on Java 9 or later you need to add "--add-opens=java.base/java.lang=ALL-UNNAMED" to the JVM command line arguments to enable ThreadLocal memory leak detection. Alternatively, you can suppress this warning by disabling ThreadLocal memory leak detection.
19-Jun-2026 17:26:02.286 WARNING [main] org.apache.catalina.loader.WebappClassLoaderBase.clearReferencesRmiTargets When running on Java 9 or later you need to add "--add-opens=java.rmi/sun.rmi.transport=ALL-UNNAMED" to the JVM command line arguments to enable RMI Target memory leak detection. Alternatively, you can suppress this warning by disabling RMI Target memory leak detection.
19-Jun-2026 17:26:02.286 INFO [main] org.apache.coyote.AbstractProtocol.stop Stopping ProtocolHandler ["http-nio-8082"]
19-Jun-2026 17:26:02.289 INFO [main] org.apache.coyote.AbstractProtocol.destroy Destroying ProtocolHandler ["http-nio-8082"]
19-Jun-2026 17:26:37.758 INFO [Catalina-utility-2] org.apache.catalina.startup.HostConfig.deployDirectory Deploying web application directory [C:\Temp\Tomcat_compartido\webapps\aerrigochan - Copy]
19-Jun-2026 17:26:38.574 INFO [Catalina-utility-2] org.apache.jasper.servlet.TldScanner.scanJars At least one JAR was scanned for TLDs yet contained no TLDs. Enable debug logging for this logger for a complete list of JARs that were scanned but no TLDs were found in them. Skipping unneeded JARs during scanning can improve startup time and JSP compilation time.
19-Jun-2026 17:26:38.586 INFO [Catalina-utility-2] org.apache.catalina.startup.HostConfig.deployDirectory Deployment of web application directory [C:\Temp\Tomcat_compartido\webapps\aerrigochan - Copy] has finished in [828] ms
19-Jun-2026 17:26:45.419 INFO [main] org.apache.catalina.startup.VersionLoggerListener.log Server version name:   Apache Tomcat/9.0.89
19-Jun-2026 17:26:45.430 INFO [main] org.apache.catalina.startup.VersionLoggerListener.log Server built:          May 3 2024 20:22:11 UTC
19-Jun-2026 17:26:45.430 INFO [main] org.apache.catalina.startup.VersionLoggerListener.log Server version number: 9.0.89.0
19-Jun-2026 17:26:45.430 INFO [main] org.apache.catalina.startup.VersionLoggerListener.log OS Name:               Windows 11
19-Jun-2026 17:26:45.430 INFO [main] org.apache.catalina.startup.VersionLoggerListener.log OS Version:            10.0
19-Jun-2026 17:26:45.430 INFO [main] org.apache.catalina.startup.VersionLoggerListener.log Architecture:          amd64
19-Jun-2026 17:26:45.430 INFO [main] org.apache.catalina.startup.VersionLoggerListener.log Java Home:             C:\Temp\Programs\JavaStack\jdk-17.0.19+10
19-Jun-2026 17:26:45.430 INFO [main] org.apache.catalina.startup.VersionLoggerListener.log JVM Version:           17.0.19+10-LTS
19-Jun-2026 17:26:45.430 INFO [main] org.apache.catalina.startup.VersionLoggerListener.log JVM Vendor:            Microsoft
19-Jun-2026 17:26:45.430 INFO [main] org.apache.catalina.startup.VersionLoggerListener.log CATALINA_BASE:         C:\Temp\Tomcat_compartido
19-Jun-2026 17:26:45.430 INFO [main] org.apache.catalina.startup.VersionLoggerListener.log CATALINA_HOME:         C:\Temp\Programs\JavaStack\apache-tomcat-9.0.89
19-Jun-2026 17:26:45.447 INFO [main] org.apache.catalina.startup.VersionLoggerListener.log Command line argument: -Djava.util.logging.config.file=C:\Temp\Tomcat_compartido/conf/logging.properties
19-Jun-2026 17:26:45.449 INFO [main] org.apache.catalina.startup.VersionLoggerListener.log Command line argument: -Djava.util.logging.manager=org.apache.juli.ClassLoaderLogManager
19-Jun-2026 17:26:45.449 INFO [main] org.apache.catalina.startup.VersionLoggerListener.log Command line argument: -Djdk.tls.ephemeralDHKeySize=2048
19-Jun-2026 17:26:45.449 INFO [main] org.apache.catalina.startup.VersionLoggerListener.log Command line argument: -Djava.protocol.handler.pkgs=org.apache.catalina.webresources
19-Jun-2026 17:26:45.449 INFO [main] org.apache.catalina.startup.VersionLoggerListener.log Command line argument: -Dorg.apache.catalina.security.SecurityListener.UMASK=0027
19-Jun-2026 17:26:45.449 INFO [main] org.apache.catalina.startup.VersionLoggerListener.log Command line argument: -Dcatalina.base=C:\Temp\Tomcat_compartido
19-Jun-2026 17:26:45.449 INFO [main] org.apache.catalina.startup.VersionLoggerListener.log Command line argument: -Dcatalina.home=C:\Temp\Programs\JavaStack\apache-tomcat-9.0.89
19-Jun-2026 17:26:45.449 INFO [main] org.apache.catalina.startup.VersionLoggerListener.log Command line argument: -Djava.io.tmpdir=C:\Temp\Tomcat_compartido/temp
19-Jun-2026 17:26:45.458 INFO [main] org.apache.catalina.core.AprLifecycleListener.lifecycleEvent The Apache Tomcat Native library which allows using OpenSSL was not found on the java.library.path: [C:\Temp\Programs\JavaStack\jdk-17.0.19+10\bin;C:\WINDOWS\Sun\Java\bin;C:\WINDOWS\system32;C:\WINDOWS;C:\WINDOWS\system32;C:\WINDOWS;C:\WINDOWS\System32\Wbem;C:\WINDOWS\System32\WindowsPowerShell\v1.0\;C:\WINDOWS\System32\OpenSSH\;C:\Program Files\dotnet\;C:\Users\Aldoa\Desktop\Infor\bin;C:\Program Files\Microsoft SQL Server Migration Assistant for Access\bin\;C:\Users\Aldoa\OneDrive\Desktop\;C:\Program Files\Git\cmd;C:\Program Files\nodejs\;C:\Users\Aldoa\AppData\Local\Microsoft\WindowsApps;C:\Users\Aldoa\AppData\Local\Programs\Microsoft VS Code\bin;C:\Users\Aldoa\AppData\Local\Programs\cursor\resources\app\bin;C:\Users\Aldoa\AppData\Roaming\npm;C:\Temp\Programs\JavaStack\jdk-17.0.19+10\bin;C:\Temp\Programs\JavaStack\apache-maven-3.9.16\bin;;.]
19-Jun-2026 17:26:45.763 INFO [main] org.apache.coyote.AbstractProtocol.init Initializing ProtocolHandler ["http-nio-8082"]
19-Jun-2026 17:26:45.788 SEVERE [main] org.apache.catalina.util.LifecycleBase.handleSubClassException Failed to initialize component [Connector["http-nio-8082"]]
	org.apache.catalina.LifecycleException: Protocol handler initialization failed
		at org.apache.catalina.connector.Connector.initInternal(Connector.java:1012)
		at org.apache.catalina.util.LifecycleBase.init(LifecycleBase.java:127)
		at org.apache.catalina.core.StandardService.initInternal(StandardService.java:525)
		at org.apache.catalina.util.LifecycleBase.init(LifecycleBase.java:127)
		at org.apache.catalina.core.StandardServer.initInternal(StandardServer.java:990)
		at org.apache.catalina.util.LifecycleBase.init(LifecycleBase.java:127)
		at org.apache.catalina.startup.Catalina.load(Catalina.java:686)
		at org.apache.catalina.startup.Catalina.load(Catalina.java:709)
		at java.base/jdk.internal.reflect.NativeMethodAccessorImpl.invoke0(Native Method)
		at java.base/jdk.internal.reflect.NativeMethodAccessorImpl.invoke(NativeMethodAccessorImpl.java:77)
		at java.base/jdk.internal.reflect.DelegatingMethodAccessorImpl.invoke(DelegatingMethodAccessorImpl.java:43)
		at java.base/java.lang.reflect.Method.invoke(Method.java:569)
		at org.apache.catalina.startup.Bootstrap.load(Bootstrap.java:302)
		at org.apache.catalina.startup.Bootstrap.main(Bootstrap.java:472)
	Caused by: java.net.BindException: Address already in use: bind
		at java.base/sun.nio.ch.Net.bind0(Native Method)
		at java.base/sun.nio.ch.Net.bind(Net.java:567)
		at java.base/sun.nio.ch.ServerSocketChannelImpl.netBind(ServerSocketChannelImpl.java:337)
		at java.base/sun.nio.ch.ServerSocketChannelImpl.bind(ServerSocketChannelImpl.java:294)
		at org.apache.tomcat.util.net.NioEndpoint.initServerSocket(NioEndpoint.java:268)
		at org.apache.tomcat.util.net.NioEndpoint.bind(NioEndpoint.java:223)
		at org.apache.tomcat.util.net.AbstractEndpoint.bindWithCleanup(AbstractEndpoint.java:1355)
		at org.apache.tomcat.util.net.AbstractEndpoint.init(AbstractEndpoint.java:1368)
		at org.apache.coyote.AbstractProtocol.init(AbstractProtocol.java:654)
		at org.apache.coyote.http11.AbstractHttp11Protocol.init(AbstractHttp11Protocol.java:75)
		at org.apache.catalina.connector.Connector.initInternal(Connector.java:1010)
		... 13 more
19-Jun-2026 17:26:45.791 INFO [main] org.apache.catalina.startup.Catalina.load Server initialization in [571] milliseconds
19-Jun-2026 17:26:45.858 INFO [main] org.apache.catalina.core.StandardService.startInternal Starting service [Catalina]
19-Jun-2026 17:26:45.858 INFO [main] org.apache.catalina.core.StandardEngine.startInternal Starting Servlet engine: [Apache Tomcat/9.0.89]
19-Jun-2026 17:26:45.864 INFO [main] org.apache.catalina.startup.HostConfig.deployDirectory Deploying web application directory [C:\Temp\Tomcat_compartido\webapps\aerrigochan]
19-Jun-2026 17:26:46.619 INFO [main] org.apache.jasper.servlet.TldScanner.scanJars At least one JAR was scanned for TLDs yet contained no TLDs. Enable debug logging for this logger for a complete list of JARs that were scanned but no TLDs were found in them. Skipping unneeded JARs during scanning can improve startup time and JSP compilation time.
19-Jun-2026 17:26:46.725 INFO [main] org.apache.catalina.startup.HostConfig.deployDirectory Deployment of web application directory [C:\Temp\Tomcat_compartido\webapps\aerrigochan] has finished in [860] ms
19-Jun-2026 17:26:46.725 INFO [main] org.apache.catalina.startup.HostConfig.deployDirectory Deploying web application directory [C:\Temp\Tomcat_compartido\webapps\aldoa]
19-Jun-2026 17:26:47.061 INFO [main] org.apache.jasper.servlet.TldScanner.scanJars At least one JAR was scanned for TLDs yet contained no TLDs. Enable debug logging for this logger for a complete list of JARs that were scanned but no TLDs were found in them. Skipping unneeded JARs during scanning can improve startup time and JSP compilation time.
19-Jun-2026 17:26:47.074 INFO [main] org.apache.catalina.startup.HostConfig.deployDirectory Deployment of web application directory [C:\Temp\Tomcat_compartido\webapps\aldoa] has finished in [344] ms
19-Jun-2026 17:26:47.074 INFO [main] org.apache.catalina.startup.HostConfig.deployDirectory Deploying web application directory [C:\Temp\Tomcat_compartido\webapps\host-manager]
19-Jun-2026 17:26:47.461 INFO [main] org.apache.jasper.servlet.TldScanner.scanJars At least one JAR was scanned for TLDs yet contained no TLDs. Enable debug logging for this logger for a complete list of JARs that were scanned but no TLDs were found in them. Skipping unneeded JARs during scanning can improve startup time and JSP compilation time.
19-Jun-2026 17:26:47.478 INFO [main] org.apache.catalina.startup.HostConfig.deployDirectory Deployment of web application directory [C:\Temp\Tomcat_compartido\webapps\host-manager] has finished in [404] ms
19-Jun-2026 17:26:47.478 INFO [main] org.apache.catalina.startup.HostConfig.deployDirectory Deploying web application directory [C:\Temp\Tomcat_compartido\webapps\manager]
19-Jun-2026 17:26:47.792 INFO [main] org.apache.jasper.servlet.TldScanner.scanJars At least one JAR was scanned for TLDs yet contained no TLDs. Enable debug logging for this logger for a complete list of JARs that were scanned but no TLDs were found in them. Skipping unneeded JARs during scanning can improve startup time and JSP compilation time.
19-Jun-2026 17:26:47.801 INFO [main] org.apache.catalina.startup.HostConfig.deployDirectory Deployment of web application directory [C:\Temp\Tomcat_compartido\webapps\manager] has finished in [323] ms
19-Jun-2026 17:26:47.801 INFO [main] org.apache.catalina.startup.HostConfig.deployDirectory Deploying web application directory [C:\Temp\Tomcat_compartido\webapps\ROOT]
19-Jun-2026 17:26:48.536 INFO [main] org.apache.jasper.servlet.TldScanner.scanJars At least one JAR was scanned for TLDs yet contained no TLDs. Enable debug logging for this logger for a complete list of JARs that were scanned but no TLDs were found in them. Skipping unneeded JARs during scanning can improve startup time and JSP compilation time.
19-Jun-2026 17:26:48.552 INFO [main] org.apache.catalina.startup.HostConfig.deployDirectory Deployment of web application directory [C:\Temp\Tomcat_compartido\webapps\ROOT] has finished in [750] ms
19-Jun-2026 17:26:48.554 INFO [main] org.apache.catalina.startup.HostConfig.deployDirectory Deploying web application directory [C:\Temp\Tomcat_compartido\webapps\Servlet1]
19-Jun-2026 17:26:49.106 INFO [Catalina-utility-2] org.apache.catalina.startup.HostConfig.undeploy Undeploying context [/aerrigochan - Copy]
19-Jun-2026 17:26:49.113 WARNING [Catalina-utility-2] org.apache.catalina.loader.WebappClassLoaderBase.clearReferencesObjectStreamClassCaches When running on Java 9 or later you need to add "--add-opens=java.base/java.io=ALL-UNNAMED" to the JVM command line arguments to enable ObjectStream cache memory leak protection. Alternatively, you can suppress this warning by disabling ObjectStream class cache memory leak protection.
19-Jun-2026 17:26:49.113 WARNING [Catalina-utility-2] org.apache.catalina.loader.WebappClassLoaderBase.checkThreadLocalsForLeaks When running on Java 9 or later you need to add "--add-opens=java.base/java.lang=ALL-UNNAMED" to the JVM command line arguments to enable ThreadLocal memory leak detection. Alternatively, you can suppress this warning by disabling ThreadLocal memory leak detection.
19-Jun-2026 17:26:49.115 WARNING [Catalina-utility-2] org.apache.catalina.loader.WebappClassLoaderBase.clearReferencesRmiTargets When running on Java 9 or later you need to add "--add-opens=java.rmi/sun.rmi.transport=ALL-UNNAMED" to the JVM command line arguments to enable RMI Target memory leak detection. Alternatively, you can suppress this warning by disabling RMI Target memory leak detection.
19-Jun-2026 17:26:49.143 INFO [Catalina-utility-2] org.apache.catalina.startup.HostConfig.deployDirectory Deploying web application directory [C:\Temp\Tomcat_compartido\webapps\aldoa]
19-Jun-2026 17:26:49.794 INFO [main] org.apache.jasper.servlet.TldScanner.scanJars At least one JAR was scanned for TLDs yet contained no TLDs. Enable debug logging for this logger for a complete list of JARs that were scanned but no TLDs were found in them. Skipping unneeded JARs during scanning can improve startup time and JSP compilation time.
19-Jun-2026 17:26:49.807 INFO [main] org.apache.catalina.startup.HostConfig.deployDirectory Deployment of web application directory [C:\Temp\Tomcat_compartido\webapps\Servlet1] has finished in [1,255] ms
19-Jun-2026 17:26:49.809 INFO [main] org.apache.catalina.startup.HostConfig.deployDirectory Deploying web application directory [C:\Temp\Tomcat_compartido\webapps\Servlet2]
19-Jun-2026 17:26:50.233 INFO [Catalina-utility-2] org.apache.jasper.servlet.TldScanner.scanJars At least one JAR was scanned for TLDs yet contained no TLDs. Enable debug logging for this logger for a complete list of JARs that were scanned but no TLDs were found in them. Skipping unneeded JARs during scanning can improve startup time and JSP compilation time.
19-Jun-2026 17:26:50.235 INFO [Catalina-utility-2] org.apache.catalina.startup.HostConfig.deployDirectory Deployment of web application directory [C:\Temp\Tomcat_compartido\webapps\aldoa] has finished in [1,092] ms
19-Jun-2026 17:26:50.902 INFO [main] org.apache.jasper.servlet.TldScanner.scanJars At least one JAR was scanned for TLDs yet contained no TLDs. Enable debug logging for this logger for a complete list of JARs that were scanned but no TLDs were found in them. Skipping unneeded JARs during scanning can improve startup time and JSP compilation time.
19-Jun-2026 17:26:50.910 INFO [main] org.apache.catalina.startup.HostConfig.deployDirectory Deployment of web application directory [C:\Temp\Tomcat_compartido\webapps\Servlet2] has finished in [1,103] ms
19-Jun-2026 17:26:50.910 INFO [main] org.apache.catalina.startup.HostConfig.deployDirectory Deploying web application directory [C:\Temp\Tomcat_compartido\webapps\test-r1-v2]
19-Jun-2026 17:26:51.962 INFO [main] org.apache.jasper.servlet.TldScanner.scanJars At least one JAR was scanned for TLDs yet contained no TLDs. Enable debug logging for this logger for a complete list of JARs that were scanned but no TLDs were found in them. Skipping unneeded JARs during scanning can improve startup time and JSP compilation time.
19-Jun-2026 17:26:51.972 INFO [main] org.apache.catalina.startup.HostConfig.deployDirectory Deployment of web application directory [C:\Temp\Tomcat_compartido\webapps\test-r1-v2] has finished in [1,062] ms
19-Jun-2026 17:26:51.976 INFO [main] org.apache.catalina.startup.HostConfig.deployDirectory Deploying web application directory [C:\Temp\Tomcat_compartido\webapps\trabajogr]
19-Jun-2026 17:26:53.484 INFO [main] org.apache.jasper.servlet.TldScanner.scanJars At least one JAR was scanned for TLDs yet contained no TLDs. Enable debug logging for this logger for a complete list of JARs that were scanned but no TLDs were found in them. Skipping unneeded JARs during scanning can improve startup time and JSP compilation time.
19-Jun-2026 17:26:53.500 INFO [main] org.apache.catalina.startup.HostConfig.deployDirectory Deployment of web application directory [C:\Temp\Tomcat_compartido\webapps\trabajogr] has finished in [1,524] ms
19-Jun-2026 17:26:53.519 INFO [main] org.apache.catalina.startup.Catalina.start Server startup in [7726] milliseconds
19-Jun-2026 17:26:53.541 SEVERE [main] org.apache.catalina.core.StandardServer.await Failed to create server shutdown socket on address [localhost] and port [8005] (base port [8005] and offset [0])
	java.net.BindException: Address already in use: bind
		at java.base/sun.nio.ch.Net.bind0(Native Method)
		at java.base/sun.nio.ch.Net.bind(Net.java:567)
		at java.base/sun.nio.ch.Net.bind(Net.java:556)
		at java.base/sun.nio.ch.NioSocketImpl.bind(NioSocketImpl.java:648)
		at java.base/java.net.ServerSocket.bind(ServerSocket.java:388)
		at java.base/java.net.ServerSocket.<init>(ServerSocket.java:274)
		at org.apache.catalina.core.StandardServer.await(StandardServer.java:541)
		at org.apache.catalina.startup.Catalina.await(Catalina.java:825)
		at org.apache.catalina.startup.Catalina.start(Catalina.java:773)
		at java.base/jdk.internal.reflect.NativeMethodAccessorImpl.invoke0(Native Method)
		at java.base/jdk.internal.reflect.NativeMethodAccessorImpl.invoke(NativeMethodAccessorImpl.java:77)
		at java.base/jdk.internal.reflect.DelegatingMethodAccessorImpl.invoke(DelegatingMethodAccessorImpl.java:43)
		at java.base/java.lang.reflect.Method.invoke(Method.java:569)
		at org.apache.catalina.startup.Bootstrap.start(Bootstrap.java:345)
		at org.apache.catalina.startup.Bootstrap.main(Bootstrap.java:473)
19-Jun-2026 17:26:53.541 INFO [main] org.apache.coyote.AbstractProtocol.pause Pausing ProtocolHandler ["http-nio-8082"]
19-Jun-2026 17:26:53.541 INFO [main] org.apache.catalina.core.StandardService.stopInternal Stopping service [Catalina]
19-Jun-2026 17:26:53.564 WARNING [main] org.apache.catalina.loader.WebappClassLoaderBase.clearReferencesObjectStreamClassCaches When running on Java 9 or later you need to add "--add-opens=java.base/java.io=ALL-UNNAMED" to the JVM command line arguments to enable ObjectStream cache memory leak protection. Alternatively, you can suppress this warning by disabling ObjectStream class cache memory leak protection.
19-Jun-2026 17:26:53.564 WARNING [main] org.apache.catalina.loader.WebappClassLoaderBase.checkThreadLocalsForLeaks When running on Java 9 or later you need to add "--add-opens=java.base/java.lang=ALL-UNNAMED" to the JVM command line arguments to enable ThreadLocal memory leak detection. Alternatively, you can suppress this warning by disabling ThreadLocal memory leak detection.
19-Jun-2026 17:26:53.572 WARNING [main] org.apache.catalina.loader.WebappClassLoaderBase.clearReferencesRmiTargets When running on Java 9 or later you need to add "--add-opens=java.rmi/sun.rmi.transport=ALL-UNNAMED" to the JVM command line arguments to enable RMI Target memory leak detection. Alternatively, you can suppress this warning by disabling RMI Target memory leak detection.
19-Jun-2026 17:26:53.588 WARNING [main] org.apache.catalina.loader.WebappClassLoaderBase.clearReferencesObjectStreamClassCaches When running on Java 9 or later you need to add "--add-opens=java.base/java.io=ALL-UNNAMED" to the JVM command line arguments to enable ObjectStream cache memory leak protection. Alternatively, you can suppress this warning by disabling ObjectStream class cache memory leak protection.
19-Jun-2026 17:26:53.588 WARNING [main] org.apache.catalina.loader.WebappClassLoaderBase.checkThreadLocalsForLeaks When running on Java 9 or later you need to add "--add-opens=java.base/java.lang=ALL-UNNAMED" to the JVM command line arguments to enable ThreadLocal memory leak detection. Alternatively, you can suppress this warning by disabling ThreadLocal memory leak detection.
19-Jun-2026 17:26:53.588 WARNING [main] org.apache.catalina.loader.WebappClassLoaderBase.clearReferencesRmiTargets When running on Java 9 or later you need to add "--add-opens=java.rmi/sun.rmi.transport=ALL-UNNAMED" to the JVM command line arguments to enable RMI Target memory leak detection. Alternatively, you can suppress this warning by disabling RMI Target memory leak detection.
19-Jun-2026 17:26:53.596 WARNING [main] org.apache.catalina.loader.WebappClassLoaderBase.clearReferencesObjectStreamClassCaches When running on Java 9 or later you need to add "--add-opens=java.base/java.io=ALL-UNNAMED" to the JVM command line arguments to enable ObjectStream cache memory leak protection. Alternatively, you can suppress this warning by disabling ObjectStream class cache memory leak protection.
19-Jun-2026 17:26:53.596 WARNING [main] org.apache.catalina.loader.WebappClassLoaderBase.checkThreadLocalsForLeaks When running on Java 9 or later you need to add "--add-opens=java.base/java.lang=ALL-UNNAMED" to the JVM command line arguments to enable ThreadLocal memory leak detection. Alternatively, you can suppress this warning by disabling ThreadLocal memory leak detection.
19-Jun-2026 17:26:53.596 WARNING [main] org.apache.catalina.loader.WebappClassLoaderBase.clearReferencesRmiTargets When running on Java 9 or later you need to add "--add-opens=java.rmi/sun.rmi.transport=ALL-UNNAMED" to the JVM command line arguments to enable RMI Target memory leak detection. Alternatively, you can suppress this warning by disabling RMI Target memory leak detection.
19-Jun-2026 17:26:53.622 WARNING [main] org.apache.catalina.loader.WebappClassLoaderBase.clearReferencesObjectStreamClassCaches When running on Java 9 or later you need to add "--add-opens=java.base/java.io=ALL-UNNAMED" to the JVM command line arguments to enable ObjectStream cache memory leak protection. Alternatively, you can suppress this warning by disabling ObjectStream class cache memory leak protection.
19-Jun-2026 17:26:53.622 WARNING [main] org.apache.catalina.loader.WebappClassLoaderBase.checkThreadLocalsForLeaks When running on Java 9 or later you need to add "--add-opens=java.base/java.lang=ALL-UNNAMED" to the JVM command line arguments to enable ThreadLocal memory leak detection. Alternatively, you can suppress this warning by disabling ThreadLocal memory leak detection.
19-Jun-2026 17:26:53.622 WARNING [main] org.apache.catalina.loader.WebappClassLoaderBase.clearReferencesRmiTargets When running on Java 9 or later you need to add "--add-opens=java.rmi/sun.rmi.transport=ALL-UNNAMED" to the JVM command line arguments to enable RMI Target memory leak detection. Alternatively, you can suppress this warning by disabling RMI Target memory leak detection.
19-Jun-2026 17:26:53.630 WARNING [main] org.apache.catalina.loader.WebappClassLoaderBase.clearReferencesObjectStreamClassCaches When running on Java 9 or later you need to add "--add-opens=java.base/java.io=ALL-UNNAMED" to the JVM command line arguments to enable ObjectStream cache memory leak protection. Alternatively, you can suppress this warning by disabling ObjectStream class cache memory leak protection.
19-Jun-2026 17:26:53.630 WARNING [main] org.apache.catalina.loader.WebappClassLoaderBase.checkThreadLocalsForLeaks When running on Java 9 or later you need to add "--add-opens=java.base/java.lang=ALL-UNNAMED" to the JVM command line arguments to enable ThreadLocal memory leak detection. Alternatively, you can suppress this warning by disabling ThreadLocal memory leak detection.
19-Jun-2026 17:26:53.630 WARNING [main] org.apache.catalina.loader.WebappClassLoaderBase.clearReferencesRmiTargets When running on Java 9 or later you need to add "--add-opens=java.rmi/sun.rmi.transport=ALL-UNNAMED" to the JVM command line arguments to enable RMI Target memory leak detection. Alternatively, you can suppress this warning by disabling RMI Target memory leak detection.
19-Jun-2026 17:26:53.652 WARNING [main] org.apache.catalina.loader.WebappClassLoaderBase.clearReferencesObjectStreamClassCaches When running on Java 9 or later you need to add "--add-opens=java.base/java.io=ALL-UNNAMED" to the JVM command line arguments to enable ObjectStream cache memory leak protection. Alternatively, you can suppress this warning by disabling ObjectStream class cache memory leak protection.
19-Jun-2026 17:26:53.652 WARNING [main] org.apache.catalina.loader.WebappClassLoaderBase.checkThreadLocalsForLeaks When running on Java 9 or later you need to add "--add-opens=java.base/java.lang=ALL-UNNAMED" to the JVM command line arguments to enable ThreadLocal memory leak detection. Alternatively, you can suppress this warning by disabling ThreadLocal memory leak detection.
19-Jun-2026 17:26:53.654 WARNING [main] org.apache.catalina.loader.WebappClassLoaderBase.clearReferencesRmiTargets When running on Java 9 or later you need to add "--add-opens=java.rmi/sun.rmi.transport=ALL-UNNAMED" to the JVM command line arguments to enable RMI Target memory leak detection. Alternatively, you can suppress this warning by disabling RMI Target memory leak detection.
19-Jun-2026 17:26:53.659 WARNING [main] org.apache.catalina.loader.WebappClassLoaderBase.clearReferencesObjectStreamClassCaches When running on Java 9 or later you need to add "--add-opens=java.base/java.io=ALL-UNNAMED" to the JVM command line arguments to enable ObjectStream cache memory leak protection. Alternatively, you can suppress this warning by disabling ObjectStream class cache memory leak protection.
19-Jun-2026 17:26:53.659 WARNING [main] org.apache.catalina.loader.WebappClassLoaderBase.checkThreadLocalsForLeaks When running on Java 9 or later you need to add "--add-opens=java.base/java.lang=ALL-UNNAMED" to the JVM command line arguments to enable ThreadLocal memory leak detection. Alternatively, you can suppress this warning by disabling ThreadLocal memory leak detection.
19-Jun-2026 17:26:53.659 WARNING [main] org.apache.catalina.loader.WebappClassLoaderBase.clearReferencesRmiTargets When running on Java 9 or later you need to add "--add-opens=java.rmi/sun.rmi.transport=ALL-UNNAMED" to the JVM command line arguments to enable RMI Target memory leak detection. Alternatively, you can suppress this warning by disabling RMI Target memory leak detection.
19-Jun-2026 17:26:53.674 WARNING [main] org.apache.catalina.loader.WebappClassLoaderBase.clearReferencesObjectStreamClassCaches When running on Java 9 or later you need to add "--add-opens=java.base/java.io=ALL-UNNAMED" to the JVM command line arguments to enable ObjectStream cache memory leak protection. Alternatively, you can suppress this warning by disabling ObjectStream class cache memory leak protection.
19-Jun-2026 17:26:53.674 WARNING [main] org.apache.catalina.loader.WebappClassLoaderBase.checkThreadLocalsForLeaks When running on Java 9 or later you need to add "--add-opens=java.base/java.lang=ALL-UNNAMED" to the JVM command line arguments to enable ThreadLocal memory leak detection. Alternatively, you can suppress this warning by disabling ThreadLocal memory leak detection.
19-Jun-2026 17:26:53.674 WARNING [main] org.apache.catalina.loader.WebappClassLoaderBase.clearReferencesRmiTargets When running on Java 9 or later you need to add "--add-opens=java.rmi/sun.rmi.transport=ALL-UNNAMED" to the JVM command line arguments to enable RMI Target memory leak detection. Alternatively, you can suppress this warning by disabling RMI Target memory leak detection.
19-Jun-2026 17:26:53.692 WARNING [main] org.apache.catalina.loader.WebappClassLoaderBase.clearReferencesObjectStreamClassCaches When running on Java 9 or later you need to add "--add-opens=java.base/java.io=ALL-UNNAMED" to the JVM command line arguments to enable ObjectStream cache memory leak protection. Alternatively, you can suppress this warning by disabling ObjectStream class cache memory leak protection.
19-Jun-2026 17:26:53.692 WARNING [main] org.apache.catalina.loader.WebappClassLoaderBase.checkThreadLocalsForLeaks When running on Java 9 or later you need to add "--add-opens=java.base/java.lang=ALL-UNNAMED" to the JVM command line arguments to enable ThreadLocal memory leak detection. Alternatively, you can suppress this warning by disabling ThreadLocal memory leak detection.
19-Jun-2026 17:26:53.701 WARNING [main] org.apache.catalina.loader.WebappClassLoaderBase.clearReferencesRmiTargets When running on Java 9 or later you need to add "--add-opens=java.rmi/sun.rmi.transport=ALL-UNNAMED" to the JVM command line arguments to enable RMI Target memory leak detection. Alternatively, you can suppress this warning by disabling RMI Target memory leak detection.
19-Jun-2026 17:26:53.704 INFO [main] org.apache.coyote.AbstractProtocol.stop Stopping ProtocolHandler ["http-nio-8082"]
19-Jun-2026 17:26:53.708 INFO [main] org.apache.coyote.AbstractProtocol.destroy Destroying ProtocolHandler ["http-nio-8082"]
19-Jun-2026 17:27:30.834 INFO [Catalina-utility-2] org.apache.catalina.startup.HostConfig.undeploy Undeploying context [/aldoa]
19-Jun-2026 17:27:30.840 WARNING [Catalina-utility-2] org.apache.catalina.loader.WebappClassLoaderBase.clearReferencesObjectStreamClassCaches When running on Java 9 or later you need to add "--add-opens=java.base/java.io=ALL-UNNAMED" to the JVM command line arguments to enable ObjectStream cache memory leak protection. Alternatively, you can suppress this warning by disabling ObjectStream class cache memory leak protection.
19-Jun-2026 17:27:30.840 WARNING [Catalina-utility-2] org.apache.catalina.loader.WebappClassLoaderBase.checkThreadLocalsForLeaks When running on Java 9 or later you need to add "--add-opens=java.base/java.lang=ALL-UNNAMED" to the JVM command line arguments to enable ThreadLocal memory leak detection. Alternatively, you can suppress this warning by disabling ThreadLocal memory leak detection.
19-Jun-2026 17:27:30.840 WARNING [Catalina-utility-2] org.apache.catalina.loader.WebappClassLoaderBase.clearReferencesRmiTargets When running on Java 9 or later you need to add "--add-opens=java.rmi/sun.rmi.transport=ALL-UNNAMED" to the JVM command line arguments to enable RMI Target memory leak detection. Alternatively, you can suppress this warning by disabling RMI Target memory leak detection.
19-Jun-2026 17:27:31.359 INFO [Catalina-utility-2] org.apache.catalina.startup.HostConfig.undeploy Undeploying context [/aerrigochan]
19-Jun-2026 17:27:31.359 WARNING [Catalina-utility-2] org.apache.catalina.loader.WebappClassLoaderBase.clearReferencesObjectStreamClassCaches When running on Java 9 or later you need to add "--add-opens=java.base/java.io=ALL-UNNAMED" to the JVM command line arguments to enable ObjectStream cache memory leak protection. Alternatively, you can suppress this warning by disabling ObjectStream class cache memory leak protection.
19-Jun-2026 17:27:31.359 WARNING [Catalina-utility-2] org.apache.catalina.loader.WebappClassLoaderBase.checkThreadLocalsForLeaks When running on Java 9 or later you need to add "--add-opens=java.base/java.lang=ALL-UNNAMED" to the JVM command line arguments to enable ThreadLocal memory leak detection. Alternatively, you can suppress this warning by disabling ThreadLocal memory leak detection.
19-Jun-2026 17:27:31.359 WARNING [Catalina-utility-2] org.apache.catalina.loader.WebappClassLoaderBase.clearReferencesRmiTargets When running on Java 9 or later you need to add "--add-opens=java.rmi/sun.rmi.transport=ALL-UNNAMED" to the JVM command line arguments to enable RMI Target memory leak detection. Alternatively, you can suppress this warning by disabling RMI Target memory leak detection.
19-Jun-2026 17:27:51.421 INFO [Catalina-utility-1] org.apache.catalina.startup.HostConfig.deployDirectory Deploying web application directory [C:\Temp\Tomcat_compartido\webapps\SE2026_R1_aerrigochan@alumni.unav.es]
19-Jun-2026 17:27:52.361 INFO [Catalina-utility-1] org.apache.jasper.servlet.TldScanner.scanJars At least one JAR was scanned for TLDs yet contained no TLDs. Enable debug logging for this logger for a complete list of JARs that were scanned but no TLDs were found in them. Skipping unneeded JARs during scanning can improve startup time and JSP compilation time.
19-Jun-2026 17:27:52.371 INFO [Catalina-utility-1] org.apache.catalina.startup.HostConfig.deployDirectory Deployment of web application directory [C:\Temp\Tomcat_compartido\webapps\SE2026_R1_aerrigochan@alumni.unav.es] has finished in [950] ms
19-Jun-2026 17:28:12.495 INFO [main] org.apache.catalina.startup.VersionLoggerListener.log Server version name:   Apache Tomcat/9.0.89
19-Jun-2026 17:28:12.504 INFO [main] org.apache.catalina.startup.VersionLoggerListener.log Server built:          May 3 2024 20:22:11 UTC
19-Jun-2026 17:28:12.504 INFO [main] org.apache.catalina.startup.VersionLoggerListener.log Server version number: 9.0.89.0
19-Jun-2026 17:28:12.504 INFO [main] org.apache.catalina.startup.VersionLoggerListener.log OS Name:               Windows 11
19-Jun-2026 17:28:12.504 INFO [main] org.apache.catalina.startup.VersionLoggerListener.log OS Version:            10.0
19-Jun-2026 17:28:12.504 INFO [main] org.apache.catalina.startup.VersionLoggerListener.log Architecture:          amd64
19-Jun-2026 17:28:12.504 INFO [main] org.apache.catalina.startup.VersionLoggerListener.log Java Home:             C:\Temp\Programs\JavaStack\jdk-17.0.19+10
19-Jun-2026 17:28:12.504 INFO [main] org.apache.catalina.startup.VersionLoggerListener.log JVM Version:           17.0.19+10-LTS
19-Jun-2026 17:28:12.504 INFO [main] org.apache.catalina.startup.VersionLoggerListener.log JVM Vendor:            Microsoft
19-Jun-2026 17:28:12.504 INFO [main] org.apache.catalina.startup.VersionLoggerListener.log CATALINA_BASE:         C:\Temp\Tomcat_compartido
19-Jun-2026 17:28:12.504 INFO [main] org.apache.catalina.startup.VersionLoggerListener.log CATALINA_HOME:         C:\Temp\Programs\JavaStack\apache-tomcat-9.0.89
19-Jun-2026 17:28:12.523 INFO [main] org.apache.catalina.startup.VersionLoggerListener.log Command line argument: -Djava.util.logging.config.file=C:\Temp\Tomcat_compartido/conf/logging.properties
19-Jun-2026 17:28:12.523 INFO [main] org.apache.catalina.startup.VersionLoggerListener.log Command line argument: -Djava.util.logging.manager=org.apache.juli.ClassLoaderLogManager
19-Jun-2026 17:28:12.523 INFO [main] org.apache.catalina.startup.VersionLoggerListener.log Command line argument: -Djdk.tls.ephemeralDHKeySize=2048
19-Jun-2026 17:28:12.523 INFO [main] org.apache.catalina.startup.VersionLoggerListener.log Command line argument: -Djava.protocol.handler.pkgs=org.apache.catalina.webresources
19-Jun-2026 17:28:12.525 INFO [main] org.apache.catalina.startup.VersionLoggerListener.log Command line argument: -Dorg.apache.catalina.security.SecurityListener.UMASK=0027
19-Jun-2026 17:28:12.525 INFO [main] org.apache.catalina.startup.VersionLoggerListener.log Command line argument: -Dcatalina.base=C:\Temp\Tomcat_compartido
19-Jun-2026 17:28:12.525 INFO [main] org.apache.catalina.startup.VersionLoggerListener.log Command line argument: -Dcatalina.home=C:\Temp\Programs\JavaStack\apache-tomcat-9.0.89
19-Jun-2026 17:28:12.525 INFO [main] org.apache.catalina.startup.VersionLoggerListener.log Command line argument: -Djava.io.tmpdir=C:\Temp\Tomcat_compartido/temp
19-Jun-2026 17:28:12.527 INFO [main] org.apache.catalina.core.AprLifecycleListener.lifecycleEvent The Apache Tomcat Native library which allows using OpenSSL was not found on the java.library.path: [C:\Temp\Programs\JavaStack\jdk-17.0.19+10\bin;C:\WINDOWS\Sun\Java\bin;C:\WINDOWS\system32;C:\WINDOWS;C:\WINDOWS\system32;C:\WINDOWS;C:\WINDOWS\System32\Wbem;C:\WINDOWS\System32\WindowsPowerShell\v1.0\;C:\WINDOWS\System32\OpenSSH\;C:\Program Files\dotnet\;C:\Users\Aldoa\Desktop\Infor\bin;C:\Program Files\Microsoft SQL Server Migration Assistant for Access\bin\;C:\Users\Aldoa\OneDrive\Desktop\;C:\Program Files\Git\cmd;C:\Program Files\nodejs\;C:\Users\Aldoa\AppData\Local\Microsoft\WindowsApps;C:\Users\Aldoa\AppData\Local\Programs\Microsoft VS Code\bin;C:\Users\Aldoa\AppData\Local\Programs\cursor\resources\app\bin;C:\Users\Aldoa\AppData\Roaming\npm;C:\Temp\Programs\JavaStack\jdk-17.0.19+10\bin;C:\Temp\Programs\JavaStack\apache-maven-3.9.16\bin;;.]
19-Jun-2026 17:28:12.923 INFO [Catalina-utility-2] org.apache.catalina.startup.HostConfig.undeploy Undeploying context [/SE2026_R1_aerrigochan@alumni.unav.es]
19-Jun-2026 17:28:12.928 WARNING [Catalina-utility-2] org.apache.catalina.loader.WebappClassLoaderBase.clearReferencesObjectStreamClassCaches When running on Java 9 or later you need to add "--add-opens=java.base/java.io=ALL-UNNAMED" to the JVM command line arguments to enable ObjectStream cache memory leak protection. Alternatively, you can suppress this warning by disabling ObjectStream class cache memory leak protection.
19-Jun-2026 17:28:12.928 WARNING [Catalina-utility-2] org.apache.catalina.loader.WebappClassLoaderBase.checkThreadLocalsForLeaks When running on Java 9 or later you need to add "--add-opens=java.base/java.lang=ALL-UNNAMED" to the JVM command line arguments to enable ThreadLocal memory leak detection. Alternatively, you can suppress this warning by disabling ThreadLocal memory leak detection.
19-Jun-2026 17:28:12.928 WARNING [Catalina-utility-2] org.apache.catalina.loader.WebappClassLoaderBase.clearReferencesRmiTargets When running on Java 9 or later you need to add "--add-opens=java.rmi/sun.rmi.transport=ALL-UNNAMED" to the JVM command line arguments to enable RMI Target memory leak detection. Alternatively, you can suppress this warning by disabling RMI Target memory leak detection.
19-Jun-2026 17:28:12.937 INFO [main] org.apache.coyote.AbstractProtocol.init Initializing ProtocolHandler ["http-nio-8082"]
19-Jun-2026 17:28:12.955 INFO [Catalina-utility-2] org.apache.catalina.startup.HostConfig.deployDirectory Deploying web application directory [C:\Temp\Tomcat_compartido\webapps\aldoa]
19-Jun-2026 17:28:12.966 SEVERE [main] org.apache.catalina.util.LifecycleBase.handleSubClassException Failed to initialize component [Connector["http-nio-8082"]]
	org.apache.catalina.LifecycleException: Protocol handler initialization failed
		at org.apache.catalina.connector.Connector.initInternal(Connector.java:1012)
		at org.apache.catalina.util.LifecycleBase.init(LifecycleBase.java:127)
		at org.apache.catalina.core.StandardService.initInternal(StandardService.java:525)
		at org.apache.catalina.util.LifecycleBase.init(LifecycleBase.java:127)
		at org.apache.catalina.core.StandardServer.initInternal(StandardServer.java:990)
		at org.apache.catalina.util.LifecycleBase.init(LifecycleBase.java:127)
		at org.apache.catalina.startup.Catalina.load(Catalina.java:686)
		at org.apache.catalina.startup.Catalina.load(Catalina.java:709)
		at java.base/jdk.internal.reflect.NativeMethodAccessorImpl.invoke0(Native Method)
		at java.base/jdk.internal.reflect.NativeMethodAccessorImpl.invoke(NativeMethodAccessorImpl.java:77)
		at java.base/jdk.internal.reflect.DelegatingMethodAccessorImpl.invoke(DelegatingMethodAccessorImpl.java:43)
		at java.base/java.lang.reflect.Method.invoke(Method.java:569)
		at org.apache.catalina.startup.Bootstrap.load(Bootstrap.java:302)
		at org.apache.catalina.startup.Bootstrap.main(Bootstrap.java:472)
	Caused by: java.net.BindException: Address already in use: bind
		at java.base/sun.nio.ch.Net.bind0(Native Method)
		at java.base/sun.nio.ch.Net.bind(Net.java:567)
		at java.base/sun.nio.ch.ServerSocketChannelImpl.netBind(ServerSocketChannelImpl.java:337)
		at java.base/sun.nio.ch.ServerSocketChannelImpl.bind(ServerSocketChannelImpl.java:294)
		at org.apache.tomcat.util.net.NioEndpoint.initServerSocket(NioEndpoint.java:268)
		at org.apache.tomcat.util.net.NioEndpoint.bind(NioEndpoint.java:223)
		at org.apache.tomcat.util.net.AbstractEndpoint.bindWithCleanup(AbstractEndpoint.java:1355)
		at org.apache.tomcat.util.net.AbstractEndpoint.init(AbstractEndpoint.java:1368)
		at org.apache.coyote.AbstractProtocol.init(AbstractProtocol.java:654)
		at org.apache.coyote.http11.AbstractHttp11Protocol.init(AbstractHttp11Protocol.java:75)
		at org.apache.catalina.connector.Connector.initInternal(Connector.java:1010)
		... 13 more
19-Jun-2026 17:28:12.968 INFO [main] org.apache.catalina.startup.Catalina.load Server initialization in [693] milliseconds
19-Jun-2026 17:28:13.043 INFO [main] org.apache.catalina.core.StandardService.startInternal Starting service [Catalina]
19-Jun-2026 17:28:13.043 INFO [main] org.apache.catalina.core.StandardEngine.startInternal Starting Servlet engine: [Apache Tomcat/9.0.89]
19-Jun-2026 17:28:13.069 INFO [main] org.apache.catalina.startup.HostConfig.deployDirectory Deploying web application directory [C:\Temp\Tomcat_compartido\webapps\aldoa]
19-Jun-2026 17:28:13.825 INFO [Catalina-utility-2] org.apache.jasper.servlet.TldScanner.scanJars At least one JAR was scanned for TLDs yet contained no TLDs. Enable debug logging for this logger for a complete list of JARs that were scanned but no TLDs were found in them. Skipping unneeded JARs during scanning can improve startup time and JSP compilation time.
19-Jun-2026 17:28:13.829 INFO [Catalina-utility-2] org.apache.catalina.startup.HostConfig.deployDirectory Deployment of web application directory [C:\Temp\Tomcat_compartido\webapps\aldoa] has finished in [874] ms
19-Jun-2026 17:28:13.909 INFO [main] org.apache.jasper.servlet.TldScanner.scanJars At least one JAR was scanned for TLDs yet contained no TLDs. Enable debug logging for this logger for a complete list of JARs that were scanned but no TLDs were found in them. Skipping unneeded JARs during scanning can improve startup time and JSP compilation time.
19-Jun-2026 17:28:14.009 INFO [main] org.apache.catalina.startup.HostConfig.deployDirectory Deployment of web application directory [C:\Temp\Tomcat_compartido\webapps\aldoa] has finished in [938] ms
19-Jun-2026 17:28:14.009 INFO [main] org.apache.catalina.startup.HostConfig.deployDirectory Deploying web application directory [C:\Temp\Tomcat_compartido\webapps\host-manager]
19-Jun-2026 17:28:14.338 INFO [main] org.apache.jasper.servlet.TldScanner.scanJars At least one JAR was scanned for TLDs yet contained no TLDs. Enable debug logging for this logger for a complete list of JARs that were scanned but no TLDs were found in them. Skipping unneeded JARs during scanning can improve startup time and JSP compilation time.
19-Jun-2026 17:28:14.357 INFO [main] org.apache.catalina.startup.HostConfig.deployDirectory Deployment of web application directory [C:\Temp\Tomcat_compartido\webapps\host-manager] has finished in [348] ms
19-Jun-2026 17:28:14.357 INFO [main] org.apache.catalina.startup.HostConfig.deployDirectory Deploying web application directory [C:\Temp\Tomcat_compartido\webapps\manager]
19-Jun-2026 17:28:14.725 INFO [main] org.apache.jasper.servlet.TldScanner.scanJars At least one JAR was scanned for TLDs yet contained no TLDs. Enable debug logging for this logger for a complete list of JARs that were scanned but no TLDs were found in them. Skipping unneeded JARs during scanning can improve startup time and JSP compilation time.
19-Jun-2026 17:28:14.734 INFO [main] org.apache.catalina.startup.HostConfig.deployDirectory Deployment of web application directory [C:\Temp\Tomcat_compartido\webapps\manager] has finished in [377] ms
19-Jun-2026 17:28:14.734 INFO [main] org.apache.catalina.startup.HostConfig.deployDirectory Deploying web application directory [C:\Temp\Tomcat_compartido\webapps\ROOT]
19-Jun-2026 17:28:15.119 INFO [main] org.apache.jasper.servlet.TldScanner.scanJars At least one JAR was scanned for TLDs yet contained no TLDs. Enable debug logging for this logger for a complete list of JARs that were scanned but no TLDs were found in them. Skipping unneeded JARs during scanning can improve startup time and JSP compilation time.
19-Jun-2026 17:28:15.134 INFO [main] org.apache.catalina.startup.HostConfig.deployDirectory Deployment of web application directory [C:\Temp\Tomcat_compartido\webapps\ROOT] has finished in [400] ms
19-Jun-2026 17:28:15.136 INFO [main] org.apache.catalina.startup.HostConfig.deployDirectory Deploying web application directory [C:\Temp\Tomcat_compartido\webapps\Servlet1]
19-Jun-2026 17:28:16.475 INFO [main] org.apache.jasper.servlet.TldScanner.scanJars At least one JAR was scanned for TLDs yet contained no TLDs. Enable debug logging for this logger for a complete list of JARs that were scanned but no TLDs were found in them. Skipping unneeded JARs during scanning can improve startup time and JSP compilation time.
19-Jun-2026 17:28:16.495 INFO [main] org.apache.catalina.startup.HostConfig.deployDirectory Deployment of web application directory [C:\Temp\Tomcat_compartido\webapps\Servlet1] has finished in [1,358] ms
19-Jun-2026 17:28:16.497 INFO [main] org.apache.catalina.startup.HostConfig.deployDirectory Deploying web application directory [C:\Temp\Tomcat_compartido\webapps\Servlet2]
19-Jun-2026 17:28:17.709 INFO [main] org.apache.jasper.servlet.TldScanner.scanJars At least one JAR was scanned for TLDs yet contained no TLDs. Enable debug logging for this logger for a complete list of JARs that were scanned but no TLDs were found in them. Skipping unneeded JARs during scanning can improve startup time and JSP compilation time.
19-Jun-2026 17:28:17.731 INFO [main] org.apache.catalina.startup.HostConfig.deployDirectory Deployment of web application directory [C:\Temp\Tomcat_compartido\webapps\Servlet2] has finished in [1,232] ms
19-Jun-2026 17:28:17.731 INFO [main] org.apache.catalina.startup.HostConfig.deployDirectory Deploying web application directory [C:\Temp\Tomcat_compartido\webapps\test-r1-v2]
19-Jun-2026 17:28:18.940 INFO [main] org.apache.jasper.servlet.TldScanner.scanJars At least one JAR was scanned for TLDs yet contained no TLDs. Enable debug logging for this logger for a complete list of JARs that were scanned but no TLDs were found in them. Skipping unneeded JARs during scanning can improve startup time and JSP compilation time.
19-Jun-2026 17:28:18.954 INFO [main] org.apache.catalina.startup.HostConfig.deployDirectory Deployment of web application directory [C:\Temp\Tomcat_compartido\webapps\test-r1-v2] has finished in [1,223] ms
19-Jun-2026 17:28:18.954 INFO [main] org.apache.catalina.startup.HostConfig.deployDirectory Deploying web application directory [C:\Temp\Tomcat_compartido\webapps\trabajogr]
19-Jun-2026 17:28:20.556 INFO [main] org.apache.jasper.servlet.TldScanner.scanJars At least one JAR was scanned for TLDs yet contained no TLDs. Enable debug logging for this logger for a complete list of JARs that were scanned but no TLDs were found in them. Skipping unneeded JARs during scanning can improve startup time and JSP compilation time.
19-Jun-2026 17:28:20.580 INFO [main] org.apache.catalina.startup.HostConfig.deployDirectory Deployment of web application directory [C:\Temp\Tomcat_compartido\webapps\trabajogr] has finished in [1,624] ms
19-Jun-2026 17:28:20.596 INFO [main] org.apache.catalina.startup.Catalina.start Server startup in [7627] milliseconds
19-Jun-2026 17:28:20.618 SEVERE [main] org.apache.catalina.core.StandardServer.await Failed to create server shutdown socket on address [localhost] and port [8005] (base port [8005] and offset [0])
	java.net.BindException: Address already in use: bind
		at java.base/sun.nio.ch.Net.bind0(Native Method)
		at java.base/sun.nio.ch.Net.bind(Net.java:567)
		at java.base/sun.nio.ch.Net.bind(Net.java:556)
		at java.base/sun.nio.ch.NioSocketImpl.bind(NioSocketImpl.java:648)
		at java.base/java.net.ServerSocket.bind(ServerSocket.java:388)
		at java.base/java.net.ServerSocket.<init>(ServerSocket.java:274)
		at org.apache.catalina.core.StandardServer.await(StandardServer.java:541)
		at org.apache.catalina.startup.Catalina.await(Catalina.java:825)
		at org.apache.catalina.startup.Catalina.start(Catalina.java:773)
		at java.base/jdk.internal.reflect.NativeMethodAccessorImpl.invoke0(Native Method)
		at java.base/jdk.internal.reflect.NativeMethodAccessorImpl.invoke(NativeMethodAccessorImpl.java:77)
		at java.base/jdk.internal.reflect.DelegatingMethodAccessorImpl.invoke(DelegatingMethodAccessorImpl.java:43)
		at java.base/java.lang.reflect.Method.invoke(Method.java:569)
		at org.apache.catalina.startup.Bootstrap.start(Bootstrap.java:345)
		at org.apache.catalina.startup.Bootstrap.main(Bootstrap.java:473)
19-Jun-2026 17:28:20.618 INFO [main] org.apache.coyote.AbstractProtocol.pause Pausing ProtocolHandler ["http-nio-8082"]
19-Jun-2026 17:28:20.618 INFO [main] org.apache.catalina.core.StandardService.stopInternal Stopping service [Catalina]
19-Jun-2026 17:28:20.645 WARNING [main] org.apache.catalina.loader.WebappClassLoaderBase.clearReferencesObjectStreamClassCaches When running on Java 9 or later you need to add "--add-opens=java.base/java.io=ALL-UNNAMED" to the JVM command line arguments to enable ObjectStream cache memory leak protection. Alternatively, you can suppress this warning by disabling ObjectStream class cache memory leak protection.
19-Jun-2026 17:28:20.645 WARNING [main] org.apache.catalina.loader.WebappClassLoaderBase.checkThreadLocalsForLeaks When running on Java 9 or later you need to add "--add-opens=java.base/java.lang=ALL-UNNAMED" to the JVM command line arguments to enable ThreadLocal memory leak detection. Alternatively, you can suppress this warning by disabling ThreadLocal memory leak detection.
19-Jun-2026 17:28:20.649 WARNING [main] org.apache.catalina.loader.WebappClassLoaderBase.clearReferencesRmiTargets When running on Java 9 or later you need to add "--add-opens=java.rmi/sun.rmi.transport=ALL-UNNAMED" to the JVM command line arguments to enable RMI Target memory leak detection. Alternatively, you can suppress this warning by disabling RMI Target memory leak detection.
19-Jun-2026 17:28:20.665 WARNING [main] org.apache.catalina.loader.WebappClassLoaderBase.clearReferencesObjectStreamClassCaches When running on Java 9 or later you need to add "--add-opens=java.base/java.io=ALL-UNNAMED" to the JVM command line arguments to enable ObjectStream cache memory leak protection. Alternatively, you can suppress this warning by disabling ObjectStream class cache memory leak protection.
19-Jun-2026 17:28:20.665 WARNING [main] org.apache.catalina.loader.WebappClassLoaderBase.checkThreadLocalsForLeaks When running on Java 9 or later you need to add "--add-opens=java.base/java.lang=ALL-UNNAMED" to the JVM command line arguments to enable ThreadLocal memory leak detection. Alternatively, you can suppress this warning by disabling ThreadLocal memory leak detection.
19-Jun-2026 17:28:20.667 WARNING [main] org.apache.catalina.loader.WebappClassLoaderBase.clearReferencesRmiTargets When running on Java 9 or later you need to add "--add-opens=java.rmi/sun.rmi.transport=ALL-UNNAMED" to the JVM command line arguments to enable RMI Target memory leak detection. Alternatively, you can suppress this warning by disabling RMI Target memory leak detection.
19-Jun-2026 17:28:20.682 WARNING [main] org.apache.catalina.loader.WebappClassLoaderBase.clearReferencesObjectStreamClassCaches When running on Java 9 or later you need to add "--add-opens=java.base/java.io=ALL-UNNAMED" to the JVM command line arguments to enable ObjectStream cache memory leak protection. Alternatively, you can suppress this warning by disabling ObjectStream class cache memory leak protection.
19-Jun-2026 17:28:20.684 WARNING [main] org.apache.catalina.loader.WebappClassLoaderBase.checkThreadLocalsForLeaks When running on Java 9 or later you need to add "--add-opens=java.base/java.lang=ALL-UNNAMED" to the JVM command line arguments to enable ThreadLocal memory leak detection. Alternatively, you can suppress this warning by disabling ThreadLocal memory leak detection.
19-Jun-2026 17:28:20.684 WARNING [main] org.apache.catalina.loader.WebappClassLoaderBase.clearReferencesRmiTargets When running on Java 9 or later you need to add "--add-opens=java.rmi/sun.rmi.transport=ALL-UNNAMED" to the JVM command line arguments to enable RMI Target memory leak detection. Alternatively, you can suppress this warning by disabling RMI Target memory leak detection.
19-Jun-2026 17:28:20.707 WARNING [main] org.apache.catalina.loader.WebappClassLoaderBase.clearReferencesObjectStreamClassCaches When running on Java 9 or later you need to add "--add-opens=java.base/java.io=ALL-UNNAMED" to the JVM command line arguments to enable ObjectStream cache memory leak protection. Alternatively, you can suppress this warning by disabling ObjectStream class cache memory leak protection.
19-Jun-2026 17:28:20.709 WARNING [main] org.apache.catalina.loader.WebappClassLoaderBase.checkThreadLocalsForLeaks When running on Java 9 or later you need to add "--add-opens=java.base/java.lang=ALL-UNNAMED" to the JVM command line arguments to enable ThreadLocal memory leak detection. Alternatively, you can suppress this warning by disabling ThreadLocal memory leak detection.
19-Jun-2026 17:28:20.714 WARNING [main] org.apache.catalina.loader.WebappClassLoaderBase.clearReferencesRmiTargets When running on Java 9 or later you need to add "--add-opens=java.rmi/sun.rmi.transport=ALL-UNNAMED" to the JVM command line arguments to enable RMI Target memory leak detection. Alternatively, you can suppress this warning by disabling RMI Target memory leak detection.
19-Jun-2026 17:28:20.728 WARNING [main] org.apache.catalina.loader.WebappClassLoaderBase.clearReferencesObjectStreamClassCaches When running on Java 9 or later you need to add "--add-opens=java.base/java.io=ALL-UNNAMED" to the JVM command line arguments to enable ObjectStream cache memory leak protection. Alternatively, you can suppress this warning by disabling ObjectStream class cache memory leak protection.
19-Jun-2026 17:28:20.730 WARNING [main] org.apache.catalina.loader.WebappClassLoaderBase.checkThreadLocalsForLeaks When running on Java 9 or later you need to add "--add-opens=java.base/java.lang=ALL-UNNAMED" to the JVM command line arguments to enable ThreadLocal memory leak detection. Alternatively, you can suppress this warning by disabling ThreadLocal memory leak detection.
19-Jun-2026 17:28:20.730 WARNING [main] org.apache.catalina.loader.WebappClassLoaderBase.clearReferencesRmiTargets When running on Java 9 or later you need to add "--add-opens=java.rmi/sun.rmi.transport=ALL-UNNAMED" to the JVM command line arguments to enable RMI Target memory leak detection. Alternatively, you can suppress this warning by disabling RMI Target memory leak detection.
19-Jun-2026 17:28:20.748 WARNING [main] org.apache.catalina.loader.WebappClassLoaderBase.clearReferencesObjectStreamClassCaches When running on Java 9 or later you need to add "--add-opens=java.base/java.io=ALL-UNNAMED" to the JVM command line arguments to enable ObjectStream cache memory leak protection. Alternatively, you can suppress this warning by disabling ObjectStream class cache memory leak protection.
19-Jun-2026 17:28:20.750 WARNING [main] org.apache.catalina.loader.WebappClassLoaderBase.checkThreadLocalsForLeaks When running on Java 9 or later you need to add "--add-opens=java.base/java.lang=ALL-UNNAMED" to the JVM command line arguments to enable ThreadLocal memory leak detection. Alternatively, you can suppress this warning by disabling ThreadLocal memory leak detection.
19-Jun-2026 17:28:20.750 WARNING [main] org.apache.catalina.loader.WebappClassLoaderBase.clearReferencesRmiTargets When running on Java 9 or later you need to add "--add-opens=java.rmi/sun.rmi.transport=ALL-UNNAMED" to the JVM command line arguments to enable RMI Target memory leak detection. Alternatively, you can suppress this warning by disabling RMI Target memory leak detection.
19-Jun-2026 17:28:20.759 WARNING [main] org.apache.catalina.loader.WebappClassLoaderBase.clearReferencesObjectStreamClassCaches When running on Java 9 or later you need to add "--add-opens=java.base/java.io=ALL-UNNAMED" to the JVM command line arguments to enable ObjectStream cache memory leak protection. Alternatively, you can suppress this warning by disabling ObjectStream class cache memory leak protection.
19-Jun-2026 17:28:20.759 WARNING [main] org.apache.catalina.loader.WebappClassLoaderBase.checkThreadLocalsForLeaks When running on Java 9 or later you need to add "--add-opens=java.base/java.lang=ALL-UNNAMED" to the JVM command line arguments to enable ThreadLocal memory leak detection. Alternatively, you can suppress this warning by disabling ThreadLocal memory leak detection.
19-Jun-2026 17:28:20.765 WARNING [main] org.apache.catalina.loader.WebappClassLoaderBase.clearReferencesRmiTargets When running on Java 9 or later you need to add "--add-opens=java.rmi/sun.rmi.transport=ALL-UNNAMED" to the JVM command line arguments to enable RMI Target memory leak detection. Alternatively, you can suppress this warning by disabling RMI Target memory leak detection.
19-Jun-2026 17:28:20.780 WARNING [main] org.apache.catalina.loader.WebappClassLoaderBase.clearReferencesObjectStreamClassCaches When running on Java 9 or later you need to add "--add-opens=java.base/java.io=ALL-UNNAMED" to the JVM command line arguments to enable ObjectStream cache memory leak protection. Alternatively, you can suppress this warning by disabling ObjectStream class cache memory leak protection.
19-Jun-2026 17:28:20.782 WARNING [main] org.apache.catalina.loader.WebappClassLoaderBase.checkThreadLocalsForLeaks When running on Java 9 or later you need to add "--add-opens=java.base/java.lang=ALL-UNNAMED" to the JVM command line arguments to enable ThreadLocal memory leak detection. Alternatively, you can suppress this warning by disabling ThreadLocal memory leak detection.
19-Jun-2026 17:28:20.782 WARNING [main] org.apache.catalina.loader.WebappClassLoaderBase.clearReferencesRmiTargets When running on Java 9 or later you need to add "--add-opens=java.rmi/sun.rmi.transport=ALL-UNNAMED" to the JVM command line arguments to enable RMI Target memory leak detection. Alternatively, you can suppress this warning by disabling RMI Target memory leak detection.
19-Jun-2026 17:28:20.786 INFO [main] org.apache.coyote.AbstractProtocol.stop Stopping ProtocolHandler ["http-nio-8082"]
19-Jun-2026 17:28:20.792 INFO [main] org.apache.coyote.AbstractProtocol.destroy Destroying ProtocolHandler ["http-nio-8082"]
19-Jun-2026 17:30:04.564 INFO [Catalina-utility-2] org.apache.catalina.startup.HostConfig.undeploy Undeploying context [/aldoa]
19-Jun-2026 17:30:04.573 WARNING [Catalina-utility-2] org.apache.catalina.loader.WebappClassLoaderBase.clearReferencesObjectStreamClassCaches When running on Java 9 or later you need to add "--add-opens=java.base/java.io=ALL-UNNAMED" to the JVM command line arguments to enable ObjectStream cache memory leak protection. Alternatively, you can suppress this warning by disabling ObjectStream class cache memory leak protection.
19-Jun-2026 17:30:04.573 WARNING [Catalina-utility-2] org.apache.catalina.loader.WebappClassLoaderBase.checkThreadLocalsForLeaks When running on Java 9 or later you need to add "--add-opens=java.base/java.lang=ALL-UNNAMED" to the JVM command line arguments to enable ThreadLocal memory leak detection. Alternatively, you can suppress this warning by disabling ThreadLocal memory leak detection.
19-Jun-2026 17:30:04.573 WARNING [Catalina-utility-2] org.apache.catalina.loader.WebappClassLoaderBase.clearReferencesRmiTargets When running on Java 9 or later you need to add "--add-opens=java.rmi/sun.rmi.transport=ALL-UNNAMED" to the JVM command line arguments to enable RMI Target memory leak detection. Alternatively, you can suppress this warning by disabling RMI Target memory leak detection.
19-Jun-2026 17:30:15.113 INFO [Catalina-utility-1] org.apache.catalina.startup.HostConfig.undeploy Undeploying context [/Servlet2]
19-Jun-2026 17:30:15.113 WARNING [Catalina-utility-1] org.apache.catalina.loader.WebappClassLoaderBase.clearReferencesObjectStreamClassCaches When running on Java 9 or later you need to add "--add-opens=java.base/java.io=ALL-UNNAMED" to the JVM command line arguments to enable ObjectStream cache memory leak protection. Alternatively, you can suppress this warning by disabling ObjectStream class cache memory leak protection.
19-Jun-2026 17:30:15.113 WARNING [Catalina-utility-1] org.apache.catalina.loader.WebappClassLoaderBase.checkThreadLocalsForLeaks When running on Java 9 or later you need to add "--add-opens=java.base/java.lang=ALL-UNNAMED" to the JVM command line arguments to enable ThreadLocal memory leak detection. Alternatively, you can suppress this warning by disabling ThreadLocal memory leak detection.
19-Jun-2026 17:30:15.113 WARNING [Catalina-utility-1] org.apache.catalina.loader.WebappClassLoaderBase.clearReferencesRmiTargets When running on Java 9 or later you need to add "--add-opens=java.rmi/sun.rmi.transport=ALL-UNNAMED" to the JVM command line arguments to enable RMI Target memory leak detection. Alternatively, you can suppress this warning by disabling RMI Target memory leak detection.
19-Jun-2026 17:30:45.180 INFO [Catalina-utility-2] org.apache.catalina.startup.HostConfig.deployDirectory Deploying web application directory [C:\Temp\Tomcat_compartido\webapps\aerrigochan]
19-Jun-2026 17:30:46.041 INFO [Catalina-utility-2] org.apache.jasper.servlet.TldScanner.scanJars At least one JAR was scanned for TLDs yet contained no TLDs. Enable debug logging for this logger for a complete list of JARs that were scanned but no TLDs were found in them. Skipping unneeded JARs during scanning can improve startup time and JSP compilation time.
19-Jun-2026 17:30:46.052 INFO [Catalina-utility-2] org.apache.catalina.startup.HostConfig.deployDirectory Deployment of web application directory [C:\Temp\Tomcat_compartido\webapps\aerrigochan] has finished in [863] ms
19-Jun-2026 17:30:54.654 INFO [main] org.apache.catalina.startup.VersionLoggerListener.log Server version name:   Apache Tomcat/9.0.89
19-Jun-2026 17:30:54.662 INFO [main] org.apache.catalina.startup.VersionLoggerListener.log Server built:          May 3 2024 20:22:11 UTC
19-Jun-2026 17:30:54.662 INFO [main] org.apache.catalina.startup.VersionLoggerListener.log Server version number: 9.0.89.0
19-Jun-2026 17:30:54.662 INFO [main] org.apache.catalina.startup.VersionLoggerListener.log OS Name:               Windows 11
19-Jun-2026 17:30:54.662 INFO [main] org.apache.catalina.startup.VersionLoggerListener.log OS Version:            10.0
19-Jun-2026 17:30:54.662 INFO [main] org.apache.catalina.startup.VersionLoggerListener.log Architecture:          amd64
19-Jun-2026 17:30:54.662 INFO [main] org.apache.catalina.startup.VersionLoggerListener.log Java Home:             C:\Temp\Programs\JavaStack\jdk-17.0.19+10
19-Jun-2026 17:30:54.662 INFO [main] org.apache.catalina.startup.VersionLoggerListener.log JVM Version:           17.0.19+10-LTS
19-Jun-2026 17:30:54.662 INFO [main] org.apache.catalina.startup.VersionLoggerListener.log JVM Vendor:            Microsoft
19-Jun-2026 17:30:54.662 INFO [main] org.apache.catalina.startup.VersionLoggerListener.log CATALINA_BASE:         C:\Temp\Tomcat_compartido
19-Jun-2026 17:30:54.662 INFO [main] org.apache.catalina.startup.VersionLoggerListener.log CATALINA_HOME:         C:\Temp\Programs\JavaStack\apache-tomcat-9.0.89
19-Jun-2026 17:30:54.679 INFO [main] org.apache.catalina.startup.VersionLoggerListener.log Command line argument: -Djava.util.logging.config.file=C:\Temp\Tomcat_compartido/conf/logging.properties
19-Jun-2026 17:30:54.679 INFO [main] org.apache.catalina.startup.VersionLoggerListener.log Command line argument: -Djava.util.logging.manager=org.apache.juli.ClassLoaderLogManager
19-Jun-2026 17:30:54.679 INFO [main] org.apache.catalina.startup.VersionLoggerListener.log Command line argument: -Djdk.tls.ephemeralDHKeySize=2048
19-Jun-2026 17:30:54.679 INFO [main] org.apache.catalina.startup.VersionLoggerListener.log Command line argument: -Djava.protocol.handler.pkgs=org.apache.catalina.webresources
19-Jun-2026 17:30:54.679 INFO [main] org.apache.catalina.startup.VersionLoggerListener.log Command line argument: -Dorg.apache.catalina.security.SecurityListener.UMASK=0027
19-Jun-2026 17:30:54.679 INFO [main] org.apache.catalina.startup.VersionLoggerListener.log Command line argument: -Dcatalina.base=C:\Temp\Tomcat_compartido
19-Jun-2026 17:30:54.679 INFO [main] org.apache.catalina.startup.VersionLoggerListener.log Command line argument: -Dcatalina.home=C:\Temp\Programs\JavaStack\apache-tomcat-9.0.89
19-Jun-2026 17:30:54.679 INFO [main] org.apache.catalina.startup.VersionLoggerListener.log Command line argument: -Djava.io.tmpdir=C:\Temp\Tomcat_compartido/temp
19-Jun-2026 17:30:54.687 INFO [main] org.apache.catalina.core.AprLifecycleListener.lifecycleEvent The Apache Tomcat Native library which allows using OpenSSL was not found on the java.library.path: [C:\Temp\Programs\JavaStack\jdk-17.0.19+10\bin;C:\WINDOWS\Sun\Java\bin;C:\WINDOWS\system32;C:\WINDOWS;C:\WINDOWS\system32;C:\WINDOWS;C:\WINDOWS\System32\Wbem;C:\WINDOWS\System32\WindowsPowerShell\v1.0\;C:\WINDOWS\System32\OpenSSH\;C:\Program Files\dotnet\;C:\Users\Aldoa\Desktop\Infor\bin;C:\Program Files\Microsoft SQL Server Migration Assistant for Access\bin\;C:\Users\Aldoa\OneDrive\Desktop\;C:\Program Files\Git\cmd;C:\Program Files\nodejs\;C:\Users\Aldoa\AppData\Local\Microsoft\WindowsApps;C:\Users\Aldoa\AppData\Local\Programs\Microsoft VS Code\bin;C:\Users\Aldoa\AppData\Local\Programs\cursor\resources\app\bin;C:\Users\Aldoa\AppData\Roaming\npm;C:\Temp\Programs\JavaStack\jdk-17.0.19+10\bin;C:\Temp\Programs\JavaStack\apache-maven-3.9.16\bin;;.]
19-Jun-2026 17:30:55.025 INFO [main] org.apache.coyote.AbstractProtocol.init Initializing ProtocolHandler ["http-nio-8082"]
19-Jun-2026 17:30:55.053 SEVERE [main] org.apache.catalina.util.LifecycleBase.handleSubClassException Failed to initialize component [Connector["http-nio-8082"]]
	org.apache.catalina.LifecycleException: Protocol handler initialization failed
		at org.apache.catalina.connector.Connector.initInternal(Connector.java:1012)
		at org.apache.catalina.util.LifecycleBase.init(LifecycleBase.java:127)
		at org.apache.catalina.core.StandardService.initInternal(StandardService.java:525)
		at org.apache.catalina.util.LifecycleBase.init(LifecycleBase.java:127)
		at org.apache.catalina.core.StandardServer.initInternal(StandardServer.java:990)
		at org.apache.catalina.util.LifecycleBase.init(LifecycleBase.java:127)
		at org.apache.catalina.startup.Catalina.load(Catalina.java:686)
		at org.apache.catalina.startup.Catalina.load(Catalina.java:709)
		at java.base/jdk.internal.reflect.NativeMethodAccessorImpl.invoke0(Native Method)
		at java.base/jdk.internal.reflect.NativeMethodAccessorImpl.invoke(NativeMethodAccessorImpl.java:77)
		at java.base/jdk.internal.reflect.DelegatingMethodAccessorImpl.invoke(DelegatingMethodAccessorImpl.java:43)
		at java.base/java.lang.reflect.Method.invoke(Method.java:569)
		at org.apache.catalina.startup.Bootstrap.load(Bootstrap.java:302)
		at org.apache.catalina.startup.Bootstrap.main(Bootstrap.java:472)
	Caused by: java.net.BindException: Address already in use: bind
		at java.base/sun.nio.ch.Net.bind0(Native Method)
		at java.base/sun.nio.ch.Net.bind(Net.java:567)
		at java.base/sun.nio.ch.ServerSocketChannelImpl.netBind(ServerSocketChannelImpl.java:337)
		at java.base/sun.nio.ch.ServerSocketChannelImpl.bind(ServerSocketChannelImpl.java:294)
		at org.apache.tomcat.util.net.NioEndpoint.initServerSocket(NioEndpoint.java:268)
		at org.apache.tomcat.util.net.NioEndpoint.bind(NioEndpoint.java:223)
		at org.apache.tomcat.util.net.AbstractEndpoint.bindWithCleanup(AbstractEndpoint.java:1355)
		at org.apache.tomcat.util.net.AbstractEndpoint.init(AbstractEndpoint.java:1368)
		at org.apache.coyote.AbstractProtocol.init(AbstractProtocol.java:654)
		at org.apache.coyote.http11.AbstractHttp11Protocol.init(AbstractHttp11Protocol.java:75)
		at org.apache.catalina.connector.Connector.initInternal(Connector.java:1010)
		... 13 more
19-Jun-2026 17:30:55.055 INFO [main] org.apache.catalina.startup.Catalina.load Server initialization in [627] milliseconds
19-Jun-2026 17:30:55.151 INFO [main] org.apache.catalina.core.StandardService.startInternal Starting service [Catalina]
19-Jun-2026 17:30:55.151 INFO [main] org.apache.catalina.core.StandardEngine.startInternal Starting Servlet engine: [Apache Tomcat/9.0.89]
19-Jun-2026 17:30:55.169 INFO [main] org.apache.catalina.startup.HostConfig.deployDirectory Deploying web application directory [C:\Temp\Tomcat_compartido\webapps\aerrigochan]
19-Jun-2026 17:30:55.901 INFO [main] org.apache.jasper.servlet.TldScanner.scanJars At least one JAR was scanned for TLDs yet contained no TLDs. Enable debug logging for this logger for a complete list of JARs that were scanned but no TLDs were found in them. Skipping unneeded JARs during scanning can improve startup time and JSP compilation time.
19-Jun-2026 17:30:56.003 INFO [main] org.apache.catalina.startup.HostConfig.deployDirectory Deployment of web application directory [C:\Temp\Tomcat_compartido\webapps\aerrigochan] has finished in [832] ms
19-Jun-2026 17:30:56.003 INFO [main] org.apache.catalina.startup.HostConfig.deployDirectory Deploying web application directory [C:\Temp\Tomcat_compartido\webapps\host-manager]
19-Jun-2026 17:30:56.376 INFO [main] org.apache.jasper.servlet.TldScanner.scanJars At least one JAR was scanned for TLDs yet contained no TLDs. Enable debug logging for this logger for a complete list of JARs that were scanned but no TLDs were found in them. Skipping unneeded JARs during scanning can improve startup time and JSP compilation time.
19-Jun-2026 17:30:56.392 INFO [main] org.apache.catalina.startup.HostConfig.deployDirectory Deployment of web application directory [C:\Temp\Tomcat_compartido\webapps\host-manager] has finished in [389] ms
19-Jun-2026 17:30:56.393 INFO [main] org.apache.catalina.startup.HostConfig.deployDirectory Deploying web application directory [C:\Temp\Tomcat_compartido\webapps\manager]
19-Jun-2026 17:30:56.838 INFO [main] org.apache.jasper.servlet.TldScanner.scanJars At least one JAR was scanned for TLDs yet contained no TLDs. Enable debug logging for this logger for a complete list of JARs that were scanned but no TLDs were found in them. Skipping unneeded JARs during scanning can improve startup time and JSP compilation time.
19-Jun-2026 17:30:56.856 INFO [main] org.apache.catalina.startup.HostConfig.deployDirectory Deployment of web application directory [C:\Temp\Tomcat_compartido\webapps\manager] has finished in [464] ms
19-Jun-2026 17:30:56.856 INFO [main] org.apache.catalina.startup.HostConfig.deployDirectory Deploying web application directory [C:\Temp\Tomcat_compartido\webapps\ROOT]
19-Jun-2026 17:30:57.151 INFO [main] org.apache.jasper.servlet.TldScanner.scanJars At least one JAR was scanned for TLDs yet contained no TLDs. Enable debug logging for this logger for a complete list of JARs that were scanned but no TLDs were found in them. Skipping unneeded JARs during scanning can improve startup time and JSP compilation time.
19-Jun-2026 17:30:57.163 INFO [main] org.apache.catalina.startup.HostConfig.deployDirectory Deployment of web application directory [C:\Temp\Tomcat_compartido\webapps\ROOT] has finished in [307] ms
19-Jun-2026 17:30:57.163 INFO [main] org.apache.catalina.startup.HostConfig.deployDirectory Deploying web application directory [C:\Temp\Tomcat_compartido\webapps\Servlet1]
19-Jun-2026 17:30:57.508 INFO [main] org.apache.jasper.servlet.TldScanner.scanJars At least one JAR was scanned for TLDs yet contained no TLDs. Enable debug logging for this logger for a complete list of JARs that were scanned but no TLDs were found in them. Skipping unneeded JARs during scanning can improve startup time and JSP compilation time.
19-Jun-2026 17:30:57.517 INFO [main] org.apache.catalina.startup.HostConfig.deployDirectory Deployment of web application directory [C:\Temp\Tomcat_compartido\webapps\Servlet1] has finished in [354] ms
19-Jun-2026 17:30:57.517 INFO [main] org.apache.catalina.startup.HostConfig.deployDirectory Deploying web application directory [C:\Temp\Tomcat_compartido\webapps\test-r1-v2]
19-Jun-2026 17:30:57.827 INFO [main] org.apache.jasper.servlet.TldScanner.scanJars At least one JAR was scanned for TLDs yet contained no TLDs. Enable debug logging for this logger for a complete list of JARs that were scanned but no TLDs were found in them. Skipping unneeded JARs during scanning can improve startup time and JSP compilation time.
19-Jun-2026 17:30:57.827 INFO [main] org.apache.catalina.startup.HostConfig.deployDirectory Deployment of web application directory [C:\Temp\Tomcat_compartido\webapps\test-r1-v2] has finished in [310] ms
19-Jun-2026 17:30:57.827 INFO [main] org.apache.catalina.startup.HostConfig.deployDirectory Deploying web application directory [C:\Temp\Tomcat_compartido\webapps\trabajogr]
19-Jun-2026 17:30:58.223 INFO [main] org.apache.jasper.servlet.TldScanner.scanJars At least one JAR was scanned for TLDs yet contained no TLDs. Enable debug logging for this logger for a complete list of JARs that were scanned but no TLDs were found in them. Skipping unneeded JARs during scanning can improve startup time and JSP compilation time.
19-Jun-2026 17:30:58.225 INFO [main] org.apache.catalina.startup.HostConfig.deployDirectory Deployment of web application directory [C:\Temp\Tomcat_compartido\webapps\trabajogr] has finished in [398] ms
19-Jun-2026 17:30:58.234 INFO [main] org.apache.catalina.startup.Catalina.start Server startup in [3178] milliseconds
19-Jun-2026 17:30:58.245 SEVERE [main] org.apache.catalina.core.StandardServer.await Failed to create server shutdown socket on address [localhost] and port [8005] (base port [8005] and offset [0])
	java.net.BindException: Address already in use: bind
		at java.base/sun.nio.ch.Net.bind0(Native Method)
		at java.base/sun.nio.ch.Net.bind(Net.java:567)
		at java.base/sun.nio.ch.Net.bind(Net.java:556)
		at java.base/sun.nio.ch.NioSocketImpl.bind(NioSocketImpl.java:648)
		at java.base/java.net.ServerSocket.bind(ServerSocket.java:388)
		at java.base/java.net.ServerSocket.<init>(ServerSocket.java:274)
		at org.apache.catalina.core.StandardServer.await(StandardServer.java:541)
		at org.apache.catalina.startup.Catalina.await(Catalina.java:825)
		at org.apache.catalina.startup.Catalina.start(Catalina.java:773)
		at java.base/jdk.internal.reflect.NativeMethodAccessorImpl.invoke0(Native Method)
		at java.base/jdk.internal.reflect.NativeMethodAccessorImpl.invoke(NativeMethodAccessorImpl.java:77)
		at java.base/jdk.internal.reflect.DelegatingMethodAccessorImpl.invoke(DelegatingMethodAccessorImpl.java:43)
		at java.base/java.lang.reflect.Method.invoke(Method.java:569)
		at org.apache.catalina.startup.Bootstrap.start(Bootstrap.java:345)
		at org.apache.catalina.startup.Bootstrap.main(Bootstrap.java:473)
19-Jun-2026 17:30:58.245 INFO [main] org.apache.coyote.AbstractProtocol.pause Pausing ProtocolHandler ["http-nio-8082"]
19-Jun-2026 17:30:58.245 INFO [main] org.apache.catalina.core.StandardService.stopInternal Stopping service [Catalina]
19-Jun-2026 17:30:58.257 WARNING [main] org.apache.catalina.loader.WebappClassLoaderBase.clearReferencesObjectStreamClassCaches When running on Java 9 or later you need to add "--add-opens=java.base/java.io=ALL-UNNAMED" to the JVM command line arguments to enable ObjectStream cache memory leak protection. Alternatively, you can suppress this warning by disabling ObjectStream class cache memory leak protection.
19-Jun-2026 17:30:58.257 WARNING [main] org.apache.catalina.loader.WebappClassLoaderBase.checkThreadLocalsForLeaks When running on Java 9 or later you need to add "--add-opens=java.base/java.lang=ALL-UNNAMED" to the JVM command line arguments to enable ThreadLocal memory leak detection. Alternatively, you can suppress this warning by disabling ThreadLocal memory leak detection.
19-Jun-2026 17:30:58.257 WARNING [main] org.apache.catalina.loader.WebappClassLoaderBase.clearReferencesRmiTargets When running on Java 9 or later you need to add "--add-opens=java.rmi/sun.rmi.transport=ALL-UNNAMED" to the JVM command line arguments to enable RMI Target memory leak detection. Alternatively, you can suppress this warning by disabling RMI Target memory leak detection.
19-Jun-2026 17:30:58.257 WARNING [main] org.apache.catalina.loader.WebappClassLoaderBase.clearReferencesObjectStreamClassCaches When running on Java 9 or later you need to add "--add-opens=java.base/java.io=ALL-UNNAMED" to the JVM command line arguments to enable ObjectStream cache memory leak protection. Alternatively, you can suppress this warning by disabling ObjectStream class cache memory leak protection.
19-Jun-2026 17:30:58.257 WARNING [main] org.apache.catalina.loader.WebappClassLoaderBase.checkThreadLocalsForLeaks When running on Java 9 or later you need to add "--add-opens=java.base/java.lang=ALL-UNNAMED" to the JVM command line arguments to enable ThreadLocal memory leak detection. Alternatively, you can suppress this warning by disabling ThreadLocal memory leak detection.
19-Jun-2026 17:30:58.257 WARNING [main] org.apache.catalina.loader.WebappClassLoaderBase.clearReferencesRmiTargets When running on Java 9 or later you need to add "--add-opens=java.rmi/sun.rmi.transport=ALL-UNNAMED" to the JVM command line arguments to enable RMI Target memory leak detection. Alternatively, you can suppress this warning by disabling RMI Target memory leak detection.
19-Jun-2026 17:30:58.265 WARNING [main] org.apache.catalina.loader.WebappClassLoaderBase.clearReferencesObjectStreamClassCaches When running on Java 9 or later you need to add "--add-opens=java.base/java.io=ALL-UNNAMED" to the JVM command line arguments to enable ObjectStream cache memory leak protection. Alternatively, you can suppress this warning by disabling ObjectStream class cache memory leak protection.
19-Jun-2026 17:30:58.265 WARNING [main] org.apache.catalina.loader.WebappClassLoaderBase.checkThreadLocalsForLeaks When running on Java 9 or later you need to add "--add-opens=java.base/java.lang=ALL-UNNAMED" to the JVM command line arguments to enable ThreadLocal memory leak detection. Alternatively, you can suppress this warning by disabling ThreadLocal memory leak detection.
19-Jun-2026 17:30:58.265 WARNING [main] org.apache.catalina.loader.WebappClassLoaderBase.clearReferencesRmiTargets When running on Java 9 or later you need to add "--add-opens=java.rmi/sun.rmi.transport=ALL-UNNAMED" to the JVM command line arguments to enable RMI Target memory leak detection. Alternatively, you can suppress this warning by disabling RMI Target memory leak detection.
19-Jun-2026 17:30:58.272 WARNING [main] org.apache.catalina.loader.WebappClassLoaderBase.clearReferencesObjectStreamClassCaches When running on Java 9 or later you need to add "--add-opens=java.base/java.io=ALL-UNNAMED" to the JVM command line arguments to enable ObjectStream cache memory leak protection. Alternatively, you can suppress this warning by disabling ObjectStream class cache memory leak protection.
19-Jun-2026 17:30:58.272 WARNING [main] org.apache.catalina.loader.WebappClassLoaderBase.checkThreadLocalsForLeaks When running on Java 9 or later you need to add "--add-opens=java.base/java.lang=ALL-UNNAMED" to the JVM command line arguments to enable ThreadLocal memory leak detection. Alternatively, you can suppress this warning by disabling ThreadLocal memory leak detection.
19-Jun-2026 17:30:58.272 WARNING [main] org.apache.catalina.loader.WebappClassLoaderBase.clearReferencesRmiTargets When running on Java 9 or later you need to add "--add-opens=java.rmi/sun.rmi.transport=ALL-UNNAMED" to the JVM command line arguments to enable RMI Target memory leak detection. Alternatively, you can suppress this warning by disabling RMI Target memory leak detection.
19-Jun-2026 17:30:58.278 WARNING [main] org.apache.catalina.loader.WebappClassLoaderBase.clearReferencesObjectStreamClassCaches When running on Java 9 or later you need to add "--add-opens=java.base/java.io=ALL-UNNAMED" to the JVM command line arguments to enable ObjectStream cache memory leak protection. Alternatively, you can suppress this warning by disabling ObjectStream class cache memory leak protection.
19-Jun-2026 17:30:58.278 WARNING [main] org.apache.catalina.loader.WebappClassLoaderBase.checkThreadLocalsForLeaks When running on Java 9 or later you need to add "--add-opens=java.base/java.lang=ALL-UNNAMED" to the JVM command line arguments to enable ThreadLocal memory leak detection. Alternatively, you can suppress this warning by disabling ThreadLocal memory leak detection.
19-Jun-2026 17:30:58.278 WARNING [main] org.apache.catalina.loader.WebappClassLoaderBase.clearReferencesRmiTargets When running on Java 9 or later you need to add "--add-opens=java.rmi/sun.rmi.transport=ALL-UNNAMED" to the JVM command line arguments to enable RMI Target memory leak detection. Alternatively, you can suppress this warning by disabling RMI Target memory leak detection.
19-Jun-2026 17:30:58.282 WARNING [main] org.apache.catalina.loader.WebappClassLoaderBase.clearReferencesObjectStreamClassCaches When running on Java 9 or later you need to add "--add-opens=java.base/java.io=ALL-UNNAMED" to the JVM command line arguments to enable ObjectStream cache memory leak protection. Alternatively, you can suppress this warning by disabling ObjectStream class cache memory leak protection.
19-Jun-2026 17:30:58.282 WARNING [main] org.apache.catalina.loader.WebappClassLoaderBase.checkThreadLocalsForLeaks When running on Java 9 or later you need to add "--add-opens=java.base/java.lang=ALL-UNNAMED" to the JVM command line arguments to enable ThreadLocal memory leak detection. Alternatively, you can suppress this warning by disabling ThreadLocal memory leak detection.
19-Jun-2026 17:30:58.282 WARNING [main] org.apache.catalina.loader.WebappClassLoaderBase.clearReferencesRmiTargets When running on Java 9 or later you need to add "--add-opens=java.rmi/sun.rmi.transport=ALL-UNNAMED" to the JVM command line arguments to enable RMI Target memory leak detection. Alternatively, you can suppress this warning by disabling RMI Target memory leak detection.
19-Jun-2026 17:30:58.290 WARNING [main] org.apache.catalina.loader.WebappClassLoaderBase.clearReferencesObjectStreamClassCaches When running on Java 9 or later you need to add "--add-opens=java.base/java.io=ALL-UNNAMED" to the JVM command line arguments to enable ObjectStream cache memory leak protection. Alternatively, you can suppress this warning by disabling ObjectStream class cache memory leak protection.
19-Jun-2026 17:30:58.290 WARNING [main] org.apache.catalina.loader.WebappClassLoaderBase.checkThreadLocalsForLeaks When running on Java 9 or later you need to add "--add-opens=java.base/java.lang=ALL-UNNAMED" to the JVM command line arguments to enable ThreadLocal memory leak detection. Alternatively, you can suppress this warning by disabling ThreadLocal memory leak detection.
19-Jun-2026 17:30:58.290 WARNING [main] org.apache.catalina.loader.WebappClassLoaderBase.clearReferencesRmiTargets When running on Java 9 or later you need to add "--add-opens=java.rmi/sun.rmi.transport=ALL-UNNAMED" to the JVM command line arguments to enable RMI Target memory leak detection. Alternatively, you can suppress this warning by disabling RMI Target memory leak detection.
19-Jun-2026 17:30:58.290 INFO [main] org.apache.coyote.AbstractProtocol.stop Stopping ProtocolHandler ["http-nio-8082"]
19-Jun-2026 17:30:58.293 INFO [main] org.apache.coyote.AbstractProtocol.destroy Destroying ProtocolHandler ["http-nio-8082"]
19-Jun-2026 17:36:16.652 INFO [Catalina-utility-2] org.apache.catalina.startup.HostConfig.reload Reloading context [/aerrigochan]
19-Jun-2026 17:36:16.652 INFO [Catalina-utility-2] org.apache.catalina.core.StandardContext.reload Reloading Context with name [/aerrigochan] has started
19-Jun-2026 17:36:16.656 WARNING [Catalina-utility-2] org.apache.catalina.loader.WebappClassLoaderBase.clearReferencesObjectStreamClassCaches When running on Java 9 or later you need to add "--add-opens=java.base/java.io=ALL-UNNAMED" to the JVM command line arguments to enable ObjectStream cache memory leak protection. Alternatively, you can suppress this warning by disabling ObjectStream class cache memory leak protection.
19-Jun-2026 17:36:16.656 WARNING [Catalina-utility-2] org.apache.catalina.loader.WebappClassLoaderBase.checkThreadLocalsForLeaks When running on Java 9 or later you need to add "--add-opens=java.base/java.lang=ALL-UNNAMED" to the JVM command line arguments to enable ThreadLocal memory leak detection. Alternatively, you can suppress this warning by disabling ThreadLocal memory leak detection.
19-Jun-2026 17:36:16.664 WARNING [Catalina-utility-2] org.apache.catalina.loader.WebappClassLoaderBase.clearReferencesRmiTargets When running on Java 9 or later you need to add "--add-opens=java.rmi/sun.rmi.transport=ALL-UNNAMED" to the JVM command line arguments to enable RMI Target memory leak detection. Alternatively, you can suppress this warning by disabling RMI Target memory leak detection.
19-Jun-2026 17:36:17.514 INFO [Catalina-utility-2] org.apache.jasper.servlet.TldScanner.scanJars At least one JAR was scanned for TLDs yet contained no TLDs. Enable debug logging for this logger for a complete list of JARs that were scanned but no TLDs were found in them. Skipping unneeded JARs during scanning can improve startup time and JSP compilation time.
19-Jun-2026 17:36:17.532 INFO [Catalina-utility-2] org.apache.catalina.core.StandardContext.reload Reloading Context with name [/aerrigochan] is completed
19-Jun-2026 17:36:25.832 INFO [main] org.apache.catalina.startup.VersionLoggerListener.log Server version name:   Apache Tomcat/9.0.89
19-Jun-2026 17:36:25.839 INFO [main] org.apache.catalina.startup.VersionLoggerListener.log Server built:          May 3 2024 20:22:11 UTC
19-Jun-2026 17:36:25.839 INFO [main] org.apache.catalina.startup.VersionLoggerListener.log Server version number: 9.0.89.0
19-Jun-2026 17:36:25.839 INFO [main] org.apache.catalina.startup.VersionLoggerListener.log OS Name:               Windows 11
19-Jun-2026 17:36:25.839 INFO [main] org.apache.catalina.startup.VersionLoggerListener.log OS Version:            10.0
19-Jun-2026 17:36:25.839 INFO [main] org.apache.catalina.startup.VersionLoggerListener.log Architecture:          amd64
19-Jun-2026 17:36:25.839 INFO [main] org.apache.catalina.startup.VersionLoggerListener.log Java Home:             C:\Temp\Programs\JavaStack\jdk-17.0.19+10
19-Jun-2026 17:36:25.839 INFO [main] org.apache.catalina.startup.VersionLoggerListener.log JVM Version:           17.0.19+10-LTS
19-Jun-2026 17:36:25.839 INFO [main] org.apache.catalina.startup.VersionLoggerListener.log JVM Vendor:            Microsoft
19-Jun-2026 17:36:25.839 INFO [main] org.apache.catalina.startup.VersionLoggerListener.log CATALINA_BASE:         C:\Temp\Tomcat_compartido
19-Jun-2026 17:36:25.839 INFO [main] org.apache.catalina.startup.VersionLoggerListener.log CATALINA_HOME:         C:\Temp\Programs\JavaStack\apache-tomcat-9.0.89
19-Jun-2026 17:36:25.854 INFO [main] org.apache.catalina.startup.VersionLoggerListener.log Command line argument: -Djava.util.logging.config.file=C:\Temp\Tomcat_compartido/conf/logging.properties
19-Jun-2026 17:36:25.854 INFO [main] org.apache.catalina.startup.VersionLoggerListener.log Command line argument: -Djava.util.logging.manager=org.apache.juli.ClassLoaderLogManager
19-Jun-2026 17:36:25.854 INFO [main] org.apache.catalina.startup.VersionLoggerListener.log Command line argument: -Djdk.tls.ephemeralDHKeySize=2048
19-Jun-2026 17:36:25.854 INFO [main] org.apache.catalina.startup.VersionLoggerListener.log Command line argument: -Djava.protocol.handler.pkgs=org.apache.catalina.webresources
19-Jun-2026 17:36:25.854 INFO [main] org.apache.catalina.startup.VersionLoggerListener.log Command line argument: -Dorg.apache.catalina.security.SecurityListener.UMASK=0027
19-Jun-2026 17:36:25.854 INFO [main] org.apache.catalina.startup.VersionLoggerListener.log Command line argument: -Dcatalina.base=C:\Temp\Tomcat_compartido
19-Jun-2026 17:36:25.854 INFO [main] org.apache.catalina.startup.VersionLoggerListener.log Command line argument: -Dcatalina.home=C:\Temp\Programs\JavaStack\apache-tomcat-9.0.89
19-Jun-2026 17:36:25.854 INFO [main] org.apache.catalina.startup.VersionLoggerListener.log Command line argument: -Djava.io.tmpdir=C:\Temp\Tomcat_compartido/temp
19-Jun-2026 17:36:25.865 INFO [main] org.apache.catalina.core.AprLifecycleListener.lifecycleEvent The Apache Tomcat Native library which allows using OpenSSL was not found on the java.library.path: [C:\Temp\Programs\JavaStack\jdk-17.0.19+10\bin;C:\WINDOWS\Sun\Java\bin;C:\WINDOWS\system32;C:\WINDOWS;C:\WINDOWS\system32;C:\WINDOWS;C:\WINDOWS\System32\Wbem;C:\WINDOWS\System32\WindowsPowerShell\v1.0\;C:\WINDOWS\System32\OpenSSH\;C:\Program Files\dotnet\;C:\Users\Aldoa\Desktop\Infor\bin;C:\Program Files\Microsoft SQL Server Migration Assistant for Access\bin\;C:\Users\Aldoa\OneDrive\Desktop\;C:\Program Files\Git\cmd;C:\Program Files\nodejs\;C:\Users\Aldoa\AppData\Local\Microsoft\WindowsApps;C:\Users\Aldoa\AppData\Local\Programs\Microsoft VS Code\bin;C:\Users\Aldoa\AppData\Local\Programs\cursor\resources\app\bin;C:\Users\Aldoa\AppData\Roaming\npm;C:\Temp\Programs\JavaStack\jdk-17.0.19+10\bin;C:\Temp\Programs\JavaStack\apache-maven-3.9.16\bin;;.]
19-Jun-2026 17:36:26.194 INFO [main] org.apache.coyote.AbstractProtocol.init Initializing ProtocolHandler ["http-nio-8082"]
19-Jun-2026 17:36:26.220 SEVERE [main] org.apache.catalina.util.LifecycleBase.handleSubClassException Failed to initialize component [Connector["http-nio-8082"]]
	org.apache.catalina.LifecycleException: Protocol handler initialization failed
		at org.apache.catalina.connector.Connector.initInternal(Connector.java:1012)
		at org.apache.catalina.util.LifecycleBase.init(LifecycleBase.java:127)
		at org.apache.catalina.core.StandardService.initInternal(StandardService.java:525)
		at org.apache.catalina.util.LifecycleBase.init(LifecycleBase.java:127)
		at org.apache.catalina.core.StandardServer.initInternal(StandardServer.java:990)
		at org.apache.catalina.util.LifecycleBase.init(LifecycleBase.java:127)
		at org.apache.catalina.startup.Catalina.load(Catalina.java:686)
		at org.apache.catalina.startup.Catalina.load(Catalina.java:709)
		at java.base/jdk.internal.reflect.NativeMethodAccessorImpl.invoke0(Native Method)
		at java.base/jdk.internal.reflect.NativeMethodAccessorImpl.invoke(NativeMethodAccessorImpl.java:77)
		at java.base/jdk.internal.reflect.DelegatingMethodAccessorImpl.invoke(DelegatingMethodAccessorImpl.java:43)
		at java.base/java.lang.reflect.Method.invoke(Method.java:569)
		at org.apache.catalina.startup.Bootstrap.load(Bootstrap.java:302)
		at org.apache.catalina.startup.Bootstrap.main(Bootstrap.java:472)
	Caused by: java.net.BindException: Address already in use: bind
		at java.base/sun.nio.ch.Net.bind0(Native Method)
		at java.base/sun.nio.ch.Net.bind(Net.java:567)
		at java.base/sun.nio.ch.ServerSocketChannelImpl.netBind(ServerSocketChannelImpl.java:337)
		at java.base/sun.nio.ch.ServerSocketChannelImpl.bind(ServerSocketChannelImpl.java:294)
		at org.apache.tomcat.util.net.NioEndpoint.initServerSocket(NioEndpoint.java:268)
		at org.apache.tomcat.util.net.NioEndpoint.bind(NioEndpoint.java:223)
		at org.apache.tomcat.util.net.AbstractEndpoint.bindWithCleanup(AbstractEndpoint.java:1355)
		at org.apache.tomcat.util.net.AbstractEndpoint.init(AbstractEndpoint.java:1368)
		at org.apache.coyote.AbstractProtocol.init(AbstractProtocol.java:654)
		at org.apache.coyote.http11.AbstractHttp11Protocol.init(AbstractHttp11Protocol.java:75)
		at org.apache.catalina.connector.Connector.initInternal(Connector.java:1010)
		... 13 more
19-Jun-2026 17:36:26.223 INFO [main] org.apache.catalina.startup.Catalina.load Server initialization in [611] milliseconds
19-Jun-2026 17:36:26.286 INFO [main] org.apache.catalina.core.StandardService.startInternal Starting service [Catalina]
19-Jun-2026 17:36:26.286 INFO [main] org.apache.catalina.core.StandardEngine.startInternal Starting Servlet engine: [Apache Tomcat/9.0.89]
19-Jun-2026 17:36:26.299 INFO [main] org.apache.catalina.startup.HostConfig.deployDirectory Deploying web application directory [C:\Temp\Tomcat_compartido\webapps\aerrigochan]
19-Jun-2026 17:36:27.074 INFO [main] org.apache.jasper.servlet.TldScanner.scanJars At least one JAR was scanned for TLDs yet contained no TLDs. Enable debug logging for this logger for a complete list of JARs that were scanned but no TLDs were found in them. Skipping unneeded JARs during scanning can improve startup time and JSP compilation time.
19-Jun-2026 17:36:27.181 INFO [main] org.apache.catalina.startup.HostConfig.deployDirectory Deployment of web application directory [C:\Temp\Tomcat_compartido\webapps\aerrigochan] has finished in [882] ms
19-Jun-2026 17:36:27.181 INFO [main] org.apache.catalina.startup.HostConfig.deployDirectory Deploying web application directory [C:\Temp\Tomcat_compartido\webapps\host-manager]
19-Jun-2026 17:36:27.566 INFO [main] org.apache.jasper.servlet.TldScanner.scanJars At least one JAR was scanned for TLDs yet contained no TLDs. Enable debug logging for this logger for a complete list of JARs that were scanned but no TLDs were found in them. Skipping unneeded JARs during scanning can improve startup time and JSP compilation time.
19-Jun-2026 17:36:27.583 INFO [main] org.apache.catalina.startup.HostConfig.deployDirectory Deployment of web application directory [C:\Temp\Tomcat_compartido\webapps\host-manager] has finished in [402] ms
19-Jun-2026 17:36:27.583 INFO [main] org.apache.catalina.startup.HostConfig.deployDirectory Deploying web application directory [C:\Temp\Tomcat_compartido\webapps\manager]
19-Jun-2026 17:36:27.925 INFO [main] org.apache.jasper.servlet.TldScanner.scanJars At least one JAR was scanned for TLDs yet contained no TLDs. Enable debug logging for this logger for a complete list of JARs that were scanned but no TLDs were found in them. Skipping unneeded JARs during scanning can improve startup time and JSP compilation time.
19-Jun-2026 17:36:27.931 INFO [main] org.apache.catalina.startup.HostConfig.deployDirectory Deployment of web application directory [C:\Temp\Tomcat_compartido\webapps\manager] has finished in [346] ms
19-Jun-2026 17:36:27.931 INFO [main] org.apache.catalina.startup.HostConfig.deployDirectory Deploying web application directory [C:\Temp\Tomcat_compartido\webapps\ROOT]
19-Jun-2026 17:36:28.240 INFO [main] org.apache.jasper.servlet.TldScanner.scanJars At least one JAR was scanned for TLDs yet contained no TLDs. Enable debug logging for this logger for a complete list of JARs that were scanned but no TLDs were found in them. Skipping unneeded JARs during scanning can improve startup time and JSP compilation time.
19-Jun-2026 17:36:28.245 INFO [main] org.apache.catalina.startup.HostConfig.deployDirectory Deployment of web application directory [C:\Temp\Tomcat_compartido\webapps\ROOT] has finished in [314] ms
19-Jun-2026 17:36:28.245 INFO [main] org.apache.catalina.startup.HostConfig.deployDirectory Deploying web application directory [C:\Temp\Tomcat_compartido\webapps\Servlet1]
19-Jun-2026 17:36:28.580 INFO [main] org.apache.jasper.servlet.TldScanner.scanJars At least one JAR was scanned for TLDs yet contained no TLDs. Enable debug logging for this logger for a complete list of JARs that were scanned but no TLDs were found in them. Skipping unneeded JARs during scanning can improve startup time and JSP compilation time.
19-Jun-2026 17:36:28.580 INFO [main] org.apache.catalina.startup.HostConfig.deployDirectory Deployment of web application directory [C:\Temp\Tomcat_compartido\webapps\Servlet1] has finished in [335] ms
19-Jun-2026 17:36:28.589 INFO [main] org.apache.catalina.startup.HostConfig.deployDirectory Deploying web application directory [C:\Temp\Tomcat_compartido\webapps\test-r1-v2]
19-Jun-2026 17:36:29.330 INFO [main] org.apache.jasper.servlet.TldScanner.scanJars At least one JAR was scanned for TLDs yet contained no TLDs. Enable debug logging for this logger for a complete list of JARs that were scanned but no TLDs were found in them. Skipping unneeded JARs during scanning can improve startup time and JSP compilation time.
19-Jun-2026 17:36:29.341 INFO [main] org.apache.catalina.startup.HostConfig.deployDirectory Deployment of web application directory [C:\Temp\Tomcat_compartido\webapps\test-r1-v2] has finished in [752] ms
19-Jun-2026 17:36:29.343 INFO [main] org.apache.catalina.startup.HostConfig.deployDirectory Deploying web application directory [C:\Temp\Tomcat_compartido\webapps\trabajogr]
19-Jun-2026 17:36:30.847 INFO [main] org.apache.jasper.servlet.TldScanner.scanJars At least one JAR was scanned for TLDs yet contained no TLDs. Enable debug logging for this logger for a complete list of JARs that were scanned but no TLDs were found in them. Skipping unneeded JARs during scanning can improve startup time and JSP compilation time.
19-Jun-2026 17:36:30.860 INFO [main] org.apache.catalina.startup.HostConfig.deployDirectory Deployment of web application directory [C:\Temp\Tomcat_compartido\webapps\trabajogr] has finished in [1,515] ms
19-Jun-2026 17:36:30.877 INFO [main] org.apache.catalina.startup.Catalina.start Server startup in [4653] milliseconds
19-Jun-2026 17:36:30.898 SEVERE [main] org.apache.catalina.core.StandardServer.await Failed to create server shutdown socket on address [localhost] and port [8005] (base port [8005] and offset [0])
	java.net.BindException: Address already in use: bind
		at java.base/sun.nio.ch.Net.bind0(Native Method)
		at java.base/sun.nio.ch.Net.bind(Net.java:567)
		at java.base/sun.nio.ch.Net.bind(Net.java:556)
		at java.base/sun.nio.ch.NioSocketImpl.bind(NioSocketImpl.java:648)
		at java.base/java.net.ServerSocket.bind(ServerSocket.java:388)
		at java.base/java.net.ServerSocket.<init>(ServerSocket.java:274)
		at org.apache.catalina.core.StandardServer.await(StandardServer.java:541)
		at org.apache.catalina.startup.Catalina.await(Catalina.java:825)
		at org.apache.catalina.startup.Catalina.start(Catalina.java:773)
		at java.base/jdk.internal.reflect.NativeMethodAccessorImpl.invoke0(Native Method)
		at java.base/jdk.internal.reflect.NativeMethodAccessorImpl.invoke(NativeMethodAccessorImpl.java:77)
		at java.base/jdk.internal.reflect.DelegatingMethodAccessorImpl.invoke(DelegatingMethodAccessorImpl.java:43)
		at java.base/java.lang.reflect.Method.invoke(Method.java:569)
		at org.apache.catalina.startup.Bootstrap.start(Bootstrap.java:345)
		at org.apache.catalina.startup.Bootstrap.main(Bootstrap.java:473)
19-Jun-2026 17:36:30.898 INFO [main] org.apache.coyote.AbstractProtocol.pause Pausing ProtocolHandler ["http-nio-8082"]
19-Jun-2026 17:36:30.898 INFO [main] org.apache.catalina.core.StandardService.stopInternal Stopping service [Catalina]
19-Jun-2026 17:36:30.923 WARNING [main] org.apache.catalina.loader.WebappClassLoaderBase.clearReferencesObjectStreamClassCaches When running on Java 9 or later you need to add "--add-opens=java.base/java.io=ALL-UNNAMED" to the JVM command line arguments to enable ObjectStream cache memory leak protection. Alternatively, you can suppress this warning by disabling ObjectStream class cache memory leak protection.
19-Jun-2026 17:36:30.923 WARNING [main] org.apache.catalina.loader.WebappClassLoaderBase.checkThreadLocalsForLeaks When running on Java 9 or later you need to add "--add-opens=java.base/java.lang=ALL-UNNAMED" to the JVM command line arguments to enable ThreadLocal memory leak detection. Alternatively, you can suppress this warning by disabling ThreadLocal memory leak detection.
19-Jun-2026 17:36:30.926 WARNING [main] org.apache.catalina.loader.WebappClassLoaderBase.clearReferencesRmiTargets When running on Java 9 or later you need to add "--add-opens=java.rmi/sun.rmi.transport=ALL-UNNAMED" to the JVM command line arguments to enable RMI Target memory leak detection. Alternatively, you can suppress this warning by disabling RMI Target memory leak detection.
19-Jun-2026 17:36:30.938 WARNING [main] org.apache.catalina.loader.WebappClassLoaderBase.clearReferencesObjectStreamClassCaches When running on Java 9 or later you need to add "--add-opens=java.base/java.io=ALL-UNNAMED" to the JVM command line arguments to enable ObjectStream cache memory leak protection. Alternatively, you can suppress this warning by disabling ObjectStream class cache memory leak protection.
19-Jun-2026 17:36:30.938 WARNING [main] org.apache.catalina.loader.WebappClassLoaderBase.checkThreadLocalsForLeaks When running on Java 9 or later you need to add "--add-opens=java.base/java.lang=ALL-UNNAMED" to the JVM command line arguments to enable ThreadLocal memory leak detection. Alternatively, you can suppress this warning by disabling ThreadLocal memory leak detection.
19-Jun-2026 17:36:30.938 WARNING [main] org.apache.catalina.loader.WebappClassLoaderBase.clearReferencesRmiTargets When running on Java 9 or later you need to add "--add-opens=java.rmi/sun.rmi.transport=ALL-UNNAMED" to the JVM command line arguments to enable RMI Target memory leak detection. Alternatively, you can suppress this warning by disabling RMI Target memory leak detection.
19-Jun-2026 17:36:30.956 WARNING [main] org.apache.catalina.loader.WebappClassLoaderBase.clearReferencesObjectStreamClassCaches When running on Java 9 or later you need to add "--add-opens=java.base/java.io=ALL-UNNAMED" to the JVM command line arguments to enable ObjectStream cache memory leak protection. Alternatively, you can suppress this warning by disabling ObjectStream class cache memory leak protection.
19-Jun-2026 17:36:30.957 WARNING [main] org.apache.catalina.loader.WebappClassLoaderBase.checkThreadLocalsForLeaks When running on Java 9 or later you need to add "--add-opens=java.base/java.lang=ALL-UNNAMED" to the JVM command line arguments to enable ThreadLocal memory leak detection. Alternatively, you can suppress this warning by disabling ThreadLocal memory leak detection.
19-Jun-2026 17:36:30.957 WARNING [main] org.apache.catalina.loader.WebappClassLoaderBase.clearReferencesRmiTargets When running on Java 9 or later you need to add "--add-opens=java.rmi/sun.rmi.transport=ALL-UNNAMED" to the JVM command line arguments to enable RMI Target memory leak detection. Alternatively, you can suppress this warning by disabling RMI Target memory leak detection.
19-Jun-2026 17:36:30.968 WARNING [main] org.apache.catalina.loader.WebappClassLoaderBase.clearReferencesObjectStreamClassCaches When running on Java 9 or later you need to add "--add-opens=java.base/java.io=ALL-UNNAMED" to the JVM command line arguments to enable ObjectStream cache memory leak protection. Alternatively, you can suppress this warning by disabling ObjectStream class cache memory leak protection.
19-Jun-2026 17:36:30.968 WARNING [main] org.apache.catalina.loader.WebappClassLoaderBase.checkThreadLocalsForLeaks When running on Java 9 or later you need to add "--add-opens=java.base/java.lang=ALL-UNNAMED" to the JVM command line arguments to enable ThreadLocal memory leak detection. Alternatively, you can suppress this warning by disabling ThreadLocal memory leak detection.
19-Jun-2026 17:36:30.968 WARNING [main] org.apache.catalina.loader.WebappClassLoaderBase.clearReferencesRmiTargets When running on Java 9 or later you need to add "--add-opens=java.rmi/sun.rmi.transport=ALL-UNNAMED" to the JVM command line arguments to enable RMI Target memory leak detection. Alternatively, you can suppress this warning by disabling RMI Target memory leak detection.
19-Jun-2026 17:36:30.977 WARNING [main] org.apache.catalina.loader.WebappClassLoaderBase.clearReferencesObjectStreamClassCaches When running on Java 9 or later you need to add "--add-opens=java.base/java.io=ALL-UNNAMED" to the JVM command line arguments to enable ObjectStream cache memory leak protection. Alternatively, you can suppress this warning by disabling ObjectStream class cache memory leak protection.
19-Jun-2026 17:36:30.977 WARNING [main] org.apache.catalina.loader.WebappClassLoaderBase.checkThreadLocalsForLeaks When running on Java 9 or later you need to add "--add-opens=java.base/java.lang=ALL-UNNAMED" to the JVM command line arguments to enable ThreadLocal memory leak detection. Alternatively, you can suppress this warning by disabling ThreadLocal memory leak detection.
19-Jun-2026 17:36:30.979 WARNING [main] org.apache.catalina.loader.WebappClassLoaderBase.clearReferencesRmiTargets When running on Java 9 or later you need to add "--add-opens=java.rmi/sun.rmi.transport=ALL-UNNAMED" to the JVM command line arguments to enable RMI Target memory leak detection. Alternatively, you can suppress this warning by disabling RMI Target memory leak detection.
19-Jun-2026 17:36:30.996 WARNING [main] org.apache.catalina.loader.WebappClassLoaderBase.clearReferencesObjectStreamClassCaches When running on Java 9 or later you need to add "--add-opens=java.base/java.io=ALL-UNNAMED" to the JVM command line arguments to enable ObjectStream cache memory leak protection. Alternatively, you can suppress this warning by disabling ObjectStream class cache memory leak protection.
19-Jun-2026 17:36:30.996 WARNING [main] org.apache.catalina.loader.WebappClassLoaderBase.checkThreadLocalsForLeaks When running on Java 9 or later you need to add "--add-opens=java.base/java.lang=ALL-UNNAMED" to the JVM command line arguments to enable ThreadLocal memory leak detection. Alternatively, you can suppress this warning by disabling ThreadLocal memory leak detection.
19-Jun-2026 17:36:30.998 WARNING [main] org.apache.catalina.loader.WebappClassLoaderBase.clearReferencesRmiTargets When running on Java 9 or later you need to add "--add-opens=java.rmi/sun.rmi.transport=ALL-UNNAMED" to the JVM command line arguments to enable RMI Target memory leak detection. Alternatively, you can suppress this warning by disabling RMI Target memory leak detection.
19-Jun-2026 17:36:31.007 WARNING [main] org.apache.catalina.loader.WebappClassLoaderBase.clearReferencesObjectStreamClassCaches When running on Java 9 or later you need to add "--add-opens=java.base/java.io=ALL-UNNAMED" to the JVM command line arguments to enable ObjectStream cache memory leak protection. Alternatively, you can suppress this warning by disabling ObjectStream class cache memory leak protection.
19-Jun-2026 17:36:31.007 WARNING [main] org.apache.catalina.loader.WebappClassLoaderBase.checkThreadLocalsForLeaks When running on Java 9 or later you need to add "--add-opens=java.base/java.lang=ALL-UNNAMED" to the JVM command line arguments to enable ThreadLocal memory leak detection. Alternatively, you can suppress this warning by disabling ThreadLocal memory leak detection.
19-Jun-2026 17:36:31.007 WARNING [main] org.apache.catalina.loader.WebappClassLoaderBase.clearReferencesRmiTargets When running on Java 9 or later you need to add "--add-opens=java.rmi/sun.rmi.transport=ALL-UNNAMED" to the JVM command line arguments to enable RMI Target memory leak detection. Alternatively, you can suppress this warning by disabling RMI Target memory leak detection.
19-Jun-2026 17:36:31.010 INFO [main] org.apache.coyote.AbstractProtocol.stop Stopping ProtocolHandler ["http-nio-8082"]
19-Jun-2026 17:36:31.016 INFO [main] org.apache.coyote.AbstractProtocol.destroy Destroying ProtocolHandler ["http-nio-8082"]
19-Jun-2026 17:37:37.693 INFO [Catalina-utility-2] org.apache.catalina.startup.HostConfig.deployDirectory Deploying web application directory [C:\Temp\Tomcat_compartido\webapps\SE2026_R1_aerrigochan@alumni.unav.es]
19-Jun-2026 17:37:38.596 INFO [Catalina-utility-2] org.apache.jasper.servlet.TldScanner.scanJars At least one JAR was scanned for TLDs yet contained no TLDs. Enable debug logging for this logger for a complete list of JARs that were scanned but no TLDs were found in them. Skipping unneeded JARs during scanning can improve startup time and JSP compilation time.
19-Jun-2026 17:37:38.601 INFO [Catalina-utility-2] org.apache.catalina.startup.HostConfig.deployDirectory Deployment of web application directory [C:\Temp\Tomcat_compartido\webapps\SE2026_R1_aerrigochan@alumni.unav.es] has finished in [908] ms
19-Jun-2026 17:37:49.132 INFO [Catalina-utility-1] org.apache.catalina.startup.HostConfig.undeploy Undeploying context [/SE2026_R1_aerrigochan@alumni.unav.es]
19-Jun-2026 17:37:49.142 WARNING [Catalina-utility-1] org.apache.catalina.loader.WebappClassLoaderBase.clearReferencesObjectStreamClassCaches When running on Java 9 or later you need to add "--add-opens=java.base/java.io=ALL-UNNAMED" to the JVM command line arguments to enable ObjectStream cache memory leak protection. Alternatively, you can suppress this warning by disabling ObjectStream class cache memory leak protection.
19-Jun-2026 17:37:49.142 WARNING [Catalina-utility-1] org.apache.catalina.loader.WebappClassLoaderBase.checkThreadLocalsForLeaks When running on Java 9 or later you need to add "--add-opens=java.base/java.lang=ALL-UNNAMED" to the JVM command line arguments to enable ThreadLocal memory leak detection. Alternatively, you can suppress this warning by disabling ThreadLocal memory leak detection.
19-Jun-2026 17:37:49.142 WARNING [Catalina-utility-1] org.apache.catalina.loader.WebappClassLoaderBase.clearReferencesRmiTargets When running on Java 9 or later you need to add "--add-opens=java.rmi/sun.rmi.transport=ALL-UNNAMED" to the JVM command line arguments to enable RMI Target memory leak detection. Alternatively, you can suppress this warning by disabling RMI Target memory leak detection.
19-Jun-2026 17:43:30.351 INFO [Catalina-utility-1] org.apache.catalina.startup.HostConfig.undeploy Undeploying context [/aerrigochan]
19-Jun-2026 17:43:30.358 WARNING [Catalina-utility-1] org.apache.catalina.loader.WebappClassLoaderBase.clearReferencesObjectStreamClassCaches When running on Java 9 or later you need to add "--add-opens=java.base/java.io=ALL-UNNAMED" to the JVM command line arguments to enable ObjectStream cache memory leak protection. Alternatively, you can suppress this warning by disabling ObjectStream class cache memory leak protection.
19-Jun-2026 17:43:30.358 WARNING [Catalina-utility-1] org.apache.catalina.loader.WebappClassLoaderBase.checkThreadLocalsForLeaks When running on Java 9 or later you need to add "--add-opens=java.base/java.lang=ALL-UNNAMED" to the JVM command line arguments to enable ThreadLocal memory leak detection. Alternatively, you can suppress this warning by disabling ThreadLocal memory leak detection.
19-Jun-2026 17:43:30.358 WARNING [Catalina-utility-1] org.apache.catalina.loader.WebappClassLoaderBase.clearReferencesRmiTargets When running on Java 9 or later you need to add "--add-opens=java.rmi/sun.rmi.transport=ALL-UNNAMED" to the JVM command line arguments to enable RMI Target memory leak detection. Alternatively, you can suppress this warning by disabling RMI Target memory leak detection.
19-Jun-2026 17:44:00.414 INFO [Catalina-utility-1] org.apache.catalina.startup.HostConfig.deployDirectory Deploying web application directory [C:\Temp\Tomcat_compartido\webapps\aerrigochan]
19-Jun-2026 17:44:01.515 INFO [Catalina-utility-1] org.apache.jasper.servlet.TldScanner.scanJars At least one JAR was scanned for TLDs yet contained no TLDs. Enable debug logging for this logger for a complete list of JARs that were scanned but no TLDs were found in them. Skipping unneeded JARs during scanning can improve startup time and JSP compilation time.
19-Jun-2026 17:44:01.526 INFO [Catalina-utility-1] org.apache.catalina.startup.HostConfig.deployDirectory Deployment of web application directory [C:\Temp\Tomcat_compartido\webapps\aerrigochan] has finished in [1,110] ms
19-Jun-2026 17:47:02.285 INFO [main] org.apache.catalina.startup.VersionLoggerListener.log Server version name:   Apache Tomcat/9.0.89
19-Jun-2026 17:47:02.305 INFO [main] org.apache.catalina.startup.VersionLoggerListener.log Server built:          May 3 2024 20:22:11 UTC
19-Jun-2026 17:47:02.305 INFO [main] org.apache.catalina.startup.VersionLoggerListener.log Server version number: 9.0.89.0
19-Jun-2026 17:47:02.306 INFO [main] org.apache.catalina.startup.VersionLoggerListener.log OS Name:               Windows 11
19-Jun-2026 17:47:02.306 INFO [main] org.apache.catalina.startup.VersionLoggerListener.log OS Version:            10.0
19-Jun-2026 17:47:02.306 INFO [main] org.apache.catalina.startup.VersionLoggerListener.log Architecture:          amd64
19-Jun-2026 17:47:02.306 INFO [main] org.apache.catalina.startup.VersionLoggerListener.log Java Home:             C:\Temp\Programs\JavaStack\jdk-17.0.19+10
19-Jun-2026 17:47:02.306 INFO [main] org.apache.catalina.startup.VersionLoggerListener.log JVM Version:           17.0.19+10-LTS
19-Jun-2026 17:47:02.306 INFO [main] org.apache.catalina.startup.VersionLoggerListener.log JVM Vendor:            Microsoft
19-Jun-2026 17:47:02.306 INFO [main] org.apache.catalina.startup.VersionLoggerListener.log CATALINA_BASE:         C:\Temp\Tomcat_compartido
19-Jun-2026 17:47:02.306 INFO [main] org.apache.catalina.startup.VersionLoggerListener.log CATALINA_HOME:         C:\Temp\Programs\JavaStack\apache-tomcat-9.0.89
19-Jun-2026 17:47:02.323 INFO [main] org.apache.catalina.startup.VersionLoggerListener.log Command line argument: -Djava.util.logging.config.file=C:\Temp\Tomcat_compartido/conf/logging.properties
19-Jun-2026 17:47:02.323 INFO [main] org.apache.catalina.startup.VersionLoggerListener.log Command line argument: -Djava.util.logging.manager=org.apache.juli.ClassLoaderLogManager
19-Jun-2026 17:47:02.323 INFO [main] org.apache.catalina.startup.VersionLoggerListener.log Command line argument: -Djdk.tls.ephemeralDHKeySize=2048
19-Jun-2026 17:47:02.323 INFO [main] org.apache.catalina.startup.VersionLoggerListener.log Command line argument: -Djava.protocol.handler.pkgs=org.apache.catalina.webresources
19-Jun-2026 17:47:02.323 INFO [main] org.apache.catalina.startup.VersionLoggerListener.log Command line argument: -Dorg.apache.catalina.security.SecurityListener.UMASK=0027
19-Jun-2026 17:47:02.323 INFO [main] org.apache.catalina.startup.VersionLoggerListener.log Command line argument: -Dcatalina.base=C:\Temp\Tomcat_compartido
19-Jun-2026 17:47:02.323 INFO [main] org.apache.catalina.startup.VersionLoggerListener.log Command line argument: -Dcatalina.home=C:\Temp\Programs\JavaStack\apache-tomcat-9.0.89
19-Jun-2026 17:47:02.323 INFO [main] org.apache.catalina.startup.VersionLoggerListener.log Command line argument: -Djava.io.tmpdir=C:\Temp\Tomcat_compartido/temp
19-Jun-2026 17:47:02.334 INFO [main] org.apache.catalina.core.AprLifecycleListener.lifecycleEvent The Apache Tomcat Native library which allows using OpenSSL was not found on the java.library.path: [C:\Temp\Programs\JavaStack\jdk-17.0.19+10\bin;C:\WINDOWS\Sun\Java\bin;C:\WINDOWS\system32;C:\WINDOWS;C:\WINDOWS\system32;C:\WINDOWS;C:\WINDOWS\System32\Wbem;C:\WINDOWS\System32\WindowsPowerShell\v1.0\;C:\WINDOWS\System32\OpenSSH\;C:\Program Files\dotnet\;C:\Users\Aldoa\Desktop\Infor\bin;C:\Program Files\Microsoft SQL Server Migration Assistant for Access\bin\;C:\Users\Aldoa\OneDrive\Desktop\;C:\Program Files\Git\cmd;C:\Program Files\nodejs\;C:\Users\Aldoa\AppData\Local\Microsoft\WindowsApps;C:\Users\Aldoa\AppData\Local\Programs\Microsoft VS Code\bin;C:\Users\Aldoa\AppData\Local\Programs\cursor\resources\app\bin;C:\Users\Aldoa\AppData\Roaming\npm;C:\Temp\Programs\JavaStack\jdk-17.0.19+10\bin;C:\Temp\Programs\JavaStack\apache-maven-3.9.16\bin;;.]
19-Jun-2026 17:47:02.854 INFO [main] org.apache.coyote.AbstractProtocol.init Initializing ProtocolHandler ["http-nio-8082"]
19-Jun-2026 17:47:02.881 SEVERE [main] org.apache.catalina.util.LifecycleBase.handleSubClassException Failed to initialize component [Connector["http-nio-8082"]]
	org.apache.catalina.LifecycleException: Protocol handler initialization failed
		at org.apache.catalina.connector.Connector.initInternal(Connector.java:1012)
		at org.apache.catalina.util.LifecycleBase.init(LifecycleBase.java:127)
		at org.apache.catalina.core.StandardService.initInternal(StandardService.java:525)
		at org.apache.catalina.util.LifecycleBase.init(LifecycleBase.java:127)
		at org.apache.catalina.core.StandardServer.initInternal(StandardServer.java:990)
		at org.apache.catalina.util.LifecycleBase.init(LifecycleBase.java:127)
		at org.apache.catalina.startup.Catalina.load(Catalina.java:686)
		at org.apache.catalina.startup.Catalina.load(Catalina.java:709)
		at java.base/jdk.internal.reflect.NativeMethodAccessorImpl.invoke0(Native Method)
		at java.base/jdk.internal.reflect.NativeMethodAccessorImpl.invoke(NativeMethodAccessorImpl.java:77)
		at java.base/jdk.internal.reflect.DelegatingMethodAccessorImpl.invoke(DelegatingMethodAccessorImpl.java:43)
		at java.base/java.lang.reflect.Method.invoke(Method.java:569)
		at org.apache.catalina.startup.Bootstrap.load(Bootstrap.java:302)
		at org.apache.catalina.startup.Bootstrap.main(Bootstrap.java:472)
	Caused by: java.net.BindException: Address already in use: bind
		at java.base/sun.nio.ch.Net.bind0(Native Method)
		at java.base/sun.nio.ch.Net.bind(Net.java:567)
		at java.base/sun.nio.ch.ServerSocketChannelImpl.netBind(ServerSocketChannelImpl.java:337)
		at java.base/sun.nio.ch.ServerSocketChannelImpl.bind(ServerSocketChannelImpl.java:294)
		at org.apache.tomcat.util.net.NioEndpoint.initServerSocket(NioEndpoint.java:268)
		at org.apache.tomcat.util.net.NioEndpoint.bind(NioEndpoint.java:223)
		at org.apache.tomcat.util.net.AbstractEndpoint.bindWithCleanup(AbstractEndpoint.java:1355)
		at org.apache.tomcat.util.net.AbstractEndpoint.init(AbstractEndpoint.java:1368)
		at org.apache.coyote.AbstractProtocol.init(AbstractProtocol.java:654)
		at org.apache.coyote.http11.AbstractHttp11Protocol.init(AbstractHttp11Protocol.java:75)
		at org.apache.catalina.connector.Connector.initInternal(Connector.java:1010)
		... 13 more
19-Jun-2026 17:47:02.889 INFO [main] org.apache.catalina.startup.Catalina.load Server initialization in [892] milliseconds
19-Jun-2026 17:47:02.984 INFO [main] org.apache.catalina.core.StandardService.startInternal Starting service [Catalina]
19-Jun-2026 17:47:02.984 INFO [main] org.apache.catalina.core.StandardEngine.startInternal Starting Servlet engine: [Apache Tomcat/9.0.89]
19-Jun-2026 17:47:03.000 INFO [main] org.apache.catalina.startup.HostConfig.deployDirectory Deploying web application directory [C:\Temp\Tomcat_compartido\webapps\aerrigochan]
19-Jun-2026 17:47:03.878 INFO [main] org.apache.jasper.servlet.TldScanner.scanJars At least one JAR was scanned for TLDs yet contained no TLDs. Enable debug logging for this logger for a complete list of JARs that were scanned but no TLDs were found in them. Skipping unneeded JARs during scanning can improve startup time and JSP compilation time.
19-Jun-2026 17:47:03.979 INFO [main] org.apache.catalina.startup.HostConfig.deployDirectory Deployment of web application directory [C:\Temp\Tomcat_compartido\webapps\aerrigochan] has finished in [986] ms
19-Jun-2026 17:47:03.979 INFO [main] org.apache.catalina.startup.HostConfig.deployDirectory Deploying web application directory [C:\Temp\Tomcat_compartido\webapps\host-manager]
19-Jun-2026 17:47:04.542 INFO [main] org.apache.jasper.servlet.TldScanner.scanJars At least one JAR was scanned for TLDs yet contained no TLDs. Enable debug logging for this logger for a complete list of JARs that were scanned but no TLDs were found in them. Skipping unneeded JARs during scanning can improve startup time and JSP compilation time.
19-Jun-2026 17:47:04.562 INFO [main] org.apache.catalina.startup.HostConfig.deployDirectory Deployment of web application directory [C:\Temp\Tomcat_compartido\webapps\host-manager] has finished in [582] ms
19-Jun-2026 17:47:04.562 INFO [main] org.apache.catalina.startup.HostConfig.deployDirectory Deploying web application directory [C:\Temp\Tomcat_compartido\webapps\manager]
19-Jun-2026 17:47:05.123 INFO [main] org.apache.jasper.servlet.TldScanner.scanJars At least one JAR was scanned for TLDs yet contained no TLDs. Enable debug logging for this logger for a complete list of JARs that were scanned but no TLDs were found in them. Skipping unneeded JARs during scanning can improve startup time and JSP compilation time.
19-Jun-2026 17:47:05.130 INFO [main] org.apache.catalina.startup.HostConfig.deployDirectory Deployment of web application directory [C:\Temp\Tomcat_compartido\webapps\manager] has finished in [568] ms
19-Jun-2026 17:47:05.130 INFO [main] org.apache.catalina.startup.HostConfig.deployDirectory Deploying web application directory [C:\Temp\Tomcat_compartido\webapps\ROOT]
19-Jun-2026 17:47:05.664 INFO [main] org.apache.jasper.servlet.TldScanner.scanJars At least one JAR was scanned for TLDs yet contained no TLDs. Enable debug logging for this logger for a complete list of JARs that were scanned but no TLDs were found in them. Skipping unneeded JARs during scanning can improve startup time and JSP compilation time.
19-Jun-2026 17:47:05.674 INFO [main] org.apache.catalina.startup.HostConfig.deployDirectory Deployment of web application directory [C:\Temp\Tomcat_compartido\webapps\ROOT] has finished in [544] ms
19-Jun-2026 17:47:05.674 INFO [main] org.apache.catalina.startup.HostConfig.deployDirectory Deploying web application directory [C:\Temp\Tomcat_compartido\webapps\Servlet1]
19-Jun-2026 17:47:06.057 INFO [main] org.apache.jasper.servlet.TldScanner.scanJars At least one JAR was scanned for TLDs yet contained no TLDs. Enable debug logging for this logger for a complete list of JARs that were scanned but no TLDs were found in them. Skipping unneeded JARs during scanning can improve startup time and JSP compilation time.
19-Jun-2026 17:47:06.066 INFO [main] org.apache.catalina.startup.HostConfig.deployDirectory Deployment of web application directory [C:\Temp\Tomcat_compartido\webapps\Servlet1] has finished in [392] ms
19-Jun-2026 17:47:06.066 INFO [main] org.apache.catalina.startup.HostConfig.deployDirectory Deploying web application directory [C:\Temp\Tomcat_compartido\webapps\test-r1-v2]
19-Jun-2026 17:47:06.386 INFO [main] org.apache.jasper.servlet.TldScanner.scanJars At least one JAR was scanned for TLDs yet contained no TLDs. Enable debug logging for this logger for a complete list of JARs that were scanned but no TLDs were found in them. Skipping unneeded JARs during scanning can improve startup time and JSP compilation time.
19-Jun-2026 17:47:06.399 INFO [main] org.apache.catalina.startup.HostConfig.deployDirectory Deployment of web application directory [C:\Temp\Tomcat_compartido\webapps\test-r1-v2] has finished in [333] ms
19-Jun-2026 17:47:06.399 INFO [main] org.apache.catalina.startup.HostConfig.deployDirectory Deploying web application directory [C:\Temp\Tomcat_compartido\webapps\trabajogr]
19-Jun-2026 17:47:06.875 INFO [main] org.apache.jasper.servlet.TldScanner.scanJars At least one JAR was scanned for TLDs yet contained no TLDs. Enable debug logging for this logger for a complete list of JARs that were scanned but no TLDs were found in them. Skipping unneeded JARs during scanning can improve startup time and JSP compilation time.
19-Jun-2026 17:47:06.878 INFO [main] org.apache.catalina.startup.HostConfig.deployDirectory Deployment of web application directory [C:\Temp\Tomcat_compartido\webapps\trabajogr] has finished in [479] ms
19-Jun-2026 17:47:06.887 INFO [main] org.apache.catalina.startup.Catalina.start Server startup in [3996] milliseconds
19-Jun-2026 17:47:06.898 SEVERE [main] org.apache.catalina.core.StandardServer.await Failed to create server shutdown socket on address [localhost] and port [8005] (base port [8005] and offset [0])
	java.net.BindException: Address already in use: bind
		at java.base/sun.nio.ch.Net.bind0(Native Method)
		at java.base/sun.nio.ch.Net.bind(Net.java:567)
		at java.base/sun.nio.ch.Net.bind(Net.java:556)
		at java.base/sun.nio.ch.NioSocketImpl.bind(NioSocketImpl.java:648)
		at java.base/java.net.ServerSocket.bind(ServerSocket.java:388)
		at java.base/java.net.ServerSocket.<init>(ServerSocket.java:274)
		at org.apache.catalina.core.StandardServer.await(StandardServer.java:541)
		at org.apache.catalina.startup.Catalina.await(Catalina.java:825)
		at org.apache.catalina.startup.Catalina.start(Catalina.java:773)
		at java.base/jdk.internal.reflect.NativeMethodAccessorImpl.invoke0(Native Method)
		at java.base/jdk.internal.reflect.NativeMethodAccessorImpl.invoke(NativeMethodAccessorImpl.java:77)
		at java.base/jdk.internal.reflect.DelegatingMethodAccessorImpl.invoke(DelegatingMethodAccessorImpl.java:43)
		at java.base/java.lang.reflect.Method.invoke(Method.java:569)
		at org.apache.catalina.startup.Bootstrap.start(Bootstrap.java:345)
		at org.apache.catalina.startup.Bootstrap.main(Bootstrap.java:473)
19-Jun-2026 17:47:06.898 INFO [main] org.apache.coyote.AbstractProtocol.pause Pausing ProtocolHandler ["http-nio-8082"]
19-Jun-2026 17:47:06.898 INFO [main] org.apache.catalina.core.StandardService.stopInternal Stopping service [Catalina]
19-Jun-2026 17:47:06.908 WARNING [main] org.apache.catalina.loader.WebappClassLoaderBase.clearReferencesObjectStreamClassCaches When running on Java 9 or later you need to add "--add-opens=java.base/java.io=ALL-UNNAMED" to the JVM command line arguments to enable ObjectStream cache memory leak protection. Alternatively, you can suppress this warning by disabling ObjectStream class cache memory leak protection.
19-Jun-2026 17:47:06.908 WARNING [main] org.apache.catalina.loader.WebappClassLoaderBase.checkThreadLocalsForLeaks When running on Java 9 or later you need to add "--add-opens=java.base/java.lang=ALL-UNNAMED" to the JVM command line arguments to enable ThreadLocal memory leak detection. Alternatively, you can suppress this warning by disabling ThreadLocal memory leak detection.
19-Jun-2026 17:47:06.908 WARNING [main] org.apache.catalina.loader.WebappClassLoaderBase.clearReferencesRmiTargets When running on Java 9 or later you need to add "--add-opens=java.rmi/sun.rmi.transport=ALL-UNNAMED" to the JVM command line arguments to enable RMI Target memory leak detection. Alternatively, you can suppress this warning by disabling RMI Target memory leak detection.
19-Jun-2026 17:47:06.915 WARNING [main] org.apache.catalina.loader.WebappClassLoaderBase.clearReferencesObjectStreamClassCaches When running on Java 9 or later you need to add "--add-opens=java.base/java.io=ALL-UNNAMED" to the JVM command line arguments to enable ObjectStream cache memory leak protection. Alternatively, you can suppress this warning by disabling ObjectStream class cache memory leak protection.
19-Jun-2026 17:47:06.917 WARNING [main] org.apache.catalina.loader.WebappClassLoaderBase.checkThreadLocalsForLeaks When running on Java 9 or later you need to add "--add-opens=java.base/java.lang=ALL-UNNAMED" to the JVM command line arguments to enable ThreadLocal memory leak detection. Alternatively, you can suppress this warning by disabling ThreadLocal memory leak detection.
19-Jun-2026 17:47:06.917 WARNING [main] org.apache.catalina.loader.WebappClassLoaderBase.clearReferencesRmiTargets When running on Java 9 or later you need to add "--add-opens=java.rmi/sun.rmi.transport=ALL-UNNAMED" to the JVM command line arguments to enable RMI Target memory leak detection. Alternatively, you can suppress this warning by disabling RMI Target memory leak detection.
19-Jun-2026 17:47:06.923 WARNING [main] org.apache.catalina.loader.WebappClassLoaderBase.clearReferencesObjectStreamClassCaches When running on Java 9 or later you need to add "--add-opens=java.base/java.io=ALL-UNNAMED" to the JVM command line arguments to enable ObjectStream cache memory leak protection. Alternatively, you can suppress this warning by disabling ObjectStream class cache memory leak protection.
19-Jun-2026 17:47:06.923 WARNING [main] org.apache.catalina.loader.WebappClassLoaderBase.checkThreadLocalsForLeaks When running on Java 9 or later you need to add "--add-opens=java.base/java.lang=ALL-UNNAMED" to the JVM command line arguments to enable ThreadLocal memory leak detection. Alternatively, you can suppress this warning by disabling ThreadLocal memory leak detection.
19-Jun-2026 17:47:06.923 WARNING [main] org.apache.catalina.loader.WebappClassLoaderBase.clearReferencesRmiTargets When running on Java 9 or later you need to add "--add-opens=java.rmi/sun.rmi.transport=ALL-UNNAMED" to the JVM command line arguments to enable RMI Target memory leak detection. Alternatively, you can suppress this warning by disabling RMI Target memory leak detection.
19-Jun-2026 17:47:06.927 WARNING [main] org.apache.catalina.loader.WebappClassLoaderBase.clearReferencesObjectStreamClassCaches When running on Java 9 or later you need to add "--add-opens=java.base/java.io=ALL-UNNAMED" to the JVM command line arguments to enable ObjectStream cache memory leak protection. Alternatively, you can suppress this warning by disabling ObjectStream class cache memory leak protection.
19-Jun-2026 17:47:06.927 WARNING [main] org.apache.catalina.loader.WebappClassLoaderBase.checkThreadLocalsForLeaks When running on Java 9 or later you need to add "--add-opens=java.base/java.lang=ALL-UNNAMED" to the JVM command line arguments to enable ThreadLocal memory leak detection. Alternatively, you can suppress this warning by disabling ThreadLocal memory leak detection.
19-Jun-2026 17:47:06.927 WARNING [main] org.apache.catalina.loader.WebappClassLoaderBase.clearReferencesRmiTargets When running on Java 9 or later you need to add "--add-opens=java.rmi/sun.rmi.transport=ALL-UNNAMED" to the JVM command line arguments to enable RMI Target memory leak detection. Alternatively, you can suppress this warning by disabling RMI Target memory leak detection.
19-Jun-2026 17:47:06.931 WARNING [main] org.apache.catalina.loader.WebappClassLoaderBase.clearReferencesObjectStreamClassCaches When running on Java 9 or later you need to add "--add-opens=java.base/java.io=ALL-UNNAMED" to the JVM command line arguments to enable ObjectStream cache memory leak protection. Alternatively, you can suppress this warning by disabling ObjectStream class cache memory leak protection.
19-Jun-2026 17:47:06.931 WARNING [main] org.apache.catalina.loader.WebappClassLoaderBase.checkThreadLocalsForLeaks When running on Java 9 or later you need to add "--add-opens=java.base/java.lang=ALL-UNNAMED" to the JVM command line arguments to enable ThreadLocal memory leak detection. Alternatively, you can suppress this warning by disabling ThreadLocal memory leak detection.
19-Jun-2026 17:47:06.931 WARNING [main] org.apache.catalina.loader.WebappClassLoaderBase.clearReferencesRmiTargets When running on Java 9 or later you need to add "--add-opens=java.rmi/sun.rmi.transport=ALL-UNNAMED" to the JVM command line arguments to enable RMI Target memory leak detection. Alternatively, you can suppress this warning by disabling RMI Target memory leak detection.
19-Jun-2026 17:47:06.940 WARNING [main] org.apache.catalina.loader.WebappClassLoaderBase.clearReferencesObjectStreamClassCaches When running on Java 9 or later you need to add "--add-opens=java.base/java.io=ALL-UNNAMED" to the JVM command line arguments to enable ObjectStream cache memory leak protection. Alternatively, you can suppress this warning by disabling ObjectStream class cache memory leak protection.
19-Jun-2026 17:47:06.940 WARNING [main] org.apache.catalina.loader.WebappClassLoaderBase.checkThreadLocalsForLeaks When running on Java 9 or later you need to add "--add-opens=java.base/java.lang=ALL-UNNAMED" to the JVM command line arguments to enable ThreadLocal memory leak detection. Alternatively, you can suppress this warning by disabling ThreadLocal memory leak detection.
19-Jun-2026 17:47:06.940 WARNING [main] org.apache.catalina.loader.WebappClassLoaderBase.clearReferencesRmiTargets When running on Java 9 or later you need to add "--add-opens=java.rmi/sun.rmi.transport=ALL-UNNAMED" to the JVM command line arguments to enable RMI Target memory leak detection. Alternatively, you can suppress this warning by disabling RMI Target memory leak detection.
19-Jun-2026 17:47:06.940 WARNING [main] org.apache.catalina.loader.WebappClassLoaderBase.clearReferencesObjectStreamClassCaches When running on Java 9 or later you need to add "--add-opens=java.base/java.io=ALL-UNNAMED" to the JVM command line arguments to enable ObjectStream cache memory leak protection. Alternatively, you can suppress this warning by disabling ObjectStream class cache memory leak protection.
19-Jun-2026 17:47:06.940 WARNING [main] org.apache.catalina.loader.WebappClassLoaderBase.checkThreadLocalsForLeaks When running on Java 9 or later you need to add "--add-opens=java.base/java.lang=ALL-UNNAMED" to the JVM command line arguments to enable ThreadLocal memory leak detection. Alternatively, you can suppress this warning by disabling ThreadLocal memory leak detection.
19-Jun-2026 17:47:06.940 WARNING [main] org.apache.catalina.loader.WebappClassLoaderBase.clearReferencesRmiTargets When running on Java 9 or later you need to add "--add-opens=java.rmi/sun.rmi.transport=ALL-UNNAMED" to the JVM command line arguments to enable RMI Target memory leak detection. Alternatively, you can suppress this warning by disabling RMI Target memory leak detection.
19-Jun-2026 17:47:06.952 INFO [main] org.apache.coyote.AbstractProtocol.stop Stopping ProtocolHandler ["http-nio-8082"]
19-Jun-2026 17:47:06.954 INFO [main] org.apache.coyote.AbstractProtocol.destroy Destroying ProtocolHandler ["http-nio-8082"]
19-Jun-2026 17:47:46.459 INFO [main] org.apache.catalina.startup.VersionLoggerListener.log Server version name:   Apache Tomcat/9.0.89
19-Jun-2026 17:47:46.469 INFO [main] org.apache.catalina.startup.VersionLoggerListener.log Server built:          May 3 2024 20:22:11 UTC
19-Jun-2026 17:47:46.469 INFO [main] org.apache.catalina.startup.VersionLoggerListener.log Server version number: 9.0.89.0
19-Jun-2026 17:47:46.469 INFO [main] org.apache.catalina.startup.VersionLoggerListener.log OS Name:               Windows 11
19-Jun-2026 17:47:46.469 INFO [main] org.apache.catalina.startup.VersionLoggerListener.log OS Version:            10.0
19-Jun-2026 17:47:46.469 INFO [main] org.apache.catalina.startup.VersionLoggerListener.log Architecture:          amd64
19-Jun-2026 17:47:46.469 INFO [main] org.apache.catalina.startup.VersionLoggerListener.log Java Home:             C:\Temp\Programs\JavaStack\jdk-17.0.19+10
19-Jun-2026 17:47:46.469 INFO [main] org.apache.catalina.startup.VersionLoggerListener.log JVM Version:           17.0.19+10-LTS
19-Jun-2026 17:47:46.469 INFO [main] org.apache.catalina.startup.VersionLoggerListener.log JVM Vendor:            Microsoft
19-Jun-2026 17:47:46.469 INFO [main] org.apache.catalina.startup.VersionLoggerListener.log CATALINA_BASE:         C:\Temp\Tomcat_compartido
19-Jun-2026 17:47:46.469 INFO [main] org.apache.catalina.startup.VersionLoggerListener.log CATALINA_HOME:         C:\Temp\Programs\JavaStack\apache-tomcat-9.0.89
19-Jun-2026 17:47:46.487 INFO [main] org.apache.catalina.startup.VersionLoggerListener.log Command line argument: -Djava.util.logging.config.file=C:\Temp\Tomcat_compartido/conf/logging.properties
19-Jun-2026 17:47:46.487 INFO [main] org.apache.catalina.startup.VersionLoggerListener.log Command line argument: -Djava.util.logging.manager=org.apache.juli.ClassLoaderLogManager
19-Jun-2026 17:47:46.487 INFO [main] org.apache.catalina.startup.VersionLoggerListener.log Command line argument: -Djdk.tls.ephemeralDHKeySize=2048
19-Jun-2026 17:47:46.487 INFO [main] org.apache.catalina.startup.VersionLoggerListener.log Command line argument: -Djava.protocol.handler.pkgs=org.apache.catalina.webresources
19-Jun-2026 17:47:46.487 INFO [main] org.apache.catalina.startup.VersionLoggerListener.log Command line argument: -Dorg.apache.catalina.security.SecurityListener.UMASK=0027
19-Jun-2026 17:47:46.487 INFO [main] org.apache.catalina.startup.VersionLoggerListener.log Command line argument: -Dcatalina.base=C:\Temp\Tomcat_compartido
19-Jun-2026 17:47:46.487 INFO [main] org.apache.catalina.startup.VersionLoggerListener.log Command line argument: -Dcatalina.home=C:\Temp\Programs\JavaStack\apache-tomcat-9.0.89
19-Jun-2026 17:47:46.487 INFO [main] org.apache.catalina.startup.VersionLoggerListener.log Command line argument: -Djava.io.tmpdir=C:\Temp\Tomcat_compartido/temp
19-Jun-2026 17:47:46.493 INFO [main] org.apache.catalina.core.AprLifecycleListener.lifecycleEvent The Apache Tomcat Native library which allows using OpenSSL was not found on the java.library.path: [C:\Temp\Programs\JavaStack\jdk-17.0.19+10\bin;C:\WINDOWS\Sun\Java\bin;C:\WINDOWS\system32;C:\WINDOWS;C:\WINDOWS\system32;C:\WINDOWS;C:\WINDOWS\System32\Wbem;C:\WINDOWS\System32\WindowsPowerShell\v1.0\;C:\WINDOWS\System32\OpenSSH\;C:\Program Files\dotnet\;C:\Users\Aldoa\Desktop\Infor\bin;C:\Program Files\Microsoft SQL Server Migration Assistant for Access\bin\;C:\Users\Aldoa\OneDrive\Desktop\;C:\Program Files\Git\cmd;C:\Program Files\nodejs\;C:\Users\Aldoa\AppData\Local\Microsoft\WindowsApps;C:\Users\Aldoa\AppData\Local\Programs\Microsoft VS Code\bin;C:\Users\Aldoa\AppData\Local\Programs\cursor\resources\app\bin;C:\Users\Aldoa\AppData\Roaming\npm;C:\Temp\Programs\JavaStack\jdk-17.0.19+10\bin;C:\Temp\Programs\JavaStack\apache-maven-3.9.16\bin;;.]
19-Jun-2026 17:47:46.813 INFO [main] org.apache.coyote.AbstractProtocol.init Initializing ProtocolHandler ["http-nio-8082"]
19-Jun-2026 17:47:46.836 SEVERE [main] org.apache.catalina.util.LifecycleBase.handleSubClassException Failed to initialize component [Connector["http-nio-8082"]]
	org.apache.catalina.LifecycleException: Protocol handler initialization failed
		at org.apache.catalina.connector.Connector.initInternal(Connector.java:1012)
		at org.apache.catalina.util.LifecycleBase.init(LifecycleBase.java:127)
		at org.apache.catalina.core.StandardService.initInternal(StandardService.java:525)
		at org.apache.catalina.util.LifecycleBase.init(LifecycleBase.java:127)
		at org.apache.catalina.core.StandardServer.initInternal(StandardServer.java:990)
		at org.apache.catalina.util.LifecycleBase.init(LifecycleBase.java:127)
		at org.apache.catalina.startup.Catalina.load(Catalina.java:686)
		at org.apache.catalina.startup.Catalina.load(Catalina.java:709)
		at java.base/jdk.internal.reflect.NativeMethodAccessorImpl.invoke0(Native Method)
		at java.base/jdk.internal.reflect.NativeMethodAccessorImpl.invoke(NativeMethodAccessorImpl.java:77)
		at java.base/jdk.internal.reflect.DelegatingMethodAccessorImpl.invoke(DelegatingMethodAccessorImpl.java:43)
		at java.base/java.lang.reflect.Method.invoke(Method.java:569)
		at org.apache.catalina.startup.Bootstrap.load(Bootstrap.java:302)
		at org.apache.catalina.startup.Bootstrap.main(Bootstrap.java:472)
	Caused by: java.net.BindException: Address already in use: bind
		at java.base/sun.nio.ch.Net.bind0(Native Method)
		at java.base/sun.nio.ch.Net.bind(Net.java:567)
		at java.base/sun.nio.ch.ServerSocketChannelImpl.netBind(ServerSocketChannelImpl.java:337)
		at java.base/sun.nio.ch.ServerSocketChannelImpl.bind(ServerSocketChannelImpl.java:294)
		at org.apache.tomcat.util.net.NioEndpoint.initServerSocket(NioEndpoint.java:268)
		at org.apache.tomcat.util.net.NioEndpoint.bind(NioEndpoint.java:223)
		at org.apache.tomcat.util.net.AbstractEndpoint.bindWithCleanup(AbstractEndpoint.java:1355)
		at org.apache.tomcat.util.net.AbstractEndpoint.init(AbstractEndpoint.java:1368)
		at org.apache.coyote.AbstractProtocol.init(AbstractProtocol.java:654)
		at org.apache.coyote.http11.AbstractHttp11Protocol.init(AbstractHttp11Protocol.java:75)
		at org.apache.catalina.connector.Connector.initInternal(Connector.java:1010)
		... 13 more
19-Jun-2026 17:47:46.839 INFO [main] org.apache.catalina.startup.Catalina.load Server initialization in [592] milliseconds
19-Jun-2026 17:47:46.908 INFO [main] org.apache.catalina.core.StandardService.startInternal Starting service [Catalina]
19-Jun-2026 17:47:46.908 INFO [main] org.apache.catalina.core.StandardEngine.startInternal Starting Servlet engine: [Apache Tomcat/9.0.89]
19-Jun-2026 17:47:46.919 INFO [main] org.apache.catalina.startup.HostConfig.deployDirectory Deploying web application directory [C:\Temp\Tomcat_compartido\webapps\aerrigochan]
19-Jun-2026 17:47:47.632 INFO [main] org.apache.jasper.servlet.TldScanner.scanJars At least one JAR was scanned for TLDs yet contained no TLDs. Enable debug logging for this logger for a complete list of JARs that were scanned but no TLDs were found in them. Skipping unneeded JARs during scanning can improve startup time and JSP compilation time.
19-Jun-2026 17:47:47.734 INFO [main] org.apache.catalina.startup.HostConfig.deployDirectory Deployment of web application directory [C:\Temp\Tomcat_compartido\webapps\aerrigochan] has finished in [815] ms
19-Jun-2026 17:47:47.734 INFO [main] org.apache.catalina.startup.HostConfig.deployDirectory Deploying web application directory [C:\Temp\Tomcat_compartido\webapps\host-manager]
19-Jun-2026 17:47:48.070 INFO [main] org.apache.jasper.servlet.TldScanner.scanJars At least one JAR was scanned for TLDs yet contained no TLDs. Enable debug logging for this logger for a complete list of JARs that were scanned but no TLDs were found in them. Skipping unneeded JARs during scanning can improve startup time and JSP compilation time.
19-Jun-2026 17:47:48.094 INFO [main] org.apache.catalina.startup.HostConfig.deployDirectory Deployment of web application directory [C:\Temp\Tomcat_compartido\webapps\host-manager] has finished in [360] ms
19-Jun-2026 17:47:48.096 INFO [main] org.apache.catalina.startup.HostConfig.deployDirectory Deploying web application directory [C:\Temp\Tomcat_compartido\webapps\manager]
19-Jun-2026 17:47:48.423 INFO [main] org.apache.jasper.servlet.TldScanner.scanJars At least one JAR was scanned for TLDs yet contained no TLDs. Enable debug logging for this logger for a complete list of JARs that were scanned but no TLDs were found in them. Skipping unneeded JARs during scanning can improve startup time and JSP compilation time.
19-Jun-2026 17:47:48.429 INFO [main] org.apache.catalina.startup.HostConfig.deployDirectory Deployment of web application directory [C:\Temp\Tomcat_compartido\webapps\manager] has finished in [333] ms
19-Jun-2026 17:47:48.429 INFO [main] org.apache.catalina.startup.HostConfig.deployDirectory Deploying web application directory [C:\Temp\Tomcat_compartido\webapps\ROOT]
19-Jun-2026 17:47:48.829 INFO [main] org.apache.jasper.servlet.TldScanner.scanJars At least one JAR was scanned for TLDs yet contained no TLDs. Enable debug logging for this logger for a complete list of JARs that were scanned but no TLDs were found in them. Skipping unneeded JARs during scanning can improve startup time and JSP compilation time.
19-Jun-2026 17:47:48.835 INFO [main] org.apache.catalina.startup.HostConfig.deployDirectory Deployment of web application directory [C:\Temp\Tomcat_compartido\webapps\ROOT] has finished in [406] ms
19-Jun-2026 17:47:48.836 INFO [main] org.apache.catalina.startup.HostConfig.deployDirectory Deploying web application directory [C:\Temp\Tomcat_compartido\webapps\Servlet1]
19-Jun-2026 17:47:49.190 INFO [main] org.apache.jasper.servlet.TldScanner.scanJars At least one JAR was scanned for TLDs yet contained no TLDs. Enable debug logging for this logger for a complete list of JARs that were scanned but no TLDs were found in them. Skipping unneeded JARs during scanning can improve startup time and JSP compilation time.
19-Jun-2026 17:47:49.198 INFO [main] org.apache.catalina.startup.HostConfig.deployDirectory Deployment of web application directory [C:\Temp\Tomcat_compartido\webapps\Servlet1] has finished in [361] ms
19-Jun-2026 17:47:49.198 INFO [main] org.apache.catalina.startup.HostConfig.deployDirectory Deploying web application directory [C:\Temp\Tomcat_compartido\webapps\test-r1-v2]
19-Jun-2026 17:47:49.505 INFO [main] org.apache.jasper.servlet.TldScanner.scanJars At least one JAR was scanned for TLDs yet contained no TLDs. Enable debug logging for this logger for a complete list of JARs that were scanned but no TLDs were found in them. Skipping unneeded JARs during scanning can improve startup time and JSP compilation time.
19-Jun-2026 17:47:49.516 INFO [main] org.apache.catalina.startup.HostConfig.deployDirectory Deployment of web application directory [C:\Temp\Tomcat_compartido\webapps\test-r1-v2] has finished in [318] ms
19-Jun-2026 17:47:49.516 INFO [main] org.apache.catalina.startup.HostConfig.deployDirectory Deploying web application directory [C:\Temp\Tomcat_compartido\webapps\trabajogr]
19-Jun-2026 17:47:49.926 INFO [main] org.apache.jasper.servlet.TldScanner.scanJars At least one JAR was scanned for TLDs yet contained no TLDs. Enable debug logging for this logger for a complete list of JARs that were scanned but no TLDs were found in them. Skipping unneeded JARs during scanning can improve startup time and JSP compilation time.
19-Jun-2026 17:47:49.929 INFO [main] org.apache.catalina.startup.HostConfig.deployDirectory Deployment of web application directory [C:\Temp\Tomcat_compartido\webapps\trabajogr] has finished in [413] ms
19-Jun-2026 17:47:49.935 INFO [main] org.apache.catalina.startup.Catalina.start Server startup in [3097] milliseconds
19-Jun-2026 17:47:49.947 SEVERE [main] org.apache.catalina.core.StandardServer.await Failed to create server shutdown socket on address [localhost] and port [8005] (base port [8005] and offset [0])
	java.net.BindException: Address already in use: bind
		at java.base/sun.nio.ch.Net.bind0(Native Method)
		at java.base/sun.nio.ch.Net.bind(Net.java:567)
		at java.base/sun.nio.ch.Net.bind(Net.java:556)
		at java.base/sun.nio.ch.NioSocketImpl.bind(NioSocketImpl.java:648)
		at java.base/java.net.ServerSocket.bind(ServerSocket.java:388)
		at java.base/java.net.ServerSocket.<init>(ServerSocket.java:274)
		at org.apache.catalina.core.StandardServer.await(StandardServer.java:541)
		at org.apache.catalina.startup.Catalina.await(Catalina.java:825)
		at org.apache.catalina.startup.Catalina.start(Catalina.java:773)
		at java.base/jdk.internal.reflect.NativeMethodAccessorImpl.invoke0(Native Method)
		at java.base/jdk.internal.reflect.NativeMethodAccessorImpl.invoke(NativeMethodAccessorImpl.java:77)
		at java.base/jdk.internal.reflect.DelegatingMethodAccessorImpl.invoke(DelegatingMethodAccessorImpl.java:43)
		at java.base/java.lang.reflect.Method.invoke(Method.java:569)
		at org.apache.catalina.startup.Bootstrap.start(Bootstrap.java:345)
		at org.apache.catalina.startup.Bootstrap.main(Bootstrap.java:473)
19-Jun-2026 17:47:49.947 INFO [main] org.apache.coyote.AbstractProtocol.pause Pausing ProtocolHandler ["http-nio-8082"]
19-Jun-2026 17:47:49.947 INFO [main] org.apache.catalina.core.StandardService.stopInternal Stopping service [Catalina]
19-Jun-2026 17:47:49.950 WARNING [main] org.apache.catalina.loader.WebappClassLoaderBase.clearReferencesObjectStreamClassCaches When running on Java 9 or later you need to add "--add-opens=java.base/java.io=ALL-UNNAMED" to the JVM command line arguments to enable ObjectStream cache memory leak protection. Alternatively, you can suppress this warning by disabling ObjectStream class cache memory leak protection.
19-Jun-2026 17:47:49.950 WARNING [main] org.apache.catalina.loader.WebappClassLoaderBase.checkThreadLocalsForLeaks When running on Java 9 or later you need to add "--add-opens=java.base/java.lang=ALL-UNNAMED" to the JVM command line arguments to enable ThreadLocal memory leak detection. Alternatively, you can suppress this warning by disabling ThreadLocal memory leak detection.
19-Jun-2026 17:47:49.958 WARNING [main] org.apache.catalina.loader.WebappClassLoaderBase.clearReferencesRmiTargets When running on Java 9 or later you need to add "--add-opens=java.rmi/sun.rmi.transport=ALL-UNNAMED" to the JVM command line arguments to enable RMI Target memory leak detection. Alternatively, you can suppress this warning by disabling RMI Target memory leak detection.
19-Jun-2026 17:47:49.967 WARNING [main] org.apache.catalina.loader.WebappClassLoaderBase.clearReferencesObjectStreamClassCaches When running on Java 9 or later you need to add "--add-opens=java.base/java.io=ALL-UNNAMED" to the JVM command line arguments to enable ObjectStream cache memory leak protection. Alternatively, you can suppress this warning by disabling ObjectStream class cache memory leak protection.
19-Jun-2026 17:47:49.967 WARNING [main] org.apache.catalina.loader.WebappClassLoaderBase.checkThreadLocalsForLeaks When running on Java 9 or later you need to add "--add-opens=java.base/java.lang=ALL-UNNAMED" to the JVM command line arguments to enable ThreadLocal memory leak detection. Alternatively, you can suppress this warning by disabling ThreadLocal memory leak detection.
19-Jun-2026 17:47:49.967 WARNING [main] org.apache.catalina.loader.WebappClassLoaderBase.clearReferencesRmiTargets When running on Java 9 or later you need to add "--add-opens=java.rmi/sun.rmi.transport=ALL-UNNAMED" to the JVM command line arguments to enable RMI Target memory leak detection. Alternatively, you can suppress this warning by disabling RMI Target memory leak detection.
19-Jun-2026 17:47:49.967 WARNING [main] org.apache.catalina.loader.WebappClassLoaderBase.clearReferencesObjectStreamClassCaches When running on Java 9 or later you need to add "--add-opens=java.base/java.io=ALL-UNNAMED" to the JVM command line arguments to enable ObjectStream cache memory leak protection. Alternatively, you can suppress this warning by disabling ObjectStream class cache memory leak protection.
19-Jun-2026 17:47:49.967 WARNING [main] org.apache.catalina.loader.WebappClassLoaderBase.checkThreadLocalsForLeaks When running on Java 9 or later you need to add "--add-opens=java.base/java.lang=ALL-UNNAMED" to the JVM command line arguments to enable ThreadLocal memory leak detection. Alternatively, you can suppress this warning by disabling ThreadLocal memory leak detection.
19-Jun-2026 17:47:49.967 WARNING [main] org.apache.catalina.loader.WebappClassLoaderBase.clearReferencesRmiTargets When running on Java 9 or later you need to add "--add-opens=java.rmi/sun.rmi.transport=ALL-UNNAMED" to the JVM command line arguments to enable RMI Target memory leak detection. Alternatively, you can suppress this warning by disabling RMI Target memory leak detection.
19-Jun-2026 17:47:49.979 WARNING [main] org.apache.catalina.loader.WebappClassLoaderBase.clearReferencesObjectStreamClassCaches When running on Java 9 or later you need to add "--add-opens=java.base/java.io=ALL-UNNAMED" to the JVM command line arguments to enable ObjectStream cache memory leak protection. Alternatively, you can suppress this warning by disabling ObjectStream class cache memory leak protection.
19-Jun-2026 17:47:49.979 WARNING [main] org.apache.catalina.loader.WebappClassLoaderBase.checkThreadLocalsForLeaks When running on Java 9 or later you need to add "--add-opens=java.base/java.lang=ALL-UNNAMED" to the JVM command line arguments to enable ThreadLocal memory leak detection. Alternatively, you can suppress this warning by disabling ThreadLocal memory leak detection.
19-Jun-2026 17:47:49.979 WARNING [main] org.apache.catalina.loader.WebappClassLoaderBase.clearReferencesRmiTargets When running on Java 9 or later you need to add "--add-opens=java.rmi/sun.rmi.transport=ALL-UNNAMED" to the JVM command line arguments to enable RMI Target memory leak detection. Alternatively, you can suppress this warning by disabling RMI Target memory leak detection.
19-Jun-2026 17:47:49.984 WARNING [main] org.apache.catalina.loader.WebappClassLoaderBase.clearReferencesObjectStreamClassCaches When running on Java 9 or later you need to add "--add-opens=java.base/java.io=ALL-UNNAMED" to the JVM command line arguments to enable ObjectStream cache memory leak protection. Alternatively, you can suppress this warning by disabling ObjectStream class cache memory leak protection.
19-Jun-2026 17:47:49.984 WARNING [main] org.apache.catalina.loader.WebappClassLoaderBase.checkThreadLocalsForLeaks When running on Java 9 or later you need to add "--add-opens=java.base/java.lang=ALL-UNNAMED" to the JVM command line arguments to enable ThreadLocal memory leak detection. Alternatively, you can suppress this warning by disabling ThreadLocal memory leak detection.
19-Jun-2026 17:47:49.984 WARNING [main] org.apache.catalina.loader.WebappClassLoaderBase.clearReferencesRmiTargets When running on Java 9 or later you need to add "--add-opens=java.rmi/sun.rmi.transport=ALL-UNNAMED" to the JVM command line arguments to enable RMI Target memory leak detection. Alternatively, you can suppress this warning by disabling RMI Target memory leak detection.
19-Jun-2026 17:47:49.990 WARNING [main] org.apache.catalina.loader.WebappClassLoaderBase.clearReferencesObjectStreamClassCaches When running on Java 9 or later you need to add "--add-opens=java.base/java.io=ALL-UNNAMED" to the JVM command line arguments to enable ObjectStream cache memory leak protection. Alternatively, you can suppress this warning by disabling ObjectStream class cache memory leak protection.
19-Jun-2026 17:47:49.990 WARNING [main] org.apache.catalina.loader.WebappClassLoaderBase.checkThreadLocalsForLeaks When running on Java 9 or later you need to add "--add-opens=java.base/java.lang=ALL-UNNAMED" to the JVM command line arguments to enable ThreadLocal memory leak detection. Alternatively, you can suppress this warning by disabling ThreadLocal memory leak detection.
19-Jun-2026 17:47:49.990 WARNING [main] org.apache.catalina.loader.WebappClassLoaderBase.clearReferencesRmiTargets When running on Java 9 or later you need to add "--add-opens=java.rmi/sun.rmi.transport=ALL-UNNAMED" to the JVM command line arguments to enable RMI Target memory leak detection. Alternatively, you can suppress this warning by disabling RMI Target memory leak detection.
19-Jun-2026 17:47:49.994 WARNING [main] org.apache.catalina.loader.WebappClassLoaderBase.clearReferencesObjectStreamClassCaches When running on Java 9 or later you need to add "--add-opens=java.base/java.io=ALL-UNNAMED" to the JVM command line arguments to enable ObjectStream cache memory leak protection. Alternatively, you can suppress this warning by disabling ObjectStream class cache memory leak protection.
19-Jun-2026 17:47:49.994 WARNING [main] org.apache.catalina.loader.WebappClassLoaderBase.checkThreadLocalsForLeaks When running on Java 9 or later you need to add "--add-opens=java.base/java.lang=ALL-UNNAMED" to the JVM command line arguments to enable ThreadLocal memory leak detection. Alternatively, you can suppress this warning by disabling ThreadLocal memory leak detection.
19-Jun-2026 17:47:49.996 WARNING [main] org.apache.catalina.loader.WebappClassLoaderBase.clearReferencesRmiTargets When running on Java 9 or later you need to add "--add-opens=java.rmi/sun.rmi.transport=ALL-UNNAMED" to the JVM command line arguments to enable RMI Target memory leak detection. Alternatively, you can suppress this warning by disabling RMI Target memory leak detection.
19-Jun-2026 17:47:49.996 INFO [main] org.apache.coyote.AbstractProtocol.stop Stopping ProtocolHandler ["http-nio-8082"]
19-Jun-2026 17:47:49.999 INFO [main] org.apache.coyote.AbstractProtocol.destroy Destroying ProtocolHandler ["http-nio-8082"]
19-Jun-2026 17:47:56.716 INFO [main] org.apache.catalina.startup.VersionLoggerListener.log Server version name:   Apache Tomcat/9.0.89
19-Jun-2026 17:47:56.724 INFO [main] org.apache.catalina.startup.VersionLoggerListener.log Server built:          May 3 2024 20:22:11 UTC
19-Jun-2026 17:47:56.724 INFO [main] org.apache.catalina.startup.VersionLoggerListener.log Server version number: 9.0.89.0
19-Jun-2026 17:47:56.724 INFO [main] org.apache.catalina.startup.VersionLoggerListener.log OS Name:               Windows 11
19-Jun-2026 17:47:56.724 INFO [main] org.apache.catalina.startup.VersionLoggerListener.log OS Version:            10.0
19-Jun-2026 17:47:56.724 INFO [main] org.apache.catalina.startup.VersionLoggerListener.log Architecture:          amd64
19-Jun-2026 17:47:56.724 INFO [main] org.apache.catalina.startup.VersionLoggerListener.log Java Home:             C:\Temp\Programs\JavaStack\jdk-17.0.19+10
19-Jun-2026 17:47:56.724 INFO [main] org.apache.catalina.startup.VersionLoggerListener.log JVM Version:           17.0.19+10-LTS
19-Jun-2026 17:47:56.724 INFO [main] org.apache.catalina.startup.VersionLoggerListener.log JVM Vendor:            Microsoft
19-Jun-2026 17:47:56.724 INFO [main] org.apache.catalina.startup.VersionLoggerListener.log CATALINA_BASE:         C:\Temp\Tomcat_compartido
19-Jun-2026 17:47:56.724 INFO [main] org.apache.catalina.startup.VersionLoggerListener.log CATALINA_HOME:         C:\Temp\Programs\JavaStack\apache-tomcat-9.0.89
19-Jun-2026 17:47:56.745 INFO [main] org.apache.catalina.startup.VersionLoggerListener.log Command line argument: -Djava.util.logging.config.file=C:\Temp\Tomcat_compartido/conf/logging.properties
19-Jun-2026 17:47:56.745 INFO [main] org.apache.catalina.startup.VersionLoggerListener.log Command line argument: -Djava.util.logging.manager=org.apache.juli.ClassLoaderLogManager
19-Jun-2026 17:47:56.745 INFO [main] org.apache.catalina.startup.VersionLoggerListener.log Command line argument: -Djdk.tls.ephemeralDHKeySize=2048
19-Jun-2026 17:47:56.745 INFO [main] org.apache.catalina.startup.VersionLoggerListener.log Command line argument: -Djava.protocol.handler.pkgs=org.apache.catalina.webresources
19-Jun-2026 17:47:56.745 INFO [main] org.apache.catalina.startup.VersionLoggerListener.log Command line argument: -Dorg.apache.catalina.security.SecurityListener.UMASK=0027
19-Jun-2026 17:47:56.745 INFO [main] org.apache.catalina.startup.VersionLoggerListener.log Command line argument: -Dcatalina.base=C:\Temp\Tomcat_compartido
19-Jun-2026 17:47:56.745 INFO [main] org.apache.catalina.startup.VersionLoggerListener.log Command line argument: -Dcatalina.home=C:\Temp\Programs\JavaStack\apache-tomcat-9.0.89
19-Jun-2026 17:47:56.747 INFO [main] org.apache.catalina.startup.VersionLoggerListener.log Command line argument: -Djava.io.tmpdir=C:\Temp\Tomcat_compartido/temp
19-Jun-2026 17:47:56.753 INFO [main] org.apache.catalina.core.AprLifecycleListener.lifecycleEvent The Apache Tomcat Native library which allows using OpenSSL was not found on the java.library.path: [C:\Temp\Programs\JavaStack\jdk-17.0.19+10\bin;C:\WINDOWS\Sun\Java\bin;C:\WINDOWS\system32;C:\WINDOWS;C:\WINDOWS\system32;C:\WINDOWS;C:\WINDOWS\System32\Wbem;C:\WINDOWS\System32\WindowsPowerShell\v1.0\;C:\WINDOWS\System32\OpenSSH\;C:\Program Files\dotnet\;C:\Users\Aldoa\Desktop\Infor\bin;C:\Program Files\Microsoft SQL Server Migration Assistant for Access\bin\;C:\Users\Aldoa\OneDrive\Desktop\;C:\Program Files\Git\cmd;C:\Program Files\nodejs\;C:\Users\Aldoa\AppData\Local\Microsoft\WindowsApps;C:\Users\Aldoa\AppData\Local\Programs\Microsoft VS Code\bin;C:\Users\Aldoa\AppData\Local\Programs\cursor\resources\app\bin;C:\Users\Aldoa\AppData\Roaming\npm;C:\Temp\Programs\JavaStack\jdk-17.0.19+10\bin;C:\Temp\Programs\JavaStack\apache-maven-3.9.16\bin;;.]
19-Jun-2026 17:47:57.093 INFO [main] org.apache.coyote.AbstractProtocol.init Initializing ProtocolHandler ["http-nio-8082"]
19-Jun-2026 17:47:57.117 SEVERE [main] org.apache.catalina.util.LifecycleBase.handleSubClassException Failed to initialize component [Connector["http-nio-8082"]]
	org.apache.catalina.LifecycleException: Protocol handler initialization failed
		at org.apache.catalina.connector.Connector.initInternal(Connector.java:1012)
		at org.apache.catalina.util.LifecycleBase.init(LifecycleBase.java:127)
		at org.apache.catalina.core.StandardService.initInternal(StandardService.java:525)
		at org.apache.catalina.util.LifecycleBase.init(LifecycleBase.java:127)
		at org.apache.catalina.core.StandardServer.initInternal(StandardServer.java:990)
		at org.apache.catalina.util.LifecycleBase.init(LifecycleBase.java:127)
		at org.apache.catalina.startup.Catalina.load(Catalina.java:686)
		at org.apache.catalina.startup.Catalina.load(Catalina.java:709)
		at java.base/jdk.internal.reflect.NativeMethodAccessorImpl.invoke0(Native Method)
		at java.base/jdk.internal.reflect.NativeMethodAccessorImpl.invoke(NativeMethodAccessorImpl.java:77)
		at java.base/jdk.internal.reflect.DelegatingMethodAccessorImpl.invoke(DelegatingMethodAccessorImpl.java:43)
		at java.base/java.lang.reflect.Method.invoke(Method.java:569)
		at org.apache.catalina.startup.Bootstrap.load(Bootstrap.java:302)
		at org.apache.catalina.startup.Bootstrap.main(Bootstrap.java:472)
	Caused by: java.net.BindException: Address already in use: bind
		at java.base/sun.nio.ch.Net.bind0(Native Method)
		at java.base/sun.nio.ch.Net.bind(Net.java:567)
		at java.base/sun.nio.ch.ServerSocketChannelImpl.netBind(ServerSocketChannelImpl.java:337)
		at java.base/sun.nio.ch.ServerSocketChannelImpl.bind(ServerSocketChannelImpl.java:294)
		at org.apache.tomcat.util.net.NioEndpoint.initServerSocket(NioEndpoint.java:268)
		at org.apache.tomcat.util.net.NioEndpoint.bind(NioEndpoint.java:223)
		at org.apache.tomcat.util.net.AbstractEndpoint.bindWithCleanup(AbstractEndpoint.java:1355)
		at org.apache.tomcat.util.net.AbstractEndpoint.init(AbstractEndpoint.java:1368)
		at org.apache.coyote.AbstractProtocol.init(AbstractProtocol.java:654)
		at org.apache.coyote.http11.AbstractHttp11Protocol.init(AbstractHttp11Protocol.java:75)
		at org.apache.catalina.connector.Connector.initInternal(Connector.java:1010)
		... 13 more
19-Jun-2026 17:47:57.120 INFO [main] org.apache.catalina.startup.Catalina.load Server initialization in [609] milliseconds
19-Jun-2026 17:47:57.174 INFO [main] org.apache.catalina.core.StandardService.startInternal Starting service [Catalina]
19-Jun-2026 17:47:57.174 INFO [main] org.apache.catalina.core.StandardEngine.startInternal Starting Servlet engine: [Apache Tomcat/9.0.89]
19-Jun-2026 17:47:57.186 INFO [main] org.apache.catalina.startup.HostConfig.deployDirectory Deploying web application directory [C:\Temp\Tomcat_compartido\webapps\aerrigochan]
19-Jun-2026 17:47:57.881 INFO [main] org.apache.jasper.servlet.TldScanner.scanJars At least one JAR was scanned for TLDs yet contained no TLDs. Enable debug logging for this logger for a complete list of JARs that were scanned but no TLDs were found in them. Skipping unneeded JARs during scanning can improve startup time and JSP compilation time.
19-Jun-2026 17:47:57.970 INFO [main] org.apache.catalina.startup.HostConfig.deployDirectory Deployment of web application directory [C:\Temp\Tomcat_compartido\webapps\aerrigochan] has finished in [784] ms
19-Jun-2026 17:47:57.974 INFO [main] org.apache.catalina.startup.HostConfig.deployDirectory Deploying web application directory [C:\Temp\Tomcat_compartido\webapps\host-manager]
19-Jun-2026 17:47:58.300 INFO [main] org.apache.jasper.servlet.TldScanner.scanJars At least one JAR was scanned for TLDs yet contained no TLDs. Enable debug logging for this logger for a complete list of JARs that were scanned but no TLDs were found in them. Skipping unneeded JARs during scanning can improve startup time and JSP compilation time.
19-Jun-2026 17:47:58.317 INFO [main] org.apache.catalina.startup.HostConfig.deployDirectory Deployment of web application directory [C:\Temp\Tomcat_compartido\webapps\host-manager] has finished in [343] ms
19-Jun-2026 17:47:58.319 INFO [main] org.apache.catalina.startup.HostConfig.deployDirectory Deploying web application directory [C:\Temp\Tomcat_compartido\webapps\manager]
19-Jun-2026 17:47:58.653 INFO [main] org.apache.jasper.servlet.TldScanner.scanJars At least one JAR was scanned for TLDs yet contained no TLDs. Enable debug logging for this logger for a complete list of JARs that were scanned but no TLDs were found in them. Skipping unneeded JARs during scanning can improve startup time and JSP compilation time.
19-Jun-2026 17:47:58.655 INFO [main] org.apache.catalina.startup.HostConfig.deployDirectory Deployment of web application directory [C:\Temp\Tomcat_compartido\webapps\manager] has finished in [336] ms
19-Jun-2026 17:47:58.655 INFO [main] org.apache.catalina.startup.HostConfig.deployDirectory Deploying web application directory [C:\Temp\Tomcat_compartido\webapps\ROOT]
19-Jun-2026 17:47:58.956 INFO [main] org.apache.jasper.servlet.TldScanner.scanJars At least one JAR was scanned for TLDs yet contained no TLDs. Enable debug logging for this logger for a complete list of JARs that were scanned but no TLDs were found in them. Skipping unneeded JARs during scanning can improve startup time and JSP compilation time.
19-Jun-2026 17:47:58.961 INFO [main] org.apache.catalina.startup.HostConfig.deployDirectory Deployment of web application directory [C:\Temp\Tomcat_compartido\webapps\ROOT] has finished in [306] ms
19-Jun-2026 17:47:58.961 INFO [main] org.apache.catalina.startup.HostConfig.deployDirectory Deploying web application directory [C:\Temp\Tomcat_compartido\webapps\Servlet1]
19-Jun-2026 17:47:59.276 INFO [main] org.apache.jasper.servlet.TldScanner.scanJars At least one JAR was scanned for TLDs yet contained no TLDs. Enable debug logging for this logger for a complete list of JARs that were scanned but no TLDs were found in them. Skipping unneeded JARs during scanning can improve startup time and JSP compilation time.
19-Jun-2026 17:47:59.282 INFO [main] org.apache.catalina.startup.HostConfig.deployDirectory Deployment of web application directory [C:\Temp\Tomcat_compartido\webapps\Servlet1] has finished in [318] ms
19-Jun-2026 17:47:59.282 INFO [main] org.apache.catalina.startup.HostConfig.deployDirectory Deploying web application directory [C:\Temp\Tomcat_compartido\webapps\test-r1-v2]
19-Jun-2026 17:47:59.590 INFO [main] org.apache.jasper.servlet.TldScanner.scanJars At least one JAR was scanned for TLDs yet contained no TLDs. Enable debug logging for this logger for a complete list of JARs that were scanned but no TLDs were found in them. Skipping unneeded JARs during scanning can improve startup time and JSP compilation time.
19-Jun-2026 17:47:59.593 INFO [main] org.apache.catalina.startup.HostConfig.deployDirectory Deployment of web application directory [C:\Temp\Tomcat_compartido\webapps\test-r1-v2] has finished in [311] ms
19-Jun-2026 17:47:59.593 INFO [main] org.apache.catalina.startup.HostConfig.deployDirectory Deploying web application directory [C:\Temp\Tomcat_compartido\webapps\trabajogr]
19-Jun-2026 17:47:59.966 INFO [main] org.apache.jasper.servlet.TldScanner.scanJars At least one JAR was scanned for TLDs yet contained no TLDs. Enable debug logging for this logger for a complete list of JARs that were scanned but no TLDs were found in them. Skipping unneeded JARs during scanning can improve startup time and JSP compilation time.
19-Jun-2026 17:47:59.975 INFO [main] org.apache.catalina.startup.HostConfig.deployDirectory Deployment of web application directory [C:\Temp\Tomcat_compartido\webapps\trabajogr] has finished in [382] ms
19-Jun-2026 17:47:59.978 INFO [main] org.apache.catalina.startup.Catalina.start Server startup in [2861] milliseconds
19-Jun-2026 17:47:59.992 SEVERE [main] org.apache.catalina.core.StandardServer.await Failed to create server shutdown socket on address [localhost] and port [8005] (base port [8005] and offset [0])
	java.net.BindException: Address already in use: bind
		at java.base/sun.nio.ch.Net.bind0(Native Method)
		at java.base/sun.nio.ch.Net.bind(Net.java:567)
		at java.base/sun.nio.ch.Net.bind(Net.java:556)
		at java.base/sun.nio.ch.NioSocketImpl.bind(NioSocketImpl.java:648)
		at java.base/java.net.ServerSocket.bind(ServerSocket.java:388)
		at java.base/java.net.ServerSocket.<init>(ServerSocket.java:274)
		at org.apache.catalina.core.StandardServer.await(StandardServer.java:541)
		at org.apache.catalina.startup.Catalina.await(Catalina.java:825)
		at org.apache.catalina.startup.Catalina.start(Catalina.java:773)
		at java.base/jdk.internal.reflect.NativeMethodAccessorImpl.invoke0(Native Method)
		at java.base/jdk.internal.reflect.NativeMethodAccessorImpl.invoke(NativeMethodAccessorImpl.java:77)
		at java.base/jdk.internal.reflect.DelegatingMethodAccessorImpl.invoke(DelegatingMethodAccessorImpl.java:43)
		at java.base/java.lang.reflect.Method.invoke(Method.java:569)
		at org.apache.catalina.startup.Bootstrap.start(Bootstrap.java:345)
		at org.apache.catalina.startup.Bootstrap.main(Bootstrap.java:473)
19-Jun-2026 17:47:59.993 INFO [main] org.apache.coyote.AbstractProtocol.pause Pausing ProtocolHandler ["http-nio-8082"]
19-Jun-2026 17:47:59.993 INFO [main] org.apache.catalina.core.StandardService.stopInternal Stopping service [Catalina]
19-Jun-2026 17:48:00.001 WARNING [main] org.apache.catalina.loader.WebappClassLoaderBase.clearReferencesObjectStreamClassCaches When running on Java 9 or later you need to add "--add-opens=java.base/java.io=ALL-UNNAMED" to the JVM command line arguments to enable ObjectStream cache memory leak protection. Alternatively, you can suppress this warning by disabling ObjectStream class cache memory leak protection.
19-Jun-2026 17:48:00.002 WARNING [main] org.apache.catalina.loader.WebappClassLoaderBase.checkThreadLocalsForLeaks When running on Java 9 or later you need to add "--add-opens=java.base/java.lang=ALL-UNNAMED" to the JVM command line arguments to enable ThreadLocal memory leak detection. Alternatively, you can suppress this warning by disabling ThreadLocal memory leak detection.
19-Jun-2026 17:48:00.004 WARNING [main] org.apache.catalina.loader.WebappClassLoaderBase.clearReferencesRmiTargets When running on Java 9 or later you need to add "--add-opens=java.rmi/sun.rmi.transport=ALL-UNNAMED" to the JVM command line arguments to enable RMI Target memory leak detection. Alternatively, you can suppress this warning by disabling RMI Target memory leak detection.
19-Jun-2026 17:48:00.010 WARNING [main] org.apache.catalina.loader.WebappClassLoaderBase.clearReferencesObjectStreamClassCaches When running on Java 9 or later you need to add "--add-opens=java.base/java.io=ALL-UNNAMED" to the JVM command line arguments to enable ObjectStream cache memory leak protection. Alternatively, you can suppress this warning by disabling ObjectStream class cache memory leak protection.
19-Jun-2026 17:48:00.010 WARNING [main] org.apache.catalina.loader.WebappClassLoaderBase.checkThreadLocalsForLeaks When running on Java 9 or later you need to add "--add-opens=java.base/java.lang=ALL-UNNAMED" to the JVM command line arguments to enable ThreadLocal memory leak detection. Alternatively, you can suppress this warning by disabling ThreadLocal memory leak detection.
19-Jun-2026 17:48:00.010 WARNING [main] org.apache.catalina.loader.WebappClassLoaderBase.clearReferencesRmiTargets When running on Java 9 or later you need to add "--add-opens=java.rmi/sun.rmi.transport=ALL-UNNAMED" to the JVM command line arguments to enable RMI Target memory leak detection. Alternatively, you can suppress this warning by disabling RMI Target memory leak detection.
19-Jun-2026 17:48:00.015 WARNING [main] org.apache.catalina.loader.WebappClassLoaderBase.clearReferencesObjectStreamClassCaches When running on Java 9 or later you need to add "--add-opens=java.base/java.io=ALL-UNNAMED" to the JVM command line arguments to enable ObjectStream cache memory leak protection. Alternatively, you can suppress this warning by disabling ObjectStream class cache memory leak protection.
19-Jun-2026 17:48:00.015 WARNING [main] org.apache.catalina.loader.WebappClassLoaderBase.checkThreadLocalsForLeaks When running on Java 9 or later you need to add "--add-opens=java.base/java.lang=ALL-UNNAMED" to the JVM command line arguments to enable ThreadLocal memory leak detection. Alternatively, you can suppress this warning by disabling ThreadLocal memory leak detection.
19-Jun-2026 17:48:00.015 WARNING [main] org.apache.catalina.loader.WebappClassLoaderBase.clearReferencesRmiTargets When running on Java 9 or later you need to add "--add-opens=java.rmi/sun.rmi.transport=ALL-UNNAMED" to the JVM command line arguments to enable RMI Target memory leak detection. Alternatively, you can suppress this warning by disabling RMI Target memory leak detection.
19-Jun-2026 17:48:00.023 WARNING [main] org.apache.catalina.loader.WebappClassLoaderBase.clearReferencesObjectStreamClassCaches When running on Java 9 or later you need to add "--add-opens=java.base/java.io=ALL-UNNAMED" to the JVM command line arguments to enable ObjectStream cache memory leak protection. Alternatively, you can suppress this warning by disabling ObjectStream class cache memory leak protection.
19-Jun-2026 17:48:00.023 WARNING [main] org.apache.catalina.loader.WebappClassLoaderBase.checkThreadLocalsForLeaks When running on Java 9 or later you need to add "--add-opens=java.base/java.lang=ALL-UNNAMED" to the JVM command line arguments to enable ThreadLocal memory leak detection. Alternatively, you can suppress this warning by disabling ThreadLocal memory leak detection.
19-Jun-2026 17:48:00.023 WARNING [main] org.apache.catalina.loader.WebappClassLoaderBase.clearReferencesRmiTargets When running on Java 9 or later you need to add "--add-opens=java.rmi/sun.rmi.transport=ALL-UNNAMED" to the JVM command line arguments to enable RMI Target memory leak detection. Alternatively, you can suppress this warning by disabling RMI Target memory leak detection.
19-Jun-2026 17:48:00.030 WARNING [main] org.apache.catalina.loader.WebappClassLoaderBase.clearReferencesObjectStreamClassCaches When running on Java 9 or later you need to add "--add-opens=java.base/java.io=ALL-UNNAMED" to the JVM command line arguments to enable ObjectStream cache memory leak protection. Alternatively, you can suppress this warning by disabling ObjectStream class cache memory leak protection.
19-Jun-2026 17:48:00.030 WARNING [main] org.apache.catalina.loader.WebappClassLoaderBase.checkThreadLocalsForLeaks When running on Java 9 or later you need to add "--add-opens=java.base/java.lang=ALL-UNNAMED" to the JVM command line arguments to enable ThreadLocal memory leak detection. Alternatively, you can suppress this warning by disabling ThreadLocal memory leak detection.
19-Jun-2026 17:48:00.030 WARNING [main] org.apache.catalina.loader.WebappClassLoaderBase.clearReferencesRmiTargets When running on Java 9 or later you need to add "--add-opens=java.rmi/sun.rmi.transport=ALL-UNNAMED" to the JVM command line arguments to enable RMI Target memory leak detection. Alternatively, you can suppress this warning by disabling RMI Target memory leak detection.
19-Jun-2026 17:48:00.034 WARNING [main] org.apache.catalina.loader.WebappClassLoaderBase.clearReferencesObjectStreamClassCaches When running on Java 9 or later you need to add "--add-opens=java.base/java.io=ALL-UNNAMED" to the JVM command line arguments to enable ObjectStream cache memory leak protection. Alternatively, you can suppress this warning by disabling ObjectStream class cache memory leak protection.
19-Jun-2026 17:48:00.034 WARNING [main] org.apache.catalina.loader.WebappClassLoaderBase.checkThreadLocalsForLeaks When running on Java 9 or later you need to add "--add-opens=java.base/java.lang=ALL-UNNAMED" to the JVM command line arguments to enable ThreadLocal memory leak detection. Alternatively, you can suppress this warning by disabling ThreadLocal memory leak detection.
19-Jun-2026 17:48:00.034 WARNING [main] org.apache.catalina.loader.WebappClassLoaderBase.clearReferencesRmiTargets When running on Java 9 or later you need to add "--add-opens=java.rmi/sun.rmi.transport=ALL-UNNAMED" to the JVM command line arguments to enable RMI Target memory leak detection. Alternatively, you can suppress this warning by disabling RMI Target memory leak detection.
19-Jun-2026 17:48:00.044 WARNING [main] org.apache.catalina.loader.WebappClassLoaderBase.clearReferencesObjectStreamClassCaches When running on Java 9 or later you need to add "--add-opens=java.base/java.io=ALL-UNNAMED" to the JVM command line arguments to enable ObjectStream cache memory leak protection. Alternatively, you can suppress this warning by disabling ObjectStream class cache memory leak protection.
19-Jun-2026 17:48:00.044 WARNING [main] org.apache.catalina.loader.WebappClassLoaderBase.checkThreadLocalsForLeaks When running on Java 9 or later you need to add "--add-opens=java.base/java.lang=ALL-UNNAMED" to the JVM command line arguments to enable ThreadLocal memory leak detection. Alternatively, you can suppress this warning by disabling ThreadLocal memory leak detection.
19-Jun-2026 17:48:00.044 WARNING [main] org.apache.catalina.loader.WebappClassLoaderBase.clearReferencesRmiTargets When running on Java 9 or later you need to add "--add-opens=java.rmi/sun.rmi.transport=ALL-UNNAMED" to the JVM command line arguments to enable RMI Target memory leak detection. Alternatively, you can suppress this warning by disabling RMI Target memory leak detection.
19-Jun-2026 17:48:00.046 INFO [main] org.apache.coyote.AbstractProtocol.stop Stopping ProtocolHandler ["http-nio-8082"]
19-Jun-2026 17:48:00.049 INFO [main] org.apache.coyote.AbstractProtocol.destroy Destroying ProtocolHandler ["http-nio-8082"]
19-Jun-2026 17:49:52.891 INFO [main] org.apache.catalina.startup.VersionLoggerListener.log Server version name:   Apache Tomcat/9.0.89
19-Jun-2026 17:49:52.908 INFO [main] org.apache.catalina.startup.VersionLoggerListener.log Server built:          May 3 2024 20:22:11 UTC
19-Jun-2026 17:49:52.909 INFO [main] org.apache.catalina.startup.VersionLoggerListener.log Server version number: 9.0.89.0
19-Jun-2026 17:49:52.909 INFO [main] org.apache.catalina.startup.VersionLoggerListener.log OS Name:               Windows 11
19-Jun-2026 17:49:52.909 INFO [main] org.apache.catalina.startup.VersionLoggerListener.log OS Version:            10.0
19-Jun-2026 17:49:52.909 INFO [main] org.apache.catalina.startup.VersionLoggerListener.log Architecture:          amd64
19-Jun-2026 17:49:52.911 INFO [main] org.apache.catalina.startup.VersionLoggerListener.log Java Home:             C:\Temp\Programs\JavaStack\jdk-17.0.19+10
19-Jun-2026 17:49:52.912 INFO [main] org.apache.catalina.startup.VersionLoggerListener.log JVM Version:           17.0.19+10-LTS
19-Jun-2026 17:49:52.912 INFO [main] org.apache.catalina.startup.VersionLoggerListener.log JVM Vendor:            Microsoft
19-Jun-2026 17:49:52.913 INFO [main] org.apache.catalina.startup.VersionLoggerListener.log CATALINA_BASE:         C:\Temp\Tomcat_compartido
19-Jun-2026 17:49:52.913 INFO [main] org.apache.catalina.startup.VersionLoggerListener.log CATALINA_HOME:         C:\Temp\Programs\JavaStack\apache-tomcat-9.0.89
19-Jun-2026 17:49:52.950 INFO [main] org.apache.catalina.startup.VersionLoggerListener.log Command line argument: -agentlib:jdwp=transport=dt_socket,server=y,suspend=y,address=localhost:59171
19-Jun-2026 17:49:52.950 INFO [main] org.apache.catalina.startup.VersionLoggerListener.log Command line argument: -Djava.util.logging.config.file=C:\Temp\Tomcat_compartido/conf/logging.properties
19-Jun-2026 17:49:52.950 INFO [main] org.apache.catalina.startup.VersionLoggerListener.log Command line argument: -Djava.util.logging.manager=org.apache.juli.ClassLoaderLogManager
19-Jun-2026 17:49:52.954 INFO [main] org.apache.catalina.startup.VersionLoggerListener.log Command line argument: -Djdk.tls.ephemeralDHKeySize=2048
19-Jun-2026 17:49:52.954 INFO [main] org.apache.catalina.startup.VersionLoggerListener.log Command line argument: -Djava.protocol.handler.pkgs=org.apache.catalina.webresources
19-Jun-2026 17:49:52.954 INFO [main] org.apache.catalina.startup.VersionLoggerListener.log Command line argument: -Dorg.apache.catalina.security.SecurityListener.UMASK=0027
19-Jun-2026 17:49:52.954 INFO [main] org.apache.catalina.startup.VersionLoggerListener.log Command line argument: -Dcatalina.base=C:\Temp\Tomcat_compartido
19-Jun-2026 17:49:52.956 INFO [main] org.apache.catalina.startup.VersionLoggerListener.log Command line argument: -Dcatalina.home=C:\Temp\Programs\JavaStack\apache-tomcat-9.0.89
19-Jun-2026 17:49:52.956 INFO [main] org.apache.catalina.startup.VersionLoggerListener.log Command line argument: -Djava.io.tmpdir=C:\Temp\Tomcat_compartido/temp
19-Jun-2026 17:49:52.976 INFO [main] org.apache.catalina.core.AprLifecycleListener.lifecycleEvent The Apache Tomcat Native library which allows using OpenSSL was not found on the java.library.path: [C:\Temp\Programs\JavaStack\jdk-17.0.19+10\bin;C:\WINDOWS\Sun\Java\bin;C:\WINDOWS\system32;C:\WINDOWS;C:\WINDOWS\system32;C:\WINDOWS;C:\WINDOWS\System32\Wbem;C:\WINDOWS\System32\WindowsPowerShell\v1.0\;C:\WINDOWS\System32\OpenSSH\;C:\Program Files\dotnet\;C:\Users\Aldoa\Desktop\Infor\bin;C:\Program Files\Microsoft SQL Server Migration Assistant for Access\bin\;C:\Users\Aldoa\OneDrive\Desktop\;C:\Program Files\Git\cmd;C:\Program Files\nodejs\;C:\Users\Aldoa\AppData\Local\Microsoft\WindowsApps;C:\Users\Aldoa\AppData\Local\Programs\Microsoft VS Code\bin;C:\Users\Aldoa\AppData\Local\Programs\cursor\resources\app\bin;C:\Users\Aldoa\AppData\Roaming\npm;C:\Temp\Programs\JavaStack\jdk-17.0.19+10\bin;C:\Temp\Programs\JavaStack\apache-maven-3.9.16\bin;;.]
19-Jun-2026 17:49:53.981 INFO [main] org.apache.coyote.AbstractProtocol.init Initializing ProtocolHandler ["http-nio-8082"]
19-Jun-2026 17:49:54.037 SEVERE [main] org.apache.catalina.util.LifecycleBase.handleSubClassException Failed to initialize component [Connector["http-nio-8082"]]
	org.apache.catalina.LifecycleException: Protocol handler initialization failed
		at org.apache.catalina.connector.Connector.initInternal(Connector.java:1012)
		at org.apache.catalina.util.LifecycleBase.init(LifecycleBase.java:127)
		at org.apache.catalina.core.StandardService.initInternal(StandardService.java:525)
		at org.apache.catalina.util.LifecycleBase.init(LifecycleBase.java:127)
		at org.apache.catalina.core.StandardServer.initInternal(StandardServer.java:990)
		at org.apache.catalina.util.LifecycleBase.init(LifecycleBase.java:127)
		at org.apache.catalina.startup.Catalina.load(Catalina.java:686)
		at org.apache.catalina.startup.Catalina.load(Catalina.java:709)
		at java.base/jdk.internal.reflect.NativeMethodAccessorImpl.invoke0(Native Method)
		at java.base/jdk.internal.reflect.NativeMethodAccessorImpl.invoke(NativeMethodAccessorImpl.java:77)
		at java.base/jdk.internal.reflect.DelegatingMethodAccessorImpl.invoke(DelegatingMethodAccessorImpl.java:43)
		at java.base/java.lang.reflect.Method.invoke(Method.java:569)
		at org.apache.catalina.startup.Bootstrap.load(Bootstrap.java:302)
		at org.apache.catalina.startup.Bootstrap.main(Bootstrap.java:472)
	Caused by: java.net.BindException: Address already in use: bind
		at java.base/sun.nio.ch.Net.bind0(Native Method)
		at java.base/sun.nio.ch.Net.bind(Net.java:567)
		at java.base/sun.nio.ch.ServerSocketChannelImpl.netBind(ServerSocketChannelImpl.java:337)
		at java.base/sun.nio.ch.ServerSocketChannelImpl.bind(ServerSocketChannelImpl.java:294)
		at org.apache.tomcat.util.net.NioEndpoint.initServerSocket(NioEndpoint.java:268)
		at org.apache.tomcat.util.net.NioEndpoint.bind(NioEndpoint.java:223)
		at org.apache.tomcat.util.net.AbstractEndpoint.bindWithCleanup(AbstractEndpoint.java:1355)
		at org.apache.tomcat.util.net.AbstractEndpoint.init(AbstractEndpoint.java:1368)
		at org.apache.coyote.AbstractProtocol.init(AbstractProtocol.java:654)
		at org.apache.coyote.http11.AbstractHttp11Protocol.init(AbstractHttp11Protocol.java:75)
		at org.apache.catalina.connector.Connector.initInternal(Connector.java:1010)
		... 13 more
19-Jun-2026 17:49:54.044 INFO [main] org.apache.catalina.startup.Catalina.load Server initialization in [1836] milliseconds
19-Jun-2026 17:49:54.212 INFO [main] org.apache.catalina.core.StandardService.startInternal Starting service [Catalina]
19-Jun-2026 17:49:54.212 INFO [main] org.apache.catalina.core.StandardEngine.startInternal Starting Servlet engine: [Apache Tomcat/9.0.89]
19-Jun-2026 17:49:54.249 INFO [main] org.apache.catalina.startup.HostConfig.deployDirectory Deploying web application directory [C:\Temp\Tomcat_compartido\webapps\aerrigochan]
19-Jun-2026 17:49:56.459 INFO [main] org.apache.jasper.servlet.TldScanner.scanJars At least one JAR was scanned for TLDs yet contained no TLDs. Enable debug logging for this logger for a complete list of JARs that were scanned but no TLDs were found in them. Skipping unneeded JARs during scanning can improve startup time and JSP compilation time.
19-Jun-2026 17:49:56.677 WARNING [main] org.apache.catalina.util.SessionIdGeneratorBase.createSecureRandom Creation of SecureRandom instance for session ID generation using [SHA1PRNG] took [122] milliseconds.
19-Jun-2026 17:49:56.750 INFO [main] org.apache.catalina.startup.HostConfig.deployDirectory Deployment of web application directory [C:\Temp\Tomcat_compartido\webapps\aerrigochan] has finished in [2,501] ms
19-Jun-2026 17:49:56.750 INFO [main] org.apache.catalina.startup.HostConfig.deployDirectory Deploying web application directory [C:\Temp\Tomcat_compartido\webapps\host-manager]
19-Jun-2026 17:49:57.479 INFO [main] org.apache.jasper.servlet.TldScanner.scanJars At least one JAR was scanned for TLDs yet contained no TLDs. Enable debug logging for this logger for a complete list of JARs that were scanned but no TLDs were found in them. Skipping unneeded JARs during scanning can improve startup time and JSP compilation time.
19-Jun-2026 17:49:57.498 INFO [main] org.apache.catalina.startup.HostConfig.deployDirectory Deployment of web application directory [C:\Temp\Tomcat_compartido\webapps\host-manager] has finished in [748] ms
19-Jun-2026 17:49:57.498 INFO [main] org.apache.catalina.startup.HostConfig.deployDirectory Deploying web application directory [C:\Temp\Tomcat_compartido\webapps\manager]
19-Jun-2026 17:49:57.879 INFO [main] org.apache.jasper.servlet.TldScanner.scanJars At least one JAR was scanned for TLDs yet contained no TLDs. Enable debug logging for this logger for a complete list of JARs that were scanned but no TLDs were found in them. Skipping unneeded JARs during scanning can improve startup time and JSP compilation time.
19-Jun-2026 17:49:57.888 INFO [main] org.apache.catalina.startup.HostConfig.deployDirectory Deployment of web application directory [C:\Temp\Tomcat_compartido\webapps\manager] has finished in [390] ms
19-Jun-2026 17:49:57.888 INFO [main] org.apache.catalina.startup.HostConfig.deployDirectory Deploying web application directory [C:\Temp\Tomcat_compartido\webapps\ROOT]
19-Jun-2026 17:49:58.261 INFO [main] org.apache.jasper.servlet.TldScanner.scanJars At least one JAR was scanned for TLDs yet contained no TLDs. Enable debug logging for this logger for a complete list of JARs that were scanned but no TLDs were found in them. Skipping unneeded JARs during scanning can improve startup time and JSP compilation time.
19-Jun-2026 17:49:58.271 INFO [main] org.apache.catalina.startup.HostConfig.deployDirectory Deployment of web application directory [C:\Temp\Tomcat_compartido\webapps\ROOT] has finished in [383] ms
19-Jun-2026 17:49:58.272 INFO [main] org.apache.catalina.startup.HostConfig.deployDirectory Deploying web application directory [C:\Temp\Tomcat_compartido\webapps\Servlet1]
19-Jun-2026 17:49:58.686 INFO [main] org.apache.jasper.servlet.TldScanner.scanJars At least one JAR was scanned for TLDs yet contained no TLDs. Enable debug logging for this logger for a complete list of JARs that were scanned but no TLDs were found in them. Skipping unneeded JARs during scanning can improve startup time and JSP compilation time.
19-Jun-2026 17:49:58.693 INFO [main] org.apache.catalina.startup.HostConfig.deployDirectory Deployment of web application directory [C:\Temp\Tomcat_compartido\webapps\Servlet1] has finished in [421] ms
19-Jun-2026 17:49:58.693 INFO [main] org.apache.catalina.startup.HostConfig.deployDirectory Deploying web application directory [C:\Temp\Tomcat_compartido\webapps\test-r1-v2]
19-Jun-2026 17:49:59.051 INFO [main] org.apache.jasper.servlet.TldScanner.scanJars At least one JAR was scanned for TLDs yet contained no TLDs. Enable debug logging for this logger for a complete list of JARs that were scanned but no TLDs were found in them. Skipping unneeded JARs during scanning can improve startup time and JSP compilation time.
19-Jun-2026 17:49:59.061 INFO [main] org.apache.catalina.startup.HostConfig.deployDirectory Deployment of web application directory [C:\Temp\Tomcat_compartido\webapps\test-r1-v2] has finished in [368] ms
19-Jun-2026 17:49:59.061 INFO [main] org.apache.catalina.startup.HostConfig.deployDirectory Deploying web application directory [C:\Temp\Tomcat_compartido\webapps\trabajogr]
19-Jun-2026 17:49:59.477 INFO [main] org.apache.jasper.servlet.TldScanner.scanJars At least one JAR was scanned for TLDs yet contained no TLDs. Enable debug logging for this logger for a complete list of JARs that were scanned but no TLDs were found in them. Skipping unneeded JARs during scanning can improve startup time and JSP compilation time.
19-Jun-2026 17:49:59.485 INFO [main] org.apache.catalina.startup.HostConfig.deployDirectory Deployment of web application directory [C:\Temp\Tomcat_compartido\webapps\trabajogr] has finished in [424] ms
19-Jun-2026 17:49:59.494 INFO [main] org.apache.catalina.startup.Catalina.start Server startup in [5449] milliseconds
19-Jun-2026 17:49:59.499 SEVERE [main] org.apache.catalina.core.StandardServer.await Failed to create server shutdown socket on address [localhost] and port [8005] (base port [8005] and offset [0])
	java.net.BindException: Address already in use: bind
		at java.base/sun.nio.ch.Net.bind0(Native Method)
		at java.base/sun.nio.ch.Net.bind(Net.java:567)
		at java.base/sun.nio.ch.Net.bind(Net.java:556)
		at java.base/sun.nio.ch.NioSocketImpl.bind(NioSocketImpl.java:648)
		at java.base/java.net.ServerSocket.bind(ServerSocket.java:388)
		at java.base/java.net.ServerSocket.<init>(ServerSocket.java:274)
		at org.apache.catalina.core.StandardServer.await(StandardServer.java:541)
		at org.apache.catalina.startup.Catalina.await(Catalina.java:825)
		at org.apache.catalina.startup.Catalina.start(Catalina.java:773)
		at java.base/jdk.internal.reflect.NativeMethodAccessorImpl.invoke0(Native Method)
		at java.base/jdk.internal.reflect.NativeMethodAccessorImpl.invoke(NativeMethodAccessorImpl.java:77)
		at java.base/jdk.internal.reflect.DelegatingMethodAccessorImpl.invoke(DelegatingMethodAccessorImpl.java:43)
		at java.base/java.lang.reflect.Method.invoke(Method.java:569)
		at org.apache.catalina.startup.Bootstrap.start(Bootstrap.java:345)
		at org.apache.catalina.startup.Bootstrap.main(Bootstrap.java:473)
19-Jun-2026 17:49:59.499 INFO [main] org.apache.coyote.AbstractProtocol.pause Pausing ProtocolHandler ["http-nio-8082"]
19-Jun-2026 17:49:59.502 INFO [main] org.apache.catalina.core.StandardService.stopInternal Stopping service [Catalina]
19-Jun-2026 17:49:59.510 WARNING [main] org.apache.catalina.loader.WebappClassLoaderBase.clearReferencesObjectStreamClassCaches When running on Java 9 or later you need to add "--add-opens=java.base/java.io=ALL-UNNAMED" to the JVM command line arguments to enable ObjectStream cache memory leak protection. Alternatively, you can suppress this warning by disabling ObjectStream class cache memory leak protection.
19-Jun-2026 17:49:59.510 WARNING [main] org.apache.catalina.loader.WebappClassLoaderBase.checkThreadLocalsForLeaks When running on Java 9 or later you need to add "--add-opens=java.base/java.lang=ALL-UNNAMED" to the JVM command line arguments to enable ThreadLocal memory leak detection. Alternatively, you can suppress this warning by disabling ThreadLocal memory leak detection.
19-Jun-2026 17:49:59.510 WARNING [main] org.apache.catalina.loader.WebappClassLoaderBase.clearReferencesRmiTargets When running on Java 9 or later you need to add "--add-opens=java.rmi/sun.rmi.transport=ALL-UNNAMED" to the JVM command line arguments to enable RMI Target memory leak detection. Alternatively, you can suppress this warning by disabling RMI Target memory leak detection.
19-Jun-2026 17:49:59.518 WARNING [main] org.apache.catalina.loader.WebappClassLoaderBase.clearReferencesObjectStreamClassCaches When running on Java 9 or later you need to add "--add-opens=java.base/java.io=ALL-UNNAMED" to the JVM command line arguments to enable ObjectStream cache memory leak protection. Alternatively, you can suppress this warning by disabling ObjectStream class cache memory leak protection.
19-Jun-2026 17:49:59.518 WARNING [main] org.apache.catalina.loader.WebappClassLoaderBase.checkThreadLocalsForLeaks When running on Java 9 or later you need to add "--add-opens=java.base/java.lang=ALL-UNNAMED" to the JVM command line arguments to enable ThreadLocal memory leak detection. Alternatively, you can suppress this warning by disabling ThreadLocal memory leak detection.
19-Jun-2026 17:49:59.518 WARNING [main] org.apache.catalina.loader.WebappClassLoaderBase.clearReferencesRmiTargets When running on Java 9 or later you need to add "--add-opens=java.rmi/sun.rmi.transport=ALL-UNNAMED" to the JVM command line arguments to enable RMI Target memory leak detection. Alternatively, you can suppress this warning by disabling RMI Target memory leak detection.
19-Jun-2026 17:49:59.528 WARNING [main] org.apache.catalina.loader.WebappClassLoaderBase.clearReferencesObjectStreamClassCaches When running on Java 9 or later you need to add "--add-opens=java.base/java.io=ALL-UNNAMED" to the JVM command line arguments to enable ObjectStream cache memory leak protection. Alternatively, you can suppress this warning by disabling ObjectStream class cache memory leak protection.
19-Jun-2026 17:49:59.528 WARNING [main] org.apache.catalina.loader.WebappClassLoaderBase.checkThreadLocalsForLeaks When running on Java 9 or later you need to add "--add-opens=java.base/java.lang=ALL-UNNAMED" to the JVM command line arguments to enable ThreadLocal memory leak detection. Alternatively, you can suppress this warning by disabling ThreadLocal memory leak detection.
19-Jun-2026 17:49:59.528 WARNING [main] org.apache.catalina.loader.WebappClassLoaderBase.clearReferencesRmiTargets When running on Java 9 or later you need to add "--add-opens=java.rmi/sun.rmi.transport=ALL-UNNAMED" to the JVM command line arguments to enable RMI Target memory leak detection. Alternatively, you can suppress this warning by disabling RMI Target memory leak detection.
19-Jun-2026 17:49:59.534 WARNING [main] org.apache.catalina.loader.WebappClassLoaderBase.clearReferencesObjectStreamClassCaches When running on Java 9 or later you need to add "--add-opens=java.base/java.io=ALL-UNNAMED" to the JVM command line arguments to enable ObjectStream cache memory leak protection. Alternatively, you can suppress this warning by disabling ObjectStream class cache memory leak protection.
19-Jun-2026 17:49:59.534 WARNING [main] org.apache.catalina.loader.WebappClassLoaderBase.checkThreadLocalsForLeaks When running on Java 9 or later you need to add "--add-opens=java.base/java.lang=ALL-UNNAMED" to the JVM command line arguments to enable ThreadLocal memory leak detection. Alternatively, you can suppress this warning by disabling ThreadLocal memory leak detection.
19-Jun-2026 17:49:59.534 WARNING [main] org.apache.catalina.loader.WebappClassLoaderBase.clearReferencesRmiTargets When running on Java 9 or later you need to add "--add-opens=java.rmi/sun.rmi.transport=ALL-UNNAMED" to the JVM command line arguments to enable RMI Target memory leak detection. Alternatively, you can suppress this warning by disabling RMI Target memory leak detection.
19-Jun-2026 17:49:59.540 WARNING [main] org.apache.catalina.loader.WebappClassLoaderBase.clearReferencesObjectStreamClassCaches When running on Java 9 or later you need to add "--add-opens=java.base/java.io=ALL-UNNAMED" to the JVM command line arguments to enable ObjectStream cache memory leak protection. Alternatively, you can suppress this warning by disabling ObjectStream class cache memory leak protection.
19-Jun-2026 17:49:59.542 WARNING [main] org.apache.catalina.loader.WebappClassLoaderBase.checkThreadLocalsForLeaks When running on Java 9 or later you need to add "--add-opens=java.base/java.lang=ALL-UNNAMED" to the JVM command line arguments to enable ThreadLocal memory leak detection. Alternatively, you can suppress this warning by disabling ThreadLocal memory leak detection.
19-Jun-2026 17:49:59.542 WARNING [main] org.apache.catalina.loader.WebappClassLoaderBase.clearReferencesRmiTargets When running on Java 9 or later you need to add "--add-opens=java.rmi/sun.rmi.transport=ALL-UNNAMED" to the JVM command line arguments to enable RMI Target memory leak detection. Alternatively, you can suppress this warning by disabling RMI Target memory leak detection.
19-Jun-2026 17:49:59.548 WARNING [main] org.apache.catalina.loader.WebappClassLoaderBase.clearReferencesObjectStreamClassCaches When running on Java 9 or later you need to add "--add-opens=java.base/java.io=ALL-UNNAMED" to the JVM command line arguments to enable ObjectStream cache memory leak protection. Alternatively, you can suppress this warning by disabling ObjectStream class cache memory leak protection.
19-Jun-2026 17:49:59.549 WARNING [main] org.apache.catalina.loader.WebappClassLoaderBase.checkThreadLocalsForLeaks When running on Java 9 or later you need to add "--add-opens=java.base/java.lang=ALL-UNNAMED" to the JVM command line arguments to enable ThreadLocal memory leak detection. Alternatively, you can suppress this warning by disabling ThreadLocal memory leak detection.
19-Jun-2026 17:49:59.549 WARNING [main] org.apache.catalina.loader.WebappClassLoaderBase.clearReferencesRmiTargets When running on Java 9 or later you need to add "--add-opens=java.rmi/sun.rmi.transport=ALL-UNNAMED" to the JVM command line arguments to enable RMI Target memory leak detection. Alternatively, you can suppress this warning by disabling RMI Target memory leak detection.
19-Jun-2026 17:49:59.553 WARNING [main] org.apache.catalina.loader.WebappClassLoaderBase.clearReferencesObjectStreamClassCaches When running on Java 9 or later you need to add "--add-opens=java.base/java.io=ALL-UNNAMED" to the JVM command line arguments to enable ObjectStream cache memory leak protection. Alternatively, you can suppress this warning by disabling ObjectStream class cache memory leak protection.
19-Jun-2026 17:49:59.553 WARNING [main] org.apache.catalina.loader.WebappClassLoaderBase.checkThreadLocalsForLeaks When running on Java 9 or later you need to add "--add-opens=java.base/java.lang=ALL-UNNAMED" to the JVM command line arguments to enable ThreadLocal memory leak detection. Alternatively, you can suppress this warning by disabling ThreadLocal memory leak detection.
19-Jun-2026 17:49:59.557 WARNING [main] org.apache.catalina.loader.WebappClassLoaderBase.clearReferencesRmiTargets When running on Java 9 or later you need to add "--add-opens=java.rmi/sun.rmi.transport=ALL-UNNAMED" to the JVM command line arguments to enable RMI Target memory leak detection. Alternatively, you can suppress this warning by disabling RMI Target memory leak detection.
19-Jun-2026 17:49:59.558 INFO [main] org.apache.coyote.AbstractProtocol.stop Stopping ProtocolHandler ["http-nio-8082"]
19-Jun-2026 17:49:59.560 INFO [main] org.apache.coyote.AbstractProtocol.destroy Destroying ProtocolHandler ["http-nio-8082"]
19-Jun-2026 17:50:10.737 INFO [main] org.apache.catalina.startup.VersionLoggerListener.log Server version name:   Apache Tomcat/9.0.89
19-Jun-2026 17:50:10.743 INFO [main] org.apache.catalina.startup.VersionLoggerListener.log Server built:          May 3 2024 20:22:11 UTC
19-Jun-2026 17:50:10.743 INFO [main] org.apache.catalina.startup.VersionLoggerListener.log Server version number: 9.0.89.0
19-Jun-2026 17:50:10.743 INFO [main] org.apache.catalina.startup.VersionLoggerListener.log OS Name:               Windows 11
19-Jun-2026 17:50:10.743 INFO [main] org.apache.catalina.startup.VersionLoggerListener.log OS Version:            10.0
19-Jun-2026 17:50:10.743 INFO [main] org.apache.catalina.startup.VersionLoggerListener.log Architecture:          amd64
19-Jun-2026 17:50:10.743 INFO [main] org.apache.catalina.startup.VersionLoggerListener.log Java Home:             C:\Temp\Programs\JavaStack\jdk-17.0.19+10
19-Jun-2026 17:50:10.743 INFO [main] org.apache.catalina.startup.VersionLoggerListener.log JVM Version:           17.0.19+10-LTS
19-Jun-2026 17:50:10.743 INFO [main] org.apache.catalina.startup.VersionLoggerListener.log JVM Vendor:            Microsoft
19-Jun-2026 17:50:10.743 INFO [main] org.apache.catalina.startup.VersionLoggerListener.log CATALINA_BASE:         C:\Temp\Tomcat_compartido
19-Jun-2026 17:50:10.743 INFO [main] org.apache.catalina.startup.VersionLoggerListener.log CATALINA_HOME:         C:\Temp\Programs\JavaStack\apache-tomcat-9.0.89
19-Jun-2026 17:50:10.758 INFO [main] org.apache.catalina.startup.VersionLoggerListener.log Command line argument: -Djava.util.logging.config.file=C:\Temp\Tomcat_compartido/conf/logging.properties
19-Jun-2026 17:50:10.762 INFO [main] org.apache.catalina.startup.VersionLoggerListener.log Command line argument: -Djava.util.logging.manager=org.apache.juli.ClassLoaderLogManager
19-Jun-2026 17:50:10.762 INFO [main] org.apache.catalina.startup.VersionLoggerListener.log Command line argument: -Djdk.tls.ephemeralDHKeySize=2048
19-Jun-2026 17:50:10.762 INFO [main] org.apache.catalina.startup.VersionLoggerListener.log Command line argument: -Djava.protocol.handler.pkgs=org.apache.catalina.webresources
19-Jun-2026 17:50:10.762 INFO [main] org.apache.catalina.startup.VersionLoggerListener.log Command line argument: -Dorg.apache.catalina.security.SecurityListener.UMASK=0027
19-Jun-2026 17:50:10.762 INFO [main] org.apache.catalina.startup.VersionLoggerListener.log Command line argument: -Dcatalina.base=C:\Temp\Tomcat_compartido
19-Jun-2026 17:50:10.762 INFO [main] org.apache.catalina.startup.VersionLoggerListener.log Command line argument: -Dcatalina.home=C:\Temp\Programs\JavaStack\apache-tomcat-9.0.89
19-Jun-2026 17:50:10.762 INFO [main] org.apache.catalina.startup.VersionLoggerListener.log Command line argument: -Djava.io.tmpdir=C:\Temp\Tomcat_compartido/temp
19-Jun-2026 17:50:10.771 INFO [main] org.apache.catalina.core.AprLifecycleListener.lifecycleEvent The Apache Tomcat Native library which allows using OpenSSL was not found on the java.library.path: [C:\Temp\Programs\JavaStack\jdk-17.0.19+10\bin;C:\WINDOWS\Sun\Java\bin;C:\WINDOWS\system32;C:\WINDOWS;C:\WINDOWS\system32;C:\WINDOWS;C:\WINDOWS\System32\Wbem;C:\WINDOWS\System32\WindowsPowerShell\v1.0\;C:\WINDOWS\System32\OpenSSH\;C:\Program Files\dotnet\;C:\Users\Aldoa\Desktop\Infor\bin;C:\Program Files\Microsoft SQL Server Migration Assistant for Access\bin\;C:\Users\Aldoa\OneDrive\Desktop\;C:\Program Files\Git\cmd;C:\Program Files\nodejs\;C:\Users\Aldoa\AppData\Local\Microsoft\WindowsApps;C:\Users\Aldoa\AppData\Local\Programs\Microsoft VS Code\bin;C:\Users\Aldoa\AppData\Local\Programs\cursor\resources\app\bin;C:\Users\Aldoa\AppData\Roaming\npm;C:\Temp\Programs\JavaStack\jdk-17.0.19+10\bin;C:\Temp\Programs\JavaStack\apache-maven-3.9.16\bin;;.]
19-Jun-2026 17:50:11.108 INFO [main] org.apache.coyote.AbstractProtocol.init Initializing ProtocolHandler ["http-nio-8082"]
19-Jun-2026 17:50:11.137 SEVERE [main] org.apache.catalina.util.LifecycleBase.handleSubClassException Failed to initialize component [Connector["http-nio-8082"]]
	org.apache.catalina.LifecycleException: Protocol handler initialization failed
		at org.apache.catalina.connector.Connector.initInternal(Connector.java:1012)
		at org.apache.catalina.util.LifecycleBase.init(LifecycleBase.java:127)
		at org.apache.catalina.core.StandardService.initInternal(StandardService.java:525)
		at org.apache.catalina.util.LifecycleBase.init(LifecycleBase.java:127)
		at org.apache.catalina.core.StandardServer.initInternal(StandardServer.java:990)
		at org.apache.catalina.util.LifecycleBase.init(LifecycleBase.java:127)
		at org.apache.catalina.startup.Catalina.load(Catalina.java:686)
		at org.apache.catalina.startup.Catalina.load(Catalina.java:709)
		at java.base/jdk.internal.reflect.NativeMethodAccessorImpl.invoke0(Native Method)
		at java.base/jdk.internal.reflect.NativeMethodAccessorImpl.invoke(NativeMethodAccessorImpl.java:77)
		at java.base/jdk.internal.reflect.DelegatingMethodAccessorImpl.invoke(DelegatingMethodAccessorImpl.java:43)
		at java.base/java.lang.reflect.Method.invoke(Method.java:569)
		at org.apache.catalina.startup.Bootstrap.load(Bootstrap.java:302)
		at org.apache.catalina.startup.Bootstrap.main(Bootstrap.java:472)
	Caused by: java.net.BindException: Address already in use: bind
		at java.base/sun.nio.ch.Net.bind0(Native Method)
		at java.base/sun.nio.ch.Net.bind(Net.java:567)
		at java.base/sun.nio.ch.ServerSocketChannelImpl.netBind(ServerSocketChannelImpl.java:337)
		at java.base/sun.nio.ch.ServerSocketChannelImpl.bind(ServerSocketChannelImpl.java:294)
		at org.apache.tomcat.util.net.NioEndpoint.initServerSocket(NioEndpoint.java:268)
		at org.apache.tomcat.util.net.NioEndpoint.bind(NioEndpoint.java:223)
		at org.apache.tomcat.util.net.AbstractEndpoint.bindWithCleanup(AbstractEndpoint.java:1355)
		at org.apache.tomcat.util.net.AbstractEndpoint.init(AbstractEndpoint.java:1368)
		at org.apache.coyote.AbstractProtocol.init(AbstractProtocol.java:654)
		at org.apache.coyote.http11.AbstractHttp11Protocol.init(AbstractHttp11Protocol.java:75)
		at org.apache.catalina.connector.Connector.initInternal(Connector.java:1010)
		... 13 more
19-Jun-2026 17:50:11.139 INFO [main] org.apache.catalina.startup.Catalina.load Server initialization in [603] milliseconds
19-Jun-2026 17:50:11.213 INFO [main] org.apache.catalina.core.StandardService.startInternal Starting service [Catalina]
19-Jun-2026 17:50:11.213 INFO [main] org.apache.catalina.core.StandardEngine.startInternal Starting Servlet engine: [Apache Tomcat/9.0.89]
19-Jun-2026 17:50:11.224 INFO [main] org.apache.catalina.startup.HostConfig.deployDirectory Deploying web application directory [C:\Temp\Tomcat_compartido\webapps\aerrigochan]
19-Jun-2026 17:50:11.933 INFO [main] org.apache.jasper.servlet.TldScanner.scanJars At least one JAR was scanned for TLDs yet contained no TLDs. Enable debug logging for this logger for a complete list of JARs that were scanned but no TLDs were found in them. Skipping unneeded JARs during scanning can improve startup time and JSP compilation time.
19-Jun-2026 17:50:12.042 INFO [main] org.apache.catalina.startup.HostConfig.deployDirectory Deployment of web application directory [C:\Temp\Tomcat_compartido\webapps\aerrigochan] has finished in [816] ms
19-Jun-2026 17:50:12.042 INFO [main] org.apache.catalina.startup.HostConfig.deployDirectory Deploying web application directory [C:\Temp\Tomcat_compartido\webapps\host-manager]
19-Jun-2026 17:50:12.367 INFO [main] org.apache.jasper.servlet.TldScanner.scanJars At least one JAR was scanned for TLDs yet contained no TLDs. Enable debug logging for this logger for a complete list of JARs that were scanned but no TLDs were found in them. Skipping unneeded JARs during scanning can improve startup time and JSP compilation time.
19-Jun-2026 17:50:12.389 INFO [main] org.apache.catalina.startup.HostConfig.deployDirectory Deployment of web application directory [C:\Temp\Tomcat_compartido\webapps\host-manager] has finished in [347] ms
19-Jun-2026 17:50:12.390 INFO [main] org.apache.catalina.startup.HostConfig.deployDirectory Deploying web application directory [C:\Temp\Tomcat_compartido\webapps\manager]
19-Jun-2026 17:50:12.705 INFO [main] org.apache.jasper.servlet.TldScanner.scanJars At least one JAR was scanned for TLDs yet contained no TLDs. Enable debug logging for this logger for a complete list of JARs that were scanned but no TLDs were found in them. Skipping unneeded JARs during scanning can improve startup time and JSP compilation time.
19-Jun-2026 17:50:12.714 INFO [main] org.apache.catalina.startup.HostConfig.deployDirectory Deployment of web application directory [C:\Temp\Tomcat_compartido\webapps\manager] has finished in [324] ms
19-Jun-2026 17:50:12.714 INFO [main] org.apache.catalina.startup.HostConfig.deployDirectory Deploying web application directory [C:\Temp\Tomcat_compartido\webapps\ROOT]
19-Jun-2026 17:50:13.016 INFO [main] org.apache.jasper.servlet.TldScanner.scanJars At least one JAR was scanned for TLDs yet contained no TLDs. Enable debug logging for this logger for a complete list of JARs that were scanned but no TLDs were found in them. Skipping unneeded JARs during scanning can improve startup time and JSP compilation time.
19-Jun-2026 17:50:13.021 INFO [main] org.apache.catalina.startup.HostConfig.deployDirectory Deployment of web application directory [C:\Temp\Tomcat_compartido\webapps\ROOT] has finished in [307] ms
19-Jun-2026 17:50:13.021 INFO [main] org.apache.catalina.startup.HostConfig.deployDirectory Deploying web application directory [C:\Temp\Tomcat_compartido\webapps\Servlet1]
19-Jun-2026 17:50:13.326 INFO [main] org.apache.jasper.servlet.TldScanner.scanJars At least one JAR was scanned for TLDs yet contained no TLDs. Enable debug logging for this logger for a complete list of JARs that were scanned but no TLDs were found in them. Skipping unneeded JARs during scanning can improve startup time and JSP compilation time.
19-Jun-2026 17:50:13.335 INFO [main] org.apache.catalina.startup.HostConfig.deployDirectory Deployment of web application directory [C:\Temp\Tomcat_compartido\webapps\Servlet1] has finished in [314] ms
19-Jun-2026 17:50:13.335 INFO [main] org.apache.catalina.startup.HostConfig.deployDirectory Deploying web application directory [C:\Temp\Tomcat_compartido\webapps\test-r1-v2]
19-Jun-2026 17:50:13.678 INFO [main] org.apache.jasper.servlet.TldScanner.scanJars At least one JAR was scanned for TLDs yet contained no TLDs. Enable debug logging for this logger for a complete list of JARs that were scanned but no TLDs were found in them. Skipping unneeded JARs during scanning can improve startup time and JSP compilation time.
19-Jun-2026 17:50:13.678 INFO [main] org.apache.catalina.startup.HostConfig.deployDirectory Deployment of web application directory [C:\Temp\Tomcat_compartido\webapps\test-r1-v2] has finished in [343] ms
19-Jun-2026 17:50:13.678 INFO [main] org.apache.catalina.startup.HostConfig.deployDirectory Deploying web application directory [C:\Temp\Tomcat_compartido\webapps\trabajogr]
19-Jun-2026 17:50:14.036 INFO [main] org.apache.jasper.servlet.TldScanner.scanJars At least one JAR was scanned for TLDs yet contained no TLDs. Enable debug logging for this logger for a complete list of JARs that were scanned but no TLDs were found in them. Skipping unneeded JARs during scanning can improve startup time and JSP compilation time.
19-Jun-2026 17:50:14.048 INFO [main] org.apache.catalina.startup.HostConfig.deployDirectory Deployment of web application directory [C:\Temp\Tomcat_compartido\webapps\trabajogr] has finished in [370] ms
19-Jun-2026 17:50:14.055 INFO [main] org.apache.catalina.startup.Catalina.start Server startup in [2915] milliseconds
19-Jun-2026 17:50:14.066 SEVERE [main] org.apache.catalina.core.StandardServer.await Failed to create server shutdown socket on address [localhost] and port [8005] (base port [8005] and offset [0])
	java.net.BindException: Address already in use: bind
		at java.base/sun.nio.ch.Net.bind0(Native Method)
		at java.base/sun.nio.ch.Net.bind(Net.java:567)
		at java.base/sun.nio.ch.Net.bind(Net.java:556)
		at java.base/sun.nio.ch.NioSocketImpl.bind(NioSocketImpl.java:648)
		at java.base/java.net.ServerSocket.bind(ServerSocket.java:388)
		at java.base/java.net.ServerSocket.<init>(ServerSocket.java:274)
		at org.apache.catalina.core.StandardServer.await(StandardServer.java:541)
		at org.apache.catalina.startup.Catalina.await(Catalina.java:825)
		at org.apache.catalina.startup.Catalina.start(Catalina.java:773)
		at java.base/jdk.internal.reflect.NativeMethodAccessorImpl.invoke0(Native Method)
		at java.base/jdk.internal.reflect.NativeMethodAccessorImpl.invoke(NativeMethodAccessorImpl.java:77)
		at java.base/jdk.internal.reflect.DelegatingMethodAccessorImpl.invoke(DelegatingMethodAccessorImpl.java:43)
		at java.base/java.lang.reflect.Method.invoke(Method.java:569)
		at org.apache.catalina.startup.Bootstrap.start(Bootstrap.java:345)
		at org.apache.catalina.startup.Bootstrap.main(Bootstrap.java:473)
19-Jun-2026 17:50:14.069 INFO [main] org.apache.coyote.AbstractProtocol.pause Pausing ProtocolHandler ["http-nio-8082"]
19-Jun-2026 17:50:14.069 INFO [main] org.apache.catalina.core.StandardService.stopInternal Stopping service [Catalina]
19-Jun-2026 17:50:14.109 WARNING [main] org.apache.catalina.loader.WebappClassLoaderBase.clearReferencesObjectStreamClassCaches When running on Java 9 or later you need to add "--add-opens=java.base/java.io=ALL-UNNAMED" to the JVM command line arguments to enable ObjectStream cache memory leak protection. Alternatively, you can suppress this warning by disabling ObjectStream class cache memory leak protection.
19-Jun-2026 17:50:14.109 WARNING [main] org.apache.catalina.loader.WebappClassLoaderBase.checkThreadLocalsForLeaks When running on Java 9 or later you need to add "--add-opens=java.base/java.lang=ALL-UNNAMED" to the JVM command line arguments to enable ThreadLocal memory leak detection. Alternatively, you can suppress this warning by disabling ThreadLocal memory leak detection.
19-Jun-2026 17:50:14.109 WARNING [main] org.apache.catalina.loader.WebappClassLoaderBase.clearReferencesRmiTargets When running on Java 9 or later you need to add "--add-opens=java.rmi/sun.rmi.transport=ALL-UNNAMED" to the JVM command line arguments to enable RMI Target memory leak detection. Alternatively, you can suppress this warning by disabling RMI Target memory leak detection.
19-Jun-2026 17:50:14.109 WARNING [main] org.apache.catalina.loader.WebappClassLoaderBase.clearReferencesObjectStreamClassCaches When running on Java 9 or later you need to add "--add-opens=java.base/java.io=ALL-UNNAMED" to the JVM command line arguments to enable ObjectStream cache memory leak protection. Alternatively, you can suppress this warning by disabling ObjectStream class cache memory leak protection.
19-Jun-2026 17:50:14.109 WARNING [main] org.apache.catalina.loader.WebappClassLoaderBase.checkThreadLocalsForLeaks When running on Java 9 or later you need to add "--add-opens=java.base/java.lang=ALL-UNNAMED" to the JVM command line arguments to enable ThreadLocal memory leak detection. Alternatively, you can suppress this warning by disabling ThreadLocal memory leak detection.
19-Jun-2026 17:50:14.118 WARNING [main] org.apache.catalina.loader.WebappClassLoaderBase.clearReferencesRmiTargets When running on Java 9 or later you need to add "--add-opens=java.rmi/sun.rmi.transport=ALL-UNNAMED" to the JVM command line arguments to enable RMI Target memory leak detection. Alternatively, you can suppress this warning by disabling RMI Target memory leak detection.
19-Jun-2026 17:50:14.122 WARNING [main] org.apache.catalina.loader.WebappClassLoaderBase.clearReferencesObjectStreamClassCaches When running on Java 9 or later you need to add "--add-opens=java.base/java.io=ALL-UNNAMED" to the JVM command line arguments to enable ObjectStream cache memory leak protection. Alternatively, you can suppress this warning by disabling ObjectStream class cache memory leak protection.
19-Jun-2026 17:50:14.124 WARNING [main] org.apache.catalina.loader.WebappClassLoaderBase.checkThreadLocalsForLeaks When running on Java 9 or later you need to add "--add-opens=java.base/java.lang=ALL-UNNAMED" to the JVM command line arguments to enable ThreadLocal memory leak detection. Alternatively, you can suppress this warning by disabling ThreadLocal memory leak detection.
19-Jun-2026 17:50:14.124 WARNING [main] org.apache.catalina.loader.WebappClassLoaderBase.clearReferencesRmiTargets When running on Java 9 or later you need to add "--add-opens=java.rmi/sun.rmi.transport=ALL-UNNAMED" to the JVM command line arguments to enable RMI Target memory leak detection. Alternatively, you can suppress this warning by disabling RMI Target memory leak detection.
19-Jun-2026 17:50:14.127 WARNING [main] org.apache.catalina.loader.WebappClassLoaderBase.clearReferencesObjectStreamClassCaches When running on Java 9 or later you need to add "--add-opens=java.base/java.io=ALL-UNNAMED" to the JVM command line arguments to enable ObjectStream cache memory leak protection. Alternatively, you can suppress this warning by disabling ObjectStream class cache memory leak protection.
19-Jun-2026 17:50:14.127 WARNING [main] org.apache.catalina.loader.WebappClassLoaderBase.checkThreadLocalsForLeaks When running on Java 9 or later you need to add "--add-opens=java.base/java.lang=ALL-UNNAMED" to the JVM command line arguments to enable ThreadLocal memory leak detection. Alternatively, you can suppress this warning by disabling ThreadLocal memory leak detection.
19-Jun-2026 17:50:14.130 WARNING [main] org.apache.catalina.loader.WebappClassLoaderBase.clearReferencesRmiTargets When running on Java 9 or later you need to add "--add-opens=java.rmi/sun.rmi.transport=ALL-UNNAMED" to the JVM command line arguments to enable RMI Target memory leak detection. Alternatively, you can suppress this warning by disabling RMI Target memory leak detection.
19-Jun-2026 17:50:14.135 WARNING [main] org.apache.catalina.loader.WebappClassLoaderBase.clearReferencesObjectStreamClassCaches When running on Java 9 or later you need to add "--add-opens=java.base/java.io=ALL-UNNAMED" to the JVM command line arguments to enable ObjectStream cache memory leak protection. Alternatively, you can suppress this warning by disabling ObjectStream class cache memory leak protection.
19-Jun-2026 17:50:14.137 WARNING [main] org.apache.catalina.loader.WebappClassLoaderBase.checkThreadLocalsForLeaks When running on Java 9 or later you need to add "--add-opens=java.base/java.lang=ALL-UNNAMED" to the JVM command line arguments to enable ThreadLocal memory leak detection. Alternatively, you can suppress this warning by disabling ThreadLocal memory leak detection.
19-Jun-2026 17:50:14.138 WARNING [main] org.apache.catalina.loader.WebappClassLoaderBase.clearReferencesRmiTargets When running on Java 9 or later you need to add "--add-opens=java.rmi/sun.rmi.transport=ALL-UNNAMED" to the JVM command line arguments to enable RMI Target memory leak detection. Alternatively, you can suppress this warning by disabling RMI Target memory leak detection.
19-Jun-2026 17:50:14.138 WARNING [main] org.apache.catalina.loader.WebappClassLoaderBase.clearReferencesObjectStreamClassCaches When running on Java 9 or later you need to add "--add-opens=java.base/java.io=ALL-UNNAMED" to the JVM command line arguments to enable ObjectStream cache memory leak protection. Alternatively, you can suppress this warning by disabling ObjectStream class cache memory leak protection.
19-Jun-2026 17:50:14.138 WARNING [main] org.apache.catalina.loader.WebappClassLoaderBase.checkThreadLocalsForLeaks When running on Java 9 or later you need to add "--add-opens=java.base/java.lang=ALL-UNNAMED" to the JVM command line arguments to enable ThreadLocal memory leak detection. Alternatively, you can suppress this warning by disabling ThreadLocal memory leak detection.
19-Jun-2026 17:50:14.138 WARNING [main] org.apache.catalina.loader.WebappClassLoaderBase.clearReferencesRmiTargets When running on Java 9 or later you need to add "--add-opens=java.rmi/sun.rmi.transport=ALL-UNNAMED" to the JVM command line arguments to enable RMI Target memory leak detection. Alternatively, you can suppress this warning by disabling RMI Target memory leak detection.
19-Jun-2026 17:50:14.146 WARNING [main] org.apache.catalina.loader.WebappClassLoaderBase.clearReferencesObjectStreamClassCaches When running on Java 9 or later you need to add "--add-opens=java.base/java.io=ALL-UNNAMED" to the JVM command line arguments to enable ObjectStream cache memory leak protection. Alternatively, you can suppress this warning by disabling ObjectStream class cache memory leak protection.
19-Jun-2026 17:50:14.146 WARNING [main] org.apache.catalina.loader.WebappClassLoaderBase.checkThreadLocalsForLeaks When running on Java 9 or later you need to add "--add-opens=java.base/java.lang=ALL-UNNAMED" to the JVM command line arguments to enable ThreadLocal memory leak detection. Alternatively, you can suppress this warning by disabling ThreadLocal memory leak detection.
19-Jun-2026 17:50:14.146 WARNING [main] org.apache.catalina.loader.WebappClassLoaderBase.clearReferencesRmiTargets When running on Java 9 or later you need to add "--add-opens=java.rmi/sun.rmi.transport=ALL-UNNAMED" to the JVM command line arguments to enable RMI Target memory leak detection. Alternatively, you can suppress this warning by disabling RMI Target memory leak detection.
19-Jun-2026 17:50:14.146 INFO [main] org.apache.coyote.AbstractProtocol.stop Stopping ProtocolHandler ["http-nio-8082"]
19-Jun-2026 17:50:14.150 INFO [main] org.apache.coyote.AbstractProtocol.destroy Destroying ProtocolHandler ["http-nio-8082"]
19-Jun-2026 17:51:53.058 INFO [main] org.apache.catalina.startup.VersionLoggerListener.log Server version name:   Apache Tomcat/9.0.89
19-Jun-2026 17:51:53.062 INFO [main] org.apache.catalina.startup.VersionLoggerListener.log Server built:          May 3 2024 20:22:11 UTC
19-Jun-2026 17:51:53.062 INFO [main] org.apache.catalina.startup.VersionLoggerListener.log Server version number: 9.0.89.0
19-Jun-2026 17:51:53.062 INFO [main] org.apache.catalina.startup.VersionLoggerListener.log OS Name:               Windows 11
19-Jun-2026 17:51:53.062 INFO [main] org.apache.catalina.startup.VersionLoggerListener.log OS Version:            10.0
19-Jun-2026 17:51:53.062 INFO [main] org.apache.catalina.startup.VersionLoggerListener.log Architecture:          amd64
19-Jun-2026 17:51:53.062 INFO [main] org.apache.catalina.startup.VersionLoggerListener.log Java Home:             C:\Temp\Programs\JavaStack\jdk-17.0.19+10
19-Jun-2026 17:51:53.062 INFO [main] org.apache.catalina.startup.VersionLoggerListener.log JVM Version:           17.0.19+10-LTS
19-Jun-2026 17:51:53.062 INFO [main] org.apache.catalina.startup.VersionLoggerListener.log JVM Vendor:            Microsoft
19-Jun-2026 17:51:53.062 INFO [main] org.apache.catalina.startup.VersionLoggerListener.log CATALINA_BASE:         C:\Temp\Tomcat_compartido
19-Jun-2026 17:51:53.062 INFO [main] org.apache.catalina.startup.VersionLoggerListener.log CATALINA_HOME:         C:\Temp\Programs\JavaStack\apache-tomcat-9.0.89
19-Jun-2026 17:51:53.084 INFO [main] org.apache.catalina.startup.VersionLoggerListener.log Command line argument: -Djava.util.logging.config.file=C:\Temp\Tomcat_compartido/conf/logging.properties
19-Jun-2026 17:51:53.084 INFO [main] org.apache.catalina.startup.VersionLoggerListener.log Command line argument: -Djava.util.logging.manager=org.apache.juli.ClassLoaderLogManager
19-Jun-2026 17:51:53.084 INFO [main] org.apache.catalina.startup.VersionLoggerListener.log Command line argument: -Djdk.tls.ephemeralDHKeySize=2048
19-Jun-2026 17:51:53.084 INFO [main] org.apache.catalina.startup.VersionLoggerListener.log Command line argument: -Djava.protocol.handler.pkgs=org.apache.catalina.webresources
19-Jun-2026 17:51:53.084 INFO [main] org.apache.catalina.startup.VersionLoggerListener.log Command line argument: -Dorg.apache.catalina.security.SecurityListener.UMASK=0027
19-Jun-2026 17:51:53.084 INFO [main] org.apache.catalina.startup.VersionLoggerListener.log Command line argument: -Dcatalina.base=C:\Temp\Tomcat_compartido
19-Jun-2026 17:51:53.084 INFO [main] org.apache.catalina.startup.VersionLoggerListener.log Command line argument: -Dcatalina.home=C:\Temp\Programs\JavaStack\apache-tomcat-9.0.89
19-Jun-2026 17:51:53.084 INFO [main] org.apache.catalina.startup.VersionLoggerListener.log Command line argument: -Djava.io.tmpdir=C:\Temp\Tomcat_compartido/temp
19-Jun-2026 17:51:53.096 INFO [main] org.apache.catalina.core.AprLifecycleListener.lifecycleEvent The Apache Tomcat Native library which allows using OpenSSL was not found on the java.library.path: [C:\Temp\Programs\JavaStack\jdk-17.0.19+10\bin;C:\WINDOWS\Sun\Java\bin;C:\WINDOWS\system32;C:\WINDOWS;C:\WINDOWS\system32;C:\WINDOWS;C:\WINDOWS\System32\Wbem;C:\WINDOWS\System32\WindowsPowerShell\v1.0\;C:\WINDOWS\System32\OpenSSH\;C:\Program Files\dotnet\;C:\Users\Aldoa\Desktop\Infor\bin;C:\Program Files\Microsoft SQL Server Migration Assistant for Access\bin\;C:\Users\Aldoa\OneDrive\Desktop\;C:\Program Files\Git\cmd;C:\Program Files\nodejs\;C:\Users\Aldoa\AppData\Local\Microsoft\WindowsApps;C:\Users\Aldoa\AppData\Local\Programs\Microsoft VS Code\bin;C:\Users\Aldoa\AppData\Local\Programs\cursor\resources\app\bin;C:\Users\Aldoa\AppData\Roaming\npm;C:\Temp\Programs\JavaStack\jdk-17.0.19+10\bin;C:\Temp\Programs\JavaStack\apache-maven-3.9.16\bin;;.]
19-Jun-2026 17:51:53.482 INFO [main] org.apache.coyote.AbstractProtocol.init Initializing ProtocolHandler ["http-nio-8082"]
19-Jun-2026 17:51:53.511 SEVERE [main] org.apache.catalina.util.LifecycleBase.handleSubClassException Failed to initialize component [Connector["http-nio-8082"]]
	org.apache.catalina.LifecycleException: Protocol handler initialization failed
		at org.apache.catalina.connector.Connector.initInternal(Connector.java:1012)
		at org.apache.catalina.util.LifecycleBase.init(LifecycleBase.java:127)
		at org.apache.catalina.core.StandardService.initInternal(StandardService.java:525)
		at org.apache.catalina.util.LifecycleBase.init(LifecycleBase.java:127)
		at org.apache.catalina.core.StandardServer.initInternal(StandardServer.java:990)
		at org.apache.catalina.util.LifecycleBase.init(LifecycleBase.java:127)
		at org.apache.catalina.startup.Catalina.load(Catalina.java:686)
		at org.apache.catalina.startup.Catalina.load(Catalina.java:709)
		at java.base/jdk.internal.reflect.NativeMethodAccessorImpl.invoke0(Native Method)
		at java.base/jdk.internal.reflect.NativeMethodAccessorImpl.invoke(NativeMethodAccessorImpl.java:77)
		at java.base/jdk.internal.reflect.DelegatingMethodAccessorImpl.invoke(DelegatingMethodAccessorImpl.java:43)
		at java.base/java.lang.reflect.Method.invoke(Method.java:569)
		at org.apache.catalina.startup.Bootstrap.load(Bootstrap.java:302)
		at org.apache.catalina.startup.Bootstrap.main(Bootstrap.java:472)
	Caused by: java.net.BindException: Address already in use: bind
		at java.base/sun.nio.ch.Net.bind0(Native Method)
		at java.base/sun.nio.ch.Net.bind(Net.java:567)
		at java.base/sun.nio.ch.ServerSocketChannelImpl.netBind(ServerSocketChannelImpl.java:337)
		at java.base/sun.nio.ch.ServerSocketChannelImpl.bind(ServerSocketChannelImpl.java:294)
		at org.apache.tomcat.util.net.NioEndpoint.initServerSocket(NioEndpoint.java:268)
		at org.apache.tomcat.util.net.NioEndpoint.bind(NioEndpoint.java:223)
		at org.apache.tomcat.util.net.AbstractEndpoint.bindWithCleanup(AbstractEndpoint.java:1355)
		at org.apache.tomcat.util.net.AbstractEndpoint.init(AbstractEndpoint.java:1368)
		at org.apache.coyote.AbstractProtocol.init(AbstractProtocol.java:654)
		at org.apache.coyote.http11.AbstractHttp11Protocol.init(AbstractHttp11Protocol.java:75)
		at org.apache.catalina.connector.Connector.initInternal(Connector.java:1010)
		... 13 more
19-Jun-2026 17:51:53.514 INFO [main] org.apache.catalina.startup.Catalina.load Server initialization in [681] milliseconds
19-Jun-2026 17:51:53.618 INFO [main] org.apache.catalina.core.StandardService.startInternal Starting service [Catalina]
19-Jun-2026 17:51:53.618 INFO [main] org.apache.catalina.core.StandardEngine.startInternal Starting Servlet engine: [Apache Tomcat/9.0.89]
19-Jun-2026 17:51:53.634 INFO [main] org.apache.catalina.startup.HostConfig.deployDirectory Deploying web application directory [C:\Temp\Tomcat_compartido\webapps\aerrigochan]
19-Jun-2026 17:51:54.425 INFO [main] org.apache.jasper.servlet.TldScanner.scanJars At least one JAR was scanned for TLDs yet contained no TLDs. Enable debug logging for this logger for a complete list of JARs that were scanned but no TLDs were found in them. Skipping unneeded JARs during scanning can improve startup time and JSP compilation time.
19-Jun-2026 17:51:54.516 INFO [main] org.apache.catalina.startup.HostConfig.deployDirectory Deployment of web application directory [C:\Temp\Tomcat_compartido\webapps\aerrigochan] has finished in [882] ms
19-Jun-2026 17:51:54.516 INFO [main] org.apache.catalina.startup.HostConfig.deployDirectory Deploying web application directory [C:\Temp\Tomcat_compartido\webapps\host-manager]
19-Jun-2026 17:51:54.842 INFO [main] org.apache.jasper.servlet.TldScanner.scanJars At least one JAR was scanned for TLDs yet contained no TLDs. Enable debug logging for this logger for a complete list of JARs that were scanned but no TLDs were found in them. Skipping unneeded JARs during scanning can improve startup time and JSP compilation time.
19-Jun-2026 17:51:54.863 INFO [main] org.apache.catalina.startup.HostConfig.deployDirectory Deployment of web application directory [C:\Temp\Tomcat_compartido\webapps\host-manager] has finished in [347] ms
19-Jun-2026 17:51:54.863 INFO [main] org.apache.catalina.startup.HostConfig.deployDirectory Deploying web application directory [C:\Temp\Tomcat_compartido\webapps\manager]
19-Jun-2026 17:51:55.187 INFO [main] org.apache.jasper.servlet.TldScanner.scanJars At least one JAR was scanned for TLDs yet contained no TLDs. Enable debug logging for this logger for a complete list of JARs that were scanned but no TLDs were found in them. Skipping unneeded JARs during scanning can improve startup time and JSP compilation time.
19-Jun-2026 17:51:55.195 INFO [main] org.apache.catalina.startup.HostConfig.deployDirectory Deployment of web application directory [C:\Temp\Tomcat_compartido\webapps\manager] has finished in [330] ms
19-Jun-2026 17:51:55.195 INFO [main] org.apache.catalina.startup.HostConfig.deployDirectory Deploying web application directory [C:\Temp\Tomcat_compartido\webapps\ROOT]
19-Jun-2026 17:51:55.540 INFO [main] org.apache.jasper.servlet.TldScanner.scanJars At least one JAR was scanned for TLDs yet contained no TLDs. Enable debug logging for this logger for a complete list of JARs that were scanned but no TLDs were found in them. Skipping unneeded JARs during scanning can improve startup time and JSP compilation time.
19-Jun-2026 17:51:55.544 INFO [main] org.apache.catalina.startup.HostConfig.deployDirectory Deployment of web application directory [C:\Temp\Tomcat_compartido\webapps\ROOT] has finished in [349] ms
19-Jun-2026 17:51:55.544 INFO [main] org.apache.catalina.startup.HostConfig.deployDirectory Deploying web application directory [C:\Temp\Tomcat_compartido\webapps\Servlet1]
19-Jun-2026 17:51:55.859 INFO [main] org.apache.jasper.servlet.TldScanner.scanJars At least one JAR was scanned for TLDs yet contained no TLDs. Enable debug logging for this logger for a complete list of JARs that were scanned but no TLDs were found in them. Skipping unneeded JARs during scanning can improve startup time and JSP compilation time.
19-Jun-2026 17:51:55.862 INFO [main] org.apache.catalina.startup.HostConfig.deployDirectory Deployment of web application directory [C:\Temp\Tomcat_compartido\webapps\Servlet1] has finished in [318] ms
19-Jun-2026 17:51:55.865 INFO [main] org.apache.catalina.startup.HostConfig.deployDirectory Deploying web application directory [C:\Temp\Tomcat_compartido\webapps\test-r1-v2]
19-Jun-2026 17:51:56.144 INFO [main] org.apache.jasper.servlet.TldScanner.scanJars At least one JAR was scanned for TLDs yet contained no TLDs. Enable debug logging for this logger for a complete list of JARs that were scanned but no TLDs were found in them. Skipping unneeded JARs during scanning can improve startup time and JSP compilation time.
19-Jun-2026 17:51:56.149 INFO [main] org.apache.catalina.startup.HostConfig.deployDirectory Deployment of web application directory [C:\Temp\Tomcat_compartido\webapps\test-r1-v2] has finished in [284] ms
19-Jun-2026 17:51:56.149 INFO [main] org.apache.catalina.startup.HostConfig.deployDirectory Deploying web application directory [C:\Temp\Tomcat_compartido\webapps\trabajogr]
19-Jun-2026 17:51:56.515 INFO [main] org.apache.jasper.servlet.TldScanner.scanJars At least one JAR was scanned for TLDs yet contained no TLDs. Enable debug logging for this logger for a complete list of JARs that were scanned but no TLDs were found in them. Skipping unneeded JARs during scanning can improve startup time and JSP compilation time.
19-Jun-2026 17:51:56.531 INFO [main] org.apache.catalina.startup.HostConfig.deployDirectory Deployment of web application directory [C:\Temp\Tomcat_compartido\webapps\trabajogr] has finished in [382] ms
19-Jun-2026 17:51:56.534 INFO [main] org.apache.catalina.startup.Catalina.start Server startup in [3021] milliseconds
19-Jun-2026 17:51:56.545 SEVERE [main] org.apache.catalina.core.StandardServer.await Failed to create server shutdown socket on address [localhost] and port [8005] (base port [8005] and offset [0])
	java.net.BindException: Address already in use: bind
		at java.base/sun.nio.ch.Net.bind0(Native Method)
		at java.base/sun.nio.ch.Net.bind(Net.java:567)
		at java.base/sun.nio.ch.Net.bind(Net.java:556)
		at java.base/sun.nio.ch.NioSocketImpl.bind(NioSocketImpl.java:648)
		at java.base/java.net.ServerSocket.bind(ServerSocket.java:388)
		at java.base/java.net.ServerSocket.<init>(ServerSocket.java:274)
		at org.apache.catalina.core.StandardServer.await(StandardServer.java:541)
		at org.apache.catalina.startup.Catalina.await(Catalina.java:825)
		at org.apache.catalina.startup.Catalina.start(Catalina.java:773)
		at java.base/jdk.internal.reflect.NativeMethodAccessorImpl.invoke0(Native Method)
		at java.base/jdk.internal.reflect.NativeMethodAccessorImpl.invoke(NativeMethodAccessorImpl.java:77)
		at java.base/jdk.internal.reflect.DelegatingMethodAccessorImpl.invoke(DelegatingMethodAccessorImpl.java:43)
		at java.base/java.lang.reflect.Method.invoke(Method.java:569)
		at org.apache.catalina.startup.Bootstrap.start(Bootstrap.java:345)
		at org.apache.catalina.startup.Bootstrap.main(Bootstrap.java:473)
19-Jun-2026 17:51:56.548 INFO [main] org.apache.coyote.AbstractProtocol.pause Pausing ProtocolHandler ["http-nio-8082"]
19-Jun-2026 17:51:56.548 INFO [main] org.apache.catalina.core.StandardService.stopInternal Stopping service [Catalina]
19-Jun-2026 17:51:56.556 WARNING [main] org.apache.catalina.loader.WebappClassLoaderBase.clearReferencesObjectStreamClassCaches When running on Java 9 or later you need to add "--add-opens=java.base/java.io=ALL-UNNAMED" to the JVM command line arguments to enable ObjectStream cache memory leak protection. Alternatively, you can suppress this warning by disabling ObjectStream class cache memory leak protection.
19-Jun-2026 17:51:56.556 WARNING [main] org.apache.catalina.loader.WebappClassLoaderBase.checkThreadLocalsForLeaks When running on Java 9 or later you need to add "--add-opens=java.base/java.lang=ALL-UNNAMED" to the JVM command line arguments to enable ThreadLocal memory leak detection. Alternatively, you can suppress this warning by disabling ThreadLocal memory leak detection.
19-Jun-2026 17:51:56.556 WARNING [main] org.apache.catalina.loader.WebappClassLoaderBase.clearReferencesRmiTargets When running on Java 9 or later you need to add "--add-opens=java.rmi/sun.rmi.transport=ALL-UNNAMED" to the JVM command line arguments to enable RMI Target memory leak detection. Alternatively, you can suppress this warning by disabling RMI Target memory leak detection.
19-Jun-2026 17:51:56.562 WARNING [main] org.apache.catalina.loader.WebappClassLoaderBase.clearReferencesObjectStreamClassCaches When running on Java 9 or later you need to add "--add-opens=java.base/java.io=ALL-UNNAMED" to the JVM command line arguments to enable ObjectStream cache memory leak protection. Alternatively, you can suppress this warning by disabling ObjectStream class cache memory leak protection.
19-Jun-2026 17:51:56.562 WARNING [main] org.apache.catalina.loader.WebappClassLoaderBase.checkThreadLocalsForLeaks When running on Java 9 or later you need to add "--add-opens=java.base/java.lang=ALL-UNNAMED" to the JVM command line arguments to enable ThreadLocal memory leak detection. Alternatively, you can suppress this warning by disabling ThreadLocal memory leak detection.
19-Jun-2026 17:51:56.562 WARNING [main] org.apache.catalina.loader.WebappClassLoaderBase.clearReferencesRmiTargets When running on Java 9 or later you need to add "--add-opens=java.rmi/sun.rmi.transport=ALL-UNNAMED" to the JVM command line arguments to enable RMI Target memory leak detection. Alternatively, you can suppress this warning by disabling RMI Target memory leak detection.
19-Jun-2026 17:51:56.571 WARNING [main] org.apache.catalina.loader.WebappClassLoaderBase.clearReferencesObjectStreamClassCaches When running on Java 9 or later you need to add "--add-opens=java.base/java.io=ALL-UNNAMED" to the JVM command line arguments to enable ObjectStream cache memory leak protection. Alternatively, you can suppress this warning by disabling ObjectStream class cache memory leak protection.
19-Jun-2026 17:51:56.573 WARNING [main] org.apache.catalina.loader.WebappClassLoaderBase.checkThreadLocalsForLeaks When running on Java 9 or later you need to add "--add-opens=java.base/java.lang=ALL-UNNAMED" to the JVM command line arguments to enable ThreadLocal memory leak detection. Alternatively, you can suppress this warning by disabling ThreadLocal memory leak detection.
19-Jun-2026 17:51:56.573 WARNING [main] org.apache.catalina.loader.WebappClassLoaderBase.clearReferencesRmiTargets When running on Java 9 or later you need to add "--add-opens=java.rmi/sun.rmi.transport=ALL-UNNAMED" to the JVM command line arguments to enable RMI Target memory leak detection. Alternatively, you can suppress this warning by disabling RMI Target memory leak detection.
19-Jun-2026 17:51:56.578 WARNING [main] org.apache.catalina.loader.WebappClassLoaderBase.clearReferencesObjectStreamClassCaches When running on Java 9 or later you need to add "--add-opens=java.base/java.io=ALL-UNNAMED" to the JVM command line arguments to enable ObjectStream cache memory leak protection. Alternatively, you can suppress this warning by disabling ObjectStream class cache memory leak protection.
19-Jun-2026 17:51:56.578 WARNING [main] org.apache.catalina.loader.WebappClassLoaderBase.checkThreadLocalsForLeaks When running on Java 9 or later you need to add "--add-opens=java.base/java.lang=ALL-UNNAMED" to the JVM command line arguments to enable ThreadLocal memory leak detection. Alternatively, you can suppress this warning by disabling ThreadLocal memory leak detection.
19-Jun-2026 17:51:56.578 WARNING [main] org.apache.catalina.loader.WebappClassLoaderBase.clearReferencesRmiTargets When running on Java 9 or later you need to add "--add-opens=java.rmi/sun.rmi.transport=ALL-UNNAMED" to the JVM command line arguments to enable RMI Target memory leak detection. Alternatively, you can suppress this warning by disabling RMI Target memory leak detection.
19-Jun-2026 17:51:56.582 WARNING [main] org.apache.catalina.loader.WebappClassLoaderBase.clearReferencesObjectStreamClassCaches When running on Java 9 or later you need to add "--add-opens=java.base/java.io=ALL-UNNAMED" to the JVM command line arguments to enable ObjectStream cache memory leak protection. Alternatively, you can suppress this warning by disabling ObjectStream class cache memory leak protection.
19-Jun-2026 17:51:56.582 WARNING [main] org.apache.catalina.loader.WebappClassLoaderBase.checkThreadLocalsForLeaks When running on Java 9 or later you need to add "--add-opens=java.base/java.lang=ALL-UNNAMED" to the JVM command line arguments to enable ThreadLocal memory leak detection. Alternatively, you can suppress this warning by disabling ThreadLocal memory leak detection.
19-Jun-2026 17:51:56.582 WARNING [main] org.apache.catalina.loader.WebappClassLoaderBase.clearReferencesRmiTargets When running on Java 9 or later you need to add "--add-opens=java.rmi/sun.rmi.transport=ALL-UNNAMED" to the JVM command line arguments to enable RMI Target memory leak detection. Alternatively, you can suppress this warning by disabling RMI Target memory leak detection.
19-Jun-2026 17:51:56.588 WARNING [main] org.apache.catalina.loader.WebappClassLoaderBase.clearReferencesObjectStreamClassCaches When running on Java 9 or later you need to add "--add-opens=java.base/java.io=ALL-UNNAMED" to the JVM command line arguments to enable ObjectStream cache memory leak protection. Alternatively, you can suppress this warning by disabling ObjectStream class cache memory leak protection.
19-Jun-2026 17:51:56.588 WARNING [main] org.apache.catalina.loader.WebappClassLoaderBase.checkThreadLocalsForLeaks When running on Java 9 or later you need to add "--add-opens=java.base/java.lang=ALL-UNNAMED" to the JVM command line arguments to enable ThreadLocal memory leak detection. Alternatively, you can suppress this warning by disabling ThreadLocal memory leak detection.
19-Jun-2026 17:51:56.588 WARNING [main] org.apache.catalina.loader.WebappClassLoaderBase.clearReferencesRmiTargets When running on Java 9 or later you need to add "--add-opens=java.rmi/sun.rmi.transport=ALL-UNNAMED" to the JVM command line arguments to enable RMI Target memory leak detection. Alternatively, you can suppress this warning by disabling RMI Target memory leak detection.
19-Jun-2026 17:51:56.595 WARNING [main] org.apache.catalina.loader.WebappClassLoaderBase.clearReferencesObjectStreamClassCaches When running on Java 9 or later you need to add "--add-opens=java.base/java.io=ALL-UNNAMED" to the JVM command line arguments to enable ObjectStream cache memory leak protection. Alternatively, you can suppress this warning by disabling ObjectStream class cache memory leak protection.
19-Jun-2026 17:51:56.595 WARNING [main] org.apache.catalina.loader.WebappClassLoaderBase.checkThreadLocalsForLeaks When running on Java 9 or later you need to add "--add-opens=java.base/java.lang=ALL-UNNAMED" to the JVM command line arguments to enable ThreadLocal memory leak detection. Alternatively, you can suppress this warning by disabling ThreadLocal memory leak detection.
19-Jun-2026 17:51:56.595 WARNING [main] org.apache.catalina.loader.WebappClassLoaderBase.clearReferencesRmiTargets When running on Java 9 or later you need to add "--add-opens=java.rmi/sun.rmi.transport=ALL-UNNAMED" to the JVM command line arguments to enable RMI Target memory leak detection. Alternatively, you can suppress this warning by disabling RMI Target memory leak detection.
19-Jun-2026 17:51:56.595 INFO [main] org.apache.coyote.AbstractProtocol.stop Stopping ProtocolHandler ["http-nio-8082"]
19-Jun-2026 17:51:56.595 INFO [main] org.apache.coyote.AbstractProtocol.destroy Destroying ProtocolHandler ["http-nio-8082"]
19-Jun-2026 17:53:35.423 INFO [main] org.apache.catalina.startup.VersionLoggerListener.log Server version name:   Apache Tomcat/9.0.89
19-Jun-2026 17:53:35.428 INFO [main] org.apache.catalina.startup.VersionLoggerListener.log Server built:          May 3 2024 20:22:11 UTC
19-Jun-2026 17:53:35.428 INFO [main] org.apache.catalina.startup.VersionLoggerListener.log Server version number: 9.0.89.0
19-Jun-2026 17:53:35.428 INFO [main] org.apache.catalina.startup.VersionLoggerListener.log OS Name:               Windows 11
19-Jun-2026 17:53:35.428 INFO [main] org.apache.catalina.startup.VersionLoggerListener.log OS Version:            10.0
19-Jun-2026 17:53:35.428 INFO [main] org.apache.catalina.startup.VersionLoggerListener.log Architecture:          amd64
19-Jun-2026 17:53:35.428 INFO [main] org.apache.catalina.startup.VersionLoggerListener.log Java Home:             C:\Temp\Programs\JavaStack\jdk-17.0.19+10
19-Jun-2026 17:53:35.428 INFO [main] org.apache.catalina.startup.VersionLoggerListener.log JVM Version:           17.0.19+10-LTS
19-Jun-2026 17:53:35.428 INFO [main] org.apache.catalina.startup.VersionLoggerListener.log JVM Vendor:            Microsoft
19-Jun-2026 17:53:35.429 INFO [main] org.apache.catalina.startup.VersionLoggerListener.log CATALINA_BASE:         C:\Temp\Tomcat_compartido
19-Jun-2026 17:53:35.429 INFO [main] org.apache.catalina.startup.VersionLoggerListener.log CATALINA_HOME:         C:\Temp\Programs\JavaStack\apache-tomcat-9.0.89
19-Jun-2026 17:53:35.441 INFO [main] org.apache.catalina.startup.VersionLoggerListener.log Command line argument: -Djava.util.logging.config.file=C:\Temp\Tomcat_compartido/conf/logging.properties
19-Jun-2026 17:53:35.441 INFO [main] org.apache.catalina.startup.VersionLoggerListener.log Command line argument: -Djava.util.logging.manager=org.apache.juli.ClassLoaderLogManager
19-Jun-2026 17:53:35.441 INFO [main] org.apache.catalina.startup.VersionLoggerListener.log Command line argument: -Djdk.tls.ephemeralDHKeySize=2048
19-Jun-2026 17:53:35.441 INFO [main] org.apache.catalina.startup.VersionLoggerListener.log Command line argument: -Djava.protocol.handler.pkgs=org.apache.catalina.webresources
19-Jun-2026 17:53:35.441 INFO [main] org.apache.catalina.startup.VersionLoggerListener.log Command line argument: -Dorg.apache.catalina.security.SecurityListener.UMASK=0027
19-Jun-2026 17:53:35.441 INFO [main] org.apache.catalina.startup.VersionLoggerListener.log Command line argument: -Dcatalina.base=C:\Temp\Tomcat_compartido
19-Jun-2026 17:53:35.441 INFO [main] org.apache.catalina.startup.VersionLoggerListener.log Command line argument: -Dcatalina.home=C:\Temp\Programs\JavaStack\apache-tomcat-9.0.89
19-Jun-2026 17:53:35.441 INFO [main] org.apache.catalina.startup.VersionLoggerListener.log Command line argument: -Djava.io.tmpdir=C:\Temp\Tomcat_compartido/temp
19-Jun-2026 17:53:35.450 INFO [main] org.apache.catalina.core.AprLifecycleListener.lifecycleEvent The Apache Tomcat Native library which allows using OpenSSL was not found on the java.library.path: [C:\Temp\Programs\JavaStack\jdk-17.0.19+10\bin;C:\WINDOWS\Sun\Java\bin;C:\WINDOWS\system32;C:\WINDOWS;C:\WINDOWS\system32;C:\WINDOWS;C:\WINDOWS\System32\Wbem;C:\WINDOWS\System32\WindowsPowerShell\v1.0\;C:\WINDOWS\System32\OpenSSH\;C:\Program Files\dotnet\;C:\Users\Aldoa\Desktop\Infor\bin;C:\Program Files\Microsoft SQL Server Migration Assistant for Access\bin\;C:\Users\Aldoa\OneDrive\Desktop\;C:\Program Files\Git\cmd;C:\Program Files\nodejs\;C:\Users\Aldoa\AppData\Local\Microsoft\WindowsApps;C:\Users\Aldoa\AppData\Local\Programs\Microsoft VS Code\bin;C:\Users\Aldoa\AppData\Local\Programs\cursor\resources\app\bin;C:\Users\Aldoa\AppData\Roaming\npm;C:\Temp\Programs\JavaStack\jdk-17.0.19+10\bin;C:\Temp\Programs\JavaStack\apache-maven-3.9.16\bin;;.]
19-Jun-2026 17:53:35.792 INFO [main] org.apache.coyote.AbstractProtocol.init Initializing ProtocolHandler ["http-nio-8082"]
19-Jun-2026 17:53:35.826 INFO [main] org.apache.catalina.startup.Catalina.load Server initialization in [596] milliseconds
19-Jun-2026 17:53:35.887 INFO [main] org.apache.catalina.core.StandardService.startInternal Starting service [Catalina]
19-Jun-2026 17:53:35.887 INFO [main] org.apache.catalina.core.StandardEngine.startInternal Starting Servlet engine: [Apache Tomcat/9.0.89]
19-Jun-2026 17:53:35.892 INFO [main] org.apache.catalina.startup.HostConfig.deployDirectory Deploying web application directory [C:\Temp\Tomcat_compartido\webapps\aerrigochan]
19-Jun-2026 17:53:36.609 INFO [main] org.apache.jasper.servlet.TldScanner.scanJars At least one JAR was scanned for TLDs yet contained no TLDs. Enable debug logging for this logger for a complete list of JARs that were scanned but no TLDs were found in them. Skipping unneeded JARs during scanning can improve startup time and JSP compilation time.
19-Jun-2026 17:53:36.708 INFO [main] org.apache.catalina.startup.HostConfig.deployDirectory Deployment of web application directory [C:\Temp\Tomcat_compartido\webapps\aerrigochan] has finished in [816] ms
19-Jun-2026 17:53:36.714 INFO [main] org.apache.catalina.startup.HostConfig.deployDirectory Deploying web application directory [C:\Temp\Tomcat_compartido\webapps\host-manager]
19-Jun-2026 17:53:37.035 INFO [main] org.apache.jasper.servlet.TldScanner.scanJars At least one JAR was scanned for TLDs yet contained no TLDs. Enable debug logging for this logger for a complete list of JARs that were scanned but no TLDs were found in them. Skipping unneeded JARs during scanning can improve startup time and JSP compilation time.
19-Jun-2026 17:53:37.050 INFO [main] org.apache.catalina.startup.HostConfig.deployDirectory Deployment of web application directory [C:\Temp\Tomcat_compartido\webapps\host-manager] has finished in [336] ms
19-Jun-2026 17:53:37.050 INFO [main] org.apache.catalina.startup.HostConfig.deployDirectory Deploying web application directory [C:\Temp\Tomcat_compartido\webapps\manager]
19-Jun-2026 17:53:37.352 INFO [main] org.apache.jasper.servlet.TldScanner.scanJars At least one JAR was scanned for TLDs yet contained no TLDs. Enable debug logging for this logger for a complete list of JARs that were scanned but no TLDs were found in them. Skipping unneeded JARs during scanning can improve startup time and JSP compilation time.
19-Jun-2026 17:53:37.360 INFO [main] org.apache.catalina.startup.HostConfig.deployDirectory Deployment of web application directory [C:\Temp\Tomcat_compartido\webapps\manager] has finished in [310] ms
19-Jun-2026 17:53:37.360 INFO [main] org.apache.catalina.startup.HostConfig.deployDirectory Deploying web application directory [C:\Temp\Tomcat_compartido\webapps\ROOT]
19-Jun-2026 17:53:37.653 INFO [main] org.apache.jasper.servlet.TldScanner.scanJars At least one JAR was scanned for TLDs yet contained no TLDs. Enable debug logging for this logger for a complete list of JARs that were scanned but no TLDs were found in them. Skipping unneeded JARs during scanning can improve startup time and JSP compilation time.
19-Jun-2026 17:53:37.658 INFO [main] org.apache.catalina.startup.HostConfig.deployDirectory Deployment of web application directory [C:\Temp\Tomcat_compartido\webapps\ROOT] has finished in [298] ms
19-Jun-2026 17:53:37.658 INFO [main] org.apache.catalina.startup.HostConfig.deployDirectory Deploying web application directory [C:\Temp\Tomcat_compartido\webapps\Servlet1]
19-Jun-2026 17:53:38.031 INFO [main] org.apache.jasper.servlet.TldScanner.scanJars At least one JAR was scanned for TLDs yet contained no TLDs. Enable debug logging for this logger for a complete list of JARs that were scanned but no TLDs were found in them. Skipping unneeded JARs during scanning can improve startup time and JSP compilation time.
19-Jun-2026 17:53:38.033 INFO [main] org.apache.catalina.startup.HostConfig.deployDirectory Deployment of web application directory [C:\Temp\Tomcat_compartido\webapps\Servlet1] has finished in [375] ms
19-Jun-2026 17:53:38.033 INFO [main] org.apache.catalina.startup.HostConfig.deployDirectory Deploying web application directory [C:\Temp\Tomcat_compartido\webapps\test-r1-v2]
19-Jun-2026 17:53:38.319 INFO [main] org.apache.jasper.servlet.TldScanner.scanJars At least one JAR was scanned for TLDs yet contained no TLDs. Enable debug logging for this logger for a complete list of JARs that were scanned but no TLDs were found in them. Skipping unneeded JARs during scanning can improve startup time and JSP compilation time.
19-Jun-2026 17:53:38.323 INFO [main] org.apache.catalina.startup.HostConfig.deployDirectory Deployment of web application directory [C:\Temp\Tomcat_compartido\webapps\test-r1-v2] has finished in [290] ms
19-Jun-2026 17:53:38.323 INFO [main] org.apache.catalina.startup.HostConfig.deployDirectory Deploying web application directory [C:\Temp\Tomcat_compartido\webapps\trabajogr]
19-Jun-2026 17:53:38.694 INFO [main] org.apache.jasper.servlet.TldScanner.scanJars At least one JAR was scanned for TLDs yet contained no TLDs. Enable debug logging for this logger for a complete list of JARs that were scanned but no TLDs were found in them. Skipping unneeded JARs during scanning can improve startup time and JSP compilation time.
19-Jun-2026 17:53:38.697 INFO [main] org.apache.catalina.startup.HostConfig.deployDirectory Deployment of web application directory [C:\Temp\Tomcat_compartido\webapps\trabajogr] has finished in [374] ms
19-Jun-2026 17:53:38.702 INFO [main] org.apache.coyote.AbstractProtocol.start Starting ProtocolHandler ["http-nio-8082"]
19-Jun-2026 17:53:38.757 INFO [main] org.apache.catalina.startup.Catalina.start Server startup in [2931] milliseconds
19-Jun-2026 17:55:43.659 INFO [main] org.apache.catalina.startup.VersionLoggerListener.log Server version name:   Apache Tomcat/9.0.89
19-Jun-2026 17:55:43.663 INFO [main] org.apache.catalina.startup.VersionLoggerListener.log Server built:          May 3 2024 20:22:11 UTC
19-Jun-2026 17:55:43.663 INFO [main] org.apache.catalina.startup.VersionLoggerListener.log Server version number: 9.0.89.0
19-Jun-2026 17:55:43.663 INFO [main] org.apache.catalina.startup.VersionLoggerListener.log OS Name:               Windows 11
19-Jun-2026 17:55:43.663 INFO [main] org.apache.catalina.startup.VersionLoggerListener.log OS Version:            10.0
19-Jun-2026 17:55:43.664 INFO [main] org.apache.catalina.startup.VersionLoggerListener.log Architecture:          amd64
19-Jun-2026 17:55:43.664 INFO [main] org.apache.catalina.startup.VersionLoggerListener.log Java Home:             C:\Temp\Programs\JavaStack\jdk-17.0.19+10
19-Jun-2026 17:55:43.664 INFO [main] org.apache.catalina.startup.VersionLoggerListener.log JVM Version:           17.0.19+10-LTS
19-Jun-2026 17:55:43.664 INFO [main] org.apache.catalina.startup.VersionLoggerListener.log JVM Vendor:            Microsoft
19-Jun-2026 17:55:43.665 INFO [main] org.apache.catalina.startup.VersionLoggerListener.log CATALINA_BASE:         C:\Temp\Tomcat_compartido
19-Jun-2026 17:55:43.665 INFO [main] org.apache.catalina.startup.VersionLoggerListener.log CATALINA_HOME:         C:\Temp\Programs\JavaStack\apache-tomcat-9.0.89
19-Jun-2026 17:55:43.682 INFO [main] org.apache.catalina.startup.VersionLoggerListener.log Command line argument: -Djava.util.logging.config.file=C:\Temp\Tomcat_compartido/conf/logging.properties
19-Jun-2026 17:55:43.682 INFO [main] org.apache.catalina.startup.VersionLoggerListener.log Command line argument: -Djava.util.logging.manager=org.apache.juli.ClassLoaderLogManager
19-Jun-2026 17:55:43.682 INFO [main] org.apache.catalina.startup.VersionLoggerListener.log Command line argument: -Djdk.tls.ephemeralDHKeySize=2048
19-Jun-2026 17:55:43.682 INFO [main] org.apache.catalina.startup.VersionLoggerListener.log Command line argument: -Djava.protocol.handler.pkgs=org.apache.catalina.webresources
19-Jun-2026 17:55:43.682 INFO [main] org.apache.catalina.startup.VersionLoggerListener.log Command line argument: -Dorg.apache.catalina.security.SecurityListener.UMASK=0027
19-Jun-2026 17:55:43.682 INFO [main] org.apache.catalina.startup.VersionLoggerListener.log Command line argument: -Dcatalina.base=C:\Temp\Tomcat_compartido
19-Jun-2026 17:55:43.682 INFO [main] org.apache.catalina.startup.VersionLoggerListener.log Command line argument: -Dcatalina.home=C:\Temp\Programs\JavaStack\apache-tomcat-9.0.89
19-Jun-2026 17:55:43.682 INFO [main] org.apache.catalina.startup.VersionLoggerListener.log Command line argument: -Djava.io.tmpdir=C:\Temp\Tomcat_compartido/temp
19-Jun-2026 17:55:43.693 INFO [main] org.apache.catalina.core.AprLifecycleListener.lifecycleEvent The Apache Tomcat Native library which allows using OpenSSL was not found on the java.library.path: [C:\Temp\Programs\JavaStack\jdk-17.0.19+10\bin;C:\WINDOWS\Sun\Java\bin;C:\WINDOWS\system32;C:\WINDOWS;C:\WINDOWS\system32;C:\WINDOWS;C:\WINDOWS\System32\Wbem;C:\WINDOWS\System32\WindowsPowerShell\v1.0\;C:\WINDOWS\System32\OpenSSH\;C:\Program Files\dotnet\;C:\Users\Aldoa\Desktop\Infor\bin;C:\Program Files\Microsoft SQL Server Migration Assistant for Access\bin\;C:\Users\Aldoa\OneDrive\Desktop\;C:\Program Files\Git\cmd;C:\Program Files\nodejs\;C:\Users\Aldoa\AppData\Local\Microsoft\WindowsApps;C:\Users\Aldoa\AppData\Local\Programs\Microsoft VS Code\bin;C:\Users\Aldoa\AppData\Local\Programs\cursor\resources\app\bin;C:\Users\Aldoa\AppData\Roaming\npm;C:\Temp\Programs\JavaStack\jdk-17.0.19+10\bin;C:\Temp\Programs\JavaStack\apache-maven-3.9.16\bin;;.]
19-Jun-2026 17:55:44.015 INFO [main] org.apache.coyote.AbstractProtocol.init Initializing ProtocolHandler ["http-nio-8082"]
19-Jun-2026 17:55:44.051 INFO [main] org.apache.catalina.startup.Catalina.load Server initialization in [595] milliseconds
19-Jun-2026 17:55:44.117 INFO [main] org.apache.catalina.core.StandardService.startInternal Starting service [Catalina]
19-Jun-2026 17:55:44.117 INFO [main] org.apache.catalina.core.StandardEngine.startInternal Starting Servlet engine: [Apache Tomcat/9.0.89]
19-Jun-2026 17:55:44.131 INFO [main] org.apache.catalina.startup.HostConfig.deployDirectory Deploying web application directory [C:\Temp\Tomcat_compartido\webapps\aerrigochan]
19-Jun-2026 17:55:44.825 INFO [main] org.apache.jasper.servlet.TldScanner.scanJars At least one JAR was scanned for TLDs yet contained no TLDs. Enable debug logging for this logger for a complete list of JARs that were scanned but no TLDs were found in them. Skipping unneeded JARs during scanning can improve startup time and JSP compilation time.
19-Jun-2026 17:55:44.920 INFO [main] org.apache.catalina.startup.HostConfig.deployDirectory Deployment of web application directory [C:\Temp\Tomcat_compartido\webapps\aerrigochan] has finished in [788] ms
19-Jun-2026 17:55:44.920 INFO [main] org.apache.catalina.startup.HostConfig.deployDirectory Deploying web application directory [C:\Temp\Tomcat_compartido\webapps\host-manager]
19-Jun-2026 17:55:45.281 INFO [main] org.apache.jasper.servlet.TldScanner.scanJars At least one JAR was scanned for TLDs yet contained no TLDs. Enable debug logging for this logger for a complete list of JARs that were scanned but no TLDs were found in them. Skipping unneeded JARs during scanning can improve startup time and JSP compilation time.
19-Jun-2026 17:55:45.296 INFO [main] org.apache.catalina.startup.HostConfig.deployDirectory Deployment of web application directory [C:\Temp\Tomcat_compartido\webapps\host-manager] has finished in [375] ms
19-Jun-2026 17:55:45.296 INFO [main] org.apache.catalina.startup.HostConfig.deployDirectory Deploying web application directory [C:\Temp\Tomcat_compartido\webapps\manager]
19-Jun-2026 17:55:45.619 INFO [main] org.apache.jasper.servlet.TldScanner.scanJars At least one JAR was scanned for TLDs yet contained no TLDs. Enable debug logging for this logger for a complete list of JARs that were scanned but no TLDs were found in them. Skipping unneeded JARs during scanning can improve startup time and JSP compilation time.
19-Jun-2026 17:55:45.624 INFO [main] org.apache.catalina.startup.HostConfig.deployDirectory Deployment of web application directory [C:\Temp\Tomcat_compartido\webapps\manager] has finished in [328] ms
19-Jun-2026 17:55:45.625 INFO [main] org.apache.catalina.startup.HostConfig.deployDirectory Deploying web application directory [C:\Temp\Tomcat_compartido\webapps\ROOT]
19-Jun-2026 17:55:45.924 INFO [main] org.apache.jasper.servlet.TldScanner.scanJars At least one JAR was scanned for TLDs yet contained no TLDs. Enable debug logging for this logger for a complete list of JARs that were scanned but no TLDs were found in them. Skipping unneeded JARs during scanning can improve startup time and JSP compilation time.
19-Jun-2026 17:55:45.929 INFO [main] org.apache.catalina.startup.HostConfig.deployDirectory Deployment of web application directory [C:\Temp\Tomcat_compartido\webapps\ROOT] has finished in [304] ms
19-Jun-2026 17:55:45.929 INFO [main] org.apache.catalina.startup.HostConfig.deployDirectory Deploying web application directory [C:\Temp\Tomcat_compartido\webapps\Servlet1]
19-Jun-2026 17:55:46.260 INFO [main] org.apache.jasper.servlet.TldScanner.scanJars At least one JAR was scanned for TLDs yet contained no TLDs. Enable debug logging for this logger for a complete list of JARs that were scanned but no TLDs were found in them. Skipping unneeded JARs during scanning can improve startup time and JSP compilation time.
19-Jun-2026 17:55:46.266 INFO [main] org.apache.catalina.startup.HostConfig.deployDirectory Deployment of web application directory [C:\Temp\Tomcat_compartido\webapps\Servlet1] has finished in [337] ms
19-Jun-2026 17:55:46.267 INFO [main] org.apache.catalina.startup.HostConfig.deployDirectory Deploying web application directory [C:\Temp\Tomcat_compartido\webapps\test-r1-v2]
19-Jun-2026 17:55:46.647 INFO [main] org.apache.jasper.servlet.TldScanner.scanJars At least one JAR was scanned for TLDs yet contained no TLDs. Enable debug logging for this logger for a complete list of JARs that were scanned but no TLDs were found in them. Skipping unneeded JARs during scanning can improve startup time and JSP compilation time.
19-Jun-2026 17:55:46.652 INFO [main] org.apache.catalina.startup.HostConfig.deployDirectory Deployment of web application directory [C:\Temp\Tomcat_compartido\webapps\test-r1-v2] has finished in [386] ms
19-Jun-2026 17:55:46.653 INFO [main] org.apache.catalina.startup.HostConfig.deployDirectory Deploying web application directory [C:\Temp\Tomcat_compartido\webapps\trabajogr]
19-Jun-2026 17:55:47.057 INFO [main] org.apache.jasper.servlet.TldScanner.scanJars At least one JAR was scanned for TLDs yet contained no TLDs. Enable debug logging for this logger for a complete list of JARs that were scanned but no TLDs were found in them. Skipping unneeded JARs during scanning can improve startup time and JSP compilation time.
19-Jun-2026 17:55:47.062 INFO [main] org.apache.catalina.startup.HostConfig.deployDirectory Deployment of web application directory [C:\Temp\Tomcat_compartido\webapps\trabajogr] has finished in [408] ms
19-Jun-2026 17:55:47.068 INFO [main] org.apache.coyote.AbstractProtocol.start Starting ProtocolHandler ["http-nio-8082"]
19-Jun-2026 17:55:47.122 INFO [main] org.apache.catalina.startup.Catalina.start Server startup in [3069] milliseconds
