31-Aug-2026 11:39:11.958 INFO [main] org.apache.catalina.startup.VersionLoggerListener.log Server version name:   Apache Tomcat/9.0.89
31-Aug-2026 11:39:11.964 INFO [main] org.apache.catalina.startup.VersionLoggerListener.log Server built:          May 3 2024 20:22:11 UTC
31-Aug-2026 11:39:11.967 INFO [main] org.apache.catalina.startup.VersionLoggerListener.log Server version number: 9.0.89.0
31-Aug-2026 11:39:11.967 INFO [main] org.apache.catalina.startup.VersionLoggerListener.log OS Name:               Windows 11
31-Aug-2026 11:39:11.967 INFO [main] org.apache.catalina.startup.VersionLoggerListener.log OS Version:            10.0
31-Aug-2026 11:39:11.967 INFO [main] org.apache.catalina.startup.VersionLoggerListener.log Architecture:          amd64
31-Aug-2026 11:39:11.967 INFO [main] org.apache.catalina.startup.VersionLoggerListener.log Java Home:             C:\Temp\Programs\JavaStack\jdk-17.0.19+10
31-Aug-2026 11:39:11.967 INFO [main] org.apache.catalina.startup.VersionLoggerListener.log JVM Version:           17.0.19+10-LTS
31-Aug-2026 11:39:11.967 INFO [main] org.apache.catalina.startup.VersionLoggerListener.log JVM Vendor:            Microsoft
31-Aug-2026 11:39:11.968 INFO [main] org.apache.catalina.startup.VersionLoggerListener.log CATALINA_BASE:         C:\Temp\Tomcat_compartido
31-Aug-2026 11:39:11.968 INFO [main] org.apache.catalina.startup.VersionLoggerListener.log CATALINA_HOME:         C:\Temp\Programs\JavaStack\apache-tomcat-9.0.89
31-Aug-2026 11:39:11.999 INFO [main] org.apache.catalina.startup.VersionLoggerListener.log Command line argument: -Djava.util.logging.config.file=C:\Temp\Tomcat_compartido/conf/logging.properties
31-Aug-2026 11:39:12.000 INFO [main] org.apache.catalina.startup.VersionLoggerListener.log Command line argument: -Djava.util.logging.manager=org.apache.juli.ClassLoaderLogManager
31-Aug-2026 11:39:12.000 INFO [main] org.apache.catalina.startup.VersionLoggerListener.log Command line argument: -Djdk.tls.ephemeralDHKeySize=2048
31-Aug-2026 11:39:12.000 INFO [main] org.apache.catalina.startup.VersionLoggerListener.log Command line argument: -Djava.protocol.handler.pkgs=org.apache.catalina.webresources
31-Aug-2026 11:39:12.000 INFO [main] org.apache.catalina.startup.VersionLoggerListener.log Command line argument: -Dorg.apache.catalina.security.SecurityListener.UMASK=0027
31-Aug-2026 11:39:12.000 INFO [main] org.apache.catalina.startup.VersionLoggerListener.log Command line argument: -Dcatalina.base=C:\Temp\Tomcat_compartido
31-Aug-2026 11:39:12.000 INFO [main] org.apache.catalina.startup.VersionLoggerListener.log Command line argument: -Dcatalina.home=C:\Temp\Programs\JavaStack\apache-tomcat-9.0.89
31-Aug-2026 11:39:12.000 INFO [main] org.apache.catalina.startup.VersionLoggerListener.log Command line argument: -Djava.io.tmpdir=C:\Temp\Tomcat_compartido/temp
31-Aug-2026 11:39:12.013 INFO [main] org.apache.catalina.core.AprLifecycleListener.lifecycleEvent The Apache Tomcat Native library which allows using OpenSSL was not found on the java.library.path: [C:\Temp\Programs\JavaStack\jdk-17.0.19+10\bin;C:\WINDOWS\Sun\Java\bin;C:\WINDOWS\system32;C:\WINDOWS;C:\WINDOWS\system32;C:\WINDOWS;C:\WINDOWS\System32\Wbem;C:\WINDOWS\System32\WindowsPowerShell\v1.0\;C:\WINDOWS\System32\OpenSSH\;C:\Program Files\dotnet\;C:\Users\Aldoa\Desktop\Infor\bin;C:\Program Files\Microsoft SQL Server Migration Assistant for Access\bin\;C:\Users\Aldoa\OneDrive\Desktop\;C:\Program Files\Git\cmd;C:\Program Files\nodejs\;C:\Users\Aldoa\AppData\Local\Microsoft\WindowsApps;C:\Users\Aldoa\AppData\Local\Programs\Microsoft VS Code\bin;C:\Users\Aldoa\AppData\Local\Programs\cursor\resources\app\bin;C:\Users\Aldoa\AppData\Roaming\npm;C:\Temp\Programs\JavaStack\jdk-17.0.19+10\bin;C:\Temp\Programs\JavaStack\apache-maven-3.9.16\bin;C:\Users\Aldoa\AppData\Local\Python\bin;.]
31-Aug-2026 11:39:12.767 INFO [main] org.apache.coyote.AbstractProtocol.init Initializing ProtocolHandler ["http-nio-8082"]
31-Aug-2026 11:39:12.835 INFO [main] org.apache.catalina.startup.Catalina.load Server initialization in [1316] milliseconds
31-Aug-2026 11:39:12.907 INFO [main] org.apache.catalina.core.StandardService.startInternal Starting service [Catalina]
31-Aug-2026 11:39:12.907 INFO [main] org.apache.catalina.core.StandardEngine.startInternal Starting Servlet engine: [Apache Tomcat/9.0.89]
31-Aug-2026 11:39:12.930 INFO [main] org.apache.catalina.startup.HostConfig.deployDirectory Deploying web application directory [C:\Temp\Tomcat_compartido\webapps\aerrigochan]
31-Aug-2026 11:39:13.978 INFO [main] org.apache.jasper.servlet.TldScanner.scanJars At least one JAR was scanned for TLDs yet contained no TLDs. Enable debug logging for this logger for a complete list of JARs that were scanned but no TLDs were found in them. Skipping unneeded JARs during scanning can improve startup time and JSP compilation time.
31-Aug-2026 11:39:14.188 WARNING [main] org.apache.catalina.util.SessionIdGeneratorBase.createSecureRandom Creation of SecureRandom instance for session ID generation using [SHA1PRNG] took [149] milliseconds.
31-Aug-2026 11:39:14.247 INFO [main] org.apache.catalina.startup.HostConfig.deployDirectory Deployment of web application directory [C:\Temp\Tomcat_compartido\webapps\aerrigochan] has finished in [1,316] ms
31-Aug-2026 11:39:14.248 INFO [main] org.apache.catalina.startup.HostConfig.deployDirectory Deploying web application directory [C:\Temp\Tomcat_compartido\webapps\ERP]
31-Aug-2026 11:39:15.385 INFO [main] org.apache.jasper.servlet.TldScanner.scanJars At least one JAR was scanned for TLDs yet contained no TLDs. Enable debug logging for this logger for a complete list of JARs that were scanned but no TLDs were found in them. Skipping unneeded JARs during scanning can improve startup time and JSP compilation time.
31-Aug-2026 11:39:15.394 INFO [main] org.apache.catalina.startup.HostConfig.deployDirectory Deployment of web application directory [C:\Temp\Tomcat_compartido\webapps\ERP] has finished in [1,145] ms
31-Aug-2026 11:39:15.395 INFO [main] org.apache.catalina.startup.HostConfig.deployDirectory Deploying web application directory [C:\Temp\Tomcat_compartido\webapps\ERP 2]
31-Aug-2026 11:39:16.299 INFO [main] org.apache.jasper.servlet.TldScanner.scanJars At least one JAR was scanned for TLDs yet contained no TLDs. Enable debug logging for this logger for a complete list of JARs that were scanned but no TLDs were found in them. Skipping unneeded JARs during scanning can improve startup time and JSP compilation time.
31-Aug-2026 11:39:16.305 INFO [main] org.apache.catalina.startup.HostConfig.deployDirectory Deployment of web application directory [C:\Temp\Tomcat_compartido\webapps\ERP 2] has finished in [910] ms
31-Aug-2026 11:39:16.306 INFO [main] org.apache.catalina.startup.HostConfig.deployDirectory Deploying web application directory [C:\Temp\Tomcat_compartido\webapps\host-manager]
31-Aug-2026 11:39:16.734 INFO [main] org.apache.jasper.servlet.TldScanner.scanJars At least one JAR was scanned for TLDs yet contained no TLDs. Enable debug logging for this logger for a complete list of JARs that were scanned but no TLDs were found in them. Skipping unneeded JARs during scanning can improve startup time and JSP compilation time.
31-Aug-2026 11:39:16.750 INFO [main] org.apache.catalina.startup.HostConfig.deployDirectory Deployment of web application directory [C:\Temp\Tomcat_compartido\webapps\host-manager] has finished in [444] ms
31-Aug-2026 11:39:16.750 INFO [main] org.apache.catalina.startup.HostConfig.deployDirectory Deploying web application directory [C:\Temp\Tomcat_compartido\webapps\manager]
31-Aug-2026 11:39:17.316 INFO [main] org.apache.jasper.servlet.TldScanner.scanJars At least one JAR was scanned for TLDs yet contained no TLDs. Enable debug logging for this logger for a complete list of JARs that were scanned but no TLDs were found in them. Skipping unneeded JARs during scanning can improve startup time and JSP compilation time.
31-Aug-2026 11:39:17.322 INFO [main] org.apache.catalina.startup.HostConfig.deployDirectory Deployment of web application directory [C:\Temp\Tomcat_compartido\webapps\manager] has finished in [570] ms
31-Aug-2026 11:39:17.322 INFO [main] org.apache.catalina.startup.HostConfig.deployDirectory Deploying web application directory [C:\Temp\Tomcat_compartido\webapps\notasReceptor]
31-Aug-2026 11:39:17.841 INFO [main] org.apache.jasper.servlet.TldScanner.scanJars At least one JAR was scanned for TLDs yet contained no TLDs. Enable debug logging for this logger for a complete list of JARs that were scanned but no TLDs were found in them. Skipping unneeded JARs during scanning can improve startup time and JSP compilation time.
31-Aug-2026 11:39:17.848 INFO [main] org.apache.catalina.startup.HostConfig.deployDirectory Deployment of web application directory [C:\Temp\Tomcat_compartido\webapps\notasReceptor] has finished in [526] ms
31-Aug-2026 11:39:17.848 INFO [main] org.apache.catalina.startup.HostConfig.deployDirectory Deploying web application directory [C:\Temp\Tomcat_compartido\webapps\ROOT]
31-Aug-2026 11:39:18.276 INFO [main] org.apache.jasper.servlet.TldScanner.scanJars At least one JAR was scanned for TLDs yet contained no TLDs. Enable debug logging for this logger for a complete list of JARs that were scanned but no TLDs were found in them. Skipping unneeded JARs during scanning can improve startup time and JSP compilation time.
31-Aug-2026 11:39:18.282 INFO [main] org.apache.catalina.startup.HostConfig.deployDirectory Deployment of web application directory [C:\Temp\Tomcat_compartido\webapps\ROOT] has finished in [434] ms
31-Aug-2026 11:39:18.282 INFO [main] org.apache.catalina.startup.HostConfig.deployDirectory Deploying web application directory [C:\Temp\Tomcat_compartido\webapps\Servlet1]
31-Aug-2026 11:39:18.767 INFO [main] org.apache.jasper.servlet.TldScanner.scanJars At least one JAR was scanned for TLDs yet contained no TLDs. Enable debug logging for this logger for a complete list of JARs that were scanned but no TLDs were found in them. Skipping unneeded JARs during scanning can improve startup time and JSP compilation time.
31-Aug-2026 11:39:18.778 INFO [main] org.apache.catalina.startup.HostConfig.deployDirectory Deployment of web application directory [C:\Temp\Tomcat_compartido\webapps\Servlet1] has finished in [494] ms
31-Aug-2026 11:39:18.780 INFO [main] org.apache.catalina.startup.HostConfig.deployDirectory Deploying web application directory [C:\Temp\Tomcat_compartido\webapps\Test1]
31-Aug-2026 11:39:19.567 INFO [main] org.apache.jasper.servlet.TldScanner.scanJars At least one JAR was scanned for TLDs yet contained no TLDs. Enable debug logging for this logger for a complete list of JARs that were scanned but no TLDs were found in them. Skipping unneeded JARs during scanning can improve startup time and JSP compilation time.
31-Aug-2026 11:39:19.576 INFO [main] org.apache.catalina.startup.HostConfig.deployDirectory Deployment of web application directory [C:\Temp\Tomcat_compartido\webapps\Test1] has finished in [796] ms
31-Aug-2026 11:39:19.578 INFO [main] org.apache.catalina.startup.HostConfig.deployDirectory Deploying web application directory [C:\Temp\Tomcat_compartido\webapps\trabajogr]
31-Aug-2026 11:39:21.071 INFO [main] org.apache.jasper.servlet.TldScanner.scanJars At least one JAR was scanned for TLDs yet contained no TLDs. Enable debug logging for this logger for a complete list of JARs that were scanned but no TLDs were found in them. Skipping unneeded JARs during scanning can improve startup time and JSP compilation time.
31-Aug-2026 11:39:21.076 INFO [main] org.apache.catalina.startup.HostConfig.deployDirectory Deployment of web application directory [C:\Temp\Tomcat_compartido\webapps\trabajogr] has finished in [1,500] ms
31-Aug-2026 11:39:21.081 INFO [main] org.apache.coyote.AbstractProtocol.start Starting ProtocolHandler ["http-nio-8082"]
31-Aug-2026 11:39:21.147 INFO [main] org.apache.catalina.startup.Catalina.start Server startup in [8312] milliseconds
31-Aug-2026 11:40:21.698 INFO [Catalina-utility-1] org.apache.catalina.startup.HostConfig.undeploy Undeploying context [/ERP]
31-Aug-2026 11:40:21.700 WARNING [Catalina-utility-1] org.apache.catalina.loader.WebappClassLoaderBase.clearReferencesObjectStreamClassCaches When running on Java 9 or later you need to add "--add-opens=java.base/java.io=ALL-UNNAMED" to the JVM command line arguments to enable ObjectStream cache memory leak protection. Alternatively, you can suppress this warning by disabling ObjectStream class cache memory leak protection.
31-Aug-2026 11:40:21.700 WARNING [Catalina-utility-1] org.apache.catalina.loader.WebappClassLoaderBase.checkThreadLocalsForLeaks When running on Java 9 or later you need to add "--add-opens=java.base/java.lang=ALL-UNNAMED" to the JVM command line arguments to enable ThreadLocal memory leak detection. Alternatively, you can suppress this warning by disabling ThreadLocal memory leak detection.
31-Aug-2026 11:40:21.700 WARNING [Catalina-utility-1] org.apache.catalina.loader.WebappClassLoaderBase.clearReferencesRmiTargets When running on Java 9 or later you need to add "--add-opens=java.rmi/sun.rmi.transport=ALL-UNNAMED" to the JVM command line arguments to enable RMI Target memory leak detection. Alternatively, you can suppress this warning by disabling RMI Target memory leak detection.
31-Aug-2026 11:40:42.276 INFO [Catalina-utility-1] org.apache.catalina.startup.HostConfig.undeploy Undeploying context [/Servlet1]
31-Aug-2026 11:40:42.279 WARNING [Catalina-utility-1] org.apache.catalina.loader.WebappClassLoaderBase.clearReferencesObjectStreamClassCaches When running on Java 9 or later you need to add "--add-opens=java.base/java.io=ALL-UNNAMED" to the JVM command line arguments to enable ObjectStream cache memory leak protection. Alternatively, you can suppress this warning by disabling ObjectStream class cache memory leak protection.
31-Aug-2026 11:40:42.279 WARNING [Catalina-utility-1] org.apache.catalina.loader.WebappClassLoaderBase.checkThreadLocalsForLeaks When running on Java 9 or later you need to add "--add-opens=java.base/java.lang=ALL-UNNAMED" to the JVM command line arguments to enable ThreadLocal memory leak detection. Alternatively, you can suppress this warning by disabling ThreadLocal memory leak detection.
31-Aug-2026 11:40:42.279 WARNING [Catalina-utility-1] org.apache.catalina.loader.WebappClassLoaderBase.clearReferencesRmiTargets When running on Java 9 or later you need to add "--add-opens=java.rmi/sun.rmi.transport=ALL-UNNAMED" to the JVM command line arguments to enable RMI Target memory leak detection. Alternatively, you can suppress this warning by disabling RMI Target memory leak detection.
31-Aug-2026 11:40:52.818 INFO [Catalina-utility-2] org.apache.catalina.startup.HostConfig.undeploy Undeploying context [/trabajogr]
31-Aug-2026 11:40:52.826 WARNING [Catalina-utility-2] org.apache.catalina.loader.WebappClassLoaderBase.clearReferencesObjectStreamClassCaches When running on Java 9 or later you need to add "--add-opens=java.base/java.io=ALL-UNNAMED" to the JVM command line arguments to enable ObjectStream cache memory leak protection. Alternatively, you can suppress this warning by disabling ObjectStream class cache memory leak protection.
31-Aug-2026 11:40:52.826 WARNING [Catalina-utility-2] org.apache.catalina.loader.WebappClassLoaderBase.checkThreadLocalsForLeaks When running on Java 9 or later you need to add "--add-opens=java.base/java.lang=ALL-UNNAMED" to the JVM command line arguments to enable ThreadLocal memory leak detection. Alternatively, you can suppress this warning by disabling ThreadLocal memory leak detection.
31-Aug-2026 11:40:52.828 WARNING [Catalina-utility-2] org.apache.catalina.loader.WebappClassLoaderBase.clearReferencesRmiTargets When running on Java 9 or later you need to add "--add-opens=java.rmi/sun.rmi.transport=ALL-UNNAMED" to the JVM command line arguments to enable RMI Target memory leak detection. Alternatively, you can suppress this warning by disabling RMI Target memory leak detection.
31-Aug-2026 11:41:36.554 INFO [main] org.apache.catalina.startup.VersionLoggerListener.log Server version name:   Apache Tomcat/9.0.89
31-Aug-2026 11:41:36.558 INFO [main] org.apache.catalina.startup.VersionLoggerListener.log Server built:          May 3 2024 20:22:11 UTC
31-Aug-2026 11:41:36.558 INFO [main] org.apache.catalina.startup.VersionLoggerListener.log Server version number: 9.0.89.0
31-Aug-2026 11:41:36.558 INFO [main] org.apache.catalina.startup.VersionLoggerListener.log OS Name:               Windows 11
31-Aug-2026 11:41:36.558 INFO [main] org.apache.catalina.startup.VersionLoggerListener.log OS Version:            10.0
31-Aug-2026 11:41:36.558 INFO [main] org.apache.catalina.startup.VersionLoggerListener.log Architecture:          amd64
31-Aug-2026 11:41:36.558 INFO [main] org.apache.catalina.startup.VersionLoggerListener.log Java Home:             C:\Temp\Programs\JavaStack\jdk-17.0.19+10
31-Aug-2026 11:41:36.558 INFO [main] org.apache.catalina.startup.VersionLoggerListener.log JVM Version:           17.0.19+10-LTS
31-Aug-2026 11:41:36.560 INFO [main] org.apache.catalina.startup.VersionLoggerListener.log JVM Vendor:            Microsoft
31-Aug-2026 11:41:36.560 INFO [main] org.apache.catalina.startup.VersionLoggerListener.log CATALINA_BASE:         C:\Temp\Tomcat_compartido
31-Aug-2026 11:41:36.560 INFO [main] org.apache.catalina.startup.VersionLoggerListener.log CATALINA_HOME:         C:\Temp\Programs\JavaStack\apache-tomcat-9.0.89
31-Aug-2026 11:41:36.580 INFO [main] org.apache.catalina.startup.VersionLoggerListener.log Command line argument: -Djava.util.logging.config.file=C:\Temp\Tomcat_compartido/conf/logging.properties
31-Aug-2026 11:41:36.581 INFO [main] org.apache.catalina.startup.VersionLoggerListener.log Command line argument: -Djava.util.logging.manager=org.apache.juli.ClassLoaderLogManager
31-Aug-2026 11:41:36.581 INFO [main] org.apache.catalina.startup.VersionLoggerListener.log Command line argument: -Djdk.tls.ephemeralDHKeySize=2048
31-Aug-2026 11:41:36.581 INFO [main] org.apache.catalina.startup.VersionLoggerListener.log Command line argument: -Djava.protocol.handler.pkgs=org.apache.catalina.webresources
31-Aug-2026 11:41:36.581 INFO [main] org.apache.catalina.startup.VersionLoggerListener.log Command line argument: -Dorg.apache.catalina.security.SecurityListener.UMASK=0027
31-Aug-2026 11:41:36.581 INFO [main] org.apache.catalina.startup.VersionLoggerListener.log Command line argument: -Dcatalina.base=C:\Temp\Tomcat_compartido
31-Aug-2026 11:41:36.581 INFO [main] org.apache.catalina.startup.VersionLoggerListener.log Command line argument: -Dcatalina.home=C:\Temp\Programs\JavaStack\apache-tomcat-9.0.89
31-Aug-2026 11:41:36.581 INFO [main] org.apache.catalina.startup.VersionLoggerListener.log Command line argument: -Djava.io.tmpdir=C:\Temp\Tomcat_compartido/temp
31-Aug-2026 11:41:36.586 INFO [main] org.apache.catalina.core.AprLifecycleListener.lifecycleEvent The Apache Tomcat Native library which allows using OpenSSL was not found on the java.library.path: [C:\Temp\Programs\JavaStack\jdk-17.0.19+10\bin;C:\WINDOWS\Sun\Java\bin;C:\WINDOWS\system32;C:\WINDOWS;C:\WINDOWS\system32;C:\WINDOWS;C:\WINDOWS\System32\Wbem;C:\WINDOWS\System32\WindowsPowerShell\v1.0\;C:\WINDOWS\System32\OpenSSH\;C:\Program Files\dotnet\;C:\Users\Aldoa\Desktop\Infor\bin;C:\Program Files\Microsoft SQL Server Migration Assistant for Access\bin\;C:\Users\Aldoa\OneDrive\Desktop\;C:\Program Files\Git\cmd;C:\Program Files\nodejs\;C:\Users\Aldoa\AppData\Local\Microsoft\WindowsApps;C:\Users\Aldoa\AppData\Local\Programs\Microsoft VS Code\bin;C:\Users\Aldoa\AppData\Local\Programs\cursor\resources\app\bin;C:\Users\Aldoa\AppData\Roaming\npm;C:\Temp\Programs\JavaStack\jdk-17.0.19+10\bin;C:\Temp\Programs\JavaStack\apache-maven-3.9.16\bin;C:\Users\Aldoa\AppData\Local\Python\bin;.]
31-Aug-2026 11:41:36.875 INFO [main] org.apache.coyote.AbstractProtocol.init Initializing ProtocolHandler ["http-nio-8082"]
31-Aug-2026 11:41:36.905 INFO [main] org.apache.catalina.startup.Catalina.load Server initialization in [565] milliseconds
31-Aug-2026 11:41:36.947 INFO [main] org.apache.catalina.core.StandardService.startInternal Starting service [Catalina]
31-Aug-2026 11:41:36.947 INFO [main] org.apache.catalina.core.StandardEngine.startInternal Starting Servlet engine: [Apache Tomcat/9.0.89]
31-Aug-2026 11:41:36.963 INFO [main] org.apache.catalina.startup.HostConfig.deployDirectory Deploying web application directory [C:\Temp\Tomcat_compartido\webapps\aerrigochan]
31-Aug-2026 11:41:37.496 INFO [main] org.apache.jasper.servlet.TldScanner.scanJars At least one JAR was scanned for TLDs yet contained no TLDs. Enable debug logging for this logger for a complete list of JARs that were scanned but no TLDs were found in them. Skipping unneeded JARs during scanning can improve startup time and JSP compilation time.
31-Aug-2026 11:41:37.573 INFO [main] org.apache.catalina.startup.HostConfig.deployDirectory Deployment of web application directory [C:\Temp\Tomcat_compartido\webapps\aerrigochan] has finished in [609] ms
31-Aug-2026 11:41:37.573 INFO [main] org.apache.catalina.startup.HostConfig.deployDirectory Deploying web application directory [C:\Temp\Tomcat_compartido\webapps\ERP 2]
31-Aug-2026 11:41:37.869 INFO [main] org.apache.jasper.servlet.TldScanner.scanJars At least one JAR was scanned for TLDs yet contained no TLDs. Enable debug logging for this logger for a complete list of JARs that were scanned but no TLDs were found in them. Skipping unneeded JARs during scanning can improve startup time and JSP compilation time.
31-Aug-2026 11:41:37.879 INFO [main] org.apache.catalina.startup.HostConfig.deployDirectory Deployment of web application directory [C:\Temp\Tomcat_compartido\webapps\ERP 2] has finished in [306] ms
31-Aug-2026 11:41:37.880 INFO [main] org.apache.catalina.startup.HostConfig.deployDirectory Deploying web application directory [C:\Temp\Tomcat_compartido\webapps\host-manager]
31-Aug-2026 11:41:38.218 INFO [main] org.apache.jasper.servlet.TldScanner.scanJars At least one JAR was scanned for TLDs yet contained no TLDs. Enable debug logging for this logger for a complete list of JARs that were scanned but no TLDs were found in them. Skipping unneeded JARs during scanning can improve startup time and JSP compilation time.
31-Aug-2026 11:41:38.235 INFO [main] org.apache.catalina.startup.HostConfig.deployDirectory Deployment of web application directory [C:\Temp\Tomcat_compartido\webapps\host-manager] has finished in [356] ms
31-Aug-2026 11:41:38.235 INFO [main] org.apache.catalina.startup.HostConfig.deployDirectory Deploying web application directory [C:\Temp\Tomcat_compartido\webapps\manager]
31-Aug-2026 11:41:38.507 INFO [main] org.apache.jasper.servlet.TldScanner.scanJars At least one JAR was scanned for TLDs yet contained no TLDs. Enable debug logging for this logger for a complete list of JARs that were scanned but no TLDs were found in them. Skipping unneeded JARs during scanning can improve startup time and JSP compilation time.
31-Aug-2026 11:41:38.511 INFO [main] org.apache.catalina.startup.HostConfig.deployDirectory Deployment of web application directory [C:\Temp\Tomcat_compartido\webapps\manager] has finished in [276] ms
31-Aug-2026 11:41:38.512 INFO [main] org.apache.catalina.startup.HostConfig.deployDirectory Deploying web application directory [C:\Temp\Tomcat_compartido\webapps\notasReceptor]
31-Aug-2026 11:41:38.764 INFO [main] org.apache.jasper.servlet.TldScanner.scanJars At least one JAR was scanned for TLDs yet contained no TLDs. Enable debug logging for this logger for a complete list of JARs that were scanned but no TLDs were found in them. Skipping unneeded JARs during scanning can improve startup time and JSP compilation time.
31-Aug-2026 11:41:38.767 INFO [main] org.apache.catalina.startup.HostConfig.deployDirectory Deployment of web application directory [C:\Temp\Tomcat_compartido\webapps\notasReceptor] has finished in [256] ms
31-Aug-2026 11:41:38.767 INFO [main] org.apache.catalina.startup.HostConfig.deployDirectory Deploying web application directory [C:\Temp\Tomcat_compartido\webapps\ROOT]
31-Aug-2026 11:41:38.980 INFO [main] org.apache.jasper.servlet.TldScanner.scanJars At least one JAR was scanned for TLDs yet contained no TLDs. Enable debug logging for this logger for a complete list of JARs that were scanned but no TLDs were found in them. Skipping unneeded JARs during scanning can improve startup time and JSP compilation time.
31-Aug-2026 11:41:38.983 INFO [main] org.apache.catalina.startup.HostConfig.deployDirectory Deployment of web application directory [C:\Temp\Tomcat_compartido\webapps\ROOT] has finished in [216] ms
31-Aug-2026 11:41:38.983 INFO [main] org.apache.catalina.startup.HostConfig.deployDirectory Deploying web application directory [C:\Temp\Tomcat_compartido\webapps\Test1]
31-Aug-2026 11:41:39.254 INFO [main] org.apache.jasper.servlet.TldScanner.scanJars At least one JAR was scanned for TLDs yet contained no TLDs. Enable debug logging for this logger for a complete list of JARs that were scanned but no TLDs were found in them. Skipping unneeded JARs during scanning can improve startup time and JSP compilation time.
31-Aug-2026 11:41:39.257 INFO [main] org.apache.catalina.startup.HostConfig.deployDirectory Deployment of web application directory [C:\Temp\Tomcat_compartido\webapps\Test1] has finished in [274] ms
31-Aug-2026 11:41:39.262 INFO [main] org.apache.coyote.AbstractProtocol.start Starting ProtocolHandler ["http-nio-8082"]
31-Aug-2026 11:41:39.310 INFO [main] org.apache.catalina.startup.Catalina.start Server startup in [2400] milliseconds
31-Aug-2026 11:43:48.974 INFO [main] org.apache.catalina.startup.VersionLoggerListener.log Server version name:   Apache Tomcat/9.0.89
31-Aug-2026 11:43:48.976 INFO [main] org.apache.catalina.startup.VersionLoggerListener.log Server built:          May 3 2024 20:22:11 UTC
31-Aug-2026 11:43:48.976 INFO [main] org.apache.catalina.startup.VersionLoggerListener.log Server version number: 9.0.89.0
31-Aug-2026 11:43:48.977 INFO [main] org.apache.catalina.startup.VersionLoggerListener.log OS Name:               Windows 11
31-Aug-2026 11:43:48.977 INFO [main] org.apache.catalina.startup.VersionLoggerListener.log OS Version:            10.0
31-Aug-2026 11:43:48.977 INFO [main] org.apache.catalina.startup.VersionLoggerListener.log Architecture:          amd64
31-Aug-2026 11:43:48.977 INFO [main] org.apache.catalina.startup.VersionLoggerListener.log Java Home:             C:\Temp\Programs\JavaStack\jdk-17.0.19+10
31-Aug-2026 11:43:48.977 INFO [main] org.apache.catalina.startup.VersionLoggerListener.log JVM Version:           17.0.19+10-LTS
31-Aug-2026 11:43:48.977 INFO [main] org.apache.catalina.startup.VersionLoggerListener.log JVM Vendor:            Microsoft
31-Aug-2026 11:43:48.977 INFO [main] org.apache.catalina.startup.VersionLoggerListener.log CATALINA_BASE:         C:\Temp\Tomcat_compartido
31-Aug-2026 11:43:48.977 INFO [main] org.apache.catalina.startup.VersionLoggerListener.log CATALINA_HOME:         C:\Temp\Programs\JavaStack\apache-tomcat-9.0.89
31-Aug-2026 11:43:48.989 INFO [main] org.apache.catalina.startup.VersionLoggerListener.log Command line argument: -Djava.util.logging.config.file=C:\Temp\Tomcat_compartido/conf/logging.properties
31-Aug-2026 11:43:48.990 INFO [main] org.apache.catalina.startup.VersionLoggerListener.log Command line argument: -Djava.util.logging.manager=org.apache.juli.ClassLoaderLogManager
31-Aug-2026 11:43:48.990 INFO [main] org.apache.catalina.startup.VersionLoggerListener.log Command line argument: -Djdk.tls.ephemeralDHKeySize=2048
31-Aug-2026 11:43:48.990 INFO [main] org.apache.catalina.startup.VersionLoggerListener.log Command line argument: -Djava.protocol.handler.pkgs=org.apache.catalina.webresources
31-Aug-2026 11:43:48.990 INFO [main] org.apache.catalina.startup.VersionLoggerListener.log Command line argument: -Dorg.apache.catalina.security.SecurityListener.UMASK=0027
31-Aug-2026 11:43:48.990 INFO [main] org.apache.catalina.startup.VersionLoggerListener.log Command line argument: -Dcatalina.base=C:\Temp\Tomcat_compartido
31-Aug-2026 11:43:48.990 INFO [main] org.apache.catalina.startup.VersionLoggerListener.log Command line argument: -Dcatalina.home=C:\Temp\Programs\JavaStack\apache-tomcat-9.0.89
31-Aug-2026 11:43:48.990 INFO [main] org.apache.catalina.startup.VersionLoggerListener.log Command line argument: -Djava.io.tmpdir=C:\Temp\Tomcat_compartido/temp
31-Aug-2026 11:43:48.999 INFO [main] org.apache.catalina.core.AprLifecycleListener.lifecycleEvent The Apache Tomcat Native library which allows using OpenSSL was not found on the java.library.path: [C:\Temp\Programs\JavaStack\jdk-17.0.19+10\bin;C:\WINDOWS\Sun\Java\bin;C:\WINDOWS\system32;C:\WINDOWS;C:\WINDOWS\system32;C:\WINDOWS;C:\WINDOWS\System32\Wbem;C:\WINDOWS\System32\WindowsPowerShell\v1.0\;C:\WINDOWS\System32\OpenSSH\;C:\Program Files\dotnet\;C:\Users\Aldoa\Desktop\Infor\bin;C:\Program Files\Microsoft SQL Server Migration Assistant for Access\bin\;C:\Users\Aldoa\OneDrive\Desktop\;C:\Program Files\Git\cmd;C:\Program Files\nodejs\;C:\Users\Aldoa\AppData\Local\Microsoft\WindowsApps;C:\Users\Aldoa\AppData\Local\Programs\Microsoft VS Code\bin;C:\Users\Aldoa\AppData\Local\Programs\cursor\resources\app\bin;C:\Users\Aldoa\AppData\Roaming\npm;C:\Temp\Programs\JavaStack\jdk-17.0.19+10\bin;C:\Temp\Programs\JavaStack\apache-maven-3.9.16\bin;C:\Users\Aldoa\AppData\Local\Python\bin;.]
31-Aug-2026 11:43:49.233 INFO [main] org.apache.coyote.AbstractProtocol.init Initializing ProtocolHandler ["http-nio-8082"]
31-Aug-2026 11:43:49.259 INFO [main] org.apache.catalina.startup.Catalina.load Server initialization in [448] milliseconds
31-Aug-2026 11:43:49.309 INFO [main] org.apache.catalina.core.StandardService.startInternal Starting service [Catalina]
31-Aug-2026 11:43:49.310 INFO [main] org.apache.catalina.core.StandardEngine.startInternal Starting Servlet engine: [Apache Tomcat/9.0.89]
31-Aug-2026 11:43:49.320 INFO [main] org.apache.catalina.startup.HostConfig.deployDirectory Deploying web application directory [C:\Temp\Tomcat_compartido\webapps\aerrigochan]
31-Aug-2026 11:43:49.868 INFO [main] org.apache.jasper.servlet.TldScanner.scanJars At least one JAR was scanned for TLDs yet contained no TLDs. Enable debug logging for this logger for a complete list of JARs that were scanned but no TLDs were found in them. Skipping unneeded JARs during scanning can improve startup time and JSP compilation time.
31-Aug-2026 11:43:49.953 INFO [main] org.apache.catalina.startup.HostConfig.deployDirectory Deployment of web application directory [C:\Temp\Tomcat_compartido\webapps\aerrigochan] has finished in [632] ms
31-Aug-2026 11:43:49.953 INFO [main] org.apache.catalina.startup.HostConfig.deployDirectory Deploying web application directory [C:\Temp\Tomcat_compartido\webapps\ERP 2]
31-Aug-2026 11:43:50.243 INFO [main] org.apache.jasper.servlet.TldScanner.scanJars At least one JAR was scanned for TLDs yet contained no TLDs. Enable debug logging for this logger for a complete list of JARs that were scanned but no TLDs were found in them. Skipping unneeded JARs during scanning can improve startup time and JSP compilation time.
31-Aug-2026 11:43:50.248 INFO [main] org.apache.catalina.startup.HostConfig.deployDirectory Deployment of web application directory [C:\Temp\Tomcat_compartido\webapps\ERP 2] has finished in [294] ms
31-Aug-2026 11:43:50.248 INFO [main] org.apache.catalina.startup.HostConfig.deployDirectory Deploying web application directory [C:\Temp\Tomcat_compartido\webapps\host-manager]
31-Aug-2026 11:43:50.504 INFO [main] org.apache.jasper.servlet.TldScanner.scanJars At least one JAR was scanned for TLDs yet contained no TLDs. Enable debug logging for this logger for a complete list of JARs that were scanned but no TLDs were found in them. Skipping unneeded JARs during scanning can improve startup time and JSP compilation time.
31-Aug-2026 11:43:50.515 INFO [main] org.apache.catalina.startup.HostConfig.deployDirectory Deployment of web application directory [C:\Temp\Tomcat_compartido\webapps\host-manager] has finished in [266] ms
31-Aug-2026 11:43:50.515 INFO [main] org.apache.catalina.startup.HostConfig.deployDirectory Deploying web application directory [C:\Temp\Tomcat_compartido\webapps\manager]
31-Aug-2026 11:43:50.910 INFO [main] org.apache.jasper.servlet.TldScanner.scanJars At least one JAR was scanned for TLDs yet contained no TLDs. Enable debug logging for this logger for a complete list of JARs that were scanned but no TLDs were found in them. Skipping unneeded JARs during scanning can improve startup time and JSP compilation time.
31-Aug-2026 11:43:50.914 INFO [main] org.apache.catalina.startup.HostConfig.deployDirectory Deployment of web application directory [C:\Temp\Tomcat_compartido\webapps\manager] has finished in [399] ms
31-Aug-2026 11:43:50.914 INFO [main] org.apache.catalina.startup.HostConfig.deployDirectory Deploying web application directory [C:\Temp\Tomcat_compartido\webapps\notasReceptor]
31-Aug-2026 11:43:51.218 INFO [main] org.apache.jasper.servlet.TldScanner.scanJars At least one JAR was scanned for TLDs yet contained no TLDs. Enable debug logging for this logger for a complete list of JARs that were scanned but no TLDs were found in them. Skipping unneeded JARs during scanning can improve startup time and JSP compilation time.
31-Aug-2026 11:43:51.223 INFO [main] org.apache.catalina.startup.HostConfig.deployDirectory Deployment of web application directory [C:\Temp\Tomcat_compartido\webapps\notasReceptor] has finished in [309] ms
31-Aug-2026 11:43:51.223 INFO [main] org.apache.catalina.startup.HostConfig.deployDirectory Deploying web application directory [C:\Temp\Tomcat_compartido\webapps\ROOT]
31-Aug-2026 11:43:51.539 INFO [main] org.apache.jasper.servlet.TldScanner.scanJars At least one JAR was scanned for TLDs yet contained no TLDs. Enable debug logging for this logger for a complete list of JARs that were scanned but no TLDs were found in them. Skipping unneeded JARs during scanning can improve startup time and JSP compilation time.
31-Aug-2026 11:43:51.543 INFO [main] org.apache.catalina.startup.HostConfig.deployDirectory Deployment of web application directory [C:\Temp\Tomcat_compartido\webapps\ROOT] has finished in [319] ms
31-Aug-2026 11:43:51.543 INFO [main] org.apache.catalina.startup.HostConfig.deployDirectory Deploying web application directory [C:\Temp\Tomcat_compartido\webapps\Test1]
31-Aug-2026 11:43:52.074 INFO [main] org.apache.jasper.servlet.TldScanner.scanJars At least one JAR was scanned for TLDs yet contained no TLDs. Enable debug logging for this logger for a complete list of JARs that were scanned but no TLDs were found in them. Skipping unneeded JARs during scanning can improve startup time and JSP compilation time.
31-Aug-2026 11:43:52.084 INFO [main] org.apache.catalina.startup.HostConfig.deployDirectory Deployment of web application directory [C:\Temp\Tomcat_compartido\webapps\Test1] has finished in [541] ms
31-Aug-2026 11:43:52.093 INFO [main] org.apache.coyote.AbstractProtocol.start Starting ProtocolHandler ["http-nio-8082"]
31-Aug-2026 11:43:52.208 INFO [main] org.apache.catalina.startup.Catalina.start Server startup in [2949] milliseconds
31-Aug-2026 11:46:30.402 INFO [main] org.apache.catalina.startup.VersionLoggerListener.log Server version name:   Apache Tomcat/9.0.89
31-Aug-2026 11:46:30.408 INFO [main] org.apache.catalina.startup.VersionLoggerListener.log Server built:          May 3 2024 20:22:11 UTC
31-Aug-2026 11:46:30.408 INFO [main] org.apache.catalina.startup.VersionLoggerListener.log Server version number: 9.0.89.0
31-Aug-2026 11:46:30.408 INFO [main] org.apache.catalina.startup.VersionLoggerListener.log OS Name:               Windows 11
31-Aug-2026 11:46:30.408 INFO [main] org.apache.catalina.startup.VersionLoggerListener.log OS Version:            10.0
31-Aug-2026 11:46:30.409 INFO [main] org.apache.catalina.startup.VersionLoggerListener.log Architecture:          amd64
31-Aug-2026 11:46:30.409 INFO [main] org.apache.catalina.startup.VersionLoggerListener.log Java Home:             C:\Temp\Programs\JavaStack\jdk-17.0.19+10
31-Aug-2026 11:46:30.409 INFO [main] org.apache.catalina.startup.VersionLoggerListener.log JVM Version:           17.0.19+10-LTS
31-Aug-2026 11:46:30.409 INFO [main] org.apache.catalina.startup.VersionLoggerListener.log JVM Vendor:            Microsoft
31-Aug-2026 11:46:30.409 INFO [main] org.apache.catalina.startup.VersionLoggerListener.log CATALINA_BASE:         C:\Temp\Tomcat_compartido
31-Aug-2026 11:46:30.410 INFO [main] org.apache.catalina.startup.VersionLoggerListener.log CATALINA_HOME:         C:\Temp\Programs\JavaStack\apache-tomcat-9.0.89
31-Aug-2026 11:46:30.424 INFO [main] org.apache.catalina.startup.VersionLoggerListener.log Command line argument: -Djava.util.logging.config.file=C:\Temp\Tomcat_compartido/conf/logging.properties
31-Aug-2026 11:46:30.424 INFO [main] org.apache.catalina.startup.VersionLoggerListener.log Command line argument: -Djava.util.logging.manager=org.apache.juli.ClassLoaderLogManager
31-Aug-2026 11:46:30.424 INFO [main] org.apache.catalina.startup.VersionLoggerListener.log Command line argument: -Djdk.tls.ephemeralDHKeySize=2048
31-Aug-2026 11:46:30.424 INFO [main] org.apache.catalina.startup.VersionLoggerListener.log Command line argument: -Djava.protocol.handler.pkgs=org.apache.catalina.webresources
31-Aug-2026 11:46:30.424 INFO [main] org.apache.catalina.startup.VersionLoggerListener.log Command line argument: -Dorg.apache.catalina.security.SecurityListener.UMASK=0027
31-Aug-2026 11:46:30.424 INFO [main] org.apache.catalina.startup.VersionLoggerListener.log Command line argument: -Dcatalina.base=C:\Temp\Tomcat_compartido
31-Aug-2026 11:46:30.424 INFO [main] org.apache.catalina.startup.VersionLoggerListener.log Command line argument: -Dcatalina.home=C:\Temp\Programs\JavaStack\apache-tomcat-9.0.89
31-Aug-2026 11:46:30.425 INFO [main] org.apache.catalina.startup.VersionLoggerListener.log Command line argument: -Djava.io.tmpdir=C:\Temp\Tomcat_compartido/temp
31-Aug-2026 11:46:30.435 INFO [main] org.apache.catalina.core.AprLifecycleListener.lifecycleEvent The Apache Tomcat Native library which allows using OpenSSL was not found on the java.library.path: [C:\Temp\Programs\JavaStack\jdk-17.0.19+10\bin;C:\WINDOWS\Sun\Java\bin;C:\WINDOWS\system32;C:\WINDOWS;C:\WINDOWS\system32;C:\WINDOWS;C:\WINDOWS\System32\Wbem;C:\WINDOWS\System32\WindowsPowerShell\v1.0\;C:\WINDOWS\System32\OpenSSH\;C:\Program Files\dotnet\;C:\Users\Aldoa\Desktop\Infor\bin;C:\Program Files\Microsoft SQL Server Migration Assistant for Access\bin\;C:\Users\Aldoa\OneDrive\Desktop\;C:\Program Files\Git\cmd;C:\Program Files\nodejs\;C:\Users\Aldoa\AppData\Local\Microsoft\WindowsApps;C:\Users\Aldoa\AppData\Local\Programs\Microsoft VS Code\bin;C:\Users\Aldoa\AppData\Local\Programs\cursor\resources\app\bin;C:\Users\Aldoa\AppData\Roaming\npm;C:\Temp\Programs\JavaStack\jdk-17.0.19+10\bin;C:\Temp\Programs\JavaStack\apache-maven-3.9.16\bin;C:\Users\Aldoa\AppData\Local\Python\bin;.]
31-Aug-2026 11:46:30.671 INFO [main] org.apache.coyote.AbstractProtocol.init Initializing ProtocolHandler ["http-nio-8082"]
31-Aug-2026 11:46:30.694 INFO [main] org.apache.catalina.startup.Catalina.load Server initialization in [455] milliseconds
31-Aug-2026 11:46:30.749 INFO [main] org.apache.catalina.core.StandardService.startInternal Starting service [Catalina]
31-Aug-2026 11:46:30.749 INFO [main] org.apache.catalina.core.StandardEngine.startInternal Starting Servlet engine: [Apache Tomcat/9.0.89]
31-Aug-2026 11:46:30.759 INFO [main] org.apache.catalina.startup.HostConfig.deployDirectory Deploying web application directory [C:\Temp\Tomcat_compartido\webapps\aerrigochan]
31-Aug-2026 11:46:31.307 INFO [main] org.apache.jasper.servlet.TldScanner.scanJars At least one JAR was scanned for TLDs yet contained no TLDs. Enable debug logging for this logger for a complete list of JARs that were scanned but no TLDs were found in them. Skipping unneeded JARs during scanning can improve startup time and JSP compilation time.
31-Aug-2026 11:46:31.384 INFO [main] org.apache.catalina.startup.HostConfig.deployDirectory Deployment of web application directory [C:\Temp\Tomcat_compartido\webapps\aerrigochan] has finished in [625] ms
31-Aug-2026 11:46:31.384 INFO [main] org.apache.catalina.startup.HostConfig.deployDirectory Deploying web application directory [C:\Temp\Tomcat_compartido\webapps\ERP 2]
31-Aug-2026 11:46:31.681 INFO [main] org.apache.jasper.servlet.TldScanner.scanJars At least one JAR was scanned for TLDs yet contained no TLDs. Enable debug logging for this logger for a complete list of JARs that were scanned but no TLDs were found in them. Skipping unneeded JARs during scanning can improve startup time and JSP compilation time.
31-Aug-2026 11:46:31.687 INFO [main] org.apache.catalina.startup.HostConfig.deployDirectory Deployment of web application directory [C:\Temp\Tomcat_compartido\webapps\ERP 2] has finished in [303] ms
31-Aug-2026 11:46:31.688 INFO [main] org.apache.catalina.startup.HostConfig.deployDirectory Deploying web application directory [C:\Temp\Tomcat_compartido\webapps\host-manager]
31-Aug-2026 11:46:31.944 INFO [main] org.apache.jasper.servlet.TldScanner.scanJars At least one JAR was scanned for TLDs yet contained no TLDs. Enable debug logging for this logger for a complete list of JARs that were scanned but no TLDs were found in them. Skipping unneeded JARs during scanning can improve startup time and JSP compilation time.
31-Aug-2026 11:46:31.959 INFO [main] org.apache.catalina.startup.HostConfig.deployDirectory Deployment of web application directory [C:\Temp\Tomcat_compartido\webapps\host-manager] has finished in [272] ms
31-Aug-2026 11:46:31.959 INFO [main] org.apache.catalina.startup.HostConfig.deployDirectory Deploying web application directory [C:\Temp\Tomcat_compartido\webapps\manager]
31-Aug-2026 11:46:32.197 INFO [main] org.apache.jasper.servlet.TldScanner.scanJars At least one JAR was scanned for TLDs yet contained no TLDs. Enable debug logging for this logger for a complete list of JARs that were scanned but no TLDs were found in them. Skipping unneeded JARs during scanning can improve startup time and JSP compilation time.
31-Aug-2026 11:46:32.201 INFO [main] org.apache.catalina.startup.HostConfig.deployDirectory Deployment of web application directory [C:\Temp\Tomcat_compartido\webapps\manager] has finished in [242] ms
31-Aug-2026 11:46:32.202 INFO [main] org.apache.catalina.startup.HostConfig.deployDirectory Deploying web application directory [C:\Temp\Tomcat_compartido\webapps\notasReceptor]
31-Aug-2026 11:46:32.437 INFO [main] org.apache.jasper.servlet.TldScanner.scanJars At least one JAR was scanned for TLDs yet contained no TLDs. Enable debug logging for this logger for a complete list of JARs that were scanned but no TLDs were found in them. Skipping unneeded JARs during scanning can improve startup time and JSP compilation time.
31-Aug-2026 11:46:32.441 INFO [main] org.apache.catalina.startup.HostConfig.deployDirectory Deployment of web application directory [C:\Temp\Tomcat_compartido\webapps\notasReceptor] has finished in [239] ms
31-Aug-2026 11:46:32.441 INFO [main] org.apache.catalina.startup.HostConfig.deployDirectory Deploying web application directory [C:\Temp\Tomcat_compartido\webapps\ROOT]
31-Aug-2026 11:46:32.692 INFO [main] org.apache.jasper.servlet.TldScanner.scanJars At least one JAR was scanned for TLDs yet contained no TLDs. Enable debug logging for this logger for a complete list of JARs that were scanned but no TLDs were found in them. Skipping unneeded JARs during scanning can improve startup time and JSP compilation time.
31-Aug-2026 11:46:32.695 INFO [main] org.apache.catalina.startup.HostConfig.deployDirectory Deployment of web application directory [C:\Temp\Tomcat_compartido\webapps\ROOT] has finished in [254] ms
31-Aug-2026 11:46:32.695 INFO [main] org.apache.catalina.startup.HostConfig.deployDirectory Deploying web application directory [C:\Temp\Tomcat_compartido\webapps\Test1]
31-Aug-2026 11:46:32.970 INFO [main] org.apache.jasper.servlet.TldScanner.scanJars At least one JAR was scanned for TLDs yet contained no TLDs. Enable debug logging for this logger for a complete list of JARs that were scanned but no TLDs were found in them. Skipping unneeded JARs during scanning can improve startup time and JSP compilation time.
31-Aug-2026 11:46:32.978 INFO [main] org.apache.catalina.startup.HostConfig.deployDirectory Deployment of web application directory [C:\Temp\Tomcat_compartido\webapps\Test1] has finished in [283] ms
31-Aug-2026 11:46:32.982 INFO [main] org.apache.coyote.AbstractProtocol.start Starting ProtocolHandler ["http-nio-8082"]
31-Aug-2026 11:46:33.063 INFO [main] org.apache.catalina.startup.Catalina.start Server startup in [2367] milliseconds
31-Aug-2026 11:52:43.679 INFO [main] org.apache.catalina.startup.VersionLoggerListener.log Server version name:   Apache Tomcat/9.0.89
31-Aug-2026 11:52:43.682 INFO [main] org.apache.catalina.startup.VersionLoggerListener.log Server built:          May 3 2024 20:22:11 UTC
31-Aug-2026 11:52:43.682 INFO [main] org.apache.catalina.startup.VersionLoggerListener.log Server version number: 9.0.89.0
31-Aug-2026 11:52:43.682 INFO [main] org.apache.catalina.startup.VersionLoggerListener.log OS Name:               Windows 11
31-Aug-2026 11:52:43.682 INFO [main] org.apache.catalina.startup.VersionLoggerListener.log OS Version:            10.0
31-Aug-2026 11:52:43.682 INFO [main] org.apache.catalina.startup.VersionLoggerListener.log Architecture:          amd64
31-Aug-2026 11:52:43.683 INFO [main] org.apache.catalina.startup.VersionLoggerListener.log Java Home:             C:\Temp\Programs\JavaStack\jdk-17.0.19+10
31-Aug-2026 11:52:43.683 INFO [main] org.apache.catalina.startup.VersionLoggerListener.log JVM Version:           17.0.19+10-LTS
31-Aug-2026 11:52:43.683 INFO [main] org.apache.catalina.startup.VersionLoggerListener.log JVM Vendor:            Microsoft
31-Aug-2026 11:52:43.683 INFO [main] org.apache.catalina.startup.VersionLoggerListener.log CATALINA_BASE:         C:\Temp\Tomcat_compartido
31-Aug-2026 11:52:43.683 INFO [main] org.apache.catalina.startup.VersionLoggerListener.log CATALINA_HOME:         C:\Temp\Programs\JavaStack\apache-tomcat-9.0.89
31-Aug-2026 11:52:43.696 INFO [main] org.apache.catalina.startup.VersionLoggerListener.log Command line argument: -Djava.util.logging.config.file=C:\Temp\Tomcat_compartido/conf/logging.properties
31-Aug-2026 11:52:43.696 INFO [main] org.apache.catalina.startup.VersionLoggerListener.log Command line argument: -Djava.util.logging.manager=org.apache.juli.ClassLoaderLogManager
31-Aug-2026 11:52:43.696 INFO [main] org.apache.catalina.startup.VersionLoggerListener.log Command line argument: -Djdk.tls.ephemeralDHKeySize=2048
31-Aug-2026 11:52:43.696 INFO [main] org.apache.catalina.startup.VersionLoggerListener.log Command line argument: -Djava.protocol.handler.pkgs=org.apache.catalina.webresources
31-Aug-2026 11:52:43.696 INFO [main] org.apache.catalina.startup.VersionLoggerListener.log Command line argument: -Dorg.apache.catalina.security.SecurityListener.UMASK=0027
31-Aug-2026 11:52:43.696 INFO [main] org.apache.catalina.startup.VersionLoggerListener.log Command line argument: -Dcatalina.base=C:\Temp\Tomcat_compartido
31-Aug-2026 11:52:43.696 INFO [main] org.apache.catalina.startup.VersionLoggerListener.log Command line argument: -Dcatalina.home=C:\Temp\Programs\JavaStack\apache-tomcat-9.0.89
31-Aug-2026 11:52:43.696 INFO [main] org.apache.catalina.startup.VersionLoggerListener.log Command line argument: -Djava.io.tmpdir=C:\Temp\Tomcat_compartido/temp
31-Aug-2026 11:52:43.702 INFO [main] org.apache.catalina.core.AprLifecycleListener.lifecycleEvent The Apache Tomcat Native library which allows using OpenSSL was not found on the java.library.path: [C:\Temp\Programs\JavaStack\jdk-17.0.19+10\bin;C:\WINDOWS\Sun\Java\bin;C:\WINDOWS\system32;C:\WINDOWS;C:\WINDOWS\system32;C:\WINDOWS;C:\WINDOWS\System32\Wbem;C:\WINDOWS\System32\WindowsPowerShell\v1.0\;C:\WINDOWS\System32\OpenSSH\;C:\Program Files\dotnet\;C:\Users\Aldoa\Desktop\Infor\bin;C:\Program Files\Microsoft SQL Server Migration Assistant for Access\bin\;C:\Users\Aldoa\OneDrive\Desktop\;C:\Program Files\Git\cmd;C:\Program Files\nodejs\;C:\Users\Aldoa\AppData\Local\Microsoft\WindowsApps;C:\Users\Aldoa\AppData\Local\Programs\Microsoft VS Code\bin;C:\Users\Aldoa\AppData\Local\Programs\cursor\resources\app\bin;C:\Users\Aldoa\AppData\Roaming\npm;C:\Temp\Programs\JavaStack\jdk-17.0.19+10\bin;C:\Temp\Programs\JavaStack\apache-maven-3.9.16\bin;C:\Users\Aldoa\AppData\Local\Python\bin;.]
31-Aug-2026 11:52:43.936 INFO [main] org.apache.coyote.AbstractProtocol.init Initializing ProtocolHandler ["http-nio-8082"]
31-Aug-2026 11:52:43.963 INFO [main] org.apache.catalina.startup.Catalina.load Server initialization in [435] milliseconds
31-Aug-2026 11:52:44.003 INFO [main] org.apache.catalina.core.StandardService.startInternal Starting service [Catalina]
31-Aug-2026 11:52:44.004 INFO [main] org.apache.catalina.core.StandardEngine.startInternal Starting Servlet engine: [Apache Tomcat/9.0.89]
31-Aug-2026 11:52:44.014 INFO [main] org.apache.catalina.startup.HostConfig.deployDirectory Deploying web application directory [C:\Temp\Tomcat_compartido\webapps\aerrigochan]
31-Aug-2026 11:52:44.616 INFO [main] org.apache.jasper.servlet.TldScanner.scanJars At least one JAR was scanned for TLDs yet contained no TLDs. Enable debug logging for this logger for a complete list of JARs that were scanned but no TLDs were found in them. Skipping unneeded JARs during scanning can improve startup time and JSP compilation time.
31-Aug-2026 11:52:44.703 INFO [main] org.apache.catalina.startup.HostConfig.deployDirectory Deployment of web application directory [C:\Temp\Tomcat_compartido\webapps\aerrigochan] has finished in [688] ms
31-Aug-2026 11:52:44.703 INFO [main] org.apache.catalina.startup.HostConfig.deployDirectory Deploying web application directory [C:\Temp\Tomcat_compartido\webapps\ERP 2%%%]
31-Aug-2026 11:52:45.019 INFO [main] org.apache.jasper.servlet.TldScanner.scanJars At least one JAR was scanned for TLDs yet contained no TLDs. Enable debug logging for this logger for a complete list of JARs that were scanned but no TLDs were found in them. Skipping unneeded JARs during scanning can improve startup time and JSP compilation time.
31-Aug-2026 11:52:45.024 INFO [main] org.apache.catalina.startup.HostConfig.deployDirectory Deployment of web application directory [C:\Temp\Tomcat_compartido\webapps\ERP 2%%%] has finished in [320] ms
31-Aug-2026 11:52:45.024 INFO [main] org.apache.catalina.startup.HostConfig.deployDirectory Deploying web application directory [C:\Temp\Tomcat_compartido\webapps\host-manager]
31-Aug-2026 11:52:45.291 INFO [main] org.apache.jasper.servlet.TldScanner.scanJars At least one JAR was scanned for TLDs yet contained no TLDs. Enable debug logging for this logger for a complete list of JARs that were scanned but no TLDs were found in them. Skipping unneeded JARs during scanning can improve startup time and JSP compilation time.
31-Aug-2026 11:52:45.303 INFO [main] org.apache.catalina.startup.HostConfig.deployDirectory Deployment of web application directory [C:\Temp\Tomcat_compartido\webapps\host-manager] has finished in [278] ms
31-Aug-2026 11:52:45.303 INFO [main] org.apache.catalina.startup.HostConfig.deployDirectory Deploying web application directory [C:\Temp\Tomcat_compartido\webapps\manager]
31-Aug-2026 11:52:45.612 INFO [main] org.apache.jasper.servlet.TldScanner.scanJars At least one JAR was scanned for TLDs yet contained no TLDs. Enable debug logging for this logger for a complete list of JARs that were scanned but no TLDs were found in them. Skipping unneeded JARs during scanning can improve startup time and JSP compilation time.
31-Aug-2026 11:52:45.616 INFO [main] org.apache.catalina.startup.HostConfig.deployDirectory Deployment of web application directory [C:\Temp\Tomcat_compartido\webapps\manager] has finished in [313] ms
31-Aug-2026 11:52:45.616 INFO [main] org.apache.catalina.startup.HostConfig.deployDirectory Deploying web application directory [C:\Temp\Tomcat_compartido\webapps\notasReceptor]
31-Aug-2026 11:52:45.895 INFO [main] org.apache.jasper.servlet.TldScanner.scanJars At least one JAR was scanned for TLDs yet contained no TLDs. Enable debug logging for this logger for a complete list of JARs that were scanned but no TLDs were found in them. Skipping unneeded JARs during scanning can improve startup time and JSP compilation time.
31-Aug-2026 11:52:45.902 INFO [main] org.apache.catalina.startup.HostConfig.deployDirectory Deployment of web application directory [C:\Temp\Tomcat_compartido\webapps\notasReceptor] has finished in [286] ms
31-Aug-2026 11:52:45.902 INFO [main] org.apache.catalina.startup.HostConfig.deployDirectory Deploying web application directory [C:\Temp\Tomcat_compartido\webapps\ROOT]
31-Aug-2026 11:52:46.154 INFO [main] org.apache.jasper.servlet.TldScanner.scanJars At least one JAR was scanned for TLDs yet contained no TLDs. Enable debug logging for this logger for a complete list of JARs that were scanned but no TLDs were found in them. Skipping unneeded JARs during scanning can improve startup time and JSP compilation time.
31-Aug-2026 11:52:46.157 INFO [main] org.apache.catalina.startup.HostConfig.deployDirectory Deployment of web application directory [C:\Temp\Tomcat_compartido\webapps\ROOT] has finished in [255] ms
31-Aug-2026 11:52:46.157 INFO [main] org.apache.catalina.startup.HostConfig.deployDirectory Deploying web application directory [C:\Temp\Tomcat_compartido\webapps\Test1]
31-Aug-2026 11:52:46.437 INFO [main] org.apache.jasper.servlet.TldScanner.scanJars At least one JAR was scanned for TLDs yet contained no TLDs. Enable debug logging for this logger for a complete list of JARs that were scanned but no TLDs were found in them. Skipping unneeded JARs during scanning can improve startup time and JSP compilation time.
31-Aug-2026 11:52:46.445 INFO [main] org.apache.catalina.startup.HostConfig.deployDirectory Deployment of web application directory [C:\Temp\Tomcat_compartido\webapps\Test1] has finished in [280] ms
31-Aug-2026 11:52:46.451 INFO [main] org.apache.coyote.AbstractProtocol.start Starting ProtocolHandler ["http-nio-8082"]
31-Aug-2026 11:52:46.509 INFO [main] org.apache.catalina.startup.Catalina.start Server startup in [2551] milliseconds
31-Aug-2026 12:09:31.081 INFO [main] org.apache.catalina.startup.VersionLoggerListener.log Server version name:   Apache Tomcat/9.0.89
31-Aug-2026 12:09:31.084 INFO [main] org.apache.catalina.startup.VersionLoggerListener.log Server built:          May 3 2024 20:22:11 UTC
31-Aug-2026 12:09:31.085 INFO [main] org.apache.catalina.startup.VersionLoggerListener.log Server version number: 9.0.89.0
31-Aug-2026 12:09:31.085 INFO [main] org.apache.catalina.startup.VersionLoggerListener.log OS Name:               Windows 11
31-Aug-2026 12:09:31.085 INFO [main] org.apache.catalina.startup.VersionLoggerListener.log OS Version:            10.0
31-Aug-2026 12:09:31.085 INFO [main] org.apache.catalina.startup.VersionLoggerListener.log Architecture:          amd64
31-Aug-2026 12:09:31.085 INFO [main] org.apache.catalina.startup.VersionLoggerListener.log Java Home:             C:\Temp\Programs\JavaStack\jdk-17.0.19+10
31-Aug-2026 12:09:31.085 INFO [main] org.apache.catalina.startup.VersionLoggerListener.log JVM Version:           17.0.19+10-LTS
31-Aug-2026 12:09:31.085 INFO [main] org.apache.catalina.startup.VersionLoggerListener.log JVM Vendor:            Microsoft
31-Aug-2026 12:09:31.085 INFO [main] org.apache.catalina.startup.VersionLoggerListener.log CATALINA_BASE:         C:\Temp\Tomcat_compartido
31-Aug-2026 12:09:31.085 INFO [main] org.apache.catalina.startup.VersionLoggerListener.log CATALINA_HOME:         C:\Temp\Programs\JavaStack\apache-tomcat-9.0.89
31-Aug-2026 12:09:31.095 INFO [main] org.apache.catalina.startup.VersionLoggerListener.log Command line argument: -Djava.util.logging.config.file=C:\Temp\Tomcat_compartido/conf/logging.properties
31-Aug-2026 12:09:31.096 INFO [main] org.apache.catalina.startup.VersionLoggerListener.log Command line argument: -Djava.util.logging.manager=org.apache.juli.ClassLoaderLogManager
31-Aug-2026 12:09:31.096 INFO [main] org.apache.catalina.startup.VersionLoggerListener.log Command line argument: -Djdk.tls.ephemeralDHKeySize=2048
31-Aug-2026 12:09:31.096 INFO [main] org.apache.catalina.startup.VersionLoggerListener.log Command line argument: -Djava.protocol.handler.pkgs=org.apache.catalina.webresources
31-Aug-2026 12:09:31.096 INFO [main] org.apache.catalina.startup.VersionLoggerListener.log Command line argument: -Dorg.apache.catalina.security.SecurityListener.UMASK=0027
31-Aug-2026 12:09:31.096 INFO [main] org.apache.catalina.startup.VersionLoggerListener.log Command line argument: -Dcatalina.base=C:\Temp\Tomcat_compartido
31-Aug-2026 12:09:31.096 INFO [main] org.apache.catalina.startup.VersionLoggerListener.log Command line argument: -Dcatalina.home=C:\Temp\Programs\JavaStack\apache-tomcat-9.0.89
31-Aug-2026 12:09:31.096 INFO [main] org.apache.catalina.startup.VersionLoggerListener.log Command line argument: -Djava.io.tmpdir=C:\Temp\Tomcat_compartido/temp
31-Aug-2026 12:09:31.101 INFO [main] org.apache.catalina.core.AprLifecycleListener.lifecycleEvent The Apache Tomcat Native library which allows using OpenSSL was not found on the java.library.path: [C:\Temp\Programs\JavaStack\jdk-17.0.19+10\bin;C:\WINDOWS\Sun\Java\bin;C:\WINDOWS\system32;C:\WINDOWS;C:\WINDOWS\system32;C:\WINDOWS;C:\WINDOWS\System32\Wbem;C:\WINDOWS\System32\WindowsPowerShell\v1.0\;C:\WINDOWS\System32\OpenSSH\;C:\Program Files\dotnet\;C:\Users\Aldoa\Desktop\Infor\bin;C:\Program Files\Microsoft SQL Server Migration Assistant for Access\bin\;C:\Users\Aldoa\OneDrive\Desktop\;C:\Program Files\Git\cmd;C:\Program Files\nodejs\;C:\Users\Aldoa\AppData\Local\Microsoft\WindowsApps;C:\Users\Aldoa\AppData\Local\Programs\Microsoft VS Code\bin;C:\Users\Aldoa\AppData\Local\Programs\cursor\resources\app\bin;C:\Users\Aldoa\AppData\Roaming\npm;C:\Temp\Programs\JavaStack\jdk-17.0.19+10\bin;C:\Temp\Programs\JavaStack\apache-maven-3.9.16\bin;C:\Users\Aldoa\AppData\Local\Python\bin;.]
31-Aug-2026 12:09:31.379 INFO [main] org.apache.coyote.AbstractProtocol.init Initializing ProtocolHandler ["http-nio-8082"]
31-Aug-2026 12:09:31.404 INFO [main] org.apache.catalina.startup.Catalina.load Server initialization in [475] milliseconds
31-Aug-2026 12:09:31.449 INFO [main] org.apache.catalina.core.StandardService.startInternal Starting service [Catalina]
31-Aug-2026 12:09:31.450 INFO [main] org.apache.catalina.core.StandardEngine.startInternal Starting Servlet engine: [Apache Tomcat/9.0.89]
31-Aug-2026 12:09:31.458 INFO [main] org.apache.catalina.startup.HostConfig.deployDirectory Deploying web application directory [C:\Temp\Tomcat_compartido\webapps\aerrigochan]
31-Aug-2026 12:09:32.031 INFO [main] org.apache.jasper.servlet.TldScanner.scanJars At least one JAR was scanned for TLDs yet contained no TLDs. Enable debug logging for this logger for a complete list of JARs that were scanned but no TLDs were found in them. Skipping unneeded JARs during scanning can improve startup time and JSP compilation time.
31-Aug-2026 12:09:32.122 INFO [main] org.apache.catalina.startup.HostConfig.deployDirectory Deployment of web application directory [C:\Temp\Tomcat_compartido\webapps\aerrigochan] has finished in [664] ms
31-Aug-2026 12:09:32.122 INFO [main] org.apache.catalina.startup.HostConfig.deployDirectory Deploying web application directory [C:\Temp\Tomcat_compartido\webapps\ERP 2%%%]
31-Aug-2026 12:09:32.447 INFO [main] org.apache.jasper.servlet.TldScanner.scanJars At least one JAR was scanned for TLDs yet contained no TLDs. Enable debug logging for this logger for a complete list of JARs that were scanned but no TLDs were found in them. Skipping unneeded JARs during scanning can improve startup time and JSP compilation time.
31-Aug-2026 12:09:32.452 INFO [main] org.apache.catalina.startup.HostConfig.deployDirectory Deployment of web application directory [C:\Temp\Tomcat_compartido\webapps\ERP 2%%%] has finished in [330] ms
31-Aug-2026 12:09:32.452 INFO [main] org.apache.catalina.startup.HostConfig.deployDirectory Deploying web application directory [C:\Temp\Tomcat_compartido\webapps\host-manager]
31-Aug-2026 12:09:32.729 INFO [main] org.apache.jasper.servlet.TldScanner.scanJars At least one JAR was scanned for TLDs yet contained no TLDs. Enable debug logging for this logger for a complete list of JARs that were scanned but no TLDs were found in them. Skipping unneeded JARs during scanning can improve startup time and JSP compilation time.
31-Aug-2026 12:09:32.740 INFO [main] org.apache.catalina.startup.HostConfig.deployDirectory Deployment of web application directory [C:\Temp\Tomcat_compartido\webapps\host-manager] has finished in [288] ms
31-Aug-2026 12:09:32.741 INFO [main] org.apache.catalina.startup.HostConfig.deployDirectory Deploying web application directory [C:\Temp\Tomcat_compartido\webapps\manager]
31-Aug-2026 12:09:33.032 INFO [main] org.apache.jasper.servlet.TldScanner.scanJars At least one JAR was scanned for TLDs yet contained no TLDs. Enable debug logging for this logger for a complete list of JARs that were scanned but no TLDs were found in them. Skipping unneeded JARs during scanning can improve startup time and JSP compilation time.
31-Aug-2026 12:09:33.038 INFO [main] org.apache.catalina.startup.HostConfig.deployDirectory Deployment of web application directory [C:\Temp\Tomcat_compartido\webapps\manager] has finished in [297] ms
31-Aug-2026 12:09:33.040 INFO [main] org.apache.catalina.startup.HostConfig.deployDirectory Deploying web application directory [C:\Temp\Tomcat_compartido\webapps\notasReceptor]
31-Aug-2026 12:09:33.304 INFO [main] org.apache.jasper.servlet.TldScanner.scanJars At least one JAR was scanned for TLDs yet contained no TLDs. Enable debug logging for this logger for a complete list of JARs that were scanned but no TLDs were found in them. Skipping unneeded JARs during scanning can improve startup time and JSP compilation time.
31-Aug-2026 12:09:33.311 INFO [main] org.apache.catalina.startup.HostConfig.deployDirectory Deployment of web application directory [C:\Temp\Tomcat_compartido\webapps\notasReceptor] has finished in [271] ms
31-Aug-2026 12:09:33.311 INFO [main] org.apache.catalina.startup.HostConfig.deployDirectory Deploying web application directory [C:\Temp\Tomcat_compartido\webapps\pchanis]
31-Aug-2026 12:09:33.552 INFO [main] org.apache.jasper.servlet.TldScanner.scanJars At least one JAR was scanned for TLDs yet contained no TLDs. Enable debug logging for this logger for a complete list of JARs that were scanned but no TLDs were found in them. Skipping unneeded JARs during scanning can improve startup time and JSP compilation time.
31-Aug-2026 12:09:33.559 INFO [main] org.apache.catalina.startup.HostConfig.deployDirectory Deployment of web application directory [C:\Temp\Tomcat_compartido\webapps\pchanis] has finished in [247] ms
31-Aug-2026 12:09:33.559 INFO [main] org.apache.catalina.startup.HostConfig.deployDirectory Deploying web application directory [C:\Temp\Tomcat_compartido\webapps\ROOT]
31-Aug-2026 12:09:33.761 INFO [main] org.apache.jasper.servlet.TldScanner.scanJars At least one JAR was scanned for TLDs yet contained no TLDs. Enable debug logging for this logger for a complete list of JARs that were scanned but no TLDs were found in them. Skipping unneeded JARs during scanning can improve startup time and JSP compilation time.
31-Aug-2026 12:09:33.769 INFO [main] org.apache.catalina.startup.HostConfig.deployDirectory Deployment of web application directory [C:\Temp\Tomcat_compartido\webapps\ROOT] has finished in [210] ms
31-Aug-2026 12:09:33.769 INFO [main] org.apache.catalina.startup.HostConfig.deployDirectory Deploying web application directory [C:\Temp\Tomcat_compartido\webapps\Test1]
31-Aug-2026 12:09:34.024 INFO [main] org.apache.jasper.servlet.TldScanner.scanJars At least one JAR was scanned for TLDs yet contained no TLDs. Enable debug logging for this logger for a complete list of JARs that were scanned but no TLDs were found in them. Skipping unneeded JARs during scanning can improve startup time and JSP compilation time.
31-Aug-2026 12:09:34.029 INFO [main] org.apache.catalina.startup.HostConfig.deployDirectory Deployment of web application directory [C:\Temp\Tomcat_compartido\webapps\Test1] has finished in [260] ms
31-Aug-2026 12:09:34.033 INFO [main] org.apache.coyote.AbstractProtocol.start Starting ProtocolHandler ["http-nio-8082"]
31-Aug-2026 12:09:34.129 INFO [main] org.apache.catalina.startup.Catalina.start Server startup in [2722] milliseconds
31-Aug-2026 12:14:06.190 INFO [main] org.apache.catalina.startup.VersionLoggerListener.log Server version name:   Apache Tomcat/9.0.89
31-Aug-2026 12:14:06.196 INFO [main] org.apache.catalina.startup.VersionLoggerListener.log Server built:          May 3 2024 20:22:11 UTC
31-Aug-2026 12:14:06.196 INFO [main] org.apache.catalina.startup.VersionLoggerListener.log Server version number: 9.0.89.0
31-Aug-2026 12:14:06.196 INFO [main] org.apache.catalina.startup.VersionLoggerListener.log OS Name:               Windows 11
31-Aug-2026 12:14:06.196 INFO [main] org.apache.catalina.startup.VersionLoggerListener.log OS Version:            10.0
31-Aug-2026 12:14:06.196 INFO [main] org.apache.catalina.startup.VersionLoggerListener.log Architecture:          amd64
31-Aug-2026 12:14:06.196 INFO [main] org.apache.catalina.startup.VersionLoggerListener.log Java Home:             C:\Temp\Programs\JavaStack\jdk-17.0.19+10
31-Aug-2026 12:14:06.197 INFO [main] org.apache.catalina.startup.VersionLoggerListener.log JVM Version:           17.0.19+10-LTS
31-Aug-2026 12:14:06.197 INFO [main] org.apache.catalina.startup.VersionLoggerListener.log JVM Vendor:            Microsoft
31-Aug-2026 12:14:06.197 INFO [main] org.apache.catalina.startup.VersionLoggerListener.log CATALINA_BASE:         C:\Temp\Tomcat_compartido
31-Aug-2026 12:14:06.197 INFO [main] org.apache.catalina.startup.VersionLoggerListener.log CATALINA_HOME:         C:\Temp\Programs\JavaStack\apache-tomcat-9.0.89
31-Aug-2026 12:14:06.205 INFO [main] org.apache.catalina.startup.VersionLoggerListener.log Command line argument: -Djava.util.logging.config.file=C:\Temp\Tomcat_compartido/conf/logging.properties
31-Aug-2026 12:14:06.205 INFO [main] org.apache.catalina.startup.VersionLoggerListener.log Command line argument: -Djava.util.logging.manager=org.apache.juli.ClassLoaderLogManager
31-Aug-2026 12:14:06.205 INFO [main] org.apache.catalina.startup.VersionLoggerListener.log Command line argument: -Djdk.tls.ephemeralDHKeySize=2048
31-Aug-2026 12:14:06.205 INFO [main] org.apache.catalina.startup.VersionLoggerListener.log Command line argument: -Djava.protocol.handler.pkgs=org.apache.catalina.webresources
31-Aug-2026 12:14:06.206 INFO [main] org.apache.catalina.startup.VersionLoggerListener.log Command line argument: -Dorg.apache.catalina.security.SecurityListener.UMASK=0027
31-Aug-2026 12:14:06.206 INFO [main] org.apache.catalina.startup.VersionLoggerListener.log Command line argument: -Dcatalina.base=C:\Temp\Tomcat_compartido
31-Aug-2026 12:14:06.206 INFO [main] org.apache.catalina.startup.VersionLoggerListener.log Command line argument: -Dcatalina.home=C:\Temp\Programs\JavaStack\apache-tomcat-9.0.89
31-Aug-2026 12:14:06.206 INFO [main] org.apache.catalina.startup.VersionLoggerListener.log Command line argument: -Djava.io.tmpdir=C:\Temp\Tomcat_compartido/temp
31-Aug-2026 12:14:06.212 INFO [main] org.apache.catalina.core.AprLifecycleListener.lifecycleEvent The Apache Tomcat Native library which allows using OpenSSL was not found on the java.library.path: [C:\Temp\Programs\JavaStack\jdk-17.0.19+10\bin;C:\WINDOWS\Sun\Java\bin;C:\WINDOWS\system32;C:\WINDOWS;C:\WINDOWS\system32;C:\WINDOWS;C:\WINDOWS\System32\Wbem;C:\WINDOWS\System32\WindowsPowerShell\v1.0\;C:\WINDOWS\System32\OpenSSH\;C:\Program Files\dotnet\;C:\Users\Aldoa\Desktop\Infor\bin;C:\Program Files\Microsoft SQL Server Migration Assistant for Access\bin\;C:\Users\Aldoa\OneDrive\Desktop\;C:\Program Files\Git\cmd;C:\Program Files\nodejs\;C:\Users\Aldoa\AppData\Local\Microsoft\WindowsApps;C:\Users\Aldoa\AppData\Local\Programs\Microsoft VS Code\bin;C:\Users\Aldoa\AppData\Local\Programs\cursor\resources\app\bin;C:\Users\Aldoa\AppData\Roaming\npm;C:\Temp\Programs\JavaStack\jdk-17.0.19+10\bin;C:\Temp\Programs\JavaStack\apache-maven-3.9.16\bin;C:\Users\Aldoa\AppData\Local\Python\bin;.]
31-Aug-2026 12:14:06.436 INFO [main] org.apache.coyote.AbstractProtocol.init Initializing ProtocolHandler ["http-nio-8082"]
31-Aug-2026 12:14:06.466 INFO [main] org.apache.catalina.startup.Catalina.load Server initialization in [420] milliseconds
31-Aug-2026 12:14:06.545 INFO [main] org.apache.catalina.core.StandardService.startInternal Starting service [Catalina]
31-Aug-2026 12:14:06.545 INFO [main] org.apache.catalina.core.StandardEngine.startInternal Starting Servlet engine: [Apache Tomcat/9.0.89]
31-Aug-2026 12:14:06.554 INFO [main] org.apache.catalina.startup.HostConfig.deployDirectory Deploying web application directory [C:\Temp\Tomcat_compartido\webapps\aerrigochan]
31-Aug-2026 12:14:07.051 INFO [main] org.apache.jasper.servlet.TldScanner.scanJars At least one JAR was scanned for TLDs yet contained no TLDs. Enable debug logging for this logger for a complete list of JARs that were scanned but no TLDs were found in them. Skipping unneeded JARs during scanning can improve startup time and JSP compilation time.
31-Aug-2026 12:14:07.132 INFO [main] org.apache.catalina.startup.HostConfig.deployDirectory Deployment of web application directory [C:\Temp\Tomcat_compartido\webapps\aerrigochan] has finished in [578] ms
31-Aug-2026 12:14:07.132 INFO [main] org.apache.catalina.startup.HostConfig.deployDirectory Deploying web application directory [C:\Temp\Tomcat_compartido\webapps\ERP 2%%%]
31-Aug-2026 12:14:07.418 INFO [main] org.apache.jasper.servlet.TldScanner.scanJars At least one JAR was scanned for TLDs yet contained no TLDs. Enable debug logging for this logger for a complete list of JARs that were scanned but no TLDs were found in them. Skipping unneeded JARs during scanning can improve startup time and JSP compilation time.
31-Aug-2026 12:14:07.423 INFO [main] org.apache.catalina.startup.HostConfig.deployDirectory Deployment of web application directory [C:\Temp\Tomcat_compartido\webapps\ERP 2%%%] has finished in [291] ms
31-Aug-2026 12:14:07.423 INFO [main] org.apache.catalina.startup.HostConfig.deployDirectory Deploying web application directory [C:\Temp\Tomcat_compartido\webapps\host-manager]
31-Aug-2026 12:14:07.696 INFO [main] org.apache.jasper.servlet.TldScanner.scanJars At least one JAR was scanned for TLDs yet contained no TLDs. Enable debug logging for this logger for a complete list of JARs that were scanned but no TLDs were found in them. Skipping unneeded JARs during scanning can improve startup time and JSP compilation time.
31-Aug-2026 12:14:07.711 INFO [main] org.apache.catalina.startup.HostConfig.deployDirectory Deployment of web application directory [C:\Temp\Tomcat_compartido\webapps\host-manager] has finished in [288] ms
31-Aug-2026 12:14:07.711 INFO [main] org.apache.catalina.startup.HostConfig.deployDirectory Deploying web application directory [C:\Temp\Tomcat_compartido\webapps\manager]
31-Aug-2026 12:14:07.973 INFO [main] org.apache.jasper.servlet.TldScanner.scanJars At least one JAR was scanned for TLDs yet contained no TLDs. Enable debug logging for this logger for a complete list of JARs that were scanned but no TLDs were found in them. Skipping unneeded JARs during scanning can improve startup time and JSP compilation time.
31-Aug-2026 12:14:07.978 INFO [main] org.apache.catalina.startup.HostConfig.deployDirectory Deployment of web application directory [C:\Temp\Tomcat_compartido\webapps\manager] has finished in [267] ms
31-Aug-2026 12:14:07.978 INFO [main] org.apache.catalina.startup.HostConfig.deployDirectory Deploying web application directory [C:\Temp\Tomcat_compartido\webapps\notasReceptor]
31-Aug-2026 12:14:08.364 INFO [main] org.apache.jasper.servlet.TldScanner.scanJars At least one JAR was scanned for TLDs yet contained no TLDs. Enable debug logging for this logger for a complete list of JARs that were scanned but no TLDs were found in them. Skipping unneeded JARs during scanning can improve startup time and JSP compilation time.
31-Aug-2026 12:14:08.373 INFO [main] org.apache.catalina.startup.HostConfig.deployDirectory Deployment of web application directory [C:\Temp\Tomcat_compartido\webapps\notasReceptor] has finished in [394] ms
31-Aug-2026 12:14:08.373 INFO [main] org.apache.catalina.startup.HostConfig.deployDirectory Deploying web application directory [C:\Temp\Tomcat_compartido\webapps\pchanis]
31-Aug-2026 12:14:08.653 INFO [main] org.apache.jasper.servlet.TldScanner.scanJars At least one JAR was scanned for TLDs yet contained no TLDs. Enable debug logging for this logger for a complete list of JARs that were scanned but no TLDs were found in them. Skipping unneeded JARs during scanning can improve startup time and JSP compilation time.
31-Aug-2026 12:14:08.655 INFO [main] org.apache.catalina.startup.HostConfig.deployDirectory Deployment of web application directory [C:\Temp\Tomcat_compartido\webapps\pchanis] has finished in [282] ms
31-Aug-2026 12:14:08.655 INFO [main] org.apache.catalina.startup.HostConfig.deployDirectory Deploying web application directory [C:\Temp\Tomcat_compartido\webapps\ROOT]
31-Aug-2026 12:14:08.927 INFO [main] org.apache.jasper.servlet.TldScanner.scanJars At least one JAR was scanned for TLDs yet contained no TLDs. Enable debug logging for this logger for a complete list of JARs that were scanned but no TLDs were found in them. Skipping unneeded JARs during scanning can improve startup time and JSP compilation time.
31-Aug-2026 12:14:08.937 INFO [main] org.apache.catalina.startup.HostConfig.deployDirectory Deployment of web application directory [C:\Temp\Tomcat_compartido\webapps\ROOT] has finished in [281] ms
31-Aug-2026 12:14:08.937 INFO [main] org.apache.catalina.startup.HostConfig.deployDirectory Deploying web application directory [C:\Temp\Tomcat_compartido\webapps\Test1]
31-Aug-2026 12:14:09.403 INFO [main] org.apache.jasper.servlet.TldScanner.scanJars At least one JAR was scanned for TLDs yet contained no TLDs. Enable debug logging for this logger for a complete list of JARs that were scanned but no TLDs were found in them. Skipping unneeded JARs during scanning can improve startup time and JSP compilation time.
31-Aug-2026 12:14:09.407 INFO [main] org.apache.catalina.startup.HostConfig.deployDirectory Deployment of web application directory [C:\Temp\Tomcat_compartido\webapps\Test1] has finished in [470] ms
31-Aug-2026 12:14:09.411 INFO [main] org.apache.coyote.AbstractProtocol.start Starting ProtocolHandler ["http-nio-8082"]
31-Aug-2026 12:14:09.471 INFO [main] org.apache.catalina.startup.Catalina.start Server startup in [3004] milliseconds
31-Aug-2026 12:19:58.442 INFO [main] org.apache.catalina.startup.VersionLoggerListener.log Server version name:   Apache Tomcat/9.0.89
31-Aug-2026 12:19:58.447 INFO [main] org.apache.catalina.startup.VersionLoggerListener.log Server built:          May 3 2024 20:22:11 UTC
31-Aug-2026 12:19:58.447 INFO [main] org.apache.catalina.startup.VersionLoggerListener.log Server version number: 9.0.89.0
31-Aug-2026 12:19:58.447 INFO [main] org.apache.catalina.startup.VersionLoggerListener.log OS Name:               Windows 11
31-Aug-2026 12:19:58.447 INFO [main] org.apache.catalina.startup.VersionLoggerListener.log OS Version:            10.0
31-Aug-2026 12:19:58.447 INFO [main] org.apache.catalina.startup.VersionLoggerListener.log Architecture:          amd64
31-Aug-2026 12:19:58.447 INFO [main] org.apache.catalina.startup.VersionLoggerListener.log Java Home:             C:\Temp\Programs\JavaStack\jdk-17.0.19+10
31-Aug-2026 12:19:58.447 INFO [main] org.apache.catalina.startup.VersionLoggerListener.log JVM Version:           17.0.19+10-LTS
31-Aug-2026 12:19:58.447 INFO [main] org.apache.catalina.startup.VersionLoggerListener.log JVM Vendor:            Microsoft
31-Aug-2026 12:19:58.447 INFO [main] org.apache.catalina.startup.VersionLoggerListener.log CATALINA_BASE:         C:\Temp\Tomcat_compartido
31-Aug-2026 12:19:58.447 INFO [main] org.apache.catalina.startup.VersionLoggerListener.log CATALINA_HOME:         C:\Temp\Programs\JavaStack\apache-tomcat-9.0.89
31-Aug-2026 12:19:58.460 INFO [main] org.apache.catalina.startup.VersionLoggerListener.log Command line argument: -Djava.util.logging.config.file=C:\Temp\Tomcat_compartido/conf/logging.properties
31-Aug-2026 12:19:58.460 INFO [main] org.apache.catalina.startup.VersionLoggerListener.log Command line argument: -Djava.util.logging.manager=org.apache.juli.ClassLoaderLogManager
31-Aug-2026 12:19:58.461 INFO [main] org.apache.catalina.startup.VersionLoggerListener.log Command line argument: -Djdk.tls.ephemeralDHKeySize=2048
31-Aug-2026 12:19:58.461 INFO [main] org.apache.catalina.startup.VersionLoggerListener.log Command line argument: -Djava.protocol.handler.pkgs=org.apache.catalina.webresources
31-Aug-2026 12:19:58.461 INFO [main] org.apache.catalina.startup.VersionLoggerListener.log Command line argument: -Dorg.apache.catalina.security.SecurityListener.UMASK=0027
31-Aug-2026 12:19:58.461 INFO [main] org.apache.catalina.startup.VersionLoggerListener.log Command line argument: -Dcatalina.base=C:\Temp\Tomcat_compartido
31-Aug-2026 12:19:58.461 INFO [main] org.apache.catalina.startup.VersionLoggerListener.log Command line argument: -Dcatalina.home=C:\Temp\Programs\JavaStack\apache-tomcat-9.0.89
31-Aug-2026 12:19:58.461 INFO [main] org.apache.catalina.startup.VersionLoggerListener.log Command line argument: -Djava.io.tmpdir=C:\Temp\Tomcat_compartido/temp
31-Aug-2026 12:19:58.468 INFO [main] org.apache.catalina.core.AprLifecycleListener.lifecycleEvent The Apache Tomcat Native library which allows using OpenSSL was not found on the java.library.path: [C:\Temp\Programs\JavaStack\jdk-17.0.19+10\bin;C:\WINDOWS\Sun\Java\bin;C:\WINDOWS\system32;C:\WINDOWS;C:\WINDOWS\system32;C:\WINDOWS;C:\WINDOWS\System32\Wbem;C:\WINDOWS\System32\WindowsPowerShell\v1.0\;C:\WINDOWS\System32\OpenSSH\;C:\Program Files\dotnet\;C:\Users\Aldoa\Desktop\Infor\bin;C:\Program Files\Microsoft SQL Server Migration Assistant for Access\bin\;C:\Users\Aldoa\OneDrive\Desktop\;C:\Program Files\Git\cmd;C:\Program Files\nodejs\;C:\Users\Aldoa\AppData\Local\Microsoft\WindowsApps;C:\Users\Aldoa\AppData\Local\Programs\Microsoft VS Code\bin;C:\Users\Aldoa\AppData\Local\Programs\cursor\resources\app\bin;C:\Users\Aldoa\AppData\Roaming\npm;C:\Temp\Programs\JavaStack\jdk-17.0.19+10\bin;C:\Temp\Programs\JavaStack\apache-maven-3.9.16\bin;C:\Users\Aldoa\AppData\Local\Python\bin;.]
31-Aug-2026 12:19:58.767 INFO [main] org.apache.coyote.AbstractProtocol.init Initializing ProtocolHandler ["http-nio-8082"]
31-Aug-2026 12:19:58.792 INFO [main] org.apache.catalina.startup.Catalina.load Server initialization in [510] milliseconds
31-Aug-2026 12:19:58.831 INFO [main] org.apache.catalina.core.StandardService.startInternal Starting service [Catalina]
31-Aug-2026 12:19:58.832 INFO [main] org.apache.catalina.core.StandardEngine.startInternal Starting Servlet engine: [Apache Tomcat/9.0.89]
31-Aug-2026 12:19:58.839 INFO [main] org.apache.catalina.startup.HostConfig.deployDirectory Deploying web application directory [C:\Temp\Tomcat_compartido\webapps\aerrigochan]
31-Aug-2026 12:19:59.346 INFO [main] org.apache.jasper.servlet.TldScanner.scanJars At least one JAR was scanned for TLDs yet contained no TLDs. Enable debug logging for this logger for a complete list of JARs that were scanned but no TLDs were found in them. Skipping unneeded JARs during scanning can improve startup time and JSP compilation time.
31-Aug-2026 12:19:59.418 INFO [main] org.apache.catalina.startup.HostConfig.deployDirectory Deployment of web application directory [C:\Temp\Tomcat_compartido\webapps\aerrigochan] has finished in [580] ms
31-Aug-2026 12:19:59.418 INFO [main] org.apache.catalina.startup.HostConfig.deployDirectory Deploying web application directory [C:\Temp\Tomcat_compartido\webapps\ERP 2%%%]
31-Aug-2026 12:19:59.724 INFO [main] org.apache.jasper.servlet.TldScanner.scanJars At least one JAR was scanned for TLDs yet contained no TLDs. Enable debug logging for this logger for a complete list of JARs that were scanned but no TLDs were found in them. Skipping unneeded JARs during scanning can improve startup time and JSP compilation time.
31-Aug-2026 12:19:59.732 INFO [main] org.apache.catalina.startup.HostConfig.deployDirectory Deployment of web application directory [C:\Temp\Tomcat_compartido\webapps\ERP 2%%%] has finished in [313] ms
31-Aug-2026 12:19:59.732 INFO [main] org.apache.catalina.startup.HostConfig.deployDirectory Deploying web application directory [C:\Temp\Tomcat_compartido\webapps\host-manager]
31-Aug-2026 12:20:00.016 INFO [main] org.apache.jasper.servlet.TldScanner.scanJars At least one JAR was scanned for TLDs yet contained no TLDs. Enable debug logging for this logger for a complete list of JARs that were scanned but no TLDs were found in them. Skipping unneeded JARs during scanning can improve startup time and JSP compilation time.
31-Aug-2026 12:20:00.028 INFO [main] org.apache.catalina.startup.HostConfig.deployDirectory Deployment of web application directory [C:\Temp\Tomcat_compartido\webapps\host-manager] has finished in [296] ms
31-Aug-2026 12:20:00.028 INFO [main] org.apache.catalina.startup.HostConfig.deployDirectory Deploying web application directory [C:\Temp\Tomcat_compartido\webapps\manager]
31-Aug-2026 12:20:00.293 INFO [main] org.apache.jasper.servlet.TldScanner.scanJars At least one JAR was scanned for TLDs yet contained no TLDs. Enable debug logging for this logger for a complete list of JARs that were scanned but no TLDs were found in them. Skipping unneeded JARs during scanning can improve startup time and JSP compilation time.
31-Aug-2026 12:20:00.298 INFO [main] org.apache.catalina.startup.HostConfig.deployDirectory Deployment of web application directory [C:\Temp\Tomcat_compartido\webapps\manager] has finished in [270] ms
31-Aug-2026 12:20:00.298 INFO [main] org.apache.catalina.startup.HostConfig.deployDirectory Deploying web application directory [C:\Temp\Tomcat_compartido\webapps\notasReceptor]
31-Aug-2026 12:20:00.545 INFO [main] org.apache.jasper.servlet.TldScanner.scanJars At least one JAR was scanned for TLDs yet contained no TLDs. Enable debug logging for this logger for a complete list of JARs that were scanned but no TLDs were found in them. Skipping unneeded JARs during scanning can improve startup time and JSP compilation time.
31-Aug-2026 12:20:00.549 INFO [main] org.apache.catalina.startup.HostConfig.deployDirectory Deployment of web application directory [C:\Temp\Tomcat_compartido\webapps\notasReceptor] has finished in [251] ms
31-Aug-2026 12:20:00.549 INFO [main] org.apache.catalina.startup.HostConfig.deployDirectory Deploying web application directory [C:\Temp\Tomcat_compartido\webapps\pchanis]
31-Aug-2026 12:20:00.756 INFO [main] org.apache.jasper.servlet.TldScanner.scanJars At least one JAR was scanned for TLDs yet contained no TLDs. Enable debug logging for this logger for a complete list of JARs that were scanned but no TLDs were found in them. Skipping unneeded JARs during scanning can improve startup time and JSP compilation time.
31-Aug-2026 12:20:00.773 INFO [main] org.apache.catalina.startup.HostConfig.deployDirectory Deployment of web application directory [C:\Temp\Tomcat_compartido\webapps\pchanis] has finished in [224] ms
31-Aug-2026 12:20:00.773 INFO [main] org.apache.catalina.startup.HostConfig.deployDirectory Deploying web application directory [C:\Temp\Tomcat_compartido\webapps\ROOT]
31-Aug-2026 12:20:00.982 INFO [main] org.apache.jasper.servlet.TldScanner.scanJars At least one JAR was scanned for TLDs yet contained no TLDs. Enable debug logging for this logger for a complete list of JARs that were scanned but no TLDs were found in them. Skipping unneeded JARs during scanning can improve startup time and JSP compilation time.
31-Aug-2026 12:20:00.986 INFO [main] org.apache.catalina.startup.HostConfig.deployDirectory Deployment of web application directory [C:\Temp\Tomcat_compartido\webapps\ROOT] has finished in [212] ms
31-Aug-2026 12:20:00.986 INFO [main] org.apache.catalina.startup.HostConfig.deployDirectory Deploying web application directory [C:\Temp\Tomcat_compartido\webapps\Test1]
31-Aug-2026 12:20:01.205 INFO [main] org.apache.jasper.servlet.TldScanner.scanJars At least one JAR was scanned for TLDs yet contained no TLDs. Enable debug logging for this logger for a complete list of JARs that were scanned but no TLDs were found in them. Skipping unneeded JARs during scanning can improve startup time and JSP compilation time.
31-Aug-2026 12:20:01.205 INFO [main] org.apache.catalina.startup.HostConfig.deployDirectory Deployment of web application directory [C:\Temp\Tomcat_compartido\webapps\Test1] has finished in [219] ms
31-Aug-2026 12:20:01.219 INFO [main] org.apache.coyote.AbstractProtocol.start Starting ProtocolHandler ["http-nio-8082"]
31-Aug-2026 12:20:01.259 INFO [main] org.apache.catalina.startup.Catalina.start Server startup in [2465] milliseconds
31-Aug-2026 12:22:06.109 INFO [main] org.apache.catalina.startup.VersionLoggerListener.log Server version name:   Apache Tomcat/9.0.89
31-Aug-2026 12:22:06.112 INFO [main] org.apache.catalina.startup.VersionLoggerListener.log Server built:          May 3 2024 20:22:11 UTC
31-Aug-2026 12:22:06.112 INFO [main] org.apache.catalina.startup.VersionLoggerListener.log Server version number: 9.0.89.0
31-Aug-2026 12:22:06.112 INFO [main] org.apache.catalina.startup.VersionLoggerListener.log OS Name:               Windows 11
31-Aug-2026 12:22:06.112 INFO [main] org.apache.catalina.startup.VersionLoggerListener.log OS Version:            10.0
31-Aug-2026 12:22:06.112 INFO [main] org.apache.catalina.startup.VersionLoggerListener.log Architecture:          amd64
31-Aug-2026 12:22:06.112 INFO [main] org.apache.catalina.startup.VersionLoggerListener.log Java Home:             C:\Temp\Programs\JavaStack\jdk-17.0.19+10
31-Aug-2026 12:22:06.112 INFO [main] org.apache.catalina.startup.VersionLoggerListener.log JVM Version:           17.0.19+10-LTS
31-Aug-2026 12:22:06.112 INFO [main] org.apache.catalina.startup.VersionLoggerListener.log JVM Vendor:            Microsoft
31-Aug-2026 12:22:06.112 INFO [main] org.apache.catalina.startup.VersionLoggerListener.log CATALINA_BASE:         C:\Temp\Tomcat_compartido
31-Aug-2026 12:22:06.112 INFO [main] org.apache.catalina.startup.VersionLoggerListener.log CATALINA_HOME:         C:\Temp\Programs\JavaStack\apache-tomcat-9.0.89
31-Aug-2026 12:22:06.122 INFO [main] org.apache.catalina.startup.VersionLoggerListener.log Command line argument: -Djava.util.logging.config.file=C:\Temp\Tomcat_compartido/conf/logging.properties
31-Aug-2026 12:22:06.122 INFO [main] org.apache.catalina.startup.VersionLoggerListener.log Command line argument: -Djava.util.logging.manager=org.apache.juli.ClassLoaderLogManager
31-Aug-2026 12:22:06.122 INFO [main] org.apache.catalina.startup.VersionLoggerListener.log Command line argument: -Djdk.tls.ephemeralDHKeySize=2048
31-Aug-2026 12:22:06.122 INFO [main] org.apache.catalina.startup.VersionLoggerListener.log Command line argument: -Djava.protocol.handler.pkgs=org.apache.catalina.webresources
31-Aug-2026 12:22:06.122 INFO [main] org.apache.catalina.startup.VersionLoggerListener.log Command line argument: -Dorg.apache.catalina.security.SecurityListener.UMASK=0027
31-Aug-2026 12:22:06.123 INFO [main] org.apache.catalina.startup.VersionLoggerListener.log Command line argument: -Dcatalina.base=C:\Temp\Tomcat_compartido
31-Aug-2026 12:22:06.123 INFO [main] org.apache.catalina.startup.VersionLoggerListener.log Command line argument: -Dcatalina.home=C:\Temp\Programs\JavaStack\apache-tomcat-9.0.89
31-Aug-2026 12:22:06.123 INFO [main] org.apache.catalina.startup.VersionLoggerListener.log Command line argument: -Djava.io.tmpdir=C:\Temp\Tomcat_compartido/temp
31-Aug-2026 12:22:06.128 INFO [main] org.apache.catalina.core.AprLifecycleListener.lifecycleEvent The Apache Tomcat Native library which allows using OpenSSL was not found on the java.library.path: [C:\Temp\Programs\JavaStack\jdk-17.0.19+10\bin;C:\WINDOWS\Sun\Java\bin;C:\WINDOWS\system32;C:\WINDOWS;C:\WINDOWS\system32;C:\WINDOWS;C:\WINDOWS\System32\Wbem;C:\WINDOWS\System32\WindowsPowerShell\v1.0\;C:\WINDOWS\System32\OpenSSH\;C:\Program Files\dotnet\;C:\Users\Aldoa\Desktop\Infor\bin;C:\Program Files\Microsoft SQL Server Migration Assistant for Access\bin\;C:\Users\Aldoa\OneDrive\Desktop\;C:\Program Files\Git\cmd;C:\Program Files\nodejs\;C:\Users\Aldoa\AppData\Local\Microsoft\WindowsApps;C:\Users\Aldoa\AppData\Local\Programs\Microsoft VS Code\bin;C:\Users\Aldoa\AppData\Local\Programs\cursor\resources\app\bin;C:\Users\Aldoa\AppData\Roaming\npm;C:\Temp\Programs\JavaStack\jdk-17.0.19+10\bin;C:\Temp\Programs\JavaStack\apache-maven-3.9.16\bin;C:\Users\Aldoa\AppData\Local\Python\bin;.]
31-Aug-2026 12:22:06.357 INFO [main] org.apache.coyote.AbstractProtocol.init Initializing ProtocolHandler ["http-nio-8082"]
31-Aug-2026 12:22:06.386 INFO [main] org.apache.catalina.startup.Catalina.load Server initialization in [430] milliseconds
31-Aug-2026 12:22:06.422 INFO [main] org.apache.catalina.core.StandardService.startInternal Starting service [Catalina]
31-Aug-2026 12:22:06.422 INFO [main] org.apache.catalina.core.StandardEngine.startInternal Starting Servlet engine: [Apache Tomcat/9.0.89]
31-Aug-2026 12:22:06.436 INFO [main] org.apache.catalina.startup.HostConfig.deployDirectory Deploying web application directory [C:\Temp\Tomcat_compartido\webapps\aerrigochan]
31-Aug-2026 12:22:06.982 INFO [main] org.apache.jasper.servlet.TldScanner.scanJars At least one JAR was scanned for TLDs yet contained no TLDs. Enable debug logging for this logger for a complete list of JARs that were scanned but no TLDs were found in them. Skipping unneeded JARs during scanning can improve startup time and JSP compilation time.
31-Aug-2026 12:22:07.067 INFO [main] org.apache.catalina.startup.HostConfig.deployDirectory Deployment of web application directory [C:\Temp\Tomcat_compartido\webapps\aerrigochan] has finished in [631] ms
31-Aug-2026 12:22:07.068 INFO [main] org.apache.catalina.startup.HostConfig.deployDirectory Deploying web application directory [C:\Temp\Tomcat_compartido\webapps\ERP 2%%%]
31-Aug-2026 12:22:07.354 INFO [main] org.apache.jasper.servlet.TldScanner.scanJars At least one JAR was scanned for TLDs yet contained no TLDs. Enable debug logging for this logger for a complete list of JARs that were scanned but no TLDs were found in them. Skipping unneeded JARs during scanning can improve startup time and JSP compilation time.
31-Aug-2026 12:22:07.359 INFO [main] org.apache.catalina.startup.HostConfig.deployDirectory Deployment of web application directory [C:\Temp\Tomcat_compartido\webapps\ERP 2%%%] has finished in [291] ms
31-Aug-2026 12:22:07.359 INFO [main] org.apache.catalina.startup.HostConfig.deployDirectory Deploying web application directory [C:\Temp\Tomcat_compartido\webapps\host-manager]
31-Aug-2026 12:22:07.624 INFO [main] org.apache.jasper.servlet.TldScanner.scanJars At least one JAR was scanned for TLDs yet contained no TLDs. Enable debug logging for this logger for a complete list of JARs that were scanned but no TLDs were found in them. Skipping unneeded JARs during scanning can improve startup time and JSP compilation time.
31-Aug-2026 12:22:07.644 INFO [main] org.apache.catalina.startup.HostConfig.deployDirectory Deployment of web application directory [C:\Temp\Tomcat_compartido\webapps\host-manager] has finished in [285] ms
31-Aug-2026 12:22:07.644 INFO [main] org.apache.catalina.startup.HostConfig.deployDirectory Deploying web application directory [C:\Temp\Tomcat_compartido\webapps\manager]
31-Aug-2026 12:22:07.903 INFO [main] org.apache.jasper.servlet.TldScanner.scanJars At least one JAR was scanned for TLDs yet contained no TLDs. Enable debug logging for this logger for a complete list of JARs that were scanned but no TLDs were found in them. Skipping unneeded JARs during scanning can improve startup time and JSP compilation time.
31-Aug-2026 12:22:07.907 INFO [main] org.apache.catalina.startup.HostConfig.deployDirectory Deployment of web application directory [C:\Temp\Tomcat_compartido\webapps\manager] has finished in [263] ms
31-Aug-2026 12:22:07.907 INFO [main] org.apache.catalina.startup.HostConfig.deployDirectory Deploying web application directory [C:\Temp\Tomcat_compartido\webapps\notasReceptor]
31-Aug-2026 12:22:08.169 INFO [main] org.apache.jasper.servlet.TldScanner.scanJars At least one JAR was scanned for TLDs yet contained no TLDs. Enable debug logging for this logger for a complete list of JARs that were scanned but no TLDs were found in them. Skipping unneeded JARs during scanning can improve startup time and JSP compilation time.
31-Aug-2026 12:22:08.173 INFO [main] org.apache.catalina.startup.HostConfig.deployDirectory Deployment of web application directory [C:\Temp\Tomcat_compartido\webapps\notasReceptor] has finished in [265] ms
31-Aug-2026 12:22:08.173 INFO [main] org.apache.catalina.startup.HostConfig.deployDirectory Deploying web application directory [C:\Temp\Tomcat_compartido\webapps\pchanis]
31-Aug-2026 12:22:08.423 INFO [main] org.apache.jasper.servlet.TldScanner.scanJars At least one JAR was scanned for TLDs yet contained no TLDs. Enable debug logging for this logger for a complete list of JARs that were scanned but no TLDs were found in them. Skipping unneeded JARs during scanning can improve startup time and JSP compilation time.
31-Aug-2026 12:22:08.426 INFO [main] org.apache.catalina.startup.HostConfig.deployDirectory Deployment of web application directory [C:\Temp\Tomcat_compartido\webapps\pchanis] has finished in [252] ms
31-Aug-2026 12:22:08.426 INFO [main] org.apache.catalina.startup.HostConfig.deployDirectory Deploying web application directory [C:\Temp\Tomcat_compartido\webapps\ROOT]
31-Aug-2026 12:22:08.608 INFO [main] org.apache.jasper.servlet.TldScanner.scanJars At least one JAR was scanned for TLDs yet contained no TLDs. Enable debug logging for this logger for a complete list of JARs that were scanned but no TLDs were found in them. Skipping unneeded JARs during scanning can improve startup time and JSP compilation time.
31-Aug-2026 12:22:08.625 INFO [main] org.apache.catalina.startup.HostConfig.deployDirectory Deployment of web application directory [C:\Temp\Tomcat_compartido\webapps\ROOT] has finished in [199] ms
31-Aug-2026 12:22:08.625 INFO [main] org.apache.catalina.startup.HostConfig.deployDirectory Deploying web application directory [C:\Temp\Tomcat_compartido\webapps\Test1]
31-Aug-2026 12:22:08.871 INFO [main] org.apache.jasper.servlet.TldScanner.scanJars At least one JAR was scanned for TLDs yet contained no TLDs. Enable debug logging for this logger for a complete list of JARs that were scanned but no TLDs were found in them. Skipping unneeded JARs during scanning can improve startup time and JSP compilation time.
31-Aug-2026 12:22:08.879 INFO [main] org.apache.catalina.startup.HostConfig.deployDirectory Deployment of web application directory [C:\Temp\Tomcat_compartido\webapps\Test1] has finished in [253] ms
31-Aug-2026 12:22:08.882 INFO [main] org.apache.coyote.AbstractProtocol.start Starting ProtocolHandler ["http-nio-8082"]
31-Aug-2026 12:22:08.930 INFO [main] org.apache.catalina.startup.Catalina.start Server startup in [2542] milliseconds
31-Aug-2026 12:27:34.598 INFO [main] org.apache.catalina.startup.VersionLoggerListener.log Server version name:   Apache Tomcat/9.0.89
31-Aug-2026 12:27:34.600 INFO [main] org.apache.catalina.startup.VersionLoggerListener.log Server built:          May 3 2024 20:22:11 UTC
31-Aug-2026 12:27:34.601 INFO [main] org.apache.catalina.startup.VersionLoggerListener.log Server version number: 9.0.89.0
31-Aug-2026 12:27:34.601 INFO [main] org.apache.catalina.startup.VersionLoggerListener.log OS Name:               Windows 11
31-Aug-2026 12:27:34.601 INFO [main] org.apache.catalina.startup.VersionLoggerListener.log OS Version:            10.0
31-Aug-2026 12:27:34.601 INFO [main] org.apache.catalina.startup.VersionLoggerListener.log Architecture:          amd64
31-Aug-2026 12:27:34.601 INFO [main] org.apache.catalina.startup.VersionLoggerListener.log Java Home:             C:\Temp\Programs\JavaStack\jdk-17.0.19+10
31-Aug-2026 12:27:34.601 INFO [main] org.apache.catalina.startup.VersionLoggerListener.log JVM Version:           17.0.19+10-LTS
31-Aug-2026 12:27:34.601 INFO [main] org.apache.catalina.startup.VersionLoggerListener.log JVM Vendor:            Microsoft
31-Aug-2026 12:27:34.601 INFO [main] org.apache.catalina.startup.VersionLoggerListener.log CATALINA_BASE:         C:\Temp\Tomcat_compartido
31-Aug-2026 12:27:34.601 INFO [main] org.apache.catalina.startup.VersionLoggerListener.log CATALINA_HOME:         C:\Temp\Programs\JavaStack\apache-tomcat-9.0.89
31-Aug-2026 12:27:34.612 INFO [main] org.apache.catalina.startup.VersionLoggerListener.log Command line argument: -Djava.util.logging.config.file=C:\Temp\Tomcat_compartido/conf/logging.properties
31-Aug-2026 12:27:34.612 INFO [main] org.apache.catalina.startup.VersionLoggerListener.log Command line argument: -Djava.util.logging.manager=org.apache.juli.ClassLoaderLogManager
31-Aug-2026 12:27:34.612 INFO [main] org.apache.catalina.startup.VersionLoggerListener.log Command line argument: -Djdk.tls.ephemeralDHKeySize=2048
31-Aug-2026 12:27:34.613 INFO [main] org.apache.catalina.startup.VersionLoggerListener.log Command line argument: -Djava.protocol.handler.pkgs=org.apache.catalina.webresources
31-Aug-2026 12:27:34.613 INFO [main] org.apache.catalina.startup.VersionLoggerListener.log Command line argument: -Dorg.apache.catalina.security.SecurityListener.UMASK=0027
31-Aug-2026 12:27:34.613 INFO [main] org.apache.catalina.startup.VersionLoggerListener.log Command line argument: -Dcatalina.base=C:\Temp\Tomcat_compartido
31-Aug-2026 12:27:34.613 INFO [main] org.apache.catalina.startup.VersionLoggerListener.log Command line argument: -Dcatalina.home=C:\Temp\Programs\JavaStack\apache-tomcat-9.0.89
31-Aug-2026 12:27:34.613 INFO [main] org.apache.catalina.startup.VersionLoggerListener.log Command line argument: -Djava.io.tmpdir=C:\Temp\Tomcat_compartido/temp
31-Aug-2026 12:27:34.619 INFO [main] org.apache.catalina.core.AprLifecycleListener.lifecycleEvent The Apache Tomcat Native library which allows using OpenSSL was not found on the java.library.path: [C:\Temp\Programs\JavaStack\jdk-17.0.19+10\bin;C:\WINDOWS\Sun\Java\bin;C:\WINDOWS\system32;C:\WINDOWS;C:\WINDOWS\system32;C:\WINDOWS;C:\WINDOWS\System32\Wbem;C:\WINDOWS\System32\WindowsPowerShell\v1.0\;C:\WINDOWS\System32\OpenSSH\;C:\Program Files\dotnet\;C:\Users\Aldoa\Desktop\Infor\bin;C:\Program Files\Microsoft SQL Server Migration Assistant for Access\bin\;C:\Users\Aldoa\OneDrive\Desktop\;C:\Program Files\Git\cmd;C:\Program Files\nodejs\;C:\Users\Aldoa\AppData\Local\Microsoft\WindowsApps;C:\Users\Aldoa\AppData\Local\Programs\Microsoft VS Code\bin;C:\Users\Aldoa\AppData\Local\Programs\cursor\resources\app\bin;C:\Users\Aldoa\AppData\Roaming\npm;C:\Temp\Programs\JavaStack\jdk-17.0.19+10\bin;C:\Temp\Programs\JavaStack\apache-maven-3.9.16\bin;C:\Users\Aldoa\AppData\Local\Python\bin;.]
31-Aug-2026 12:27:34.855 INFO [main] org.apache.coyote.AbstractProtocol.init Initializing ProtocolHandler ["http-nio-8082"]
31-Aug-2026 12:27:34.880 INFO [main] org.apache.catalina.startup.Catalina.load Server initialization in [437] milliseconds
31-Aug-2026 12:27:34.929 INFO [main] org.apache.catalina.core.StandardService.startInternal Starting service [Catalina]
31-Aug-2026 12:27:34.930 INFO [main] org.apache.catalina.core.StandardEngine.startInternal Starting Servlet engine: [Apache Tomcat/9.0.89]
31-Aug-2026 12:27:34.941 INFO [main] org.apache.catalina.startup.HostConfig.deployDirectory Deploying web application directory [C:\Temp\Tomcat_compartido\webapps\aerrigochan]
31-Aug-2026 12:27:35.465 INFO [main] org.apache.jasper.servlet.TldScanner.scanJars At least one JAR was scanned for TLDs yet contained no TLDs. Enable debug logging for this logger for a complete list of JARs that were scanned but no TLDs were found in them. Skipping unneeded JARs during scanning can improve startup time and JSP compilation time.
31-Aug-2026 12:27:35.538 INFO [main] org.apache.catalina.startup.HostConfig.deployDirectory Deployment of web application directory [C:\Temp\Tomcat_compartido\webapps\aerrigochan] has finished in [597] ms
31-Aug-2026 12:27:35.539 INFO [main] org.apache.catalina.startup.HostConfig.deployDirectory Deploying web application directory [C:\Temp\Tomcat_compartido\webapps\ERP 2%%%]
31-Aug-2026 12:27:35.833 INFO [main] org.apache.jasper.servlet.TldScanner.scanJars At least one JAR was scanned for TLDs yet contained no TLDs. Enable debug logging for this logger for a complete list of JARs that were scanned but no TLDs were found in them. Skipping unneeded JARs during scanning can improve startup time and JSP compilation time.
31-Aug-2026 12:27:35.837 INFO [main] org.apache.catalina.startup.HostConfig.deployDirectory Deployment of web application directory [C:\Temp\Tomcat_compartido\webapps\ERP 2%%%] has finished in [299] ms
31-Aug-2026 12:27:35.837 INFO [main] org.apache.catalina.startup.HostConfig.deployDirectory Deploying web application directory [C:\Temp\Tomcat_compartido\webapps\host-manager]
31-Aug-2026 12:27:36.118 INFO [main] org.apache.jasper.servlet.TldScanner.scanJars At least one JAR was scanned for TLDs yet contained no TLDs. Enable debug logging for this logger for a complete list of JARs that were scanned but no TLDs were found in them. Skipping unneeded JARs during scanning can improve startup time and JSP compilation time.
31-Aug-2026 12:27:36.130 INFO [main] org.apache.catalina.startup.HostConfig.deployDirectory Deployment of web application directory [C:\Temp\Tomcat_compartido\webapps\host-manager] has finished in [292] ms
31-Aug-2026 12:27:36.130 INFO [main] org.apache.catalina.startup.HostConfig.deployDirectory Deploying web application directory [C:\Temp\Tomcat_compartido\webapps\manager]
31-Aug-2026 12:27:36.387 INFO [main] org.apache.jasper.servlet.TldScanner.scanJars At least one JAR was scanned for TLDs yet contained no TLDs. Enable debug logging for this logger for a complete list of JARs that were scanned but no TLDs were found in them. Skipping unneeded JARs during scanning can improve startup time and JSP compilation time.
31-Aug-2026 12:27:36.392 INFO [main] org.apache.catalina.startup.HostConfig.deployDirectory Deployment of web application directory [C:\Temp\Tomcat_compartido\webapps\manager] has finished in [261] ms
31-Aug-2026 12:27:36.392 INFO [main] org.apache.catalina.startup.HostConfig.deployDirectory Deploying web application directory [C:\Temp\Tomcat_compartido\webapps\notasReceptor]
31-Aug-2026 12:27:36.654 INFO [main] org.apache.jasper.servlet.TldScanner.scanJars At least one JAR was scanned for TLDs yet contained no TLDs. Enable debug logging for this logger for a complete list of JARs that were scanned but no TLDs were found in them. Skipping unneeded JARs during scanning can improve startup time and JSP compilation time.
31-Aug-2026 12:27:36.657 INFO [main] org.apache.catalina.startup.HostConfig.deployDirectory Deployment of web application directory [C:\Temp\Tomcat_compartido\webapps\notasReceptor] has finished in [265] ms
31-Aug-2026 12:27:36.658 INFO [main] org.apache.catalina.startup.HostConfig.deployDirectory Deploying web application directory [C:\Temp\Tomcat_compartido\webapps\pchanis]
31-Aug-2026 12:27:36.957 INFO [main] org.apache.jasper.servlet.TldScanner.scanJars At least one JAR was scanned for TLDs yet contained no TLDs. Enable debug logging for this logger for a complete list of JARs that were scanned but no TLDs were found in them. Skipping unneeded JARs during scanning can improve startup time and JSP compilation time.
31-Aug-2026 12:27:36.960 INFO [main] org.apache.catalina.startup.HostConfig.deployDirectory Deployment of web application directory [C:\Temp\Tomcat_compartido\webapps\pchanis] has finished in [302] ms
31-Aug-2026 12:27:36.960 INFO [main] org.apache.catalina.startup.HostConfig.deployDirectory Deploying web application directory [C:\Temp\Tomcat_compartido\webapps\ROOT]
31-Aug-2026 12:27:37.199 INFO [main] org.apache.jasper.servlet.TldScanner.scanJars At least one JAR was scanned for TLDs yet contained no TLDs. Enable debug logging for this logger for a complete list of JARs that were scanned but no TLDs were found in them. Skipping unneeded JARs during scanning can improve startup time and JSP compilation time.
31-Aug-2026 12:27:37.203 INFO [main] org.apache.catalina.startup.HostConfig.deployDirectory Deployment of web application directory [C:\Temp\Tomcat_compartido\webapps\ROOT] has finished in [242] ms
31-Aug-2026 12:27:37.203 INFO [main] org.apache.catalina.startup.HostConfig.deployDirectory Deploying web application directory [C:\Temp\Tomcat_compartido\webapps\Test1]
31-Aug-2026 12:27:37.404 INFO [main] org.apache.jasper.servlet.TldScanner.scanJars At least one JAR was scanned for TLDs yet contained no TLDs. Enable debug logging for this logger for a complete list of JARs that were scanned but no TLDs were found in them. Skipping unneeded JARs during scanning can improve startup time and JSP compilation time.
31-Aug-2026 12:27:37.407 INFO [main] org.apache.catalina.startup.HostConfig.deployDirectory Deployment of web application directory [C:\Temp\Tomcat_compartido\webapps\Test1] has finished in [204] ms
31-Aug-2026 12:27:37.410 INFO [main] org.apache.coyote.AbstractProtocol.start Starting ProtocolHandler ["http-nio-8082"]
31-Aug-2026 12:27:37.450 INFO [main] org.apache.catalina.startup.Catalina.start Server startup in [2569] milliseconds
31-Aug-2026 12:30:58.102 INFO [main] org.apache.catalina.startup.VersionLoggerListener.log Server version name:   Apache Tomcat/9.0.89
31-Aug-2026 12:30:58.105 INFO [main] org.apache.catalina.startup.VersionLoggerListener.log Server built:          May 3 2024 20:22:11 UTC
31-Aug-2026 12:30:58.105 INFO [main] org.apache.catalina.startup.VersionLoggerListener.log Server version number: 9.0.89.0
31-Aug-2026 12:30:58.105 INFO [main] org.apache.catalina.startup.VersionLoggerListener.log OS Name:               Windows 11
31-Aug-2026 12:30:58.105 INFO [main] org.apache.catalina.startup.VersionLoggerListener.log OS Version:            10.0
31-Aug-2026 12:30:58.105 INFO [main] org.apache.catalina.startup.VersionLoggerListener.log Architecture:          amd64
31-Aug-2026 12:30:58.105 INFO [main] org.apache.catalina.startup.VersionLoggerListener.log Java Home:             C:\Temp\Programs\JavaStack\jdk-17.0.19+10
31-Aug-2026 12:30:58.105 INFO [main] org.apache.catalina.startup.VersionLoggerListener.log JVM Version:           17.0.19+10-LTS
31-Aug-2026 12:30:58.105 INFO [main] org.apache.catalina.startup.VersionLoggerListener.log JVM Vendor:            Microsoft
31-Aug-2026 12:30:58.105 INFO [main] org.apache.catalina.startup.VersionLoggerListener.log CATALINA_BASE:         C:\Temp\Tomcat_compartido
31-Aug-2026 12:30:58.105 INFO [main] org.apache.catalina.startup.VersionLoggerListener.log CATALINA_HOME:         C:\Temp\Programs\JavaStack\apache-tomcat-9.0.89
31-Aug-2026 12:30:58.116 INFO [main] org.apache.catalina.startup.VersionLoggerListener.log Command line argument: -Djava.util.logging.config.file=C:\Temp\Tomcat_compartido/conf/logging.properties
31-Aug-2026 12:30:58.117 INFO [main] org.apache.catalina.startup.VersionLoggerListener.log Command line argument: -Djava.util.logging.manager=org.apache.juli.ClassLoaderLogManager
31-Aug-2026 12:30:58.117 INFO [main] org.apache.catalina.startup.VersionLoggerListener.log Command line argument: -Djdk.tls.ephemeralDHKeySize=2048
31-Aug-2026 12:30:58.117 INFO [main] org.apache.catalina.startup.VersionLoggerListener.log Command line argument: -Djava.protocol.handler.pkgs=org.apache.catalina.webresources
31-Aug-2026 12:30:58.117 INFO [main] org.apache.catalina.startup.VersionLoggerListener.log Command line argument: -Dorg.apache.catalina.security.SecurityListener.UMASK=0027
31-Aug-2026 12:30:58.117 INFO [main] org.apache.catalina.startup.VersionLoggerListener.log Command line argument: -Dcatalina.base=C:\Temp\Tomcat_compartido
31-Aug-2026 12:30:58.117 INFO [main] org.apache.catalina.startup.VersionLoggerListener.log Command line argument: -Dcatalina.home=C:\Temp\Programs\JavaStack\apache-tomcat-9.0.89
31-Aug-2026 12:30:58.117 INFO [main] org.apache.catalina.startup.VersionLoggerListener.log Command line argument: -Djava.io.tmpdir=C:\Temp\Tomcat_compartido/temp
31-Aug-2026 12:30:58.122 INFO [main] org.apache.catalina.core.AprLifecycleListener.lifecycleEvent The Apache Tomcat Native library which allows using OpenSSL was not found on the java.library.path: [C:\Temp\Programs\JavaStack\jdk-17.0.19+10\bin;C:\WINDOWS\Sun\Java\bin;C:\WINDOWS\system32;C:\WINDOWS;C:\WINDOWS\system32;C:\WINDOWS;C:\WINDOWS\System32\Wbem;C:\WINDOWS\System32\WindowsPowerShell\v1.0\;C:\WINDOWS\System32\OpenSSH\;C:\Program Files\dotnet\;C:\Users\Aldoa\Desktop\Infor\bin;C:\Program Files\Microsoft SQL Server Migration Assistant for Access\bin\;C:\Users\Aldoa\OneDrive\Desktop\;C:\Program Files\Git\cmd;C:\Program Files\nodejs\;C:\Users\Aldoa\AppData\Local\Microsoft\WindowsApps;C:\Users\Aldoa\AppData\Local\Programs\Microsoft VS Code\bin;C:\Users\Aldoa\AppData\Local\Programs\cursor\resources\app\bin;C:\Users\Aldoa\AppData\Roaming\npm;C:\Temp\Programs\JavaStack\jdk-17.0.19+10\bin;C:\Temp\Programs\JavaStack\apache-maven-3.9.16\bin;C:\Users\Aldoa\AppData\Local\Python\bin;.]
31-Aug-2026 12:30:58.353 INFO [main] org.apache.coyote.AbstractProtocol.init Initializing ProtocolHandler ["http-nio-8082"]
31-Aug-2026 12:30:58.383 INFO [main] org.apache.catalina.startup.Catalina.load Server initialization in [418] milliseconds
31-Aug-2026 12:30:58.425 INFO [main] org.apache.catalina.core.StandardService.startInternal Starting service [Catalina]
31-Aug-2026 12:30:58.425 INFO [main] org.apache.catalina.core.StandardEngine.startInternal Starting Servlet engine: [Apache Tomcat/9.0.89]
31-Aug-2026 12:30:58.433 INFO [main] org.apache.catalina.startup.HostConfig.deployDirectory Deploying web application directory [C:\Temp\Tomcat_compartido\webapps\aerrigochan]
31-Aug-2026 12:30:58.948 INFO [main] org.apache.jasper.servlet.TldScanner.scanJars At least one JAR was scanned for TLDs yet contained no TLDs. Enable debug logging for this logger for a complete list of JARs that were scanned but no TLDs were found in them. Skipping unneeded JARs during scanning can improve startup time and JSP compilation time.
31-Aug-2026 12:30:59.020 INFO [main] org.apache.catalina.startup.HostConfig.deployDirectory Deployment of web application directory [C:\Temp\Tomcat_compartido\webapps\aerrigochan] has finished in [580] ms
31-Aug-2026 12:30:59.020 INFO [main] org.apache.catalina.startup.HostConfig.deployDirectory Deploying web application directory [C:\Temp\Tomcat_compartido\webapps\ERP 2%%%]
31-Aug-2026 12:30:59.328 INFO [main] org.apache.jasper.servlet.TldScanner.scanJars At least one JAR was scanned for TLDs yet contained no TLDs. Enable debug logging for this logger for a complete list of JARs that were scanned but no TLDs were found in them. Skipping unneeded JARs during scanning can improve startup time and JSP compilation time.
31-Aug-2026 12:30:59.332 INFO [main] org.apache.catalina.startup.HostConfig.deployDirectory Deployment of web application directory [C:\Temp\Tomcat_compartido\webapps\ERP 2%%%] has finished in [312] ms
31-Aug-2026 12:30:59.333 INFO [main] org.apache.catalina.startup.HostConfig.deployDirectory Deploying web application directory [C:\Temp\Tomcat_compartido\webapps\host-manager]
31-Aug-2026 12:30:59.603 INFO [main] org.apache.jasper.servlet.TldScanner.scanJars At least one JAR was scanned for TLDs yet contained no TLDs. Enable debug logging for this logger for a complete list of JARs that were scanned but no TLDs were found in them. Skipping unneeded JARs during scanning can improve startup time and JSP compilation time.
31-Aug-2026 12:30:59.615 INFO [main] org.apache.catalina.startup.HostConfig.deployDirectory Deployment of web application directory [C:\Temp\Tomcat_compartido\webapps\host-manager] has finished in [281] ms
31-Aug-2026 12:30:59.615 INFO [main] org.apache.catalina.startup.HostConfig.deployDirectory Deploying web application directory [C:\Temp\Tomcat_compartido\webapps\manager]
31-Aug-2026 12:30:59.916 INFO [main] org.apache.jasper.servlet.TldScanner.scanJars At least one JAR was scanned for TLDs yet contained no TLDs. Enable debug logging for this logger for a complete list of JARs that were scanned but no TLDs were found in them. Skipping unneeded JARs during scanning can improve startup time and JSP compilation time.
31-Aug-2026 12:30:59.921 INFO [main] org.apache.catalina.startup.HostConfig.deployDirectory Deployment of web application directory [C:\Temp\Tomcat_compartido\webapps\manager] has finished in [306] ms
31-Aug-2026 12:30:59.921 INFO [main] org.apache.catalina.startup.HostConfig.deployDirectory Deploying web application directory [C:\Temp\Tomcat_compartido\webapps\notasReceptor]
31-Aug-2026 12:31:00.171 INFO [main] org.apache.jasper.servlet.TldScanner.scanJars At least one JAR was scanned for TLDs yet contained no TLDs. Enable debug logging for this logger for a complete list of JARs that were scanned but no TLDs were found in them. Skipping unneeded JARs during scanning can improve startup time and JSP compilation time.
31-Aug-2026 12:31:00.174 INFO [main] org.apache.catalina.startup.HostConfig.deployDirectory Deployment of web application directory [C:\Temp\Tomcat_compartido\webapps\notasReceptor] has finished in [253] ms
31-Aug-2026 12:31:00.174 INFO [main] org.apache.catalina.startup.HostConfig.deployDirectory Deploying web application directory [C:\Temp\Tomcat_compartido\webapps\pchanis]
31-Aug-2026 12:31:00.399 INFO [main] org.apache.jasper.servlet.TldScanner.scanJars At least one JAR was scanned for TLDs yet contained no TLDs. Enable debug logging for this logger for a complete list of JARs that were scanned but no TLDs were found in them. Skipping unneeded JARs during scanning can improve startup time and JSP compilation time.
31-Aug-2026 12:31:00.415 INFO [main] org.apache.catalina.startup.HostConfig.deployDirectory Deployment of web application directory [C:\Temp\Tomcat_compartido\webapps\pchanis] has finished in [241] ms
31-Aug-2026 12:31:00.415 INFO [main] org.apache.catalina.startup.HostConfig.deployDirectory Deploying web application directory [C:\Temp\Tomcat_compartido\webapps\ROOT]
31-Aug-2026 12:31:00.632 INFO [main] org.apache.jasper.servlet.TldScanner.scanJars At least one JAR was scanned for TLDs yet contained no TLDs. Enable debug logging for this logger for a complete list of JARs that were scanned but no TLDs were found in them. Skipping unneeded JARs during scanning can improve startup time and JSP compilation time.
31-Aug-2026 12:31:00.632 INFO [main] org.apache.catalina.startup.HostConfig.deployDirectory Deployment of web application directory [C:\Temp\Tomcat_compartido\webapps\ROOT] has finished in [217] ms
31-Aug-2026 12:31:00.647 INFO [main] org.apache.catalina.startup.HostConfig.deployDirectory Deploying web application directory [C:\Temp\Tomcat_compartido\webapps\Test1]
31-Aug-2026 12:31:00.858 INFO [main] org.apache.jasper.servlet.TldScanner.scanJars At least one JAR was scanned for TLDs yet contained no TLDs. Enable debug logging for this logger for a complete list of JARs that were scanned but no TLDs were found in them. Skipping unneeded JARs during scanning can improve startup time and JSP compilation time.
31-Aug-2026 12:31:00.862 INFO [main] org.apache.catalina.startup.HostConfig.deployDirectory Deployment of web application directory [C:\Temp\Tomcat_compartido\webapps\Test1] has finished in [214] ms
31-Aug-2026 12:31:00.865 INFO [main] org.apache.coyote.AbstractProtocol.start Starting ProtocolHandler ["http-nio-8082"]
31-Aug-2026 12:31:00.908 INFO [main] org.apache.catalina.startup.Catalina.start Server startup in [2525] milliseconds
31-Aug-2026 12:44:34.997 INFO [main] org.apache.catalina.startup.VersionLoggerListener.log Server version name:   Apache Tomcat/9.0.89
31-Aug-2026 12:44:35.000 INFO [main] org.apache.catalina.startup.VersionLoggerListener.log Server built:          May 3 2024 20:22:11 UTC
31-Aug-2026 12:44:35.000 INFO [main] org.apache.catalina.startup.VersionLoggerListener.log Server version number: 9.0.89.0
31-Aug-2026 12:44:35.000 INFO [main] org.apache.catalina.startup.VersionLoggerListener.log OS Name:               Windows 11
31-Aug-2026 12:44:35.000 INFO [main] org.apache.catalina.startup.VersionLoggerListener.log OS Version:            10.0
31-Aug-2026 12:44:35.000 INFO [main] org.apache.catalina.startup.VersionLoggerListener.log Architecture:          amd64
31-Aug-2026 12:44:35.000 INFO [main] org.apache.catalina.startup.VersionLoggerListener.log Java Home:             C:\Temp\Programs\JavaStack\jdk-17.0.19+10
31-Aug-2026 12:44:35.000 INFO [main] org.apache.catalina.startup.VersionLoggerListener.log JVM Version:           17.0.19+10-LTS
31-Aug-2026 12:44:35.000 INFO [main] org.apache.catalina.startup.VersionLoggerListener.log JVM Vendor:            Microsoft
31-Aug-2026 12:44:35.000 INFO [main] org.apache.catalina.startup.VersionLoggerListener.log CATALINA_BASE:         C:\Temp\Tomcat_compartido
31-Aug-2026 12:44:35.000 INFO [main] org.apache.catalina.startup.VersionLoggerListener.log CATALINA_HOME:         C:\Temp\Programs\JavaStack\apache-tomcat-9.0.89
31-Aug-2026 12:44:35.010 INFO [main] org.apache.catalina.startup.VersionLoggerListener.log Command line argument: -Djava.util.logging.config.file=C:\Temp\Tomcat_compartido/conf/logging.properties
31-Aug-2026 12:44:35.010 INFO [main] org.apache.catalina.startup.VersionLoggerListener.log Command line argument: -Djava.util.logging.manager=org.apache.juli.ClassLoaderLogManager
31-Aug-2026 12:44:35.010 INFO [main] org.apache.catalina.startup.VersionLoggerListener.log Command line argument: -Djdk.tls.ephemeralDHKeySize=2048
31-Aug-2026 12:44:35.010 INFO [main] org.apache.catalina.startup.VersionLoggerListener.log Command line argument: -Djava.protocol.handler.pkgs=org.apache.catalina.webresources
31-Aug-2026 12:44:35.010 INFO [main] org.apache.catalina.startup.VersionLoggerListener.log Command line argument: -Dorg.apache.catalina.security.SecurityListener.UMASK=0027
31-Aug-2026 12:44:35.010 INFO [main] org.apache.catalina.startup.VersionLoggerListener.log Command line argument: -Dcatalina.base=C:\Temp\Tomcat_compartido
31-Aug-2026 12:44:35.010 INFO [main] org.apache.catalina.startup.VersionLoggerListener.log Command line argument: -Dcatalina.home=C:\Temp\Programs\JavaStack\apache-tomcat-9.0.89
31-Aug-2026 12:44:35.011 INFO [main] org.apache.catalina.startup.VersionLoggerListener.log Command line argument: -Djava.io.tmpdir=C:\Temp\Tomcat_compartido/temp
31-Aug-2026 12:44:35.016 INFO [main] org.apache.catalina.core.AprLifecycleListener.lifecycleEvent The Apache Tomcat Native library which allows using OpenSSL was not found on the java.library.path: [C:\Temp\Programs\JavaStack\jdk-17.0.19+10\bin;C:\WINDOWS\Sun\Java\bin;C:\WINDOWS\system32;C:\WINDOWS;C:\WINDOWS\system32;C:\WINDOWS;C:\WINDOWS\System32\Wbem;C:\WINDOWS\System32\WindowsPowerShell\v1.0\;C:\WINDOWS\System32\OpenSSH\;C:\Program Files\dotnet\;C:\Users\Aldoa\Desktop\Infor\bin;C:\Program Files\Microsoft SQL Server Migration Assistant for Access\bin\;C:\Users\Aldoa\OneDrive\Desktop\;C:\Program Files\Git\cmd;C:\Program Files\nodejs\;C:\Users\Aldoa\AppData\Local\Microsoft\WindowsApps;C:\Users\Aldoa\AppData\Local\Programs\Microsoft VS Code\bin;C:\Users\Aldoa\AppData\Local\Programs\cursor\resources\app\bin;C:\Users\Aldoa\AppData\Roaming\npm;C:\Temp\Programs\JavaStack\jdk-17.0.19+10\bin;C:\Temp\Programs\JavaStack\apache-maven-3.9.16\bin;C:\Users\Aldoa\AppData\Local\Python\bin;.]
31-Aug-2026 12:44:35.327 INFO [main] org.apache.coyote.AbstractProtocol.init Initializing ProtocolHandler ["http-nio-8082"]
31-Aug-2026 12:44:35.359 INFO [main] org.apache.catalina.startup.Catalina.load Server initialization in [530] milliseconds
31-Aug-2026 12:44:35.413 INFO [main] org.apache.catalina.core.StandardService.startInternal Starting service [Catalina]
31-Aug-2026 12:44:35.413 INFO [main] org.apache.catalina.core.StandardEngine.startInternal Starting Servlet engine: [Apache Tomcat/9.0.89]
31-Aug-2026 12:44:35.422 INFO [main] org.apache.catalina.startup.HostConfig.deployDirectory Deploying web application directory [C:\Temp\Tomcat_compartido\webapps\aerrigochan]
31-Aug-2026 12:44:35.958 INFO [main] org.apache.jasper.servlet.TldScanner.scanJars At least one JAR was scanned for TLDs yet contained no TLDs. Enable debug logging for this logger for a complete list of JARs that were scanned but no TLDs were found in them. Skipping unneeded JARs during scanning can improve startup time and JSP compilation time.
31-Aug-2026 12:44:36.040 INFO [main] org.apache.catalina.startup.HostConfig.deployDirectory Deployment of web application directory [C:\Temp\Tomcat_compartido\webapps\aerrigochan] has finished in [618] ms
31-Aug-2026 12:44:36.040 INFO [main] org.apache.catalina.startup.HostConfig.deployDirectory Deploying web application directory [C:\Temp\Tomcat_compartido\webapps\ERP 2%%%]
31-Aug-2026 12:44:36.352 INFO [main] org.apache.jasper.servlet.TldScanner.scanJars At least one JAR was scanned for TLDs yet contained no TLDs. Enable debug logging for this logger for a complete list of JARs that were scanned but no TLDs were found in them. Skipping unneeded JARs during scanning can improve startup time and JSP compilation time.
31-Aug-2026 12:44:36.357 INFO [main] org.apache.catalina.startup.HostConfig.deployDirectory Deployment of web application directory [C:\Temp\Tomcat_compartido\webapps\ERP 2%%%] has finished in [317] ms
31-Aug-2026 12:44:36.357 INFO [main] org.apache.catalina.startup.HostConfig.deployDirectory Deploying web application directory [C:\Temp\Tomcat_compartido\webapps\host-manager]
31-Aug-2026 12:44:36.647 INFO [main] org.apache.jasper.servlet.TldScanner.scanJars At least one JAR was scanned for TLDs yet contained no TLDs. Enable debug logging for this logger for a complete list of JARs that were scanned but no TLDs were found in them. Skipping unneeded JARs during scanning can improve startup time and JSP compilation time.
31-Aug-2026 12:44:36.659 INFO [main] org.apache.catalina.startup.HostConfig.deployDirectory Deployment of web application directory [C:\Temp\Tomcat_compartido\webapps\host-manager] has finished in [302] ms
31-Aug-2026 12:44:36.659 INFO [main] org.apache.catalina.startup.HostConfig.deployDirectory Deploying web application directory [C:\Temp\Tomcat_compartido\webapps\manager]
31-Aug-2026 12:44:36.892 INFO [main] org.apache.jasper.servlet.TldScanner.scanJars At least one JAR was scanned for TLDs yet contained no TLDs. Enable debug logging for this logger for a complete list of JARs that were scanned but no TLDs were found in them. Skipping unneeded JARs during scanning can improve startup time and JSP compilation time.
31-Aug-2026 12:44:36.896 INFO [main] org.apache.catalina.startup.HostConfig.deployDirectory Deployment of web application directory [C:\Temp\Tomcat_compartido\webapps\manager] has finished in [236] ms
31-Aug-2026 12:44:36.896 INFO [main] org.apache.catalina.startup.HostConfig.deployDirectory Deploying web application directory [C:\Temp\Tomcat_compartido\webapps\notasReceptor]
31-Aug-2026 12:44:37.128 INFO [main] org.apache.jasper.servlet.TldScanner.scanJars At least one JAR was scanned for TLDs yet contained no TLDs. Enable debug logging for this logger for a complete list of JARs that were scanned but no TLDs were found in them. Skipping unneeded JARs during scanning can improve startup time and JSP compilation time.
31-Aug-2026 12:44:37.134 INFO [main] org.apache.catalina.startup.HostConfig.deployDirectory Deployment of web application directory [C:\Temp\Tomcat_compartido\webapps\notasReceptor] has finished in [238] ms
31-Aug-2026 12:44:37.135 INFO [main] org.apache.catalina.startup.HostConfig.deployDirectory Deploying web application directory [C:\Temp\Tomcat_compartido\webapps\pedrito]
31-Aug-2026 12:44:37.378 INFO [main] org.apache.jasper.servlet.TldScanner.scanJars At least one JAR was scanned for TLDs yet contained no TLDs. Enable debug logging for this logger for a complete list of JARs that were scanned but no TLDs were found in them. Skipping unneeded JARs during scanning can improve startup time and JSP compilation time.
31-Aug-2026 12:44:37.388 INFO [main] org.apache.catalina.startup.HostConfig.deployDirectory Deployment of web application directory [C:\Temp\Tomcat_compartido\webapps\pedrito] has finished in [253] ms
31-Aug-2026 12:44:37.388 INFO [main] org.apache.catalina.startup.HostConfig.deployDirectory Deploying web application directory [C:\Temp\Tomcat_compartido\webapps\ROOT]
31-Aug-2026 12:44:37.596 INFO [main] org.apache.jasper.servlet.TldScanner.scanJars At least one JAR was scanned for TLDs yet contained no TLDs. Enable debug logging for this logger for a complete list of JARs that were scanned but no TLDs were found in them. Skipping unneeded JARs during scanning can improve startup time and JSP compilation time.
31-Aug-2026 12:44:37.596 INFO [main] org.apache.catalina.startup.HostConfig.deployDirectory Deployment of web application directory [C:\Temp\Tomcat_compartido\webapps\ROOT] has finished in [208] ms
31-Aug-2026 12:44:37.610 INFO [main] org.apache.catalina.startup.HostConfig.deployDirectory Deploying web application directory [C:\Temp\Tomcat_compartido\webapps\Test1]
31-Aug-2026 12:44:37.813 INFO [main] org.apache.jasper.servlet.TldScanner.scanJars At least one JAR was scanned for TLDs yet contained no TLDs. Enable debug logging for this logger for a complete list of JARs that were scanned but no TLDs were found in them. Skipping unneeded JARs during scanning can improve startup time and JSP compilation time.
31-Aug-2026 12:44:37.832 INFO [main] org.apache.catalina.startup.HostConfig.deployDirectory Deployment of web application directory [C:\Temp\Tomcat_compartido\webapps\Test1] has finished in [222] ms
31-Aug-2026 12:44:37.835 INFO [main] org.apache.coyote.AbstractProtocol.start Starting ProtocolHandler ["http-nio-8082"]
31-Aug-2026 12:44:37.878 INFO [main] org.apache.catalina.startup.Catalina.start Server startup in [2518] milliseconds
31-Aug-2026 12:45:28.403 INFO [Catalina-utility-2] org.apache.catalina.startup.HostConfig.undeploy Undeploying context [/aerrigochan]
31-Aug-2026 12:45:28.475 WARNING [Catalina-utility-2] org.apache.catalina.loader.WebappClassLoaderBase.clearReferencesObjectStreamClassCaches When running on Java 9 or later you need to add "--add-opens=java.base/java.io=ALL-UNNAMED" to the JVM command line arguments to enable ObjectStream cache memory leak protection. Alternatively, you can suppress this warning by disabling ObjectStream class cache memory leak protection.
31-Aug-2026 12:45:28.475 WARNING [Catalina-utility-2] org.apache.catalina.loader.WebappClassLoaderBase.checkThreadLocalsForLeaks When running on Java 9 or later you need to add "--add-opens=java.base/java.lang=ALL-UNNAMED" to the JVM command line arguments to enable ThreadLocal memory leak detection. Alternatively, you can suppress this warning by disabling ThreadLocal memory leak detection.
31-Aug-2026 12:45:28.476 WARNING [Catalina-utility-2] org.apache.catalina.loader.WebappClassLoaderBase.clearReferencesRmiTargets When running on Java 9 or later you need to add "--add-opens=java.rmi/sun.rmi.transport=ALL-UNNAMED" to the JVM command line arguments to enable RMI Target memory leak detection. Alternatively, you can suppress this warning by disabling RMI Target memory leak detection.
31-Aug-2026 12:45:28.496 INFO [Catalina-utility-2] org.apache.catalina.startup.HostConfig.deployDirectory Deploying web application directory [C:\Temp\Tomcat_compartido\webapps\alberto]
31-Aug-2026 12:45:28.931 INFO [Catalina-utility-2] org.apache.jasper.servlet.TldScanner.scanJars At least one JAR was scanned for TLDs yet contained no TLDs. Enable debug logging for this logger for a complete list of JARs that were scanned but no TLDs were found in them. Skipping unneeded JARs during scanning can improve startup time and JSP compilation time.
31-Aug-2026 12:45:28.936 INFO [Catalina-utility-2] org.apache.catalina.startup.HostConfig.deployDirectory Deployment of web application directory [C:\Temp\Tomcat_compartido\webapps\alberto] has finished in [440] ms
31-Aug-2026 12:45:59.482 INFO [Catalina-utility-2] org.apache.catalina.startup.HostConfig.undeploy Undeploying context [/alberto]
31-Aug-2026 12:45:59.484 WARNING [Catalina-utility-2] org.apache.catalina.loader.WebappClassLoaderBase.clearReferencesObjectStreamClassCaches When running on Java 9 or later you need to add "--add-opens=java.base/java.io=ALL-UNNAMED" to the JVM command line arguments to enable ObjectStream cache memory leak protection. Alternatively, you can suppress this warning by disabling ObjectStream class cache memory leak protection.
31-Aug-2026 12:45:59.484 WARNING [Catalina-utility-2] org.apache.catalina.loader.WebappClassLoaderBase.checkThreadLocalsForLeaks When running on Java 9 or later you need to add "--add-opens=java.base/java.lang=ALL-UNNAMED" to the JVM command line arguments to enable ThreadLocal memory leak detection. Alternatively, you can suppress this warning by disabling ThreadLocal memory leak detection.
31-Aug-2026 12:45:59.484 WARNING [Catalina-utility-2] org.apache.catalina.loader.WebappClassLoaderBase.clearReferencesRmiTargets When running on Java 9 or later you need to add "--add-opens=java.rmi/sun.rmi.transport=ALL-UNNAMED" to the JVM command line arguments to enable RMI Target memory leak detection. Alternatively, you can suppress this warning by disabling RMI Target memory leak detection.
31-Aug-2026 12:45:59.493 INFO [Catalina-utility-2] org.apache.catalina.startup.HostConfig.deployDirectory Deploying web application directory [C:\Temp\Tomcat_compartido\webapps\aerrigochan]
31-Aug-2026 12:45:59.794 INFO [Catalina-utility-2] org.apache.jasper.servlet.TldScanner.scanJars At least one JAR was scanned for TLDs yet contained no TLDs. Enable debug logging for this logger for a complete list of JARs that were scanned but no TLDs were found in them. Skipping unneeded JARs during scanning can improve startup time and JSP compilation time.
31-Aug-2026 12:45:59.797 INFO [Catalina-utility-2] org.apache.catalina.startup.HostConfig.deployDirectory Deployment of web application directory [C:\Temp\Tomcat_compartido\webapps\aerrigochan] has finished in [304] ms
31-Aug-2026 12:46:10.319 INFO [Catalina-utility-1] org.apache.catalina.startup.HostConfig.undeploy Undeploying context [/pedrito]
31-Aug-2026 12:46:10.320 WARNING [Catalina-utility-1] org.apache.catalina.loader.WebappClassLoaderBase.clearReferencesObjectStreamClassCaches When running on Java 9 or later you need to add "--add-opens=java.base/java.io=ALL-UNNAMED" to the JVM command line arguments to enable ObjectStream cache memory leak protection. Alternatively, you can suppress this warning by disabling ObjectStream class cache memory leak protection.
31-Aug-2026 12:46:10.320 WARNING [Catalina-utility-1] org.apache.catalina.loader.WebappClassLoaderBase.checkThreadLocalsForLeaks When running on Java 9 or later you need to add "--add-opens=java.base/java.lang=ALL-UNNAMED" to the JVM command line arguments to enable ThreadLocal memory leak detection. Alternatively, you can suppress this warning by disabling ThreadLocal memory leak detection.
31-Aug-2026 12:46:10.320 WARNING [Catalina-utility-1] org.apache.catalina.loader.WebappClassLoaderBase.clearReferencesRmiTargets When running on Java 9 or later you need to add "--add-opens=java.rmi/sun.rmi.transport=ALL-UNNAMED" to the JVM command line arguments to enable RMI Target memory leak detection. Alternatively, you can suppress this warning by disabling RMI Target memory leak detection.
31-Aug-2026 13:01:47.443 INFO [main] org.apache.catalina.startup.VersionLoggerListener.log Server version name:   Apache Tomcat/9.0.89
31-Aug-2026 13:01:47.448 INFO [main] org.apache.catalina.startup.VersionLoggerListener.log Server built:          May 3 2024 20:22:11 UTC
31-Aug-2026 13:01:47.448 INFO [main] org.apache.catalina.startup.VersionLoggerListener.log Server version number: 9.0.89.0
31-Aug-2026 13:01:47.448 INFO [main] org.apache.catalina.startup.VersionLoggerListener.log OS Name:               Windows 11
31-Aug-2026 13:01:47.448 INFO [main] org.apache.catalina.startup.VersionLoggerListener.log OS Version:            10.0
31-Aug-2026 13:01:47.448 INFO [main] org.apache.catalina.startup.VersionLoggerListener.log Architecture:          amd64
31-Aug-2026 13:01:47.448 INFO [main] org.apache.catalina.startup.VersionLoggerListener.log Java Home:             C:\Temp\Programs\JavaStack\jdk-17.0.19+10
31-Aug-2026 13:01:47.448 INFO [main] org.apache.catalina.startup.VersionLoggerListener.log JVM Version:           17.0.19+10-LTS
31-Aug-2026 13:01:47.448 INFO [main] org.apache.catalina.startup.VersionLoggerListener.log JVM Vendor:            Microsoft
31-Aug-2026 13:01:47.448 INFO [main] org.apache.catalina.startup.VersionLoggerListener.log CATALINA_BASE:         C:\Temp\Tomcat_compartido
31-Aug-2026 13:01:47.448 INFO [main] org.apache.catalina.startup.VersionLoggerListener.log CATALINA_HOME:         C:\Temp\Programs\JavaStack\apache-tomcat-9.0.89
31-Aug-2026 13:01:47.458 INFO [main] org.apache.catalina.startup.VersionLoggerListener.log Command line argument: -Djava.util.logging.config.file=C:\Temp\Tomcat_compartido/conf/logging.properties
31-Aug-2026 13:01:47.458 INFO [main] org.apache.catalina.startup.VersionLoggerListener.log Command line argument: -Djava.util.logging.manager=org.apache.juli.ClassLoaderLogManager
31-Aug-2026 13:01:47.458 INFO [main] org.apache.catalina.startup.VersionLoggerListener.log Command line argument: -Djdk.tls.ephemeralDHKeySize=2048
31-Aug-2026 13:01:47.458 INFO [main] org.apache.catalina.startup.VersionLoggerListener.log Command line argument: -Djava.protocol.handler.pkgs=org.apache.catalina.webresources
31-Aug-2026 13:01:47.458 INFO [main] org.apache.catalina.startup.VersionLoggerListener.log Command line argument: -Dorg.apache.catalina.security.SecurityListener.UMASK=0027
31-Aug-2026 13:01:47.458 INFO [main] org.apache.catalina.startup.VersionLoggerListener.log Command line argument: -Dcatalina.base=C:\Temp\Tomcat_compartido
31-Aug-2026 13:01:47.458 INFO [main] org.apache.catalina.startup.VersionLoggerListener.log Command line argument: -Dcatalina.home=C:\Temp\Programs\JavaStack\apache-tomcat-9.0.89
31-Aug-2026 13:01:47.458 INFO [main] org.apache.catalina.startup.VersionLoggerListener.log Command line argument: -Djava.io.tmpdir=C:\Temp\Tomcat_compartido/temp
31-Aug-2026 13:01:47.468 INFO [main] org.apache.catalina.core.AprLifecycleListener.lifecycleEvent The Apache Tomcat Native library which allows using OpenSSL was not found on the java.library.path: [C:\Temp\Programs\JavaStack\jdk-17.0.19+10\bin;C:\WINDOWS\Sun\Java\bin;C:\WINDOWS\system32;C:\WINDOWS;C:\WINDOWS\system32;C:\WINDOWS;C:\WINDOWS\System32\Wbem;C:\WINDOWS\System32\WindowsPowerShell\v1.0\;C:\WINDOWS\System32\OpenSSH\;C:\Program Files\dotnet\;C:\Users\Aldoa\Desktop\Infor\bin;C:\Program Files\Microsoft SQL Server Migration Assistant for Access\bin\;C:\Users\Aldoa\OneDrive\Desktop\;C:\Program Files\Git\cmd;C:\Program Files\nodejs\;C:\Users\Aldoa\AppData\Local\Microsoft\WindowsApps;C:\Users\Aldoa\AppData\Local\Programs\Microsoft VS Code\bin;C:\Users\Aldoa\AppData\Local\Programs\cursor\resources\app\bin;C:\Users\Aldoa\AppData\Roaming\npm;C:\Temp\Programs\JavaStack\jdk-17.0.19+10\bin;C:\Temp\Programs\JavaStack\apache-maven-3.9.16\bin;C:\Users\Aldoa\AppData\Local\Python\bin;.]
31-Aug-2026 13:01:47.697 INFO [main] org.apache.coyote.AbstractProtocol.init Initializing ProtocolHandler ["http-nio-8082"]
31-Aug-2026 13:01:47.739 INFO [main] org.apache.catalina.startup.Catalina.load Server initialization in [441] milliseconds
31-Aug-2026 13:01:47.780 INFO [main] org.apache.catalina.core.StandardService.startInternal Starting service [Catalina]
31-Aug-2026 13:01:47.780 INFO [main] org.apache.catalina.core.StandardEngine.startInternal Starting Servlet engine: [Apache Tomcat/9.0.89]
31-Aug-2026 13:01:47.788 INFO [main] org.apache.catalina.startup.HostConfig.deployDirectory Deploying web application directory [C:\Temp\Tomcat_compartido\webapps\aerrigochan]
31-Aug-2026 13:01:48.333 INFO [main] org.apache.jasper.servlet.TldScanner.scanJars At least one JAR was scanned for TLDs yet contained no TLDs. Enable debug logging for this logger for a complete list of JARs that were scanned but no TLDs were found in them. Skipping unneeded JARs during scanning can improve startup time and JSP compilation time.
31-Aug-2026 13:01:48.438 INFO [main] org.apache.catalina.startup.HostConfig.deployDirectory Deployment of web application directory [C:\Temp\Tomcat_compartido\webapps\aerrigochan] has finished in [650] ms
31-Aug-2026 13:01:48.438 INFO [main] org.apache.catalina.startup.HostConfig.deployDirectory Deploying web application directory [C:\Temp\Tomcat_compartido\webapps\ERP]
31-Aug-2026 13:01:48.824 INFO [main] org.apache.jasper.servlet.TldScanner.scanJars At least one JAR was scanned for TLDs yet contained no TLDs. Enable debug logging for this logger for a complete list of JARs that were scanned but no TLDs were found in them. Skipping unneeded JARs during scanning can improve startup time and JSP compilation time.
31-Aug-2026 13:01:48.828 INFO [main] org.apache.catalina.startup.HostConfig.deployDirectory Deployment of web application directory [C:\Temp\Tomcat_compartido\webapps\ERP] has finished in [390] ms
31-Aug-2026 13:01:48.828 INFO [main] org.apache.catalina.startup.HostConfig.deployDirectory Deploying web application directory [C:\Temp\Tomcat_compartido\webapps\host-manager]
31-Aug-2026 13:01:49.121 INFO [main] org.apache.jasper.servlet.TldScanner.scanJars At least one JAR was scanned for TLDs yet contained no TLDs. Enable debug logging for this logger for a complete list of JARs that were scanned but no TLDs were found in them. Skipping unneeded JARs during scanning can improve startup time and JSP compilation time.
31-Aug-2026 13:01:49.136 INFO [main] org.apache.catalina.startup.HostConfig.deployDirectory Deployment of web application directory [C:\Temp\Tomcat_compartido\webapps\host-manager] has finished in [308] ms
31-Aug-2026 13:01:49.136 INFO [main] org.apache.catalina.startup.HostConfig.deployDirectory Deploying web application directory [C:\Temp\Tomcat_compartido\webapps\manager]
31-Aug-2026 13:01:49.418 INFO [main] org.apache.jasper.servlet.TldScanner.scanJars At least one JAR was scanned for TLDs yet contained no TLDs. Enable debug logging for this logger for a complete list of JARs that were scanned but no TLDs were found in them. Skipping unneeded JARs during scanning can improve startup time and JSP compilation time.
31-Aug-2026 13:01:49.422 INFO [main] org.apache.catalina.startup.HostConfig.deployDirectory Deployment of web application directory [C:\Temp\Tomcat_compartido\webapps\manager] has finished in [285] ms
31-Aug-2026 13:01:49.422 INFO [main] org.apache.catalina.startup.HostConfig.deployDirectory Deploying web application directory [C:\Temp\Tomcat_compartido\webapps\notasReceptor]
31-Aug-2026 13:01:49.672 INFO [main] org.apache.jasper.servlet.TldScanner.scanJars At least one JAR was scanned for TLDs yet contained no TLDs. Enable debug logging for this logger for a complete list of JARs that were scanned but no TLDs were found in them. Skipping unneeded JARs during scanning can improve startup time and JSP compilation time.
31-Aug-2026 13:01:49.672 INFO [main] org.apache.catalina.startup.HostConfig.deployDirectory Deployment of web application directory [C:\Temp\Tomcat_compartido\webapps\notasReceptor] has finished in [250] ms
31-Aug-2026 13:01:49.672 INFO [main] org.apache.catalina.startup.HostConfig.deployDirectory Deploying web application directory [C:\Temp\Tomcat_compartido\webapps\ROOT]
31-Aug-2026 13:01:49.908 INFO [main] org.apache.jasper.servlet.TldScanner.scanJars At least one JAR was scanned for TLDs yet contained no TLDs. Enable debug logging for this logger for a complete list of JARs that were scanned but no TLDs were found in them. Skipping unneeded JARs during scanning can improve startup time and JSP compilation time.
31-Aug-2026 13:01:49.910 INFO [main] org.apache.catalina.startup.HostConfig.deployDirectory Deployment of web application directory [C:\Temp\Tomcat_compartido\webapps\ROOT] has finished in [238] ms
31-Aug-2026 13:01:49.910 INFO [main] org.apache.catalina.startup.HostConfig.deployDirectory Deploying web application directory [C:\Temp\Tomcat_compartido\webapps\Test1]
31-Aug-2026 13:01:50.281 INFO [main] org.apache.jasper.servlet.TldScanner.scanJars At least one JAR was scanned for TLDs yet contained no TLDs. Enable debug logging for this logger for a complete list of JARs that were scanned but no TLDs were found in them. Skipping unneeded JARs during scanning can improve startup time and JSP compilation time.
31-Aug-2026 13:01:50.285 INFO [main] org.apache.catalina.startup.HostConfig.deployDirectory Deployment of web application directory [C:\Temp\Tomcat_compartido\webapps\Test1] has finished in [373] ms
31-Aug-2026 13:01:50.291 INFO [main] org.apache.coyote.AbstractProtocol.start Starting ProtocolHandler ["http-nio-8082"]
31-Aug-2026 13:01:50.400 INFO [main] org.apache.catalina.startup.Catalina.start Server startup in [2661] milliseconds
31-Aug-2026 13:02:20.847 INFO [Catalina-utility-1] org.apache.catalina.startup.HostConfig.undeploy Undeploying context [/Test1]
31-Aug-2026 13:02:20.858 WARNING [Catalina-utility-1] org.apache.catalina.loader.WebappClassLoaderBase.clearReferencesObjectStreamClassCaches When running on Java 9 or later you need to add "--add-opens=java.base/java.io=ALL-UNNAMED" to the JVM command line arguments to enable ObjectStream cache memory leak protection. Alternatively, you can suppress this warning by disabling ObjectStream class cache memory leak protection.
31-Aug-2026 13:02:20.860 WARNING [Catalina-utility-1] org.apache.catalina.loader.WebappClassLoaderBase.checkThreadLocalsForLeaks When running on Java 9 or later you need to add "--add-opens=java.base/java.lang=ALL-UNNAMED" to the JVM command line arguments to enable ThreadLocal memory leak detection. Alternatively, you can suppress this warning by disabling ThreadLocal memory leak detection.
31-Aug-2026 13:02:20.860 WARNING [Catalina-utility-1] org.apache.catalina.loader.WebappClassLoaderBase.clearReferencesRmiTargets When running on Java 9 or later you need to add "--add-opens=java.rmi/sun.rmi.transport=ALL-UNNAMED" to the JVM command line arguments to enable RMI Target memory leak detection. Alternatively, you can suppress this warning by disabling RMI Target memory leak detection.
