03-Apr-2024 15:16:28.847 INFO [main] org.apache.catalina.startup.VersionLoggerListener.log Server version:        Apache Tomcat/8.5.24
03-Apr-2024 15:16:28.856 INFO [main] org.apache.catalina.startup.VersionLoggerListener.log Server built:          Nov 27 2017 13:05:30 UTC
03-Apr-2024 15:16:28.856 INFO [main] org.apache.catalina.startup.VersionLoggerListener.log Server number:         8.5.24.0
03-Apr-2024 15:16:28.856 INFO [main] org.apache.catalina.startup.VersionLoggerListener.log OS Name:               Windows 10
03-Apr-2024 15:16:28.870 INFO [main] org.apache.catalina.startup.VersionLoggerListener.log OS Version:            10.0
03-Apr-2024 15:16:28.870 INFO [main] org.apache.catalina.startup.VersionLoggerListener.log Architecture:          x86
03-Apr-2024 15:16:28.870 INFO [main] org.apache.catalina.startup.VersionLoggerListener.log Java Home:             D:\JavaSQL\Java8\jdk1.8.0_131\jre
03-Apr-2024 15:16:28.870 INFO [main] org.apache.catalina.startup.VersionLoggerListener.log JVM Version:           1.8.0_131-b11
03-Apr-2024 15:16:28.870 INFO [main] org.apache.catalina.startup.VersionLoggerListener.log JVM Vendor:            Oracle Corporation
03-Apr-2024 15:16:28.870 INFO [main] org.apache.catalina.startup.VersionLoggerListener.log CATALINA_BASE:         D:\JavaSQL\Java8\apache-tomcat-8.5.24
03-Apr-2024 15:16:28.870 INFO [main] org.apache.catalina.startup.VersionLoggerListener.log CATALINA_HOME:         D:\JavaSQL\Java8\apache-tomcat-8.5.24
03-Apr-2024 15:16:28.871 INFO [main] org.apache.catalina.startup.VersionLoggerListener.log Command line argument: -Djava.util.logging.config.file=D:\JavaSQL\Java8\apache-tomcat-8.5.24\conf\logging.properties
03-Apr-2024 15:16:28.871 INFO [main] org.apache.catalina.startup.VersionLoggerListener.log Command line argument: -Djava.util.logging.manager=org.apache.juli.ClassLoaderLogManager
03-Apr-2024 15:16:28.871 INFO [main] org.apache.catalina.startup.VersionLoggerListener.log Command line argument: -Djdk.tls.ephemeralDHKeySize=2048
03-Apr-2024 15:16:28.871 INFO [main] org.apache.catalina.startup.VersionLoggerListener.log Command line argument: -Djava.protocol.handler.pkgs=org.apache.catalina.webresources
03-Apr-2024 15:16:28.871 INFO [main] org.apache.catalina.startup.VersionLoggerListener.log Command line argument: -Dignore.endorsed.dirs=
03-Apr-2024 15:16:28.871 INFO [main] org.apache.catalina.startup.VersionLoggerListener.log Command line argument: -Dcatalina.base=D:\JavaSQL\Java8\apache-tomcat-8.5.24
03-Apr-2024 15:16:28.871 INFO [main] org.apache.catalina.startup.VersionLoggerListener.log Command line argument: -Dcatalina.home=D:\JavaSQL\Java8\apache-tomcat-8.5.24
03-Apr-2024 15:16:28.874 INFO [main] org.apache.catalina.startup.VersionLoggerListener.log Command line argument: -Djava.io.tmpdir=D:\JavaSQL\Java8\apache-tomcat-8.5.24\temp
03-Apr-2024 15:16:28.874 INFO [main] org.apache.catalina.core.AprLifecycleListener.lifecycleEvent The APR based Apache Tomcat Native library which allows optimal performance in production environments was not found on the java.library.path: [D:\JavaSQL\Java8\jdk1.8.0_131\bin;C:\WINDOWS\Sun\Java\bin;C:\WINDOWS\system32;C:\WINDOWS;D:\JavaSQL\Java8\jdk1.8.0_131\bin;D:\JavaSQL\Java8\jdk1.8.0_131\db\bin;D:\JavaSQL\Java8\squirrelsql-4.0.0-standard;D:\JavaSQL\Java8\apache-tomcat-8.5.24\bin;C:\WINDOWS\system32;C:\WINDOWS;C:\WINDOWS\System32\Wbem;C:\WINDOWS\System32\WindowsPowerShell\v1.0\;C:\WINDOWS\System32\OpenSSH\;C:\Program Files\dotnet\;C:\Users\Aldoa\Desktop\Infor\bin;C:\Users\Aldoa\AppData\Local\Microsoft\WindowsApps;;.]
03-Apr-2024 15:16:29.973 INFO [main] org.apache.coyote.AbstractProtocol.init Initializing ProtocolHandler ["http-nio-8082"]
03-Apr-2024 15:16:30.982 INFO [main] org.apache.tomcat.util.net.NioSelectorPool.getSharedSelector Using a shared selector for servlet write/read
03-Apr-2024 15:16:31.014 INFO [main] org.apache.coyote.AbstractProtocol.init Initializing ProtocolHandler ["ajp-nio-8009"]
03-Apr-2024 15:16:31.026 INFO [main] org.apache.tomcat.util.net.NioSelectorPool.getSharedSelector Using a shared selector for servlet write/read
03-Apr-2024 15:16:31.026 INFO [main] org.apache.catalina.startup.Catalina.load Initialization processed in 4942 ms
03-Apr-2024 15:16:31.187 INFO [main] org.apache.catalina.core.StandardService.startInternal Starting service [Catalina]
03-Apr-2024 15:16:31.187 INFO [main] org.apache.catalina.core.StandardEngine.startInternal Starting Servlet Engine: Apache Tomcat/8.5.24
03-Apr-2024 15:16:31.266 INFO [localhost-startStop-1] org.apache.catalina.startup.HostConfig.deployDirectory Deploying web application directory [D:\JavaSQL\Java8\apache-tomcat-8.5.24\webapps\docs]
03-Apr-2024 15:16:32.801 INFO [localhost-startStop-1] org.apache.jasper.servlet.TldScanner.scanJars At least one JAR was scanned for TLDs yet contained no TLDs. Enable debug logging for this logger for a complete list of JARs that were scanned but no TLDs were found in them. Skipping unneeded JARs during scanning can improve startup time and JSP compilation time.
03-Apr-2024 15:16:33.038 INFO [localhost-startStop-1] org.apache.catalina.startup.HostConfig.deployDirectory Deployment of web application directory [D:\JavaSQL\Java8\apache-tomcat-8.5.24\webapps\docs] has finished in [1,772] ms
03-Apr-2024 15:16:33.038 INFO [localhost-startStop-1] org.apache.catalina.startup.HostConfig.deployDirectory Deploying web application directory [D:\JavaSQL\Java8\apache-tomcat-8.5.24\webapps\examples]
03-Apr-2024 15:16:36.210 INFO [localhost-startStop-1] org.apache.jasper.servlet.TldScanner.scanJars At least one JAR was scanned for TLDs yet contained no TLDs. Enable debug logging for this logger for a complete list of JARs that were scanned but no TLDs were found in them. Skipping unneeded JARs during scanning can improve startup time and JSP compilation time.
03-Apr-2024 15:16:36.305 INFO [localhost-startStop-1] org.apache.catalina.startup.HostConfig.deployDirectory Deployment of web application directory [D:\JavaSQL\Java8\apache-tomcat-8.5.24\webapps\examples] has finished in [3,251] ms
03-Apr-2024 15:16:36.305 INFO [localhost-startStop-1] org.apache.catalina.startup.HostConfig.deployDirectory Deploying web application directory [D:\JavaSQL\Java8\apache-tomcat-8.5.24\webapps\host-manager]
03-Apr-2024 15:16:36.415 INFO [localhost-startStop-1] org.apache.jasper.servlet.TldScanner.scanJars At least one JAR was scanned for TLDs yet contained no TLDs. Enable debug logging for this logger for a complete list of JARs that were scanned but no TLDs were found in them. Skipping unneeded JARs during scanning can improve startup time and JSP compilation time.
03-Apr-2024 15:16:36.430 INFO [localhost-startStop-1] org.apache.catalina.startup.HostConfig.deployDirectory Deployment of web application directory [D:\JavaSQL\Java8\apache-tomcat-8.5.24\webapps\host-manager] has finished in [125] ms
03-Apr-2024 15:16:36.430 INFO [localhost-startStop-1] org.apache.catalina.startup.HostConfig.deployDirectory Deploying web application directory [D:\JavaSQL\Java8\apache-tomcat-8.5.24\webapps\ROOT]
03-Apr-2024 15:16:36.477 INFO [localhost-startStop-1] org.apache.jasper.servlet.TldScanner.scanJars At least one JAR was scanned for TLDs yet contained no TLDs. Enable debug logging for this logger for a complete list of JARs that were scanned but no TLDs were found in them. Skipping unneeded JARs during scanning can improve startup time and JSP compilation time.
03-Apr-2024 15:16:36.493 INFO [localhost-startStop-1] org.apache.catalina.startup.HostConfig.deployDirectory Deployment of web application directory [D:\JavaSQL\Java8\apache-tomcat-8.5.24\webapps\ROOT] has finished in [63] ms
03-Apr-2024 15:16:36.493 INFO [localhost-startStop-1] org.apache.catalina.startup.HostConfig.deployDirectory Deploying web application directory [D:\JavaSQL\Java8\apache-tomcat-8.5.24\webapps\SQLServer]
03-Apr-2024 15:16:36.619 INFO [localhost-startStop-1] org.apache.jasper.servlet.TldScanner.scanJars At least one JAR was scanned for TLDs yet contained no TLDs. Enable debug logging for this logger for a complete list of JARs that were scanned but no TLDs were found in them. Skipping unneeded JARs during scanning can improve startup time and JSP compilation time.
03-Apr-2024 15:16:36.671 INFO [localhost-startStop-1] org.apache.catalina.startup.HostConfig.deployDirectory Deployment of web application directory [D:\JavaSQL\Java8\apache-tomcat-8.5.24\webapps\SQLServer] has finished in [178] ms
03-Apr-2024 15:16:36.671 INFO [localhost-startStop-1] org.apache.catalina.startup.HostConfig.deployDirectory Deploying web application directory [D:\JavaSQL\Java8\apache-tomcat-8.5.24\webapps\Servlet1]
03-Apr-2024 15:16:36.761 INFO [localhost-startStop-1] org.apache.jasper.servlet.TldScanner.scanJars At least one JAR was scanned for TLDs yet contained no TLDs. Enable debug logging for this logger for a complete list of JARs that were scanned but no TLDs were found in them. Skipping unneeded JARs during scanning can improve startup time and JSP compilation time.
03-Apr-2024 15:16:36.772 INFO [localhost-startStop-1] org.apache.catalina.startup.HostConfig.deployDirectory Deployment of web application directory [D:\JavaSQL\Java8\apache-tomcat-8.5.24\webapps\Servlet1] has finished in [101] ms
03-Apr-2024 15:16:36.772 INFO [localhost-startStop-1] org.apache.catalina.startup.HostConfig.deployDirectory Deploying web application directory [D:\JavaSQL\Java8\apache-tomcat-8.5.24\webapps\Servlet2]
03-Apr-2024 15:16:36.873 INFO [localhost-startStop-1] org.apache.jasper.servlet.TldScanner.scanJars At least one JAR was scanned for TLDs yet contained no TLDs. Enable debug logging for this logger for a complete list of JARs that were scanned but no TLDs were found in them. Skipping unneeded JARs during scanning can improve startup time and JSP compilation time.
03-Apr-2024 15:16:36.881 INFO [localhost-startStop-1] org.apache.catalina.startup.HostConfig.deployDirectory Deployment of web application directory [D:\JavaSQL\Java8\apache-tomcat-8.5.24\webapps\Servlet2] has finished in [109] ms
03-Apr-2024 15:16:36.881 INFO [localhost-startStop-1] org.apache.catalina.startup.HostConfig.deployDirectory Deploying web application directory [D:\JavaSQL\Java8\apache-tomcat-8.5.24\webapps\Servlet3]
03-Apr-2024 15:16:36.998 INFO [localhost-startStop-1] org.apache.jasper.servlet.TldScanner.scanJars At least one JAR was scanned for TLDs yet contained no TLDs. Enable debug logging for this logger for a complete list of JARs that were scanned but no TLDs were found in them. Skipping unneeded JARs during scanning can improve startup time and JSP compilation time.
03-Apr-2024 15:16:36.998 INFO [localhost-startStop-1] org.apache.catalina.startup.HostConfig.deployDirectory Deployment of web application directory [D:\JavaSQL\Java8\apache-tomcat-8.5.24\webapps\Servlet3] has finished in [117] ms
03-Apr-2024 15:16:36.998 INFO [localhost-startStop-1] org.apache.catalina.startup.HostConfig.deployDirectory Deploying web application directory [D:\JavaSQL\Java8\apache-tomcat-8.5.24\webapps\Servlet4]
03-Apr-2024 15:16:37.093 INFO [localhost-startStop-1] org.apache.jasper.servlet.TldScanner.scanJars At least one JAR was scanned for TLDs yet contained no TLDs. Enable debug logging for this logger for a complete list of JARs that were scanned but no TLDs were found in them. Skipping unneeded JARs during scanning can improve startup time and JSP compilation time.
03-Apr-2024 15:16:37.108 INFO [localhost-startStop-1] org.apache.catalina.startup.HostConfig.deployDirectory Deployment of web application directory [D:\JavaSQL\Java8\apache-tomcat-8.5.24\webapps\Servlet4] has finished in [110] ms
03-Apr-2024 15:16:37.108 INFO [localhost-startStop-1] org.apache.catalina.startup.HostConfig.deployDirectory Deploying web application directory [D:\JavaSQL\Java8\apache-tomcat-8.5.24\webapps\Pract8]
03-Apr-2024 15:16:37.249 INFO [localhost-startStop-1] org.apache.jasper.servlet.TldScanner.scanJars At least one JAR was scanned for TLDs yet contained no TLDs. Enable debug logging for this logger for a complete list of JARs that were scanned but no TLDs were found in them. Skipping unneeded JARs during scanning can improve startup time and JSP compilation time.
03-Apr-2024 15:16:37.249 INFO [localhost-startStop-1] org.apache.catalina.startup.HostConfig.deployDirectory Deployment of web application directory [D:\JavaSQL\Java8\apache-tomcat-8.5.24\webapps\Pract8] has finished in [141] ms
03-Apr-2024 15:16:37.249 INFO [localhost-startStop-1] org.apache.catalina.startup.HostConfig.deployDirectory Deploying web application directory [D:\JavaSQL\Java8\apache-tomcat-8.5.24\webapps\Entrega]
03-Apr-2024 15:16:37.344 INFO [localhost-startStop-1] org.apache.jasper.servlet.TldScanner.scanJars At least one JAR was scanned for TLDs yet contained no TLDs. Enable debug logging for this logger for a complete list of JARs that were scanned but no TLDs were found in them. Skipping unneeded JARs during scanning can improve startup time and JSP compilation time.
03-Apr-2024 15:16:37.361 INFO [localhost-startStop-1] org.apache.catalina.startup.HostConfig.deployDirectory Deployment of web application directory [D:\JavaSQL\Java8\apache-tomcat-8.5.24\webapps\Entrega] has finished in [112] ms
03-Apr-2024 15:16:37.361 INFO [localhost-startStop-1] org.apache.catalina.startup.HostConfig.deployDirectory Deploying web application directory [D:\JavaSQL\Java8\apache-tomcat-8.5.24\webapps\matrices8]
03-Apr-2024 15:16:37.533 INFO [localhost-startStop-1] org.apache.jasper.servlet.TldScanner.scanJars At least one JAR was scanned for TLDs yet contained no TLDs. Enable debug logging for this logger for a complete list of JARs that were scanned but no TLDs were found in them. Skipping unneeded JARs during scanning can improve startup time and JSP compilation time.
03-Apr-2024 15:16:37.533 INFO [localhost-startStop-1] org.apache.catalina.startup.HostConfig.deployDirectory Deployment of web application directory [D:\JavaSQL\Java8\apache-tomcat-8.5.24\webapps\matrices8] has finished in [172] ms
03-Apr-2024 15:16:37.533 INFO [localhost-startStop-1] org.apache.catalina.startup.HostConfig.deployDirectory Deploying web application directory [D:\JavaSQL\Java8\apache-tomcat-8.5.24\webapps\TD_E18]
03-Apr-2024 15:16:37.849 INFO [localhost-startStop-1] org.apache.jasper.servlet.TldScanner.scanJars At least one JAR was scanned for TLDs yet contained no TLDs. Enable debug logging for this logger for a complete list of JARs that were scanned but no TLDs were found in them. Skipping unneeded JARs during scanning can improve startup time and JSP compilation time.
03-Apr-2024 15:16:37.861 INFO [localhost-startStop-1] org.apache.catalina.startup.HostConfig.deployDirectory Deployment of web application directory [D:\JavaSQL\Java8\apache-tomcat-8.5.24\webapps\TD_E18] has finished in [328] ms
03-Apr-2024 15:16:37.865 INFO [localhost-startStop-1] org.apache.catalina.startup.HostConfig.deployDirectory Deploying web application directory [D:\JavaSQL\Java8\apache-tomcat-8.5.24\webapps\TD_E30]
03-Apr-2024 15:16:37.975 INFO [localhost-startStop-1] org.apache.jasper.servlet.TldScanner.scanJars At least one JAR was scanned for TLDs yet contained no TLDs. Enable debug logging for this logger for a complete list of JARs that were scanned but no TLDs were found in them. Skipping unneeded JARs during scanning can improve startup time and JSP compilation time.
03-Apr-2024 15:16:37.991 INFO [localhost-startStop-1] org.apache.catalina.startup.HostConfig.deployDirectory Deployment of web application directory [D:\JavaSQL\Java8\apache-tomcat-8.5.24\webapps\TD_E30] has finished in [126] ms
03-Apr-2024 15:16:37.991 INFO [main] org.apache.coyote.AbstractProtocol.start Starting ProtocolHandler ["http-nio-8082"]
03-Apr-2024 15:16:38.008 INFO [main] org.apache.coyote.AbstractProtocol.start Starting ProtocolHandler ["ajp-nio-8009"]
03-Apr-2024 15:16:38.008 INFO [main] org.apache.catalina.startup.Catalina.start Server startup in 6992 ms
03-Apr-2024 15:20:08.215 INFO [ContainerBackgroundProcessor[StandardEngine[Catalina]]] org.apache.catalina.startup.HostConfig.reload Reloading context [/TD_E30]
03-Apr-2024 15:20:08.215 INFO [ContainerBackgroundProcessor[StandardEngine[Catalina]]] org.apache.catalina.core.StandardContext.reload Reloading Context with name [/TD_E30] has started
03-Apr-2024 15:20:08.371 INFO [ContainerBackgroundProcessor[StandardEngine[Catalina]]] org.apache.jasper.servlet.TldScanner.scanJars At least one JAR was scanned for TLDs yet contained no TLDs. Enable debug logging for this logger for a complete list of JARs that were scanned but no TLDs were found in them. Skipping unneeded JARs during scanning can improve startup time and JSP compilation time.
03-Apr-2024 15:20:08.371 INFO [ContainerBackgroundProcessor[StandardEngine[Catalina]]] org.apache.catalina.core.StandardContext.reload Reloading Context with name [/TD_E30] is completed
03-Apr-2024 15:28:26.092 INFO [main] org.apache.catalina.core.StandardServer.await A valid shutdown command was received via the shutdown port. Stopping the Server instance.
03-Apr-2024 15:28:26.092 INFO [main] org.apache.coyote.AbstractProtocol.pause Pausing ProtocolHandler ["http-nio-8082"]
03-Apr-2024 15:28:26.490 INFO [main] org.apache.coyote.AbstractProtocol.pause Pausing ProtocolHandler ["ajp-nio-8009"]
03-Apr-2024 15:28:26.932 INFO [main] org.apache.catalina.core.StandardService.stopInternal Stopping service [Catalina]
03-Apr-2024 15:28:27.042 INFO [main] org.apache.coyote.AbstractProtocol.stop Stopping ProtocolHandler ["http-nio-8082"]
03-Apr-2024 15:28:27.042 INFO [main] org.apache.coyote.AbstractProtocol.stop Stopping ProtocolHandler ["ajp-nio-8009"]
03-Apr-2024 15:28:27.042 INFO [main] org.apache.coyote.AbstractProtocol.destroy Destroying ProtocolHandler ["http-nio-8082"]
03-Apr-2024 15:28:27.052 INFO [main] org.apache.coyote.AbstractProtocol.destroy Destroying ProtocolHandler ["ajp-nio-8009"]
03-Apr-2024 15:36:45.782 INFO [main] org.apache.catalina.startup.VersionLoggerListener.log Server version:        Apache Tomcat/8.5.24
03-Apr-2024 15:36:45.782 INFO [main] org.apache.catalina.startup.VersionLoggerListener.log Server built:          Nov 27 2017 13:05:30 UTC
03-Apr-2024 15:36:45.782 INFO [main] org.apache.catalina.startup.VersionLoggerListener.log Server number:         8.5.24.0
03-Apr-2024 15:36:45.782 INFO [main] org.apache.catalina.startup.VersionLoggerListener.log OS Name:               Windows 10
03-Apr-2024 15:36:45.782 INFO [main] org.apache.catalina.startup.VersionLoggerListener.log OS Version:            10.0
03-Apr-2024 15:36:45.782 INFO [main] org.apache.catalina.startup.VersionLoggerListener.log Architecture:          x86
03-Apr-2024 15:36:45.782 INFO [main] org.apache.catalina.startup.VersionLoggerListener.log Java Home:             D:\JavaSQL\Java8\jdk1.8.0_131\jre
03-Apr-2024 15:36:45.782 INFO [main] org.apache.catalina.startup.VersionLoggerListener.log JVM Version:           1.8.0_131-b11
03-Apr-2024 15:36:45.782 INFO [main] org.apache.catalina.startup.VersionLoggerListener.log JVM Vendor:            Oracle Corporation
03-Apr-2024 15:36:45.782 INFO [main] org.apache.catalina.startup.VersionLoggerListener.log CATALINA_BASE:         D:\JavaSQL\Java8\apache-tomcat-8.5.24
03-Apr-2024 15:36:45.782 INFO [main] org.apache.catalina.startup.VersionLoggerListener.log CATALINA_HOME:         D:\JavaSQL\Java8\apache-tomcat-8.5.24
03-Apr-2024 15:36:45.782 INFO [main] org.apache.catalina.startup.VersionLoggerListener.log Command line argument: -Djava.util.logging.config.file=D:\JavaSQL\Java8\apache-tomcat-8.5.24\conf\logging.properties
03-Apr-2024 15:36:45.782 INFO [main] org.apache.catalina.startup.VersionLoggerListener.log Command line argument: -Djava.util.logging.manager=org.apache.juli.ClassLoaderLogManager
03-Apr-2024 15:36:45.782 INFO [main] org.apache.catalina.startup.VersionLoggerListener.log Command line argument: -Djdk.tls.ephemeralDHKeySize=2048
03-Apr-2024 15:36:45.782 INFO [main] org.apache.catalina.startup.VersionLoggerListener.log Command line argument: -Djava.protocol.handler.pkgs=org.apache.catalina.webresources
03-Apr-2024 15:36:45.782 INFO [main] org.apache.catalina.startup.VersionLoggerListener.log Command line argument: -Dignore.endorsed.dirs=
03-Apr-2024 15:36:45.782 INFO [main] org.apache.catalina.startup.VersionLoggerListener.log Command line argument: -Dcatalina.base=D:\JavaSQL\Java8\apache-tomcat-8.5.24
03-Apr-2024 15:36:45.782 INFO [main] org.apache.catalina.startup.VersionLoggerListener.log Command line argument: -Dcatalina.home=D:\JavaSQL\Java8\apache-tomcat-8.5.24
03-Apr-2024 15:36:45.782 INFO [main] org.apache.catalina.startup.VersionLoggerListener.log Command line argument: -Djava.io.tmpdir=D:\JavaSQL\Java8\apache-tomcat-8.5.24\temp
03-Apr-2024 15:36:45.782 INFO [main] org.apache.catalina.core.AprLifecycleListener.lifecycleEvent The APR based Apache Tomcat Native library which allows optimal performance in production environments was not found on the java.library.path: [D:\JavaSQL\Java8\jdk1.8.0_131\bin;C:\WINDOWS\Sun\Java\bin;C:\WINDOWS\system32;C:\WINDOWS;D:\JavaSQL\Java8\jdk1.8.0_131\bin;D:\JavaSQL\Java8\jdk1.8.0_131\db\bin;D:\JavaSQL\Java8\squirrelsql-4.0.0-standard;D:\JavaSQL\Java8\apache-tomcat-8.5.24\bin;C:\WINDOWS\system32;C:\WINDOWS;C:\WINDOWS\System32\Wbem;C:\WINDOWS\System32\WindowsPowerShell\v1.0\;C:\WINDOWS\System32\OpenSSH\;C:\Program Files\dotnet\;C:\Users\Aldoa\Desktop\Infor\bin;C:\Users\Aldoa\AppData\Local\Microsoft\WindowsApps;;.]
03-Apr-2024 15:36:45.846 INFO [main] org.apache.coyote.AbstractProtocol.init Initializing ProtocolHandler ["http-nio-8082"]
03-Apr-2024 15:36:45.986 INFO [main] org.apache.tomcat.util.net.NioSelectorPool.getSharedSelector Using a shared selector for servlet write/read
03-Apr-2024 15:36:46.004 INFO [main] org.apache.coyote.AbstractProtocol.init Initializing ProtocolHandler ["ajp-nio-8009"]
03-Apr-2024 15:36:46.004 INFO [main] org.apache.tomcat.util.net.NioSelectorPool.getSharedSelector Using a shared selector for servlet write/read
03-Apr-2024 15:36:46.004 INFO [main] org.apache.catalina.startup.Catalina.load Initialization processed in 379 ms
03-Apr-2024 15:36:46.018 INFO [main] org.apache.catalina.core.StandardService.startInternal Starting service [Catalina]
03-Apr-2024 15:36:46.018 INFO [main] org.apache.catalina.core.StandardEngine.startInternal Starting Servlet Engine: Apache Tomcat/8.5.24
03-Apr-2024 15:36:46.018 INFO [localhost-startStop-1] org.apache.catalina.startup.HostConfig.deployDirectory Deploying web application directory [D:\JavaSQL\Java8\apache-tomcat-8.5.24\webapps\docs]
03-Apr-2024 15:36:46.160 INFO [localhost-startStop-1] org.apache.jasper.servlet.TldScanner.scanJars At least one JAR was scanned for TLDs yet contained no TLDs. Enable debug logging for this logger for a complete list of JARs that were scanned but no TLDs were found in them. Skipping unneeded JARs during scanning can improve startup time and JSP compilation time.
03-Apr-2024 15:36:46.175 INFO [localhost-startStop-1] org.apache.catalina.startup.HostConfig.deployDirectory Deployment of web application directory [D:\JavaSQL\Java8\apache-tomcat-8.5.24\webapps\docs] has finished in [157] ms
03-Apr-2024 15:36:46.175 INFO [localhost-startStop-1] org.apache.catalina.startup.HostConfig.deployDirectory Deploying web application directory [D:\JavaSQL\Java8\apache-tomcat-8.5.24\webapps\examples]
03-Apr-2024 15:36:46.302 INFO [localhost-startStop-1] org.apache.jasper.servlet.TldScanner.scanJars At least one JAR was scanned for TLDs yet contained no TLDs. Enable debug logging for this logger for a complete list of JARs that were scanned but no TLDs were found in them. Skipping unneeded JARs during scanning can improve startup time and JSP compilation time.
03-Apr-2024 15:36:46.319 INFO [localhost-startStop-1] org.apache.catalina.startup.HostConfig.deployDirectory Deployment of web application directory [D:\JavaSQL\Java8\apache-tomcat-8.5.24\webapps\examples] has finished in [144] ms
03-Apr-2024 15:36:46.319 INFO [localhost-startStop-1] org.apache.catalina.startup.HostConfig.deployDirectory Deploying web application directory [D:\JavaSQL\Java8\apache-tomcat-8.5.24\webapps\host-manager]
03-Apr-2024 15:36:46.334 INFO [localhost-startStop-1] org.apache.jasper.servlet.TldScanner.scanJars At least one JAR was scanned for TLDs yet contained no TLDs. Enable debug logging for this logger for a complete list of JARs that were scanned but no TLDs were found in them. Skipping unneeded JARs during scanning can improve startup time and JSP compilation time.
03-Apr-2024 15:36:46.334 INFO [localhost-startStop-1] org.apache.catalina.startup.HostConfig.deployDirectory Deployment of web application directory [D:\JavaSQL\Java8\apache-tomcat-8.5.24\webapps\host-manager] has finished in [15] ms
03-Apr-2024 15:36:46.334 INFO [localhost-startStop-1] org.apache.catalina.startup.HostConfig.deployDirectory Deploying web application directory [D:\JavaSQL\Java8\apache-tomcat-8.5.24\webapps\ROOT]
03-Apr-2024 15:36:46.334 INFO [localhost-startStop-1] org.apache.jasper.servlet.TldScanner.scanJars At least one JAR was scanned for TLDs yet contained no TLDs. Enable debug logging for this logger for a complete list of JARs that were scanned but no TLDs were found in them. Skipping unneeded JARs during scanning can improve startup time and JSP compilation time.
03-Apr-2024 15:36:46.350 INFO [localhost-startStop-1] org.apache.catalina.startup.HostConfig.deployDirectory Deployment of web application directory [D:\JavaSQL\Java8\apache-tomcat-8.5.24\webapps\ROOT] has finished in [16] ms
03-Apr-2024 15:36:46.350 INFO [localhost-startStop-1] org.apache.catalina.startup.HostConfig.deployDirectory Deploying web application directory [D:\JavaSQL\Java8\apache-tomcat-8.5.24\webapps\SQLServer]
03-Apr-2024 15:36:46.350 INFO [localhost-startStop-1] org.apache.jasper.servlet.TldScanner.scanJars At least one JAR was scanned for TLDs yet contained no TLDs. Enable debug logging for this logger for a complete list of JARs that were scanned but no TLDs were found in them. Skipping unneeded JARs during scanning can improve startup time and JSP compilation time.
03-Apr-2024 15:36:46.366 INFO [localhost-startStop-1] org.apache.catalina.startup.HostConfig.deployDirectory Deployment of web application directory [D:\JavaSQL\Java8\apache-tomcat-8.5.24\webapps\SQLServer] has finished in [16] ms
03-Apr-2024 15:36:46.366 INFO [localhost-startStop-1] org.apache.catalina.startup.HostConfig.deployDirectory Deploying web application directory [D:\JavaSQL\Java8\apache-tomcat-8.5.24\webapps\Servlet1]
03-Apr-2024 15:36:46.366 INFO [localhost-startStop-1] org.apache.jasper.servlet.TldScanner.scanJars At least one JAR was scanned for TLDs yet contained no TLDs. Enable debug logging for this logger for a complete list of JARs that were scanned but no TLDs were found in them. Skipping unneeded JARs during scanning can improve startup time and JSP compilation time.
03-Apr-2024 15:36:46.366 INFO [localhost-startStop-1] org.apache.catalina.startup.HostConfig.deployDirectory Deployment of web application directory [D:\JavaSQL\Java8\apache-tomcat-8.5.24\webapps\Servlet1] has finished in [0] ms
03-Apr-2024 15:36:46.366 INFO [localhost-startStop-1] org.apache.catalina.startup.HostConfig.deployDirectory Deploying web application directory [D:\JavaSQL\Java8\apache-tomcat-8.5.24\webapps\Servlet2]
03-Apr-2024 15:36:46.382 INFO [localhost-startStop-1] org.apache.jasper.servlet.TldScanner.scanJars At least one JAR was scanned for TLDs yet contained no TLDs. Enable debug logging for this logger for a complete list of JARs that were scanned but no TLDs were found in them. Skipping unneeded JARs during scanning can improve startup time and JSP compilation time.
03-Apr-2024 15:36:46.382 INFO [localhost-startStop-1] org.apache.catalina.startup.HostConfig.deployDirectory Deployment of web application directory [D:\JavaSQL\Java8\apache-tomcat-8.5.24\webapps\Servlet2] has finished in [16] ms
03-Apr-2024 15:36:46.382 INFO [localhost-startStop-1] org.apache.catalina.startup.HostConfig.deployDirectory Deploying web application directory [D:\JavaSQL\Java8\apache-tomcat-8.5.24\webapps\Servlet3]
03-Apr-2024 15:36:46.398 INFO [localhost-startStop-1] org.apache.jasper.servlet.TldScanner.scanJars At least one JAR was scanned for TLDs yet contained no TLDs. Enable debug logging for this logger for a complete list of JARs that were scanned but no TLDs were found in them. Skipping unneeded JARs during scanning can improve startup time and JSP compilation time.
03-Apr-2024 15:36:46.398 INFO [localhost-startStop-1] org.apache.catalina.startup.HostConfig.deployDirectory Deployment of web application directory [D:\JavaSQL\Java8\apache-tomcat-8.5.24\webapps\Servlet3] has finished in [16] ms
03-Apr-2024 15:36:46.398 INFO [localhost-startStop-1] org.apache.catalina.startup.HostConfig.deployDirectory Deploying web application directory [D:\JavaSQL\Java8\apache-tomcat-8.5.24\webapps\Servlet4]
03-Apr-2024 15:36:46.414 INFO [localhost-startStop-1] org.apache.jasper.servlet.TldScanner.scanJars At least one JAR was scanned for TLDs yet contained no TLDs. Enable debug logging for this logger for a complete list of JARs that were scanned but no TLDs were found in them. Skipping unneeded JARs during scanning can improve startup time and JSP compilation time.
03-Apr-2024 15:36:46.414 INFO [localhost-startStop-1] org.apache.catalina.startup.HostConfig.deployDirectory Deployment of web application directory [D:\JavaSQL\Java8\apache-tomcat-8.5.24\webapps\Servlet4] has finished in [16] ms
03-Apr-2024 15:36:46.414 INFO [localhost-startStop-1] org.apache.catalina.startup.HostConfig.deployDirectory Deploying web application directory [D:\JavaSQL\Java8\apache-tomcat-8.5.24\webapps\Pract8]
03-Apr-2024 15:36:46.429 INFO [localhost-startStop-1] org.apache.jasper.servlet.TldScanner.scanJars At least one JAR was scanned for TLDs yet contained no TLDs. Enable debug logging for this logger for a complete list of JARs that were scanned but no TLDs were found in them. Skipping unneeded JARs during scanning can improve startup time and JSP compilation time.
03-Apr-2024 15:36:46.429 INFO [localhost-startStop-1] org.apache.catalina.startup.HostConfig.deployDirectory Deployment of web application directory [D:\JavaSQL\Java8\apache-tomcat-8.5.24\webapps\Pract8] has finished in [15] ms
03-Apr-2024 15:36:46.429 INFO [localhost-startStop-1] org.apache.catalina.startup.HostConfig.deployDirectory Deploying web application directory [D:\JavaSQL\Java8\apache-tomcat-8.5.24\webapps\Entrega]
03-Apr-2024 15:36:46.445 INFO [localhost-startStop-1] org.apache.jasper.servlet.TldScanner.scanJars At least one JAR was scanned for TLDs yet contained no TLDs. Enable debug logging for this logger for a complete list of JARs that were scanned but no TLDs were found in them. Skipping unneeded JARs during scanning can improve startup time and JSP compilation time.
03-Apr-2024 15:36:46.445 INFO [localhost-startStop-1] org.apache.catalina.startup.HostConfig.deployDirectory Deployment of web application directory [D:\JavaSQL\Java8\apache-tomcat-8.5.24\webapps\Entrega] has finished in [16] ms
03-Apr-2024 15:36:46.445 INFO [localhost-startStop-1] org.apache.catalina.startup.HostConfig.deployDirectory Deploying web application directory [D:\JavaSQL\Java8\apache-tomcat-8.5.24\webapps\matrices8]
03-Apr-2024 15:36:46.461 INFO [localhost-startStop-1] org.apache.jasper.servlet.TldScanner.scanJars At least one JAR was scanned for TLDs yet contained no TLDs. Enable debug logging for this logger for a complete list of JARs that were scanned but no TLDs were found in them. Skipping unneeded JARs during scanning can improve startup time and JSP compilation time.
03-Apr-2024 15:36:46.461 INFO [localhost-startStop-1] org.apache.catalina.startup.HostConfig.deployDirectory Deployment of web application directory [D:\JavaSQL\Java8\apache-tomcat-8.5.24\webapps\matrices8] has finished in [16] ms
03-Apr-2024 15:36:46.461 INFO [localhost-startStop-1] org.apache.catalina.startup.HostConfig.deployDirectory Deploying web application directory [D:\JavaSQL\Java8\apache-tomcat-8.5.24\webapps\TD_E18]
03-Apr-2024 15:36:46.477 INFO [localhost-startStop-1] org.apache.jasper.servlet.TldScanner.scanJars At least one JAR was scanned for TLDs yet contained no TLDs. Enable debug logging for this logger for a complete list of JARs that were scanned but no TLDs were found in them. Skipping unneeded JARs during scanning can improve startup time and JSP compilation time.
03-Apr-2024 15:36:46.477 INFO [localhost-startStop-1] org.apache.catalina.startup.HostConfig.deployDirectory Deployment of web application directory [D:\JavaSQL\Java8\apache-tomcat-8.5.24\webapps\TD_E18] has finished in [16] ms
03-Apr-2024 15:36:46.477 INFO [localhost-startStop-1] org.apache.catalina.startup.HostConfig.deployDirectory Deploying web application directory [D:\JavaSQL\Java8\apache-tomcat-8.5.24\webapps\TD_E30]
03-Apr-2024 15:36:46.500 INFO [localhost-startStop-1] org.apache.jasper.servlet.TldScanner.scanJars At least one JAR was scanned for TLDs yet contained no TLDs. Enable debug logging for this logger for a complete list of JARs that were scanned but no TLDs were found in them. Skipping unneeded JARs during scanning can improve startup time and JSP compilation time.
03-Apr-2024 15:36:46.509 INFO [localhost-startStop-1] org.apache.catalina.startup.HostConfig.deployDirectory Deployment of web application directory [D:\JavaSQL\Java8\apache-tomcat-8.5.24\webapps\TD_E30] has finished in [32] ms
03-Apr-2024 15:36:46.509 INFO [main] org.apache.coyote.AbstractProtocol.start Starting ProtocolHandler ["http-nio-8082"]
03-Apr-2024 15:36:46.515 INFO [main] org.apache.coyote.AbstractProtocol.start Starting ProtocolHandler ["ajp-nio-8009"]
03-Apr-2024 15:36:46.515 INFO [main] org.apache.catalina.startup.Catalina.start Server startup in 511 ms
03-Apr-2024 15:43:52.105 INFO [main] org.apache.catalina.core.StandardServer.await A valid shutdown command was received via the shutdown port. Stopping the Server instance.
03-Apr-2024 15:43:52.105 INFO [main] org.apache.coyote.AbstractProtocol.pause Pausing ProtocolHandler ["http-nio-8082"]
03-Apr-2024 15:43:52.550 INFO [main] org.apache.coyote.AbstractProtocol.pause Pausing ProtocolHandler ["ajp-nio-8009"]
03-Apr-2024 15:43:53.011 INFO [main] org.apache.catalina.core.StandardService.stopInternal Stopping service [Catalina]
03-Apr-2024 15:43:53.214 INFO [main] org.apache.coyote.AbstractProtocol.stop Stopping ProtocolHandler ["http-nio-8082"]
03-Apr-2024 15:43:53.214 INFO [main] org.apache.coyote.AbstractProtocol.stop Stopping ProtocolHandler ["ajp-nio-8009"]
03-Apr-2024 15:43:53.224 INFO [main] org.apache.coyote.AbstractProtocol.destroy Destroying ProtocolHandler ["http-nio-8082"]
03-Apr-2024 15:43:53.226 INFO [main] org.apache.coyote.AbstractProtocol.destroy Destroying ProtocolHandler ["ajp-nio-8009"]
03-Apr-2024 15:45:31.661 INFO [main] org.apache.catalina.startup.VersionLoggerListener.log Server version:        Apache Tomcat/8.5.24
03-Apr-2024 15:45:31.671 INFO [main] org.apache.catalina.startup.VersionLoggerListener.log Server built:          Nov 27 2017 13:05:30 UTC
03-Apr-2024 15:45:31.671 INFO [main] org.apache.catalina.startup.VersionLoggerListener.log Server number:         8.5.24.0
03-Apr-2024 15:45:31.671 INFO [main] org.apache.catalina.startup.VersionLoggerListener.log OS Name:               Windows 10
03-Apr-2024 15:45:31.671 INFO [main] org.apache.catalina.startup.VersionLoggerListener.log OS Version:            10.0
03-Apr-2024 15:45:31.671 INFO [main] org.apache.catalina.startup.VersionLoggerListener.log Architecture:          x86
03-Apr-2024 15:45:31.671 INFO [main] org.apache.catalina.startup.VersionLoggerListener.log Java Home:             D:\JavaSQL\Java8\jdk1.8.0_131\jre
03-Apr-2024 15:45:31.671 INFO [main] org.apache.catalina.startup.VersionLoggerListener.log JVM Version:           1.8.0_131-b11
03-Apr-2024 15:45:31.671 INFO [main] org.apache.catalina.startup.VersionLoggerListener.log JVM Vendor:            Oracle Corporation
03-Apr-2024 15:45:31.671 INFO [main] org.apache.catalina.startup.VersionLoggerListener.log CATALINA_BASE:         D:\JavaSQL\Java8\apache-tomcat-8.5.24
03-Apr-2024 15:45:31.671 INFO [main] org.apache.catalina.startup.VersionLoggerListener.log CATALINA_HOME:         D:\JavaSQL\Java8\apache-tomcat-8.5.24
03-Apr-2024 15:45:31.671 INFO [main] org.apache.catalina.startup.VersionLoggerListener.log Command line argument: -Djava.util.logging.config.file=D:\JavaSQL\Java8\apache-tomcat-8.5.24\conf\logging.properties
03-Apr-2024 15:45:31.671 INFO [main] org.apache.catalina.startup.VersionLoggerListener.log Command line argument: -Djava.util.logging.manager=org.apache.juli.ClassLoaderLogManager
03-Apr-2024 15:45:31.671 INFO [main] org.apache.catalina.startup.VersionLoggerListener.log Command line argument: -Djdk.tls.ephemeralDHKeySize=2048
03-Apr-2024 15:45:31.671 INFO [main] org.apache.catalina.startup.VersionLoggerListener.log Command line argument: -Djava.protocol.handler.pkgs=org.apache.catalina.webresources
03-Apr-2024 15:45:31.671 INFO [main] org.apache.catalina.startup.VersionLoggerListener.log Command line argument: -Dignore.endorsed.dirs=
03-Apr-2024 15:45:31.671 INFO [main] org.apache.catalina.startup.VersionLoggerListener.log Command line argument: -Dcatalina.base=D:\JavaSQL\Java8\apache-tomcat-8.5.24
03-Apr-2024 15:45:31.671 INFO [main] org.apache.catalina.startup.VersionLoggerListener.log Command line argument: -Dcatalina.home=D:\JavaSQL\Java8\apache-tomcat-8.5.24
03-Apr-2024 15:45:31.671 INFO [main] org.apache.catalina.startup.VersionLoggerListener.log Command line argument: -Djava.io.tmpdir=D:\JavaSQL\Java8\apache-tomcat-8.5.24\temp
03-Apr-2024 15:45:31.671 INFO [main] org.apache.catalina.core.AprLifecycleListener.lifecycleEvent The APR based Apache Tomcat Native library which allows optimal performance in production environments was not found on the java.library.path: [D:\JavaSQL\Java8\jdk1.8.0_131\bin;C:\WINDOWS\Sun\Java\bin;C:\WINDOWS\system32;C:\WINDOWS;D:\JavaSQL\Java8\jdk1.8.0_131\bin;D:\JavaSQL\Java8\jdk1.8.0_131\db\bin;D:\JavaSQL\Java8\squirrelsql-4.0.0-standard;D:\JavaSQL\Java8\apache-tomcat-8.5.24\bin;C:\WINDOWS\system32;C:\WINDOWS;C:\WINDOWS\System32\Wbem;C:\WINDOWS\System32\WindowsPowerShell\v1.0\;C:\WINDOWS\System32\OpenSSH\;C:\Program Files\dotnet\;C:\Users\Aldoa\Desktop\Infor\bin;C:\Users\Aldoa\AppData\Local\Microsoft\WindowsApps;;.]
03-Apr-2024 15:45:31.727 INFO [main] org.apache.coyote.AbstractProtocol.init Initializing ProtocolHandler ["http-nio-8082"]
03-Apr-2024 15:45:31.900 INFO [main] org.apache.tomcat.util.net.NioSelectorPool.getSharedSelector Using a shared selector for servlet write/read
03-Apr-2024 15:45:31.911 INFO [main] org.apache.coyote.AbstractProtocol.init Initializing ProtocolHandler ["ajp-nio-8009"]
03-Apr-2024 15:45:31.911 INFO [main] org.apache.tomcat.util.net.NioSelectorPool.getSharedSelector Using a shared selector for servlet write/read
03-Apr-2024 15:45:31.911 INFO [main] org.apache.catalina.startup.Catalina.load Initialization processed in 420 ms
03-Apr-2024 15:45:31.925 INFO [main] org.apache.catalina.core.StandardService.startInternal Starting service [Catalina]
03-Apr-2024 15:45:31.925 INFO [main] org.apache.catalina.core.StandardEngine.startInternal Starting Servlet Engine: Apache Tomcat/8.5.24
03-Apr-2024 15:45:31.927 INFO [localhost-startStop-1] org.apache.catalina.startup.HostConfig.deployDirectory Deploying web application directory [D:\JavaSQL\Java8\apache-tomcat-8.5.24\webapps\docs]
03-Apr-2024 15:45:32.062 INFO [localhost-startStop-1] org.apache.jasper.servlet.TldScanner.scanJars At least one JAR was scanned for TLDs yet contained no TLDs. Enable debug logging for this logger for a complete list of JARs that were scanned but no TLDs were found in them. Skipping unneeded JARs during scanning can improve startup time and JSP compilation time.
03-Apr-2024 15:45:32.102 INFO [localhost-startStop-1] org.apache.catalina.startup.HostConfig.deployDirectory Deployment of web application directory [D:\JavaSQL\Java8\apache-tomcat-8.5.24\webapps\docs] has finished in [175] ms
03-Apr-2024 15:45:32.102 INFO [localhost-startStop-1] org.apache.catalina.startup.HostConfig.deployDirectory Deploying web application directory [D:\JavaSQL\Java8\apache-tomcat-8.5.24\webapps\examples]
03-Apr-2024 15:45:32.237 INFO [localhost-startStop-1] org.apache.jasper.servlet.TldScanner.scanJars At least one JAR was scanned for TLDs yet contained no TLDs. Enable debug logging for this logger for a complete list of JARs that were scanned but no TLDs were found in them. Skipping unneeded JARs during scanning can improve startup time and JSP compilation time.
03-Apr-2024 15:45:32.259 INFO [localhost-startStop-1] org.apache.catalina.startup.HostConfig.deployDirectory Deployment of web application directory [D:\JavaSQL\Java8\apache-tomcat-8.5.24\webapps\examples] has finished in [157] ms
03-Apr-2024 15:45:32.259 INFO [localhost-startStop-1] org.apache.catalina.startup.HostConfig.deployDirectory Deploying web application directory [D:\JavaSQL\Java8\apache-tomcat-8.5.24\webapps\host-manager]
03-Apr-2024 15:45:32.276 INFO [localhost-startStop-1] org.apache.jasper.servlet.TldScanner.scanJars At least one JAR was scanned for TLDs yet contained no TLDs. Enable debug logging for this logger for a complete list of JARs that were scanned but no TLDs were found in them. Skipping unneeded JARs during scanning can improve startup time and JSP compilation time.
03-Apr-2024 15:45:32.276 INFO [localhost-startStop-1] org.apache.catalina.startup.HostConfig.deployDirectory Deployment of web application directory [D:\JavaSQL\Java8\apache-tomcat-8.5.24\webapps\host-manager] has finished in [17] ms
03-Apr-2024 15:45:32.276 INFO [localhost-startStop-1] org.apache.catalina.startup.HostConfig.deployDirectory Deploying web application directory [D:\JavaSQL\Java8\apache-tomcat-8.5.24\webapps\ROOT]
03-Apr-2024 15:45:32.293 INFO [localhost-startStop-1] org.apache.jasper.servlet.TldScanner.scanJars At least one JAR was scanned for TLDs yet contained no TLDs. Enable debug logging for this logger for a complete list of JARs that were scanned but no TLDs were found in them. Skipping unneeded JARs during scanning can improve startup time and JSP compilation time.
03-Apr-2024 15:45:32.293 INFO [localhost-startStop-1] org.apache.catalina.startup.HostConfig.deployDirectory Deployment of web application directory [D:\JavaSQL\Java8\apache-tomcat-8.5.24\webapps\ROOT] has finished in [17] ms
03-Apr-2024 15:45:32.293 INFO [localhost-startStop-1] org.apache.catalina.startup.HostConfig.deployDirectory Deploying web application directory [D:\JavaSQL\Java8\apache-tomcat-8.5.24\webapps\SQLServer]
03-Apr-2024 15:45:32.311 INFO [localhost-startStop-1] org.apache.jasper.servlet.TldScanner.scanJars At least one JAR was scanned for TLDs yet contained no TLDs. Enable debug logging for this logger for a complete list of JARs that were scanned but no TLDs were found in them. Skipping unneeded JARs during scanning can improve startup time and JSP compilation time.
03-Apr-2024 15:45:32.311 INFO [localhost-startStop-1] org.apache.catalina.startup.HostConfig.deployDirectory Deployment of web application directory [D:\JavaSQL\Java8\apache-tomcat-8.5.24\webapps\SQLServer] has finished in [18] ms
03-Apr-2024 15:45:32.311 INFO [localhost-startStop-1] org.apache.catalina.startup.HostConfig.deployDirectory Deploying web application directory [D:\JavaSQL\Java8\apache-tomcat-8.5.24\webapps\Servlet1]
03-Apr-2024 15:45:32.325 INFO [localhost-startStop-1] org.apache.jasper.servlet.TldScanner.scanJars At least one JAR was scanned for TLDs yet contained no TLDs. Enable debug logging for this logger for a complete list of JARs that were scanned but no TLDs were found in them. Skipping unneeded JARs during scanning can improve startup time and JSP compilation time.
03-Apr-2024 15:45:32.327 INFO [localhost-startStop-1] org.apache.catalina.startup.HostConfig.deployDirectory Deployment of web application directory [D:\JavaSQL\Java8\apache-tomcat-8.5.24\webapps\Servlet1] has finished in [16] ms
03-Apr-2024 15:45:32.327 INFO [localhost-startStop-1] org.apache.catalina.startup.HostConfig.deployDirectory Deploying web application directory [D:\JavaSQL\Java8\apache-tomcat-8.5.24\webapps\Servlet2]
03-Apr-2024 15:45:32.340 INFO [localhost-startStop-1] org.apache.jasper.servlet.TldScanner.scanJars At least one JAR was scanned for TLDs yet contained no TLDs. Enable debug logging for this logger for a complete list of JARs that were scanned but no TLDs were found in them. Skipping unneeded JARs during scanning can improve startup time and JSP compilation time.
03-Apr-2024 15:45:32.344 INFO [localhost-startStop-1] org.apache.catalina.startup.HostConfig.deployDirectory Deployment of web application directory [D:\JavaSQL\Java8\apache-tomcat-8.5.24\webapps\Servlet2] has finished in [17] ms
03-Apr-2024 15:45:32.345 INFO [localhost-startStop-1] org.apache.catalina.startup.HostConfig.deployDirectory Deploying web application directory [D:\JavaSQL\Java8\apache-tomcat-8.5.24\webapps\Servlet3]
03-Apr-2024 15:45:32.356 INFO [localhost-startStop-1] org.apache.jasper.servlet.TldScanner.scanJars At least one JAR was scanned for TLDs yet contained no TLDs. Enable debug logging for this logger for a complete list of JARs that were scanned but no TLDs were found in them. Skipping unneeded JARs during scanning can improve startup time and JSP compilation time.
03-Apr-2024 15:45:32.356 INFO [localhost-startStop-1] org.apache.catalina.startup.HostConfig.deployDirectory Deployment of web application directory [D:\JavaSQL\Java8\apache-tomcat-8.5.24\webapps\Servlet3] has finished in [11] ms
03-Apr-2024 15:45:32.356 INFO [localhost-startStop-1] org.apache.catalina.startup.HostConfig.deployDirectory Deploying web application directory [D:\JavaSQL\Java8\apache-tomcat-8.5.24\webapps\Servlet4]
03-Apr-2024 15:45:32.359 INFO [localhost-startStop-1] org.apache.jasper.servlet.TldScanner.scanJars At least one JAR was scanned for TLDs yet contained no TLDs. Enable debug logging for this logger for a complete list of JARs that were scanned but no TLDs were found in them. Skipping unneeded JARs during scanning can improve startup time and JSP compilation time.
03-Apr-2024 15:45:32.372 INFO [localhost-startStop-1] org.apache.catalina.startup.HostConfig.deployDirectory Deployment of web application directory [D:\JavaSQL\Java8\apache-tomcat-8.5.24\webapps\Servlet4] has finished in [16] ms
03-Apr-2024 15:45:32.372 INFO [localhost-startStop-1] org.apache.catalina.startup.HostConfig.deployDirectory Deploying web application directory [D:\JavaSQL\Java8\apache-tomcat-8.5.24\webapps\Pract8]
03-Apr-2024 15:45:32.376 INFO [localhost-startStop-1] org.apache.jasper.servlet.TldScanner.scanJars At least one JAR was scanned for TLDs yet contained no TLDs. Enable debug logging for this logger for a complete list of JARs that were scanned but no TLDs were found in them. Skipping unneeded JARs during scanning can improve startup time and JSP compilation time.
03-Apr-2024 15:45:32.388 INFO [localhost-startStop-1] org.apache.catalina.startup.HostConfig.deployDirectory Deployment of web application directory [D:\JavaSQL\Java8\apache-tomcat-8.5.24\webapps\Pract8] has finished in [16] ms
03-Apr-2024 15:45:32.388 INFO [localhost-startStop-1] org.apache.catalina.startup.HostConfig.deployDirectory Deploying web application directory [D:\JavaSQL\Java8\apache-tomcat-8.5.24\webapps\Entrega]
03-Apr-2024 15:45:32.404 INFO [localhost-startStop-1] org.apache.jasper.servlet.TldScanner.scanJars At least one JAR was scanned for TLDs yet contained no TLDs. Enable debug logging for this logger for a complete list of JARs that were scanned but no TLDs were found in them. Skipping unneeded JARs during scanning can improve startup time and JSP compilation time.
03-Apr-2024 15:45:32.409 INFO [localhost-startStop-1] org.apache.catalina.startup.HostConfig.deployDirectory Deployment of web application directory [D:\JavaSQL\Java8\apache-tomcat-8.5.24\webapps\Entrega] has finished in [21] ms
03-Apr-2024 15:45:32.409 INFO [localhost-startStop-1] org.apache.catalina.startup.HostConfig.deployDirectory Deploying web application directory [D:\JavaSQL\Java8\apache-tomcat-8.5.24\webapps\matrices8]
03-Apr-2024 15:45:32.420 INFO [localhost-startStop-1] org.apache.jasper.servlet.TldScanner.scanJars At least one JAR was scanned for TLDs yet contained no TLDs. Enable debug logging for this logger for a complete list of JARs that were scanned but no TLDs were found in them. Skipping unneeded JARs during scanning can improve startup time and JSP compilation time.
03-Apr-2024 15:45:32.420 INFO [localhost-startStop-1] org.apache.catalina.startup.HostConfig.deployDirectory Deployment of web application directory [D:\JavaSQL\Java8\apache-tomcat-8.5.24\webapps\matrices8] has finished in [11] ms
03-Apr-2024 15:45:32.420 INFO [localhost-startStop-1] org.apache.catalina.startup.HostConfig.deployDirectory Deploying web application directory [D:\JavaSQL\Java8\apache-tomcat-8.5.24\webapps\TD_E18]
03-Apr-2024 15:45:32.436 INFO [localhost-startStop-1] org.apache.jasper.servlet.TldScanner.scanJars At least one JAR was scanned for TLDs yet contained no TLDs. Enable debug logging for this logger for a complete list of JARs that were scanned but no TLDs were found in them. Skipping unneeded JARs during scanning can improve startup time and JSP compilation time.
03-Apr-2024 15:45:32.444 INFO [localhost-startStop-1] org.apache.catalina.startup.HostConfig.deployDirectory Deployment of web application directory [D:\JavaSQL\Java8\apache-tomcat-8.5.24\webapps\TD_E18] has finished in [23] ms
03-Apr-2024 15:45:32.444 INFO [localhost-startStop-1] org.apache.catalina.startup.HostConfig.deployDirectory Deploying web application directory [D:\JavaSQL\Java8\apache-tomcat-8.5.24\webapps\TD_E30]
03-Apr-2024 15:45:32.476 INFO [localhost-startStop-1] org.apache.jasper.servlet.TldScanner.scanJars At least one JAR was scanned for TLDs yet contained no TLDs. Enable debug logging for this logger for a complete list of JARs that were scanned but no TLDs were found in them. Skipping unneeded JARs during scanning can improve startup time and JSP compilation time.
03-Apr-2024 15:45:32.476 INFO [localhost-startStop-1] org.apache.catalina.startup.HostConfig.deployDirectory Deployment of web application directory [D:\JavaSQL\Java8\apache-tomcat-8.5.24\webapps\TD_E30] has finished in [32] ms
03-Apr-2024 15:45:32.476 INFO [main] org.apache.coyote.AbstractProtocol.start Starting ProtocolHandler ["http-nio-8082"]
03-Apr-2024 15:45:32.476 INFO [main] org.apache.coyote.AbstractProtocol.start Starting ProtocolHandler ["ajp-nio-8009"]
03-Apr-2024 15:45:32.476 INFO [main] org.apache.catalina.startup.Catalina.start Server startup in 576 ms
03-Apr-2024 15:53:18.949 INFO [main] org.apache.catalina.core.StandardServer.await A valid shutdown command was received via the shutdown port. Stopping the Server instance.
03-Apr-2024 15:53:18.949 INFO [main] org.apache.coyote.AbstractProtocol.pause Pausing ProtocolHandler ["http-nio-8082"]
03-Apr-2024 15:53:19.292 INFO [main] org.apache.coyote.AbstractProtocol.pause Pausing ProtocolHandler ["ajp-nio-8009"]
03-Apr-2024 15:53:19.733 INFO [main] org.apache.catalina.core.StandardService.stopInternal Stopping service [Catalina]
03-Apr-2024 15:53:19.812 INFO [main] org.apache.coyote.AbstractProtocol.stop Stopping ProtocolHandler ["http-nio-8082"]
03-Apr-2024 15:53:19.812 INFO [main] org.apache.coyote.AbstractProtocol.stop Stopping ProtocolHandler ["ajp-nio-8009"]
03-Apr-2024 15:53:19.817 INFO [main] org.apache.coyote.AbstractProtocol.destroy Destroying ProtocolHandler ["http-nio-8082"]
03-Apr-2024 15:53:19.818 INFO [main] org.apache.coyote.AbstractProtocol.destroy Destroying ProtocolHandler ["ajp-nio-8009"]
03-Apr-2024 15:54:47.911 INFO [main] org.apache.catalina.startup.VersionLoggerListener.log Server version:        Apache Tomcat/8.5.24
03-Apr-2024 15:54:47.911 INFO [main] org.apache.catalina.startup.VersionLoggerListener.log Server built:          Nov 27 2017 13:05:30 UTC
03-Apr-2024 15:54:47.911 INFO [main] org.apache.catalina.startup.VersionLoggerListener.log Server number:         8.5.24.0
03-Apr-2024 15:54:47.911 INFO [main] org.apache.catalina.startup.VersionLoggerListener.log OS Name:               Windows 10
03-Apr-2024 15:54:47.911 INFO [main] org.apache.catalina.startup.VersionLoggerListener.log OS Version:            10.0
03-Apr-2024 15:54:47.911 INFO [main] org.apache.catalina.startup.VersionLoggerListener.log Architecture:          x86
03-Apr-2024 15:54:47.911 INFO [main] org.apache.catalina.startup.VersionLoggerListener.log Java Home:             D:\JavaSQL\Java8\jdk1.8.0_131\jre
03-Apr-2024 15:54:47.911 INFO [main] org.apache.catalina.startup.VersionLoggerListener.log JVM Version:           1.8.0_131-b11
03-Apr-2024 15:54:47.911 INFO [main] org.apache.catalina.startup.VersionLoggerListener.log JVM Vendor:            Oracle Corporation
03-Apr-2024 15:54:47.911 INFO [main] org.apache.catalina.startup.VersionLoggerListener.log CATALINA_BASE:         D:\JavaSQL\Java8\apache-tomcat-8.5.24
03-Apr-2024 15:54:47.911 INFO [main] org.apache.catalina.startup.VersionLoggerListener.log CATALINA_HOME:         D:\JavaSQL\Java8\apache-tomcat-8.5.24
03-Apr-2024 15:54:47.911 INFO [main] org.apache.catalina.startup.VersionLoggerListener.log Command line argument: -Djava.util.logging.config.file=D:\JavaSQL\Java8\apache-tomcat-8.5.24\conf\logging.properties
03-Apr-2024 15:54:47.911 INFO [main] org.apache.catalina.startup.VersionLoggerListener.log Command line argument: -Djava.util.logging.manager=org.apache.juli.ClassLoaderLogManager
03-Apr-2024 15:54:47.911 INFO [main] org.apache.catalina.startup.VersionLoggerListener.log Command line argument: -Djdk.tls.ephemeralDHKeySize=2048
03-Apr-2024 15:54:47.911 INFO [main] org.apache.catalina.startup.VersionLoggerListener.log Command line argument: -Djava.protocol.handler.pkgs=org.apache.catalina.webresources
03-Apr-2024 15:54:47.911 INFO [main] org.apache.catalina.startup.VersionLoggerListener.log Command line argument: -Dignore.endorsed.dirs=
03-Apr-2024 15:54:47.911 INFO [main] org.apache.catalina.startup.VersionLoggerListener.log Command line argument: -Dcatalina.base=D:\JavaSQL\Java8\apache-tomcat-8.5.24
03-Apr-2024 15:54:47.911 INFO [main] org.apache.catalina.startup.VersionLoggerListener.log Command line argument: -Dcatalina.home=D:\JavaSQL\Java8\apache-tomcat-8.5.24
03-Apr-2024 15:54:47.911 INFO [main] org.apache.catalina.startup.VersionLoggerListener.log Command line argument: -Djava.io.tmpdir=D:\JavaSQL\Java8\apache-tomcat-8.5.24\temp
03-Apr-2024 15:54:47.911 INFO [main] org.apache.catalina.core.AprLifecycleListener.lifecycleEvent The APR based Apache Tomcat Native library which allows optimal performance in production environments was not found on the java.library.path: [D:\JavaSQL\Java8\jdk1.8.0_131\bin;C:\WINDOWS\Sun\Java\bin;C:\WINDOWS\system32;C:\WINDOWS;D:\JavaSQL\Java8\jdk1.8.0_131\bin;D:\JavaSQL\Java8\jdk1.8.0_131\db\bin;D:\JavaSQL\Java8\squirrelsql-4.0.0-standard;D:\JavaSQL\Java8\apache-tomcat-8.5.24\bin;C:\WINDOWS\system32;C:\WINDOWS;C:\WINDOWS\System32\Wbem;C:\WINDOWS\System32\WindowsPowerShell\v1.0\;C:\WINDOWS\System32\OpenSSH\;C:\Program Files\dotnet\;C:\Users\Aldoa\Desktop\Infor\bin;C:\Users\Aldoa\AppData\Local\Microsoft\WindowsApps;;.]
03-Apr-2024 15:54:47.974 INFO [main] org.apache.coyote.AbstractProtocol.init Initializing ProtocolHandler ["http-nio-8082"]
03-Apr-2024 15:54:48.132 INFO [main] org.apache.tomcat.util.net.NioSelectorPool.getSharedSelector Using a shared selector for servlet write/read
03-Apr-2024 15:54:48.132 INFO [main] org.apache.coyote.AbstractProtocol.init Initializing ProtocolHandler ["ajp-nio-8009"]
03-Apr-2024 15:54:48.132 INFO [main] org.apache.tomcat.util.net.NioSelectorPool.getSharedSelector Using a shared selector for servlet write/read
03-Apr-2024 15:54:48.132 INFO [main] org.apache.catalina.startup.Catalina.load Initialization processed in 396 ms
03-Apr-2024 15:54:48.148 INFO [main] org.apache.catalina.core.StandardService.startInternal Starting service [Catalina]
03-Apr-2024 15:54:48.148 INFO [main] org.apache.catalina.core.StandardEngine.startInternal Starting Servlet Engine: Apache Tomcat/8.5.24
03-Apr-2024 15:54:48.148 INFO [localhost-startStop-1] org.apache.catalina.startup.HostConfig.deployDirectory Deploying web application directory [D:\JavaSQL\Java8\apache-tomcat-8.5.24\webapps\docs]
03-Apr-2024 15:54:48.290 INFO [localhost-startStop-1] org.apache.jasper.servlet.TldScanner.scanJars At least one JAR was scanned for TLDs yet contained no TLDs. Enable debug logging for this logger for a complete list of JARs that were scanned but no TLDs were found in them. Skipping unneeded JARs during scanning can improve startup time and JSP compilation time.
03-Apr-2024 15:54:48.319 INFO [localhost-startStop-1] org.apache.catalina.startup.HostConfig.deployDirectory Deployment of web application directory [D:\JavaSQL\Java8\apache-tomcat-8.5.24\webapps\docs] has finished in [171] ms
03-Apr-2024 15:54:48.319 INFO [localhost-startStop-1] org.apache.catalina.startup.HostConfig.deployDirectory Deploying web application directory [D:\JavaSQL\Java8\apache-tomcat-8.5.24\webapps\examples]
03-Apr-2024 15:54:48.432 INFO [localhost-startStop-1] org.apache.jasper.servlet.TldScanner.scanJars At least one JAR was scanned for TLDs yet contained no TLDs. Enable debug logging for this logger for a complete list of JARs that were scanned but no TLDs were found in them. Skipping unneeded JARs during scanning can improve startup time and JSP compilation time.
03-Apr-2024 15:54:48.448 INFO [localhost-startStop-1] org.apache.catalina.startup.HostConfig.deployDirectory Deployment of web application directory [D:\JavaSQL\Java8\apache-tomcat-8.5.24\webapps\examples] has finished in [129] ms
03-Apr-2024 15:54:48.448 INFO [localhost-startStop-1] org.apache.catalina.startup.HostConfig.deployDirectory Deploying web application directory [D:\JavaSQL\Java8\apache-tomcat-8.5.24\webapps\host-manager]
03-Apr-2024 15:54:48.463 INFO [localhost-startStop-1] org.apache.jasper.servlet.TldScanner.scanJars At least one JAR was scanned for TLDs yet contained no TLDs. Enable debug logging for this logger for a complete list of JARs that were scanned but no TLDs were found in them. Skipping unneeded JARs during scanning can improve startup time and JSP compilation time.
03-Apr-2024 15:54:48.479 INFO [localhost-startStop-1] org.apache.catalina.startup.HostConfig.deployDirectory Deployment of web application directory [D:\JavaSQL\Java8\apache-tomcat-8.5.24\webapps\host-manager] has finished in [31] ms
03-Apr-2024 15:54:48.479 INFO [localhost-startStop-1] org.apache.catalina.startup.HostConfig.deployDirectory Deploying web application directory [D:\JavaSQL\Java8\apache-tomcat-8.5.24\webapps\ROOT]
03-Apr-2024 15:54:48.479 INFO [localhost-startStop-1] org.apache.jasper.servlet.TldScanner.scanJars At least one JAR was scanned for TLDs yet contained no TLDs. Enable debug logging for this logger for a complete list of JARs that were scanned but no TLDs were found in them. Skipping unneeded JARs during scanning can improve startup time and JSP compilation time.
03-Apr-2024 15:54:48.479 INFO [localhost-startStop-1] org.apache.catalina.startup.HostConfig.deployDirectory Deployment of web application directory [D:\JavaSQL\Java8\apache-tomcat-8.5.24\webapps\ROOT] has finished in [0] ms
03-Apr-2024 15:54:48.479 INFO [localhost-startStop-1] org.apache.catalina.startup.HostConfig.deployDirectory Deploying web application directory [D:\JavaSQL\Java8\apache-tomcat-8.5.24\webapps\SQLServer]
03-Apr-2024 15:54:48.494 INFO [localhost-startStop-1] org.apache.jasper.servlet.TldScanner.scanJars At least one JAR was scanned for TLDs yet contained no TLDs. Enable debug logging for this logger for a complete list of JARs that were scanned but no TLDs were found in them. Skipping unneeded JARs during scanning can improve startup time and JSP compilation time.
03-Apr-2024 15:54:48.494 INFO [localhost-startStop-1] org.apache.catalina.startup.HostConfig.deployDirectory Deployment of web application directory [D:\JavaSQL\Java8\apache-tomcat-8.5.24\webapps\SQLServer] has finished in [15] ms
03-Apr-2024 15:54:48.494 INFO [localhost-startStop-1] org.apache.catalina.startup.HostConfig.deployDirectory Deploying web application directory [D:\JavaSQL\Java8\apache-tomcat-8.5.24\webapps\Servlet1]
03-Apr-2024 15:54:48.510 INFO [localhost-startStop-1] org.apache.jasper.servlet.TldScanner.scanJars At least one JAR was scanned for TLDs yet contained no TLDs. Enable debug logging for this logger for a complete list of JARs that were scanned but no TLDs were found in them. Skipping unneeded JARs during scanning can improve startup time and JSP compilation time.
03-Apr-2024 15:54:48.510 INFO [localhost-startStop-1] org.apache.catalina.startup.HostConfig.deployDirectory Deployment of web application directory [D:\JavaSQL\Java8\apache-tomcat-8.5.24\webapps\Servlet1] has finished in [16] ms
03-Apr-2024 15:54:48.510 INFO [localhost-startStop-1] org.apache.catalina.startup.HostConfig.deployDirectory Deploying web application directory [D:\JavaSQL\Java8\apache-tomcat-8.5.24\webapps\Servlet2]
03-Apr-2024 15:54:48.526 INFO [localhost-startStop-1] org.apache.jasper.servlet.TldScanner.scanJars At least one JAR was scanned for TLDs yet contained no TLDs. Enable debug logging for this logger for a complete list of JARs that were scanned but no TLDs were found in them. Skipping unneeded JARs during scanning can improve startup time and JSP compilation time.
03-Apr-2024 15:54:48.531 INFO [localhost-startStop-1] org.apache.catalina.startup.HostConfig.deployDirectory Deployment of web application directory [D:\JavaSQL\Java8\apache-tomcat-8.5.24\webapps\Servlet2] has finished in [21] ms
03-Apr-2024 15:54:48.531 INFO [localhost-startStop-1] org.apache.catalina.startup.HostConfig.deployDirectory Deploying web application directory [D:\JavaSQL\Java8\apache-tomcat-8.5.24\webapps\Servlet3]
03-Apr-2024 15:54:48.542 INFO [localhost-startStop-1] org.apache.jasper.servlet.TldScanner.scanJars At least one JAR was scanned for TLDs yet contained no TLDs. Enable debug logging for this logger for a complete list of JARs that were scanned but no TLDs were found in them. Skipping unneeded JARs during scanning can improve startup time and JSP compilation time.
03-Apr-2024 15:54:48.542 INFO [localhost-startStop-1] org.apache.catalina.startup.HostConfig.deployDirectory Deployment of web application directory [D:\JavaSQL\Java8\apache-tomcat-8.5.24\webapps\Servlet3] has finished in [11] ms
03-Apr-2024 15:54:48.542 INFO [localhost-startStop-1] org.apache.catalina.startup.HostConfig.deployDirectory Deploying web application directory [D:\JavaSQL\Java8\apache-tomcat-8.5.24\webapps\Servlet4]
03-Apr-2024 15:54:48.542 INFO [localhost-startStop-1] org.apache.jasper.servlet.TldScanner.scanJars At least one JAR was scanned for TLDs yet contained no TLDs. Enable debug logging for this logger for a complete list of JARs that were scanned but no TLDs were found in them. Skipping unneeded JARs during scanning can improve startup time and JSP compilation time.
03-Apr-2024 15:54:48.557 INFO [localhost-startStop-1] org.apache.catalina.startup.HostConfig.deployDirectory Deployment of web application directory [D:\JavaSQL\Java8\apache-tomcat-8.5.24\webapps\Servlet4] has finished in [15] ms
03-Apr-2024 15:54:48.557 INFO [localhost-startStop-1] org.apache.catalina.startup.HostConfig.deployDirectory Deploying web application directory [D:\JavaSQL\Java8\apache-tomcat-8.5.24\webapps\Pract8]
03-Apr-2024 15:54:48.557 INFO [localhost-startStop-1] org.apache.jasper.servlet.TldScanner.scanJars At least one JAR was scanned for TLDs yet contained no TLDs. Enable debug logging for this logger for a complete list of JARs that were scanned but no TLDs were found in them. Skipping unneeded JARs during scanning can improve startup time and JSP compilation time.
03-Apr-2024 15:54:48.557 INFO [localhost-startStop-1] org.apache.catalina.startup.HostConfig.deployDirectory Deployment of web application directory [D:\JavaSQL\Java8\apache-tomcat-8.5.24\webapps\Pract8] has finished in [0] ms
03-Apr-2024 15:54:48.557 INFO [localhost-startStop-1] org.apache.catalina.startup.HostConfig.deployDirectory Deploying web application directory [D:\JavaSQL\Java8\apache-tomcat-8.5.24\webapps\Entrega]
03-Apr-2024 15:54:48.573 INFO [localhost-startStop-1] org.apache.jasper.servlet.TldScanner.scanJars At least one JAR was scanned for TLDs yet contained no TLDs. Enable debug logging for this logger for a complete list of JARs that were scanned but no TLDs were found in them. Skipping unneeded JARs during scanning can improve startup time and JSP compilation time.
03-Apr-2024 15:54:48.589 INFO [localhost-startStop-1] org.apache.catalina.startup.HostConfig.deployDirectory Deployment of web application directory [D:\JavaSQL\Java8\apache-tomcat-8.5.24\webapps\Entrega] has finished in [32] ms
03-Apr-2024 15:54:48.589 INFO [localhost-startStop-1] org.apache.catalina.startup.HostConfig.deployDirectory Deploying web application directory [D:\JavaSQL\Java8\apache-tomcat-8.5.24\webapps\matrices8]
03-Apr-2024 15:54:48.589 INFO [localhost-startStop-1] org.apache.jasper.servlet.TldScanner.scanJars At least one JAR was scanned for TLDs yet contained no TLDs. Enable debug logging for this logger for a complete list of JARs that were scanned but no TLDs were found in them. Skipping unneeded JARs during scanning can improve startup time and JSP compilation time.
03-Apr-2024 15:54:48.589 INFO [localhost-startStop-1] org.apache.catalina.startup.HostConfig.deployDirectory Deployment of web application directory [D:\JavaSQL\Java8\apache-tomcat-8.5.24\webapps\matrices8] has finished in [0] ms
03-Apr-2024 15:54:48.589 INFO [localhost-startStop-1] org.apache.catalina.startup.HostConfig.deployDirectory Deploying web application directory [D:\JavaSQL\Java8\apache-tomcat-8.5.24\webapps\TD_E18]
03-Apr-2024 15:54:48.604 INFO [localhost-startStop-1] org.apache.jasper.servlet.TldScanner.scanJars At least one JAR was scanned for TLDs yet contained no TLDs. Enable debug logging for this logger for a complete list of JARs that were scanned but no TLDs were found in them. Skipping unneeded JARs during scanning can improve startup time and JSP compilation time.
03-Apr-2024 15:54:48.621 INFO [localhost-startStop-1] org.apache.catalina.startup.HostConfig.deployDirectory Deployment of web application directory [D:\JavaSQL\Java8\apache-tomcat-8.5.24\webapps\TD_E18] has finished in [32] ms
03-Apr-2024 15:54:48.621 INFO [localhost-startStop-1] org.apache.catalina.startup.HostConfig.deployDirectory Deploying web application directory [D:\JavaSQL\Java8\apache-tomcat-8.5.24\webapps\TD_E30]
03-Apr-2024 15:54:48.652 INFO [localhost-startStop-1] org.apache.jasper.servlet.TldScanner.scanJars At least one JAR was scanned for TLDs yet contained no TLDs. Enable debug logging for this logger for a complete list of JARs that were scanned but no TLDs were found in them. Skipping unneeded JARs during scanning can improve startup time and JSP compilation time.
03-Apr-2024 15:54:48.653 INFO [localhost-startStop-1] org.apache.catalina.startup.HostConfig.deployDirectory Deployment of web application directory [D:\JavaSQL\Java8\apache-tomcat-8.5.24\webapps\TD_E30] has finished in [32] ms
03-Apr-2024 15:54:48.653 INFO [main] org.apache.coyote.AbstractProtocol.start Starting ProtocolHandler ["http-nio-8082"]
03-Apr-2024 15:54:48.653 INFO [main] org.apache.coyote.AbstractProtocol.start Starting ProtocolHandler ["ajp-nio-8009"]
03-Apr-2024 15:54:48.653 INFO [main] org.apache.catalina.startup.Catalina.start Server startup in 521 ms
03-Apr-2024 15:59:55.882 INFO [main] org.apache.catalina.core.StandardServer.await A valid shutdown command was received via the shutdown port. Stopping the Server instance.
03-Apr-2024 15:59:55.882 INFO [main] org.apache.coyote.AbstractProtocol.pause Pausing ProtocolHandler ["http-nio-8082"]
03-Apr-2024 15:59:56.332 INFO [main] org.apache.coyote.AbstractProtocol.pause Pausing ProtocolHandler ["ajp-nio-8009"]
03-Apr-2024 15:59:56.793 INFO [main] org.apache.catalina.core.StandardService.stopInternal Stopping service [Catalina]
03-Apr-2024 15:59:56.865 INFO [main] org.apache.coyote.AbstractProtocol.stop Stopping ProtocolHandler ["http-nio-8082"]
03-Apr-2024 15:59:56.865 INFO [main] org.apache.coyote.AbstractProtocol.stop Stopping ProtocolHandler ["ajp-nio-8009"]
03-Apr-2024 15:59:56.872 INFO [main] org.apache.coyote.AbstractProtocol.destroy Destroying ProtocolHandler ["http-nio-8082"]
03-Apr-2024 15:59:56.873 INFO [main] org.apache.coyote.AbstractProtocol.destroy Destroying ProtocolHandler ["ajp-nio-8009"]
03-Apr-2024 16:00:07.208 INFO [main] org.apache.catalina.startup.VersionLoggerListener.log Server version:        Apache Tomcat/8.5.24
03-Apr-2024 16:00:07.208 INFO [main] org.apache.catalina.startup.VersionLoggerListener.log Server built:          Nov 27 2017 13:05:30 UTC
03-Apr-2024 16:00:07.219 INFO [main] org.apache.catalina.startup.VersionLoggerListener.log Server number:         8.5.24.0
03-Apr-2024 16:00:07.219 INFO [main] org.apache.catalina.startup.VersionLoggerListener.log OS Name:               Windows 10
03-Apr-2024 16:00:07.219 INFO [main] org.apache.catalina.startup.VersionLoggerListener.log OS Version:            10.0
03-Apr-2024 16:00:07.219 INFO [main] org.apache.catalina.startup.VersionLoggerListener.log Architecture:          x86
03-Apr-2024 16:00:07.219 INFO [main] org.apache.catalina.startup.VersionLoggerListener.log Java Home:             D:\JavaSQL\Java8\jdk1.8.0_131\jre
03-Apr-2024 16:00:07.219 INFO [main] org.apache.catalina.startup.VersionLoggerListener.log JVM Version:           1.8.0_131-b11
03-Apr-2024 16:00:07.219 INFO [main] org.apache.catalina.startup.VersionLoggerListener.log JVM Vendor:            Oracle Corporation
03-Apr-2024 16:00:07.221 INFO [main] org.apache.catalina.startup.VersionLoggerListener.log CATALINA_BASE:         D:\JavaSQL\Java8\apache-tomcat-8.5.24
03-Apr-2024 16:00:07.221 INFO [main] org.apache.catalina.startup.VersionLoggerListener.log CATALINA_HOME:         D:\JavaSQL\Java8\apache-tomcat-8.5.24
03-Apr-2024 16:00:07.221 INFO [main] org.apache.catalina.startup.VersionLoggerListener.log Command line argument: -Djava.util.logging.config.file=D:\JavaSQL\Java8\apache-tomcat-8.5.24\conf\logging.properties
03-Apr-2024 16:00:07.221 INFO [main] org.apache.catalina.startup.VersionLoggerListener.log Command line argument: -Djava.util.logging.manager=org.apache.juli.ClassLoaderLogManager
03-Apr-2024 16:00:07.221 INFO [main] org.apache.catalina.startup.VersionLoggerListener.log Command line argument: -Djdk.tls.ephemeralDHKeySize=2048
03-Apr-2024 16:00:07.221 INFO [main] org.apache.catalina.startup.VersionLoggerListener.log Command line argument: -Djava.protocol.handler.pkgs=org.apache.catalina.webresources
03-Apr-2024 16:00:07.221 INFO [main] org.apache.catalina.startup.VersionLoggerListener.log Command line argument: -Dignore.endorsed.dirs=
03-Apr-2024 16:00:07.221 INFO [main] org.apache.catalina.startup.VersionLoggerListener.log Command line argument: -Dcatalina.base=D:\JavaSQL\Java8\apache-tomcat-8.5.24
03-Apr-2024 16:00:07.221 INFO [main] org.apache.catalina.startup.VersionLoggerListener.log Command line argument: -Dcatalina.home=D:\JavaSQL\Java8\apache-tomcat-8.5.24
03-Apr-2024 16:00:07.221 INFO [main] org.apache.catalina.startup.VersionLoggerListener.log Command line argument: -Djava.io.tmpdir=D:\JavaSQL\Java8\apache-tomcat-8.5.24\temp
03-Apr-2024 16:00:07.221 INFO [main] org.apache.catalina.core.AprLifecycleListener.lifecycleEvent The APR based Apache Tomcat Native library which allows optimal performance in production environments was not found on the java.library.path: [D:\JavaSQL\Java8\jdk1.8.0_131\bin;C:\WINDOWS\Sun\Java\bin;C:\WINDOWS\system32;C:\WINDOWS;D:\JavaSQL\Java8\jdk1.8.0_131\bin;D:\JavaSQL\Java8\jdk1.8.0_131\db\bin;D:\JavaSQL\Java8\squirrelsql-4.0.0-standard;D:\JavaSQL\Java8\apache-tomcat-8.5.24\bin;C:\WINDOWS\system32;C:\WINDOWS;C:\WINDOWS\System32\Wbem;C:\WINDOWS\System32\WindowsPowerShell\v1.0\;C:\WINDOWS\System32\OpenSSH\;C:\Program Files\dotnet\;C:\Users\Aldoa\Desktop\Infor\bin;C:\Users\Aldoa\AppData\Local\Microsoft\WindowsApps;;.]
03-Apr-2024 16:00:07.274 INFO [main] org.apache.coyote.AbstractProtocol.init Initializing ProtocolHandler ["http-nio-8082"]
03-Apr-2024 16:00:07.442 INFO [main] org.apache.tomcat.util.net.NioSelectorPool.getSharedSelector Using a shared selector for servlet write/read
03-Apr-2024 16:00:07.442 INFO [main] org.apache.coyote.AbstractProtocol.init Initializing ProtocolHandler ["ajp-nio-8009"]
03-Apr-2024 16:00:07.455 INFO [main] org.apache.tomcat.util.net.NioSelectorPool.getSharedSelector Using a shared selector for servlet write/read
03-Apr-2024 16:00:07.455 INFO [main] org.apache.catalina.startup.Catalina.load Initialization processed in 413 ms
03-Apr-2024 16:00:07.463 INFO [main] org.apache.catalina.core.StandardService.startInternal Starting service [Catalina]
03-Apr-2024 16:00:07.463 INFO [main] org.apache.catalina.core.StandardEngine.startInternal Starting Servlet Engine: Apache Tomcat/8.5.24
03-Apr-2024 16:00:07.475 INFO [localhost-startStop-1] org.apache.catalina.startup.HostConfig.deployDirectory Deploying web application directory [D:\JavaSQL\Java8\apache-tomcat-8.5.24\webapps\docs]
03-Apr-2024 16:00:07.624 INFO [localhost-startStop-1] org.apache.jasper.servlet.TldScanner.scanJars At least one JAR was scanned for TLDs yet contained no TLDs. Enable debug logging for this logger for a complete list of JARs that were scanned but no TLDs were found in them. Skipping unneeded JARs during scanning can improve startup time and JSP compilation time.
03-Apr-2024 16:00:07.657 INFO [localhost-startStop-1] org.apache.catalina.startup.HostConfig.deployDirectory Deployment of web application directory [D:\JavaSQL\Java8\apache-tomcat-8.5.24\webapps\docs] has finished in [182] ms
03-Apr-2024 16:00:07.657 INFO [localhost-startStop-1] org.apache.catalina.startup.HostConfig.deployDirectory Deploying web application directory [D:\JavaSQL\Java8\apache-tomcat-8.5.24\webapps\examples]
03-Apr-2024 16:00:07.777 INFO [localhost-startStop-1] org.apache.jasper.servlet.TldScanner.scanJars At least one JAR was scanned for TLDs yet contained no TLDs. Enable debug logging for this logger for a complete list of JARs that were scanned but no TLDs were found in them. Skipping unneeded JARs during scanning can improve startup time and JSP compilation time.
03-Apr-2024 16:00:07.801 INFO [localhost-startStop-1] org.apache.catalina.startup.HostConfig.deployDirectory Deployment of web application directory [D:\JavaSQL\Java8\apache-tomcat-8.5.24\webapps\examples] has finished in [144] ms
03-Apr-2024 16:00:07.801 INFO [localhost-startStop-1] org.apache.catalina.startup.HostConfig.deployDirectory Deploying web application directory [D:\JavaSQL\Java8\apache-tomcat-8.5.24\webapps\host-manager]
03-Apr-2024 16:00:07.826 INFO [localhost-startStop-1] org.apache.jasper.servlet.TldScanner.scanJars At least one JAR was scanned for TLDs yet contained no TLDs. Enable debug logging for this logger for a complete list of JARs that were scanned but no TLDs were found in them. Skipping unneeded JARs during scanning can improve startup time and JSP compilation time.
03-Apr-2024 16:00:07.826 INFO [localhost-startStop-1] org.apache.catalina.startup.HostConfig.deployDirectory Deployment of web application directory [D:\JavaSQL\Java8\apache-tomcat-8.5.24\webapps\host-manager] has finished in [25] ms
03-Apr-2024 16:00:07.826 INFO [localhost-startStop-1] org.apache.catalina.startup.HostConfig.deployDirectory Deploying web application directory [D:\JavaSQL\Java8\apache-tomcat-8.5.24\webapps\ROOT]
03-Apr-2024 16:00:07.834 INFO [localhost-startStop-1] org.apache.jasper.servlet.TldScanner.scanJars At least one JAR was scanned for TLDs yet contained no TLDs. Enable debug logging for this logger for a complete list of JARs that were scanned but no TLDs were found in them. Skipping unneeded JARs during scanning can improve startup time and JSP compilation time.
03-Apr-2024 16:00:07.842 INFO [localhost-startStop-1] org.apache.catalina.startup.HostConfig.deployDirectory Deployment of web application directory [D:\JavaSQL\Java8\apache-tomcat-8.5.24\webapps\ROOT] has finished in [16] ms
03-Apr-2024 16:00:07.842 INFO [localhost-startStop-1] org.apache.catalina.startup.HostConfig.deployDirectory Deploying web application directory [D:\JavaSQL\Java8\apache-tomcat-8.5.24\webapps\SQLServer]
03-Apr-2024 16:00:07.844 INFO [localhost-startStop-1] org.apache.jasper.servlet.TldScanner.scanJars At least one JAR was scanned for TLDs yet contained no TLDs. Enable debug logging for this logger for a complete list of JARs that were scanned but no TLDs were found in them. Skipping unneeded JARs during scanning can improve startup time and JSP compilation time.
03-Apr-2024 16:00:07.858 INFO [localhost-startStop-1] org.apache.catalina.startup.HostConfig.deployDirectory Deployment of web application directory [D:\JavaSQL\Java8\apache-tomcat-8.5.24\webapps\SQLServer] has finished in [16] ms
03-Apr-2024 16:00:07.858 INFO [localhost-startStop-1] org.apache.catalina.startup.HostConfig.deployDirectory Deploying web application directory [D:\JavaSQL\Java8\apache-tomcat-8.5.24\webapps\Servlet1]
03-Apr-2024 16:00:07.860 INFO [localhost-startStop-1] org.apache.jasper.servlet.TldScanner.scanJars At least one JAR was scanned for TLDs yet contained no TLDs. Enable debug logging for this logger for a complete list of JARs that were scanned but no TLDs were found in them. Skipping unneeded JARs during scanning can improve startup time and JSP compilation time.
03-Apr-2024 16:00:07.860 INFO [localhost-startStop-1] org.apache.catalina.startup.HostConfig.deployDirectory Deployment of web application directory [D:\JavaSQL\Java8\apache-tomcat-8.5.24\webapps\Servlet1] has finished in [2] ms
03-Apr-2024 16:00:07.860 INFO [localhost-startStop-1] org.apache.catalina.startup.HostConfig.deployDirectory Deploying web application directory [D:\JavaSQL\Java8\apache-tomcat-8.5.24\webapps\Servlet2]
03-Apr-2024 16:00:07.874 INFO [localhost-startStop-1] org.apache.jasper.servlet.TldScanner.scanJars At least one JAR was scanned for TLDs yet contained no TLDs. Enable debug logging for this logger for a complete list of JARs that were scanned but no TLDs were found in them. Skipping unneeded JARs during scanning can improve startup time and JSP compilation time.
03-Apr-2024 16:00:07.874 INFO [localhost-startStop-1] org.apache.catalina.startup.HostConfig.deployDirectory Deployment of web application directory [D:\JavaSQL\Java8\apache-tomcat-8.5.24\webapps\Servlet2] has finished in [14] ms
03-Apr-2024 16:00:07.889 INFO [localhost-startStop-1] org.apache.catalina.startup.HostConfig.deployDirectory Deploying web application directory [D:\JavaSQL\Java8\apache-tomcat-8.5.24\webapps\Servlet3]
03-Apr-2024 16:00:07.892 INFO [localhost-startStop-1] org.apache.jasper.servlet.TldScanner.scanJars At least one JAR was scanned for TLDs yet contained no TLDs. Enable debug logging for this logger for a complete list of JARs that were scanned but no TLDs were found in them. Skipping unneeded JARs during scanning can improve startup time and JSP compilation time.
03-Apr-2024 16:00:07.892 INFO [localhost-startStop-1] org.apache.catalina.startup.HostConfig.deployDirectory Deployment of web application directory [D:\JavaSQL\Java8\apache-tomcat-8.5.24\webapps\Servlet3] has finished in [3] ms
03-Apr-2024 16:00:07.892 INFO [localhost-startStop-1] org.apache.catalina.startup.HostConfig.deployDirectory Deploying web application directory [D:\JavaSQL\Java8\apache-tomcat-8.5.24\webapps\Servlet4]
03-Apr-2024 16:00:07.908 INFO [localhost-startStop-1] org.apache.jasper.servlet.TldScanner.scanJars At least one JAR was scanned for TLDs yet contained no TLDs. Enable debug logging for this logger for a complete list of JARs that were scanned but no TLDs were found in them. Skipping unneeded JARs during scanning can improve startup time and JSP compilation time.
03-Apr-2024 16:00:07.908 INFO [localhost-startStop-1] org.apache.catalina.startup.HostConfig.deployDirectory Deployment of web application directory [D:\JavaSQL\Java8\apache-tomcat-8.5.24\webapps\Servlet4] has finished in [16] ms
03-Apr-2024 16:00:07.908 INFO [localhost-startStop-1] org.apache.catalina.startup.HostConfig.deployDirectory Deploying web application directory [D:\JavaSQL\Java8\apache-tomcat-8.5.24\webapps\Pract8]
03-Apr-2024 16:00:07.925 INFO [localhost-startStop-1] org.apache.jasper.servlet.TldScanner.scanJars At least one JAR was scanned for TLDs yet contained no TLDs. Enable debug logging for this logger for a complete list of JARs that were scanned but no TLDs were found in them. Skipping unneeded JARs during scanning can improve startup time and JSP compilation time.
03-Apr-2024 16:00:07.925 INFO [localhost-startStop-1] org.apache.catalina.startup.HostConfig.deployDirectory Deployment of web application directory [D:\JavaSQL\Java8\apache-tomcat-8.5.24\webapps\Pract8] has finished in [17] ms
03-Apr-2024 16:00:07.925 INFO [localhost-startStop-1] org.apache.catalina.startup.HostConfig.deployDirectory Deploying web application directory [D:\JavaSQL\Java8\apache-tomcat-8.5.24\webapps\Entrega]
03-Apr-2024 16:00:07.941 INFO [localhost-startStop-1] org.apache.jasper.servlet.TldScanner.scanJars At least one JAR was scanned for TLDs yet contained no TLDs. Enable debug logging for this logger for a complete list of JARs that were scanned but no TLDs were found in them. Skipping unneeded JARs during scanning can improve startup time and JSP compilation time.
03-Apr-2024 16:00:07.941 INFO [localhost-startStop-1] org.apache.catalina.startup.HostConfig.deployDirectory Deployment of web application directory [D:\JavaSQL\Java8\apache-tomcat-8.5.24\webapps\Entrega] has finished in [16] ms
03-Apr-2024 16:00:07.941 INFO [localhost-startStop-1] org.apache.catalina.startup.HostConfig.deployDirectory Deploying web application directory [D:\JavaSQL\Java8\apache-tomcat-8.5.24\webapps\matrices8]
03-Apr-2024 16:00:07.957 INFO [localhost-startStop-1] org.apache.jasper.servlet.TldScanner.scanJars At least one JAR was scanned for TLDs yet contained no TLDs. Enable debug logging for this logger for a complete list of JARs that were scanned but no TLDs were found in them. Skipping unneeded JARs during scanning can improve startup time and JSP compilation time.
03-Apr-2024 16:00:07.957 INFO [localhost-startStop-1] org.apache.catalina.startup.HostConfig.deployDirectory Deployment of web application directory [D:\JavaSQL\Java8\apache-tomcat-8.5.24\webapps\matrices8] has finished in [16] ms
03-Apr-2024 16:00:07.969 INFO [localhost-startStop-1] org.apache.catalina.startup.HostConfig.deployDirectory Deploying web application directory [D:\JavaSQL\Java8\apache-tomcat-8.5.24\webapps\TD_E18]
03-Apr-2024 16:00:07.985 INFO [localhost-startStop-1] org.apache.jasper.servlet.TldScanner.scanJars At least one JAR was scanned for TLDs yet contained no TLDs. Enable debug logging for this logger for a complete list of JARs that were scanned but no TLDs were found in them. Skipping unneeded JARs during scanning can improve startup time and JSP compilation time.
03-Apr-2024 16:00:07.985 INFO [localhost-startStop-1] org.apache.catalina.startup.HostConfig.deployDirectory Deployment of web application directory [D:\JavaSQL\Java8\apache-tomcat-8.5.24\webapps\TD_E18] has finished in [16] ms
03-Apr-2024 16:00:07.985 INFO [localhost-startStop-1] org.apache.catalina.startup.HostConfig.deployDirectory Deploying web application directory [D:\JavaSQL\Java8\apache-tomcat-8.5.24\webapps\TD_E30]
03-Apr-2024 16:00:08.029 INFO [localhost-startStop-1] org.apache.jasper.servlet.TldScanner.scanJars At least one JAR was scanned for TLDs yet contained no TLDs. Enable debug logging for this logger for a complete list of JARs that were scanned but no TLDs were found in them. Skipping unneeded JARs during scanning can improve startup time and JSP compilation time.
03-Apr-2024 16:00:08.029 INFO [localhost-startStop-1] org.apache.catalina.startup.HostConfig.deployDirectory Deployment of web application directory [D:\JavaSQL\Java8\apache-tomcat-8.5.24\webapps\TD_E30] has finished in [44] ms
03-Apr-2024 16:00:08.041 INFO [main] org.apache.coyote.AbstractProtocol.start Starting ProtocolHandler ["http-nio-8082"]
03-Apr-2024 16:00:08.041 INFO [main] org.apache.coyote.AbstractProtocol.start Starting ProtocolHandler ["ajp-nio-8009"]
03-Apr-2024 16:00:08.041 INFO [main] org.apache.catalina.startup.Catalina.start Server startup in 593 ms
03-Apr-2024 16:04:48.982 INFO [main] org.apache.catalina.core.StandardServer.await A valid shutdown command was received via the shutdown port. Stopping the Server instance.
03-Apr-2024 16:04:48.985 INFO [main] org.apache.coyote.AbstractProtocol.pause Pausing ProtocolHandler ["http-nio-8082"]
03-Apr-2024 16:04:49.421 INFO [main] org.apache.coyote.AbstractProtocol.pause Pausing ProtocolHandler ["ajp-nio-8009"]
03-Apr-2024 16:04:49.814 INFO [main] org.apache.catalina.core.StandardService.stopInternal Stopping service [Catalina]
03-Apr-2024 16:04:50.018 INFO [main] org.apache.coyote.AbstractProtocol.stop Stopping ProtocolHandler ["http-nio-8082"]
03-Apr-2024 16:04:50.018 INFO [main] org.apache.coyote.AbstractProtocol.stop Stopping ProtocolHandler ["ajp-nio-8009"]
03-Apr-2024 16:04:50.025 INFO [main] org.apache.coyote.AbstractProtocol.destroy Destroying ProtocolHandler ["http-nio-8082"]
03-Apr-2024 16:04:50.026 INFO [main] org.apache.coyote.AbstractProtocol.destroy Destroying ProtocolHandler ["ajp-nio-8009"]
03-Apr-2024 19:47:59.819 INFO [main] org.apache.catalina.startup.VersionLoggerListener.log Server version:        Apache Tomcat/8.5.24
03-Apr-2024 19:47:59.835 INFO [main] org.apache.catalina.startup.VersionLoggerListener.log Server built:          Nov 27 2017 13:05:30 UTC
03-Apr-2024 19:47:59.835 INFO [main] org.apache.catalina.startup.VersionLoggerListener.log Server number:         8.5.24.0
03-Apr-2024 19:47:59.835 INFO [main] org.apache.catalina.startup.VersionLoggerListener.log OS Name:               Windows 10
03-Apr-2024 19:47:59.835 INFO [main] org.apache.catalina.startup.VersionLoggerListener.log OS Version:            10.0
03-Apr-2024 19:47:59.848 INFO [main] org.apache.catalina.startup.VersionLoggerListener.log Architecture:          x86
03-Apr-2024 19:47:59.848 INFO [main] org.apache.catalina.startup.VersionLoggerListener.log Java Home:             D:\JavaSQL\Java8\jdk1.8.0_131\jre
03-Apr-2024 19:47:59.848 INFO [main] org.apache.catalina.startup.VersionLoggerListener.log JVM Version:           1.8.0_131-b11
03-Apr-2024 19:47:59.848 INFO [main] org.apache.catalina.startup.VersionLoggerListener.log JVM Vendor:            Oracle Corporation
03-Apr-2024 19:47:59.848 INFO [main] org.apache.catalina.startup.VersionLoggerListener.log CATALINA_BASE:         D:\JavaSQL\Java8\apache-tomcat-8.5.24
03-Apr-2024 19:47:59.848 INFO [main] org.apache.catalina.startup.VersionLoggerListener.log CATALINA_HOME:         D:\JavaSQL\Java8\apache-tomcat-8.5.24
03-Apr-2024 19:47:59.848 INFO [main] org.apache.catalina.startup.VersionLoggerListener.log Command line argument: -Djava.util.logging.config.file=D:\JavaSQL\Java8\apache-tomcat-8.5.24\conf\logging.properties
03-Apr-2024 19:47:59.848 INFO [main] org.apache.catalina.startup.VersionLoggerListener.log Command line argument: -Djava.util.logging.manager=org.apache.juli.ClassLoaderLogManager
03-Apr-2024 19:47:59.848 INFO [main] org.apache.catalina.startup.VersionLoggerListener.log Command line argument: -Djdk.tls.ephemeralDHKeySize=2048
03-Apr-2024 19:47:59.850 INFO [main] org.apache.catalina.startup.VersionLoggerListener.log Command line argument: -Djava.protocol.handler.pkgs=org.apache.catalina.webresources
03-Apr-2024 19:47:59.850 INFO [main] org.apache.catalina.startup.VersionLoggerListener.log Command line argument: -Dignore.endorsed.dirs=
03-Apr-2024 19:47:59.850 INFO [main] org.apache.catalina.startup.VersionLoggerListener.log Command line argument: -Dcatalina.base=D:\JavaSQL\Java8\apache-tomcat-8.5.24
03-Apr-2024 19:47:59.850 INFO [main] org.apache.catalina.startup.VersionLoggerListener.log Command line argument: -Dcatalina.home=D:\JavaSQL\Java8\apache-tomcat-8.5.24
03-Apr-2024 19:47:59.850 INFO [main] org.apache.catalina.startup.VersionLoggerListener.log Command line argument: -Djava.io.tmpdir=D:\JavaSQL\Java8\apache-tomcat-8.5.24\temp
03-Apr-2024 19:47:59.850 INFO [main] org.apache.catalina.core.AprLifecycleListener.lifecycleEvent The APR based Apache Tomcat Native library which allows optimal performance in production environments was not found on the java.library.path: [D:\JavaSQL\Java8\jdk1.8.0_131\bin;C:\WINDOWS\Sun\Java\bin;C:\WINDOWS\system32;C:\WINDOWS;D:\JavaSQL\Java8\jdk1.8.0_131\bin;D:\JavaSQL\Java8\jdk1.8.0_131\db\bin;D:\JavaSQL\Java8\squirrelsql-4.0.0-standard;D:\JavaSQL\Java8\apache-tomcat-8.5.24\bin;C:\WINDOWS\system32;C:\WINDOWS;C:\WINDOWS\System32\Wbem;C:\WINDOWS\System32\WindowsPowerShell\v1.0\;C:\WINDOWS\System32\OpenSSH\;C:\Program Files\dotnet\;C:\Users\Aldoa\Desktop\Infor\bin;C:\Users\Aldoa\AppData\Local\Microsoft\WindowsApps;;.]
03-Apr-2024 19:48:00.853 INFO [main] org.apache.coyote.AbstractProtocol.init Initializing ProtocolHandler ["http-nio-8082"]
03-Apr-2024 19:48:01.815 INFO [main] org.apache.tomcat.util.net.NioSelectorPool.getSharedSelector Using a shared selector for servlet write/read
03-Apr-2024 19:48:01.850 INFO [main] org.apache.coyote.AbstractProtocol.init Initializing ProtocolHandler ["ajp-nio-8009"]
03-Apr-2024 19:48:01.850 INFO [main] org.apache.tomcat.util.net.NioSelectorPool.getSharedSelector Using a shared selector for servlet write/read
03-Apr-2024 19:48:01.850 INFO [main] org.apache.catalina.startup.Catalina.load Initialization processed in 4778 ms
03-Apr-2024 19:48:02.005 INFO [main] org.apache.catalina.core.StandardService.startInternal Starting service [Catalina]
03-Apr-2024 19:48:02.005 INFO [main] org.apache.catalina.core.StandardEngine.startInternal Starting Servlet Engine: Apache Tomcat/8.5.24
03-Apr-2024 19:48:02.073 INFO [localhost-startStop-1] org.apache.catalina.startup.HostConfig.deployDirectory Deploying web application directory [D:\JavaSQL\Java8\apache-tomcat-8.5.24\webapps\docs]
03-Apr-2024 19:48:03.493 INFO [localhost-startStop-1] org.apache.jasper.servlet.TldScanner.scanJars At least one JAR was scanned for TLDs yet contained no TLDs. Enable debug logging for this logger for a complete list of JARs that were scanned but no TLDs were found in them. Skipping unneeded JARs during scanning can improve startup time and JSP compilation time.
03-Apr-2024 19:48:03.733 INFO [localhost-startStop-1] org.apache.catalina.startup.HostConfig.deployDirectory Deployment of web application directory [D:\JavaSQL\Java8\apache-tomcat-8.5.24\webapps\docs] has finished in [1,650] ms
03-Apr-2024 19:48:03.733 INFO [localhost-startStop-1] org.apache.catalina.startup.HostConfig.deployDirectory Deploying web application directory [D:\JavaSQL\Java8\apache-tomcat-8.5.24\webapps\examples]
03-Apr-2024 19:48:06.699 INFO [localhost-startStop-1] org.apache.jasper.servlet.TldScanner.scanJars At least one JAR was scanned for TLDs yet contained no TLDs. Enable debug logging for this logger for a complete list of JARs that were scanned but no TLDs were found in them. Skipping unneeded JARs during scanning can improve startup time and JSP compilation time.
03-Apr-2024 19:48:06.779 INFO [localhost-startStop-1] org.apache.catalina.startup.HostConfig.deployDirectory Deployment of web application directory [D:\JavaSQL\Java8\apache-tomcat-8.5.24\webapps\examples] has finished in [3,046] ms
03-Apr-2024 19:48:06.779 INFO [localhost-startStop-1] org.apache.catalina.startup.HostConfig.deployDirectory Deploying web application directory [D:\JavaSQL\Java8\apache-tomcat-8.5.24\webapps\host-manager]
03-Apr-2024 19:48:06.904 INFO [localhost-startStop-1] org.apache.jasper.servlet.TldScanner.scanJars At least one JAR was scanned for TLDs yet contained no TLDs. Enable debug logging for this logger for a complete list of JARs that were scanned but no TLDs were found in them. Skipping unneeded JARs during scanning can improve startup time and JSP compilation time.
03-Apr-2024 19:48:06.913 INFO [localhost-startStop-1] org.apache.catalina.startup.HostConfig.deployDirectory Deployment of web application directory [D:\JavaSQL\Java8\apache-tomcat-8.5.24\webapps\host-manager] has finished in [134] ms
03-Apr-2024 19:48:06.913 INFO [localhost-startStop-1] org.apache.catalina.startup.HostConfig.deployDirectory Deploying web application directory [D:\JavaSQL\Java8\apache-tomcat-8.5.24\webapps\ROOT]
03-Apr-2024 19:48:06.970 INFO [localhost-startStop-1] org.apache.jasper.servlet.TldScanner.scanJars At least one JAR was scanned for TLDs yet contained no TLDs. Enable debug logging for this logger for a complete list of JARs that were scanned but no TLDs were found in them. Skipping unneeded JARs during scanning can improve startup time and JSP compilation time.
03-Apr-2024 19:48:06.979 INFO [localhost-startStop-1] org.apache.catalina.startup.HostConfig.deployDirectory Deployment of web application directory [D:\JavaSQL\Java8\apache-tomcat-8.5.24\webapps\ROOT] has finished in [66] ms
03-Apr-2024 19:48:06.979 INFO [localhost-startStop-1] org.apache.catalina.startup.HostConfig.deployDirectory Deploying web application directory [D:\JavaSQL\Java8\apache-tomcat-8.5.24\webapps\SQLServer]
03-Apr-2024 19:48:07.103 INFO [localhost-startStop-1] org.apache.jasper.servlet.TldScanner.scanJars At least one JAR was scanned for TLDs yet contained no TLDs. Enable debug logging for this logger for a complete list of JARs that were scanned but no TLDs were found in them. Skipping unneeded JARs during scanning can improve startup time and JSP compilation time.
03-Apr-2024 19:48:07.146 INFO [localhost-startStop-1] org.apache.catalina.startup.HostConfig.deployDirectory Deployment of web application directory [D:\JavaSQL\Java8\apache-tomcat-8.5.24\webapps\SQLServer] has finished in [167] ms
03-Apr-2024 19:48:07.146 INFO [localhost-startStop-1] org.apache.catalina.startup.HostConfig.deployDirectory Deploying web application directory [D:\JavaSQL\Java8\apache-tomcat-8.5.24\webapps\Servlet1]
03-Apr-2024 19:48:07.237 INFO [localhost-startStop-1] org.apache.jasper.servlet.TldScanner.scanJars At least one JAR was scanned for TLDs yet contained no TLDs. Enable debug logging for this logger for a complete list of JARs that were scanned but no TLDs were found in them. Skipping unneeded JARs during scanning can improve startup time and JSP compilation time.
03-Apr-2024 19:48:07.248 INFO [localhost-startStop-1] org.apache.catalina.startup.HostConfig.deployDirectory Deployment of web application directory [D:\JavaSQL\Java8\apache-tomcat-8.5.24\webapps\Servlet1] has finished in [102] ms
03-Apr-2024 19:48:07.248 INFO [localhost-startStop-1] org.apache.catalina.startup.HostConfig.deployDirectory Deploying web application directory [D:\JavaSQL\Java8\apache-tomcat-8.5.24\webapps\Servlet2]
03-Apr-2024 19:48:07.346 INFO [localhost-startStop-1] org.apache.jasper.servlet.TldScanner.scanJars At least one JAR was scanned for TLDs yet contained no TLDs. Enable debug logging for this logger for a complete list of JARs that were scanned but no TLDs were found in them. Skipping unneeded JARs during scanning can improve startup time and JSP compilation time.
03-Apr-2024 19:48:07.351 INFO [localhost-startStop-1] org.apache.catalina.startup.HostConfig.deployDirectory Deployment of web application directory [D:\JavaSQL\Java8\apache-tomcat-8.5.24\webapps\Servlet2] has finished in [103] ms
03-Apr-2024 19:48:07.351 INFO [localhost-startStop-1] org.apache.catalina.startup.HostConfig.deployDirectory Deploying web application directory [D:\JavaSQL\Java8\apache-tomcat-8.5.24\webapps\Servlet3]
03-Apr-2024 19:48:07.447 INFO [localhost-startStop-1] org.apache.jasper.servlet.TldScanner.scanJars At least one JAR was scanned for TLDs yet contained no TLDs. Enable debug logging for this logger for a complete list of JARs that were scanned but no TLDs were found in them. Skipping unneeded JARs during scanning can improve startup time and JSP compilation time.
03-Apr-2024 19:48:07.450 INFO [localhost-startStop-1] org.apache.catalina.startup.HostConfig.deployDirectory Deployment of web application directory [D:\JavaSQL\Java8\apache-tomcat-8.5.24\webapps\Servlet3] has finished in [99] ms
03-Apr-2024 19:48:07.455 INFO [localhost-startStop-1] org.apache.catalina.startup.HostConfig.deployDirectory Deploying web application directory [D:\JavaSQL\Java8\apache-tomcat-8.5.24\webapps\Servlet4]
03-Apr-2024 19:48:07.539 INFO [localhost-startStop-1] org.apache.jasper.servlet.TldScanner.scanJars At least one JAR was scanned for TLDs yet contained no TLDs. Enable debug logging for this logger for a complete list of JARs that were scanned but no TLDs were found in them. Skipping unneeded JARs during scanning can improve startup time and JSP compilation time.
03-Apr-2024 19:48:07.547 INFO [localhost-startStop-1] org.apache.catalina.startup.HostConfig.deployDirectory Deployment of web application directory [D:\JavaSQL\Java8\apache-tomcat-8.5.24\webapps\Servlet4] has finished in [92] ms
03-Apr-2024 19:48:07.547 INFO [localhost-startStop-1] org.apache.catalina.startup.HostConfig.deployDirectory Deploying web application directory [D:\JavaSQL\Java8\apache-tomcat-8.5.24\webapps\Pract8]
03-Apr-2024 19:48:07.678 INFO [localhost-startStop-1] org.apache.jasper.servlet.TldScanner.scanJars At least one JAR was scanned for TLDs yet contained no TLDs. Enable debug logging for this logger for a complete list of JARs that were scanned but no TLDs were found in them. Skipping unneeded JARs during scanning can improve startup time and JSP compilation time.
03-Apr-2024 19:48:07.685 INFO [localhost-startStop-1] org.apache.catalina.startup.HostConfig.deployDirectory Deployment of web application directory [D:\JavaSQL\Java8\apache-tomcat-8.5.24\webapps\Pract8] has finished in [138] ms
03-Apr-2024 19:48:07.685 INFO [localhost-startStop-1] org.apache.catalina.startup.HostConfig.deployDirectory Deploying web application directory [D:\JavaSQL\Java8\apache-tomcat-8.5.24\webapps\Entrega]
03-Apr-2024 19:48:07.757 INFO [localhost-startStop-1] org.apache.jasper.servlet.TldScanner.scanJars At least one JAR was scanned for TLDs yet contained no TLDs. Enable debug logging for this logger for a complete list of JARs that were scanned but no TLDs were found in them. Skipping unneeded JARs during scanning can improve startup time and JSP compilation time.
03-Apr-2024 19:48:07.757 INFO [localhost-startStop-1] org.apache.catalina.startup.HostConfig.deployDirectory Deployment of web application directory [D:\JavaSQL\Java8\apache-tomcat-8.5.24\webapps\Entrega] has finished in [72] ms
03-Apr-2024 19:48:07.765 INFO [localhost-startStop-1] org.apache.catalina.startup.HostConfig.deployDirectory Deploying web application directory [D:\JavaSQL\Java8\apache-tomcat-8.5.24\webapps\matrices8]
03-Apr-2024 19:48:07.912 INFO [localhost-startStop-1] org.apache.jasper.servlet.TldScanner.scanJars At least one JAR was scanned for TLDs yet contained no TLDs. Enable debug logging for this logger for a complete list of JARs that were scanned but no TLDs were found in them. Skipping unneeded JARs during scanning can improve startup time and JSP compilation time.
03-Apr-2024 19:48:07.930 INFO [localhost-startStop-1] org.apache.catalina.startup.HostConfig.deployDirectory Deployment of web application directory [D:\JavaSQL\Java8\apache-tomcat-8.5.24\webapps\matrices8] has finished in [173] ms
03-Apr-2024 19:48:07.930 INFO [localhost-startStop-1] org.apache.catalina.startup.HostConfig.deployDirectory Deploying web application directory [D:\JavaSQL\Java8\apache-tomcat-8.5.24\webapps\TD_E18]
03-Apr-2024 19:48:08.216 INFO [localhost-startStop-1] org.apache.jasper.servlet.TldScanner.scanJars At least one JAR was scanned for TLDs yet contained no TLDs. Enable debug logging for this logger for a complete list of JARs that were scanned but no TLDs were found in them. Skipping unneeded JARs during scanning can improve startup time and JSP compilation time.
03-Apr-2024 19:48:08.216 INFO [localhost-startStop-1] org.apache.catalina.startup.HostConfig.deployDirectory Deployment of web application directory [D:\JavaSQL\Java8\apache-tomcat-8.5.24\webapps\TD_E18] has finished in [286] ms
03-Apr-2024 19:48:08.216 INFO [localhost-startStop-1] org.apache.catalina.startup.HostConfig.deployDirectory Deploying web application directory [D:\JavaSQL\Java8\apache-tomcat-8.5.24\webapps\TD_E30]
03-Apr-2024 19:48:08.313 INFO [localhost-startStop-1] org.apache.jasper.servlet.TldScanner.scanJars At least one JAR was scanned for TLDs yet contained no TLDs. Enable debug logging for this logger for a complete list of JARs that were scanned but no TLDs were found in them. Skipping unneeded JARs during scanning can improve startup time and JSP compilation time.
03-Apr-2024 19:48:08.313 INFO [localhost-startStop-1] org.apache.catalina.startup.HostConfig.deployDirectory Deployment of web application directory [D:\JavaSQL\Java8\apache-tomcat-8.5.24\webapps\TD_E30] has finished in [97] ms
03-Apr-2024 19:48:08.313 INFO [localhost-startStop-1] org.apache.catalina.startup.HostConfig.deployDirectory Deploying web application directory [D:\JavaSQL\Java8\apache-tomcat-8.5.24\webapps\TD_E31]
03-Apr-2024 19:48:08.539 INFO [localhost-startStop-1] org.apache.jasper.servlet.TldScanner.scanJars At least one JAR was scanned for TLDs yet contained no TLDs. Enable debug logging for this logger for a complete list of JARs that were scanned but no TLDs were found in them. Skipping unneeded JARs during scanning can improve startup time and JSP compilation time.
03-Apr-2024 19:48:08.545 INFO [localhost-startStop-1] org.apache.catalina.startup.HostConfig.deployDirectory Deployment of web application directory [D:\JavaSQL\Java8\apache-tomcat-8.5.24\webapps\TD_E31] has finished in [232] ms
03-Apr-2024 19:48:08.547 INFO [main] org.apache.coyote.AbstractProtocol.start Starting ProtocolHandler ["http-nio-8082"]
03-Apr-2024 19:48:08.564 INFO [main] org.apache.coyote.AbstractProtocol.start Starting ProtocolHandler ["ajp-nio-8009"]
03-Apr-2024 19:48:08.573 INFO [main] org.apache.catalina.startup.Catalina.start Server startup in 6720 ms
03-Apr-2024 19:52:25.691 INFO [main] org.apache.catalina.core.StandardServer.await A valid shutdown command was received via the shutdown port. Stopping the Server instance.
03-Apr-2024 19:52:25.691 INFO [main] org.apache.coyote.AbstractProtocol.pause Pausing ProtocolHandler ["http-nio-8082"]
03-Apr-2024 19:52:26.057 INFO [main] org.apache.coyote.AbstractProtocol.pause Pausing ProtocolHandler ["ajp-nio-8009"]
03-Apr-2024 19:52:26.491 INFO [main] org.apache.catalina.core.StandardService.stopInternal Stopping service [Catalina]
03-Apr-2024 19:52:26.666 INFO [main] org.apache.coyote.AbstractProtocol.stop Stopping ProtocolHandler ["http-nio-8082"]
03-Apr-2024 19:52:26.666 INFO [main] org.apache.coyote.AbstractProtocol.stop Stopping ProtocolHandler ["ajp-nio-8009"]
03-Apr-2024 19:52:26.682 INFO [main] org.apache.coyote.AbstractProtocol.destroy Destroying ProtocolHandler ["http-nio-8082"]
03-Apr-2024 19:52:26.683 INFO [main] org.apache.coyote.AbstractProtocol.destroy Destroying ProtocolHandler ["ajp-nio-8009"]
03-Apr-2024 20:47:17.147 INFO [main] org.apache.catalina.startup.VersionLoggerListener.log Server version:        Apache Tomcat/8.5.24
03-Apr-2024 20:47:17.147 INFO [main] org.apache.catalina.startup.VersionLoggerListener.log Server built:          Nov 27 2017 13:05:30 UTC
03-Apr-2024 20:47:17.147 INFO [main] org.apache.catalina.startup.VersionLoggerListener.log Server number:         8.5.24.0
03-Apr-2024 20:47:17.163 INFO [main] org.apache.catalina.startup.VersionLoggerListener.log OS Name:               Windows 10
03-Apr-2024 20:47:17.163 INFO [main] org.apache.catalina.startup.VersionLoggerListener.log OS Version:            10.0
03-Apr-2024 20:47:17.163 INFO [main] org.apache.catalina.startup.VersionLoggerListener.log Architecture:          x86
03-Apr-2024 20:47:17.164 INFO [main] org.apache.catalina.startup.VersionLoggerListener.log Java Home:             D:\JavaSQL\Java8\jdk1.8.0_131\jre
03-Apr-2024 20:47:17.164 INFO [main] org.apache.catalina.startup.VersionLoggerListener.log JVM Version:           1.8.0_131-b11
03-Apr-2024 20:47:17.165 INFO [main] org.apache.catalina.startup.VersionLoggerListener.log JVM Vendor:            Oracle Corporation
03-Apr-2024 20:47:17.165 INFO [main] org.apache.catalina.startup.VersionLoggerListener.log CATALINA_BASE:         D:\JavaSQL\Java8\apache-tomcat-8.5.24
03-Apr-2024 20:47:17.165 INFO [main] org.apache.catalina.startup.VersionLoggerListener.log CATALINA_HOME:         D:\JavaSQL\Java8\apache-tomcat-8.5.24
03-Apr-2024 20:47:17.165 INFO [main] org.apache.catalina.startup.VersionLoggerListener.log Command line argument: -Djava.util.logging.config.file=D:\JavaSQL\Java8\apache-tomcat-8.5.24\conf\logging.properties
03-Apr-2024 20:47:17.165 INFO [main] org.apache.catalina.startup.VersionLoggerListener.log Command line argument: -Djava.util.logging.manager=org.apache.juli.ClassLoaderLogManager
03-Apr-2024 20:47:17.165 INFO [main] org.apache.catalina.startup.VersionLoggerListener.log Command line argument: -Djdk.tls.ephemeralDHKeySize=2048
03-Apr-2024 20:47:17.165 INFO [main] org.apache.catalina.startup.VersionLoggerListener.log Command line argument: -Djava.protocol.handler.pkgs=org.apache.catalina.webresources
03-Apr-2024 20:47:17.165 INFO [main] org.apache.catalina.startup.VersionLoggerListener.log Command line argument: -Dignore.endorsed.dirs=
03-Apr-2024 20:47:17.165 INFO [main] org.apache.catalina.startup.VersionLoggerListener.log Command line argument: -Dcatalina.base=D:\JavaSQL\Java8\apache-tomcat-8.5.24
03-Apr-2024 20:47:17.165 INFO [main] org.apache.catalina.startup.VersionLoggerListener.log Command line argument: -Dcatalina.home=D:\JavaSQL\Java8\apache-tomcat-8.5.24
03-Apr-2024 20:47:17.165 INFO [main] org.apache.catalina.startup.VersionLoggerListener.log Command line argument: -Djava.io.tmpdir=D:\JavaSQL\Java8\apache-tomcat-8.5.24\temp
03-Apr-2024 20:47:17.165 INFO [main] org.apache.catalina.core.AprLifecycleListener.lifecycleEvent The APR based Apache Tomcat Native library which allows optimal performance in production environments was not found on the java.library.path: [D:\JavaSQL\Java8\jdk1.8.0_131\bin;C:\WINDOWS\Sun\Java\bin;C:\WINDOWS\system32;C:\WINDOWS;D:\JavaSQL\Java8\jdk1.8.0_131\bin;D:\JavaSQL\Java8\jdk1.8.0_131\db\bin;D:\JavaSQL\Java8\squirrelsql-4.0.0-standard;D:\JavaSQL\Java8\apache-tomcat-8.5.24\bin;C:\WINDOWS\system32;C:\WINDOWS;C:\WINDOWS\System32\Wbem;C:\WINDOWS\System32\WindowsPowerShell\v1.0\;C:\WINDOWS\System32\OpenSSH\;C:\Program Files\dotnet\;C:\Users\Aldoa\Desktop\Infor\bin;C:\Users\Aldoa\AppData\Local\Microsoft\WindowsApps;;.]
03-Apr-2024 20:47:17.243 INFO [main] org.apache.coyote.AbstractProtocol.init Initializing ProtocolHandler ["http-nio-8082"]
03-Apr-2024 20:47:17.418 INFO [main] org.apache.tomcat.util.net.NioSelectorPool.getSharedSelector Using a shared selector for servlet write/read
03-Apr-2024 20:47:17.418 INFO [main] org.apache.coyote.AbstractProtocol.init Initializing ProtocolHandler ["ajp-nio-8009"]
03-Apr-2024 20:47:17.433 INFO [main] org.apache.tomcat.util.net.NioSelectorPool.getSharedSelector Using a shared selector for servlet write/read
03-Apr-2024 20:47:17.433 INFO [main] org.apache.catalina.startup.Catalina.load Initialization processed in 461 ms
03-Apr-2024 20:47:17.449 INFO [main] org.apache.catalina.core.StandardService.startInternal Starting service [Catalina]
03-Apr-2024 20:47:17.449 INFO [main] org.apache.catalina.core.StandardEngine.startInternal Starting Servlet Engine: Apache Tomcat/8.5.24
03-Apr-2024 20:47:17.449 INFO [localhost-startStop-1] org.apache.catalina.startup.HostConfig.deployDirectory Deploying web application directory [D:\JavaSQL\Java8\apache-tomcat-8.5.24\webapps\docs]
03-Apr-2024 20:47:17.599 INFO [localhost-startStop-1] org.apache.jasper.servlet.TldScanner.scanJars At least one JAR was scanned for TLDs yet contained no TLDs. Enable debug logging for this logger for a complete list of JARs that were scanned but no TLDs were found in them. Skipping unneeded JARs during scanning can improve startup time and JSP compilation time.
03-Apr-2024 20:47:17.633 INFO [localhost-startStop-1] org.apache.catalina.startup.HostConfig.deployDirectory Deployment of web application directory [D:\JavaSQL\Java8\apache-tomcat-8.5.24\webapps\docs] has finished in [184] ms
03-Apr-2024 20:47:17.633 INFO [localhost-startStop-1] org.apache.catalina.startup.HostConfig.deployDirectory Deploying web application directory [D:\JavaSQL\Java8\apache-tomcat-8.5.24\webapps\examples]
03-Apr-2024 20:47:17.788 INFO [localhost-startStop-1] org.apache.jasper.servlet.TldScanner.scanJars At least one JAR was scanned for TLDs yet contained no TLDs. Enable debug logging for this logger for a complete list of JARs that were scanned but no TLDs were found in them. Skipping unneeded JARs during scanning can improve startup time and JSP compilation time.
03-Apr-2024 20:47:17.820 INFO [localhost-startStop-1] org.apache.catalina.startup.HostConfig.deployDirectory Deployment of web application directory [D:\JavaSQL\Java8\apache-tomcat-8.5.24\webapps\examples] has finished in [187] ms
03-Apr-2024 20:47:17.820 INFO [localhost-startStop-1] org.apache.catalina.startup.HostConfig.deployDirectory Deploying web application directory [D:\JavaSQL\Java8\apache-tomcat-8.5.24\webapps\host-manager]
03-Apr-2024 20:47:17.851 INFO [localhost-startStop-1] org.apache.jasper.servlet.TldScanner.scanJars At least one JAR was scanned for TLDs yet contained no TLDs. Enable debug logging for this logger for a complete list of JARs that were scanned but no TLDs were found in them. Skipping unneeded JARs during scanning can improve startup time and JSP compilation time.
03-Apr-2024 20:47:17.851 INFO [localhost-startStop-1] org.apache.catalina.startup.HostConfig.deployDirectory Deployment of web application directory [D:\JavaSQL\Java8\apache-tomcat-8.5.24\webapps\host-manager] has finished in [31] ms
03-Apr-2024 20:47:17.851 INFO [localhost-startStop-1] org.apache.catalina.startup.HostConfig.deployDirectory Deploying web application directory [D:\JavaSQL\Java8\apache-tomcat-8.5.24\webapps\ROOT]
03-Apr-2024 20:47:17.867 INFO [localhost-startStop-1] org.apache.jasper.servlet.TldScanner.scanJars At least one JAR was scanned for TLDs yet contained no TLDs. Enable debug logging for this logger for a complete list of JARs that were scanned but no TLDs were found in them. Skipping unneeded JARs during scanning can improve startup time and JSP compilation time.
03-Apr-2024 20:47:17.867 INFO [localhost-startStop-1] org.apache.catalina.startup.HostConfig.deployDirectory Deployment of web application directory [D:\JavaSQL\Java8\apache-tomcat-8.5.24\webapps\ROOT] has finished in [16] ms
03-Apr-2024 20:47:17.867 INFO [localhost-startStop-1] org.apache.catalina.startup.HostConfig.deployDirectory Deploying web application directory [D:\JavaSQL\Java8\apache-tomcat-8.5.24\webapps\SQLServer]
03-Apr-2024 20:47:17.883 INFO [localhost-startStop-1] org.apache.jasper.servlet.TldScanner.scanJars At least one JAR was scanned for TLDs yet contained no TLDs. Enable debug logging for this logger for a complete list of JARs that were scanned but no TLDs were found in them. Skipping unneeded JARs during scanning can improve startup time and JSP compilation time.
03-Apr-2024 20:47:17.898 INFO [localhost-startStop-1] org.apache.catalina.startup.HostConfig.deployDirectory Deployment of web application directory [D:\JavaSQL\Java8\apache-tomcat-8.5.24\webapps\SQLServer] has finished in [31] ms
03-Apr-2024 20:47:17.898 INFO [localhost-startStop-1] org.apache.catalina.startup.HostConfig.deployDirectory Deploying web application directory [D:\JavaSQL\Java8\apache-tomcat-8.5.24\webapps\Servlet1]
03-Apr-2024 20:47:17.914 INFO [localhost-startStop-1] org.apache.jasper.servlet.TldScanner.scanJars At least one JAR was scanned for TLDs yet contained no TLDs. Enable debug logging for this logger for a complete list of JARs that were scanned but no TLDs were found in them. Skipping unneeded JARs during scanning can improve startup time and JSP compilation time.
03-Apr-2024 20:47:17.914 INFO [localhost-startStop-1] org.apache.catalina.startup.HostConfig.deployDirectory Deployment of web application directory [D:\JavaSQL\Java8\apache-tomcat-8.5.24\webapps\Servlet1] has finished in [16] ms
03-Apr-2024 20:47:17.914 INFO [localhost-startStop-1] org.apache.catalina.startup.HostConfig.deployDirectory Deploying web application directory [D:\JavaSQL\Java8\apache-tomcat-8.5.24\webapps\Servlet2]
03-Apr-2024 20:47:17.930 INFO [localhost-startStop-1] org.apache.jasper.servlet.TldScanner.scanJars At least one JAR was scanned for TLDs yet contained no TLDs. Enable debug logging for this logger for a complete list of JARs that were scanned but no TLDs were found in them. Skipping unneeded JARs during scanning can improve startup time and JSP compilation time.
03-Apr-2024 20:47:17.934 INFO [localhost-startStop-1] org.apache.catalina.startup.HostConfig.deployDirectory Deployment of web application directory [D:\JavaSQL\Java8\apache-tomcat-8.5.24\webapps\Servlet2] has finished in [20] ms
03-Apr-2024 20:47:17.934 INFO [localhost-startStop-1] org.apache.catalina.startup.HostConfig.deployDirectory Deploying web application directory [D:\JavaSQL\Java8\apache-tomcat-8.5.24\webapps\Servlet3]
03-Apr-2024 20:47:17.946 INFO [localhost-startStop-1] org.apache.jasper.servlet.TldScanner.scanJars At least one JAR was scanned for TLDs yet contained no TLDs. Enable debug logging for this logger for a complete list of JARs that were scanned but no TLDs were found in them. Skipping unneeded JARs during scanning can improve startup time and JSP compilation time.
03-Apr-2024 20:47:17.946 INFO [localhost-startStop-1] org.apache.catalina.startup.HostConfig.deployDirectory Deployment of web application directory [D:\JavaSQL\Java8\apache-tomcat-8.5.24\webapps\Servlet3] has finished in [12] ms
03-Apr-2024 20:47:17.946 INFO [localhost-startStop-1] org.apache.catalina.startup.HostConfig.deployDirectory Deploying web application directory [D:\JavaSQL\Java8\apache-tomcat-8.5.24\webapps\Servlet4]
03-Apr-2024 20:47:17.961 INFO [localhost-startStop-1] org.apache.jasper.servlet.TldScanner.scanJars At least one JAR was scanned for TLDs yet contained no TLDs. Enable debug logging for this logger for a complete list of JARs that were scanned but no TLDs were found in them. Skipping unneeded JARs during scanning can improve startup time and JSP compilation time.
03-Apr-2024 20:47:17.961 INFO [localhost-startStop-1] org.apache.catalina.startup.HostConfig.deployDirectory Deployment of web application directory [D:\JavaSQL\Java8\apache-tomcat-8.5.24\webapps\Servlet4] has finished in [15] ms
03-Apr-2024 20:47:17.961 INFO [localhost-startStop-1] org.apache.catalina.startup.HostConfig.deployDirectory Deploying web application directory [D:\JavaSQL\Java8\apache-tomcat-8.5.24\webapps\Pract8]
03-Apr-2024 20:47:17.977 INFO [localhost-startStop-1] org.apache.jasper.servlet.TldScanner.scanJars At least one JAR was scanned for TLDs yet contained no TLDs. Enable debug logging for this logger for a complete list of JARs that were scanned but no TLDs were found in them. Skipping unneeded JARs during scanning can improve startup time and JSP compilation time.
03-Apr-2024 20:47:17.977 INFO [localhost-startStop-1] org.apache.catalina.startup.HostConfig.deployDirectory Deployment of web application directory [D:\JavaSQL\Java8\apache-tomcat-8.5.24\webapps\Pract8] has finished in [16] ms
03-Apr-2024 20:47:17.977 INFO [localhost-startStop-1] org.apache.catalina.startup.HostConfig.deployDirectory Deploying web application directory [D:\JavaSQL\Java8\apache-tomcat-8.5.24\webapps\Entrega]
03-Apr-2024 20:47:17.993 INFO [localhost-startStop-1] org.apache.jasper.servlet.TldScanner.scanJars At least one JAR was scanned for TLDs yet contained no TLDs. Enable debug logging for this logger for a complete list of JARs that were scanned but no TLDs were found in them. Skipping unneeded JARs during scanning can improve startup time and JSP compilation time.
03-Apr-2024 20:47:17.993 INFO [localhost-startStop-1] org.apache.catalina.startup.HostConfig.deployDirectory Deployment of web application directory [D:\JavaSQL\Java8\apache-tomcat-8.5.24\webapps\Entrega] has finished in [16] ms
03-Apr-2024 20:47:17.993 INFO [localhost-startStop-1] org.apache.catalina.startup.HostConfig.deployDirectory Deploying web application directory [D:\JavaSQL\Java8\apache-tomcat-8.5.24\webapps\matrices8]
03-Apr-2024 20:47:18.009 INFO [localhost-startStop-1] org.apache.jasper.servlet.TldScanner.scanJars At least one JAR was scanned for TLDs yet contained no TLDs. Enable debug logging for this logger for a complete list of JARs that were scanned but no TLDs were found in them. Skipping unneeded JARs during scanning can improve startup time and JSP compilation time.
03-Apr-2024 20:47:18.009 INFO [localhost-startStop-1] org.apache.catalina.startup.HostConfig.deployDirectory Deployment of web application directory [D:\JavaSQL\Java8\apache-tomcat-8.5.24\webapps\matrices8] has finished in [16] ms
03-Apr-2024 20:47:18.009 INFO [localhost-startStop-1] org.apache.catalina.startup.HostConfig.deployDirectory Deploying web application directory [D:\JavaSQL\Java8\apache-tomcat-8.5.24\webapps\TD_E18]
03-Apr-2024 20:47:18.040 INFO [localhost-startStop-1] org.apache.jasper.servlet.TldScanner.scanJars At least one JAR was scanned for TLDs yet contained no TLDs. Enable debug logging for this logger for a complete list of JARs that were scanned but no TLDs were found in them. Skipping unneeded JARs during scanning can improve startup time and JSP compilation time.
03-Apr-2024 20:47:18.040 INFO [localhost-startStop-1] org.apache.catalina.startup.HostConfig.deployDirectory Deployment of web application directory [D:\JavaSQL\Java8\apache-tomcat-8.5.24\webapps\TD_E18] has finished in [31] ms
03-Apr-2024 20:47:18.040 INFO [localhost-startStop-1] org.apache.catalina.startup.HostConfig.deployDirectory Deploying web application directory [D:\JavaSQL\Java8\apache-tomcat-8.5.24\webapps\TD_E30]
03-Apr-2024 20:47:18.056 INFO [localhost-startStop-1] org.apache.jasper.servlet.TldScanner.scanJars At least one JAR was scanned for TLDs yet contained no TLDs. Enable debug logging for this logger for a complete list of JARs that were scanned but no TLDs were found in them. Skipping unneeded JARs during scanning can improve startup time and JSP compilation time.
03-Apr-2024 20:47:18.056 INFO [localhost-startStop-1] org.apache.catalina.startup.HostConfig.deployDirectory Deployment of web application directory [D:\JavaSQL\Java8\apache-tomcat-8.5.24\webapps\TD_E30] has finished in [16] ms
03-Apr-2024 20:47:18.056 INFO [localhost-startStop-1] org.apache.catalina.startup.HostConfig.deployDirectory Deploying web application directory [D:\JavaSQL\Java8\apache-tomcat-8.5.24\webapps\TD_E31]
03-Apr-2024 20:47:18.150 INFO [localhost-startStop-1] org.apache.jasper.servlet.TldScanner.scanJars At least one JAR was scanned for TLDs yet contained no TLDs. Enable debug logging for this logger for a complete list of JARs that were scanned but no TLDs were found in them. Skipping unneeded JARs during scanning can improve startup time and JSP compilation time.
03-Apr-2024 20:47:18.165 INFO [localhost-startStop-1] org.apache.catalina.startup.HostConfig.deployDirectory Deployment of web application directory [D:\JavaSQL\Java8\apache-tomcat-8.5.24\webapps\TD_E31] has finished in [109] ms
03-Apr-2024 20:47:18.165 INFO [main] org.apache.coyote.AbstractProtocol.start Starting ProtocolHandler ["http-nio-8082"]
03-Apr-2024 20:47:18.172 INFO [main] org.apache.coyote.AbstractProtocol.start Starting ProtocolHandler ["ajp-nio-8009"]
03-Apr-2024 20:47:18.172 INFO [main] org.apache.catalina.startup.Catalina.start Server startup in 743 ms
03-Apr-2024 20:49:34.246 INFO [main] org.apache.catalina.core.StandardServer.await A valid shutdown command was received via the shutdown port. Stopping the Server instance.
03-Apr-2024 20:49:34.249 INFO [main] org.apache.coyote.AbstractProtocol.pause Pausing ProtocolHandler ["http-nio-8082"]
03-Apr-2024 20:49:34.616 INFO [main] org.apache.coyote.AbstractProtocol.pause Pausing ProtocolHandler ["ajp-nio-8009"]
03-Apr-2024 20:49:35.012 INFO [main] org.apache.catalina.core.StandardService.stopInternal Stopping service [Catalina]
03-Apr-2024 20:49:35.075 INFO [main] org.apache.coyote.AbstractProtocol.stop Stopping ProtocolHandler ["http-nio-8082"]
03-Apr-2024 20:49:35.075 INFO [main] org.apache.coyote.AbstractProtocol.stop Stopping ProtocolHandler ["ajp-nio-8009"]
03-Apr-2024 20:49:35.075 INFO [main] org.apache.coyote.AbstractProtocol.destroy Destroying ProtocolHandler ["http-nio-8082"]
03-Apr-2024 20:49:35.075 INFO [main] org.apache.coyote.AbstractProtocol.destroy Destroying ProtocolHandler ["ajp-nio-8009"]
03-Apr-2024 20:49:41.141 INFO [main] org.apache.catalina.startup.VersionLoggerListener.log Server version:        Apache Tomcat/8.5.24
03-Apr-2024 20:49:41.141 INFO [main] org.apache.catalina.startup.VersionLoggerListener.log Server built:          Nov 27 2017 13:05:30 UTC
03-Apr-2024 20:49:41.141 INFO [main] org.apache.catalina.startup.VersionLoggerListener.log Server number:         8.5.24.0
03-Apr-2024 20:49:41.141 INFO [main] org.apache.catalina.startup.VersionLoggerListener.log OS Name:               Windows 10
03-Apr-2024 20:49:41.141 INFO [main] org.apache.catalina.startup.VersionLoggerListener.log OS Version:            10.0
03-Apr-2024 20:49:41.141 INFO [main] org.apache.catalina.startup.VersionLoggerListener.log Architecture:          x86
03-Apr-2024 20:49:41.141 INFO [main] org.apache.catalina.startup.VersionLoggerListener.log Java Home:             D:\JavaSQL\Java8\jdk1.8.0_131\jre
03-Apr-2024 20:49:41.141 INFO [main] org.apache.catalina.startup.VersionLoggerListener.log JVM Version:           1.8.0_131-b11
03-Apr-2024 20:49:41.141 INFO [main] org.apache.catalina.startup.VersionLoggerListener.log JVM Vendor:            Oracle Corporation
03-Apr-2024 20:49:41.141 INFO [main] org.apache.catalina.startup.VersionLoggerListener.log CATALINA_BASE:         D:\JavaSQL\Java8\apache-tomcat-8.5.24
03-Apr-2024 20:49:41.141 INFO [main] org.apache.catalina.startup.VersionLoggerListener.log CATALINA_HOME:         D:\JavaSQL\Java8\apache-tomcat-8.5.24
03-Apr-2024 20:49:41.141 INFO [main] org.apache.catalina.startup.VersionLoggerListener.log Command line argument: -Djava.util.logging.config.file=D:\JavaSQL\Java8\apache-tomcat-8.5.24\conf\logging.properties
03-Apr-2024 20:49:41.141 INFO [main] org.apache.catalina.startup.VersionLoggerListener.log Command line argument: -Djava.util.logging.manager=org.apache.juli.ClassLoaderLogManager
03-Apr-2024 20:49:41.141 INFO [main] org.apache.catalina.startup.VersionLoggerListener.log Command line argument: -Djdk.tls.ephemeralDHKeySize=2048
03-Apr-2024 20:49:41.141 INFO [main] org.apache.catalina.startup.VersionLoggerListener.log Command line argument: -Djava.protocol.handler.pkgs=org.apache.catalina.webresources
03-Apr-2024 20:49:41.141 INFO [main] org.apache.catalina.startup.VersionLoggerListener.log Command line argument: -Dignore.endorsed.dirs=
03-Apr-2024 20:49:41.141 INFO [main] org.apache.catalina.startup.VersionLoggerListener.log Command line argument: -Dcatalina.base=D:\JavaSQL\Java8\apache-tomcat-8.5.24
03-Apr-2024 20:49:41.141 INFO [main] org.apache.catalina.startup.VersionLoggerListener.log Command line argument: -Dcatalina.home=D:\JavaSQL\Java8\apache-tomcat-8.5.24
03-Apr-2024 20:49:41.141 INFO [main] org.apache.catalina.startup.VersionLoggerListener.log Command line argument: -Djava.io.tmpdir=D:\JavaSQL\Java8\apache-tomcat-8.5.24\temp
03-Apr-2024 20:49:41.141 INFO [main] org.apache.catalina.core.AprLifecycleListener.lifecycleEvent The APR based Apache Tomcat Native library which allows optimal performance in production environments was not found on the java.library.path: [D:\JavaSQL\Java8\jdk1.8.0_131\bin;C:\WINDOWS\Sun\Java\bin;C:\WINDOWS\system32;C:\WINDOWS;D:\JavaSQL\Java8\jdk1.8.0_131\bin;D:\JavaSQL\Java8\jdk1.8.0_131\db\bin;D:\JavaSQL\Java8\squirrelsql-4.0.0-standard;D:\JavaSQL\Java8\apache-tomcat-8.5.24\bin;C:\WINDOWS\system32;C:\WINDOWS;C:\WINDOWS\System32\Wbem;C:\WINDOWS\System32\WindowsPowerShell\v1.0\;C:\WINDOWS\System32\OpenSSH\;C:\Program Files\dotnet\;C:\Users\Aldoa\Desktop\Infor\bin;C:\Users\Aldoa\AppData\Local\Microsoft\WindowsApps;;.]
03-Apr-2024 20:49:41.204 INFO [main] org.apache.coyote.AbstractProtocol.init Initializing ProtocolHandler ["http-nio-8082"]
03-Apr-2024 20:49:41.394 INFO [main] org.apache.tomcat.util.net.NioSelectorPool.getSharedSelector Using a shared selector for servlet write/read
03-Apr-2024 20:49:41.413 INFO [main] org.apache.coyote.AbstractProtocol.init Initializing ProtocolHandler ["ajp-nio-8009"]
03-Apr-2024 20:49:41.413 INFO [main] org.apache.tomcat.util.net.NioSelectorPool.getSharedSelector Using a shared selector for servlet write/read
03-Apr-2024 20:49:41.413 INFO [main] org.apache.catalina.startup.Catalina.load Initialization processed in 479 ms
03-Apr-2024 20:49:41.426 INFO [main] org.apache.catalina.core.StandardService.startInternal Starting service [Catalina]
03-Apr-2024 20:49:41.426 INFO [main] org.apache.catalina.core.StandardEngine.startInternal Starting Servlet Engine: Apache Tomcat/8.5.24
03-Apr-2024 20:49:41.441 INFO [localhost-startStop-1] org.apache.catalina.startup.HostConfig.deployDirectory Deploying web application directory [D:\JavaSQL\Java8\apache-tomcat-8.5.24\webapps\docs]
03-Apr-2024 20:49:41.607 INFO [localhost-startStop-1] org.apache.jasper.servlet.TldScanner.scanJars At least one JAR was scanned for TLDs yet contained no TLDs. Enable debug logging for this logger for a complete list of JARs that were scanned but no TLDs were found in them. Skipping unneeded JARs during scanning can improve startup time and JSP compilation time.
03-Apr-2024 20:49:41.647 INFO [localhost-startStop-1] org.apache.catalina.startup.HostConfig.deployDirectory Deployment of web application directory [D:\JavaSQL\Java8\apache-tomcat-8.5.24\webapps\docs] has finished in [205] ms
03-Apr-2024 20:49:41.647 INFO [localhost-startStop-1] org.apache.catalina.startup.HostConfig.deployDirectory Deploying web application directory [D:\JavaSQL\Java8\apache-tomcat-8.5.24\webapps\examples]
03-Apr-2024 20:49:41.806 INFO [localhost-startStop-1] org.apache.jasper.servlet.TldScanner.scanJars At least one JAR was scanned for TLDs yet contained no TLDs. Enable debug logging for this logger for a complete list of JARs that were scanned but no TLDs were found in them. Skipping unneeded JARs during scanning can improve startup time and JSP compilation time.
03-Apr-2024 20:49:41.835 INFO [localhost-startStop-1] org.apache.catalina.startup.HostConfig.deployDirectory Deployment of web application directory [D:\JavaSQL\Java8\apache-tomcat-8.5.24\webapps\examples] has finished in [188] ms
03-Apr-2024 20:49:41.835 INFO [localhost-startStop-1] org.apache.catalina.startup.HostConfig.deployDirectory Deploying web application directory [D:\JavaSQL\Java8\apache-tomcat-8.5.24\webapps\host-manager]
03-Apr-2024 20:49:41.855 INFO [localhost-startStop-1] org.apache.jasper.servlet.TldScanner.scanJars At least one JAR was scanned for TLDs yet contained no TLDs. Enable debug logging for this logger for a complete list of JARs that were scanned but no TLDs were found in them. Skipping unneeded JARs during scanning can improve startup time and JSP compilation time.
03-Apr-2024 20:49:41.855 INFO [localhost-startStop-1] org.apache.catalina.startup.HostConfig.deployDirectory Deployment of web application directory [D:\JavaSQL\Java8\apache-tomcat-8.5.24\webapps\host-manager] has finished in [20] ms
03-Apr-2024 20:49:41.855 INFO [localhost-startStop-1] org.apache.catalina.startup.HostConfig.deployDirectory Deploying web application directory [D:\JavaSQL\Java8\apache-tomcat-8.5.24\webapps\ROOT]
03-Apr-2024 20:49:41.868 INFO [localhost-startStop-1] org.apache.jasper.servlet.TldScanner.scanJars At least one JAR was scanned for TLDs yet contained no TLDs. Enable debug logging for this logger for a complete list of JARs that were scanned but no TLDs were found in them. Skipping unneeded JARs during scanning can improve startup time and JSP compilation time.
03-Apr-2024 20:49:41.868 INFO [localhost-startStop-1] org.apache.catalina.startup.HostConfig.deployDirectory Deployment of web application directory [D:\JavaSQL\Java8\apache-tomcat-8.5.24\webapps\ROOT] has finished in [13] ms
03-Apr-2024 20:49:41.868 INFO [localhost-startStop-1] org.apache.catalina.startup.HostConfig.deployDirectory Deploying web application directory [D:\JavaSQL\Java8\apache-tomcat-8.5.24\webapps\SQLServer]
03-Apr-2024 20:49:41.892 INFO [localhost-startStop-1] org.apache.jasper.servlet.TldScanner.scanJars At least one JAR was scanned for TLDs yet contained no TLDs. Enable debug logging for this logger for a complete list of JARs that were scanned but no TLDs were found in them. Skipping unneeded JARs during scanning can improve startup time and JSP compilation time.
03-Apr-2024 20:49:41.898 INFO [localhost-startStop-1] org.apache.catalina.startup.HostConfig.deployDirectory Deployment of web application directory [D:\JavaSQL\Java8\apache-tomcat-8.5.24\webapps\SQLServer] has finished in [30] ms
03-Apr-2024 20:49:41.898 INFO [localhost-startStop-1] org.apache.catalina.startup.HostConfig.deployDirectory Deploying web application directory [D:\JavaSQL\Java8\apache-tomcat-8.5.24\webapps\Servlet1]
03-Apr-2024 20:49:41.913 INFO [localhost-startStop-1] org.apache.jasper.servlet.TldScanner.scanJars At least one JAR was scanned for TLDs yet contained no TLDs. Enable debug logging for this logger for a complete list of JARs that were scanned but no TLDs were found in them. Skipping unneeded JARs during scanning can improve startup time and JSP compilation time.
03-Apr-2024 20:49:41.916 INFO [localhost-startStop-1] org.apache.catalina.startup.HostConfig.deployDirectory Deployment of web application directory [D:\JavaSQL\Java8\apache-tomcat-8.5.24\webapps\Servlet1] has finished in [18] ms
03-Apr-2024 20:49:41.916 INFO [localhost-startStop-1] org.apache.catalina.startup.HostConfig.deployDirectory Deploying web application directory [D:\JavaSQL\Java8\apache-tomcat-8.5.24\webapps\Servlet2]
03-Apr-2024 20:49:41.933 INFO [localhost-startStop-1] org.apache.jasper.servlet.TldScanner.scanJars At least one JAR was scanned for TLDs yet contained no TLDs. Enable debug logging for this logger for a complete list of JARs that were scanned but no TLDs were found in them. Skipping unneeded JARs during scanning can improve startup time and JSP compilation time.
03-Apr-2024 20:49:41.933 INFO [localhost-startStop-1] org.apache.catalina.startup.HostConfig.deployDirectory Deployment of web application directory [D:\JavaSQL\Java8\apache-tomcat-8.5.24\webapps\Servlet2] has finished in [17] ms
03-Apr-2024 20:49:41.933 INFO [localhost-startStop-1] org.apache.catalina.startup.HostConfig.deployDirectory Deploying web application directory [D:\JavaSQL\Java8\apache-tomcat-8.5.24\webapps\Servlet3]
03-Apr-2024 20:49:41.954 INFO [localhost-startStop-1] org.apache.jasper.servlet.TldScanner.scanJars At least one JAR was scanned for TLDs yet contained no TLDs. Enable debug logging for this logger for a complete list of JARs that were scanned but no TLDs were found in them. Skipping unneeded JARs during scanning can improve startup time and JSP compilation time.
03-Apr-2024 20:49:41.954 INFO [localhost-startStop-1] org.apache.catalina.startup.HostConfig.deployDirectory Deployment of web application directory [D:\JavaSQL\Java8\apache-tomcat-8.5.24\webapps\Servlet3] has finished in [21] ms
03-Apr-2024 20:49:41.954 INFO [localhost-startStop-1] org.apache.catalina.startup.HostConfig.deployDirectory Deploying web application directory [D:\JavaSQL\Java8\apache-tomcat-8.5.24\webapps\Servlet4]
03-Apr-2024 20:49:41.975 INFO [localhost-startStop-1] org.apache.jasper.servlet.TldScanner.scanJars At least one JAR was scanned for TLDs yet contained no TLDs. Enable debug logging for this logger for a complete list of JARs that were scanned but no TLDs were found in them. Skipping unneeded JARs during scanning can improve startup time and JSP compilation time.
03-Apr-2024 20:49:41.975 INFO [localhost-startStop-1] org.apache.catalina.startup.HostConfig.deployDirectory Deployment of web application directory [D:\JavaSQL\Java8\apache-tomcat-8.5.24\webapps\Servlet4] has finished in [21] ms
03-Apr-2024 20:49:41.975 INFO [localhost-startStop-1] org.apache.catalina.startup.HostConfig.deployDirectory Deploying web application directory [D:\JavaSQL\Java8\apache-tomcat-8.5.24\webapps\Pract8]
03-Apr-2024 20:49:41.995 INFO [localhost-startStop-1] org.apache.jasper.servlet.TldScanner.scanJars At least one JAR was scanned for TLDs yet contained no TLDs. Enable debug logging for this logger for a complete list of JARs that were scanned but no TLDs were found in them. Skipping unneeded JARs during scanning can improve startup time and JSP compilation time.
03-Apr-2024 20:49:41.995 INFO [localhost-startStop-1] org.apache.catalina.startup.HostConfig.deployDirectory Deployment of web application directory [D:\JavaSQL\Java8\apache-tomcat-8.5.24\webapps\Pract8] has finished in [20] ms
03-Apr-2024 20:49:41.995 INFO [localhost-startStop-1] org.apache.catalina.startup.HostConfig.deployDirectory Deploying web application directory [D:\JavaSQL\Java8\apache-tomcat-8.5.24\webapps\Entrega]
03-Apr-2024 20:49:42.015 INFO [localhost-startStop-1] org.apache.jasper.servlet.TldScanner.scanJars At least one JAR was scanned for TLDs yet contained no TLDs. Enable debug logging for this logger for a complete list of JARs that were scanned but no TLDs were found in them. Skipping unneeded JARs during scanning can improve startup time and JSP compilation time.
03-Apr-2024 20:49:42.019 INFO [localhost-startStop-1] org.apache.catalina.startup.HostConfig.deployDirectory Deployment of web application directory [D:\JavaSQL\Java8\apache-tomcat-8.5.24\webapps\Entrega] has finished in [24] ms
03-Apr-2024 20:49:42.019 INFO [localhost-startStop-1] org.apache.catalina.startup.HostConfig.deployDirectory Deploying web application directory [D:\JavaSQL\Java8\apache-tomcat-8.5.24\webapps\matrices8]
03-Apr-2024 20:49:42.023 INFO [localhost-startStop-1] org.apache.jasper.servlet.TldScanner.scanJars At least one JAR was scanned for TLDs yet contained no TLDs. Enable debug logging for this logger for a complete list of JARs that were scanned but no TLDs were found in them. Skipping unneeded JARs during scanning can improve startup time and JSP compilation time.
03-Apr-2024 20:49:42.039 INFO [localhost-startStop-1] org.apache.catalina.startup.HostConfig.deployDirectory Deployment of web application directory [D:\JavaSQL\Java8\apache-tomcat-8.5.24\webapps\matrices8] has finished in [20] ms
03-Apr-2024 20:49:42.040 INFO [localhost-startStop-1] org.apache.catalina.startup.HostConfig.deployDirectory Deploying web application directory [D:\JavaSQL\Java8\apache-tomcat-8.5.24\webapps\TD_E18]
03-Apr-2024 20:49:42.056 INFO [localhost-startStop-1] org.apache.jasper.servlet.TldScanner.scanJars At least one JAR was scanned for TLDs yet contained no TLDs. Enable debug logging for this logger for a complete list of JARs that were scanned but no TLDs were found in them. Skipping unneeded JARs during scanning can improve startup time and JSP compilation time.
03-Apr-2024 20:49:42.056 INFO [localhost-startStop-1] org.apache.catalina.startup.HostConfig.deployDirectory Deployment of web application directory [D:\JavaSQL\Java8\apache-tomcat-8.5.24\webapps\TD_E18] has finished in [16] ms
03-Apr-2024 20:49:42.063 INFO [localhost-startStop-1] org.apache.catalina.startup.HostConfig.deployDirectory Deploying web application directory [D:\JavaSQL\Java8\apache-tomcat-8.5.24\webapps\TD_E30]
03-Apr-2024 20:49:42.072 INFO [localhost-startStop-1] org.apache.jasper.servlet.TldScanner.scanJars At least one JAR was scanned for TLDs yet contained no TLDs. Enable debug logging for this logger for a complete list of JARs that were scanned but no TLDs were found in them. Skipping unneeded JARs during scanning can improve startup time and JSP compilation time.
03-Apr-2024 20:49:42.072 INFO [localhost-startStop-1] org.apache.catalina.startup.HostConfig.deployDirectory Deployment of web application directory [D:\JavaSQL\Java8\apache-tomcat-8.5.24\webapps\TD_E30] has finished in [9] ms
03-Apr-2024 20:49:42.072 INFO [localhost-startStop-1] org.apache.catalina.startup.HostConfig.deployDirectory Deploying web application directory [D:\JavaSQL\Java8\apache-tomcat-8.5.24\webapps\TD_E31]
03-Apr-2024 20:49:42.151 INFO [localhost-startStop-1] org.apache.jasper.servlet.TldScanner.scanJars At least one JAR was scanned for TLDs yet contained no TLDs. Enable debug logging for this logger for a complete list of JARs that were scanned but no TLDs were found in them. Skipping unneeded JARs during scanning can improve startup time and JSP compilation time.
03-Apr-2024 20:49:42.167 INFO [localhost-startStop-1] org.apache.catalina.startup.HostConfig.deployDirectory Deployment of web application directory [D:\JavaSQL\Java8\apache-tomcat-8.5.24\webapps\TD_E31] has finished in [95] ms
03-Apr-2024 20:49:42.167 INFO [main] org.apache.coyote.AbstractProtocol.start Starting ProtocolHandler ["http-nio-8082"]
03-Apr-2024 20:49:42.176 INFO [main] org.apache.coyote.AbstractProtocol.start Starting ProtocolHandler ["ajp-nio-8009"]
03-Apr-2024 20:49:42.176 INFO [main] org.apache.catalina.startup.Catalina.start Server startup in 763 ms
03-Apr-2024 20:51:22.933 INFO [main] org.apache.catalina.core.StandardServer.await A valid shutdown command was received via the shutdown port. Stopping the Server instance.
03-Apr-2024 20:51:22.933 INFO [main] org.apache.coyote.AbstractProtocol.pause Pausing ProtocolHandler ["http-nio-8082"]
03-Apr-2024 20:51:23.329 INFO [main] org.apache.coyote.AbstractProtocol.pause Pausing ProtocolHandler ["ajp-nio-8009"]
03-Apr-2024 20:51:23.772 INFO [main] org.apache.catalina.core.StandardService.stopInternal Stopping service [Catalina]
03-Apr-2024 20:51:23.836 INFO [main] org.apache.coyote.AbstractProtocol.stop Stopping ProtocolHandler ["http-nio-8082"]
03-Apr-2024 20:51:23.853 INFO [main] org.apache.coyote.AbstractProtocol.stop Stopping ProtocolHandler ["ajp-nio-8009"]
03-Apr-2024 20:51:23.855 INFO [main] org.apache.coyote.AbstractProtocol.destroy Destroying ProtocolHandler ["http-nio-8082"]
03-Apr-2024 20:51:23.855 INFO [main] org.apache.coyote.AbstractProtocol.destroy Destroying ProtocolHandler ["ajp-nio-8009"]
03-Apr-2024 20:51:26.250 INFO [main] org.apache.catalina.startup.VersionLoggerListener.log Server version:        Apache Tomcat/8.5.24
03-Apr-2024 20:51:26.250 INFO [main] org.apache.catalina.startup.VersionLoggerListener.log Server built:          Nov 27 2017 13:05:30 UTC
03-Apr-2024 20:51:26.250 INFO [main] org.apache.catalina.startup.VersionLoggerListener.log Server number:         8.5.24.0
03-Apr-2024 20:51:26.250 INFO [main] org.apache.catalina.startup.VersionLoggerListener.log OS Name:               Windows 10
03-Apr-2024 20:51:26.250 INFO [main] org.apache.catalina.startup.VersionLoggerListener.log OS Version:            10.0
03-Apr-2024 20:51:26.250 INFO [main] org.apache.catalina.startup.VersionLoggerListener.log Architecture:          x86
03-Apr-2024 20:51:26.250 INFO [main] org.apache.catalina.startup.VersionLoggerListener.log Java Home:             D:\JavaSQL\Java8\jdk1.8.0_131\jre
03-Apr-2024 20:51:26.250 INFO [main] org.apache.catalina.startup.VersionLoggerListener.log JVM Version:           1.8.0_131-b11
03-Apr-2024 20:51:26.250 INFO [main] org.apache.catalina.startup.VersionLoggerListener.log JVM Vendor:            Oracle Corporation
03-Apr-2024 20:51:26.250 INFO [main] org.apache.catalina.startup.VersionLoggerListener.log CATALINA_BASE:         D:\JavaSQL\Java8\apache-tomcat-8.5.24
03-Apr-2024 20:51:26.250 INFO [main] org.apache.catalina.startup.VersionLoggerListener.log CATALINA_HOME:         D:\JavaSQL\Java8\apache-tomcat-8.5.24
03-Apr-2024 20:51:26.250 INFO [main] org.apache.catalina.startup.VersionLoggerListener.log Command line argument: -Djava.util.logging.config.file=D:\JavaSQL\Java8\apache-tomcat-8.5.24\conf\logging.properties
03-Apr-2024 20:51:26.250 INFO [main] org.apache.catalina.startup.VersionLoggerListener.log Command line argument: -Djava.util.logging.manager=org.apache.juli.ClassLoaderLogManager
03-Apr-2024 20:51:26.250 INFO [main] org.apache.catalina.startup.VersionLoggerListener.log Command line argument: -Djdk.tls.ephemeralDHKeySize=2048
03-Apr-2024 20:51:26.250 INFO [main] org.apache.catalina.startup.VersionLoggerListener.log Command line argument: -Djava.protocol.handler.pkgs=org.apache.catalina.webresources
03-Apr-2024 20:51:26.250 INFO [main] org.apache.catalina.startup.VersionLoggerListener.log Command line argument: -Dignore.endorsed.dirs=
03-Apr-2024 20:51:26.250 INFO [main] org.apache.catalina.startup.VersionLoggerListener.log Command line argument: -Dcatalina.base=D:\JavaSQL\Java8\apache-tomcat-8.5.24
03-Apr-2024 20:51:26.250 INFO [main] org.apache.catalina.startup.VersionLoggerListener.log Command line argument: -Dcatalina.home=D:\JavaSQL\Java8\apache-tomcat-8.5.24
03-Apr-2024 20:51:26.250 INFO [main] org.apache.catalina.startup.VersionLoggerListener.log Command line argument: -Djava.io.tmpdir=D:\JavaSQL\Java8\apache-tomcat-8.5.24\temp
03-Apr-2024 20:51:26.250 INFO [main] org.apache.catalina.core.AprLifecycleListener.lifecycleEvent The APR based Apache Tomcat Native library which allows optimal performance in production environments was not found on the java.library.path: [D:\JavaSQL\Java8\jdk1.8.0_131\bin;C:\WINDOWS\Sun\Java\bin;C:\WINDOWS\system32;C:\WINDOWS;D:\JavaSQL\Java8\jdk1.8.0_131\bin;D:\JavaSQL\Java8\jdk1.8.0_131\db\bin;D:\JavaSQL\Java8\squirrelsql-4.0.0-standard;D:\JavaSQL\Java8\apache-tomcat-8.5.24\bin;C:\WINDOWS\system32;C:\WINDOWS;C:\WINDOWS\System32\Wbem;C:\WINDOWS\System32\WindowsPowerShell\v1.0\;C:\WINDOWS\System32\OpenSSH\;C:\Program Files\dotnet\;C:\Users\Aldoa\Desktop\Infor\bin;C:\Users\Aldoa\AppData\Local\Microsoft\WindowsApps;;.]
03-Apr-2024 20:51:26.315 INFO [main] org.apache.coyote.AbstractProtocol.init Initializing ProtocolHandler ["http-nio-8082"]
03-Apr-2024 20:51:26.487 INFO [main] org.apache.tomcat.util.net.NioSelectorPool.getSharedSelector Using a shared selector for servlet write/read
03-Apr-2024 20:51:26.503 INFO [main] org.apache.coyote.AbstractProtocol.init Initializing ProtocolHandler ["ajp-nio-8009"]
03-Apr-2024 20:51:26.503 INFO [main] org.apache.tomcat.util.net.NioSelectorPool.getSharedSelector Using a shared selector for servlet write/read
03-Apr-2024 20:51:26.503 INFO [main] org.apache.catalina.startup.Catalina.load Initialization processed in 450 ms
03-Apr-2024 20:51:26.520 INFO [main] org.apache.catalina.core.StandardService.startInternal Starting service [Catalina]
03-Apr-2024 20:51:26.520 INFO [main] org.apache.catalina.core.StandardEngine.startInternal Starting Servlet Engine: Apache Tomcat/8.5.24
03-Apr-2024 20:51:26.520 INFO [localhost-startStop-1] org.apache.catalina.startup.HostConfig.deployDirectory Deploying web application directory [D:\JavaSQL\Java8\apache-tomcat-8.5.24\webapps\docs]
03-Apr-2024 20:51:26.676 INFO [localhost-startStop-1] org.apache.jasper.servlet.TldScanner.scanJars At least one JAR was scanned for TLDs yet contained no TLDs. Enable debug logging for this logger for a complete list of JARs that were scanned but no TLDs were found in them. Skipping unneeded JARs during scanning can improve startup time and JSP compilation time.
03-Apr-2024 20:51:26.707 INFO [localhost-startStop-1] org.apache.catalina.startup.HostConfig.deployDirectory Deployment of web application directory [D:\JavaSQL\Java8\apache-tomcat-8.5.24\webapps\docs] has finished in [187] ms
03-Apr-2024 20:51:26.707 INFO [localhost-startStop-1] org.apache.catalina.startup.HostConfig.deployDirectory Deploying web application directory [D:\JavaSQL\Java8\apache-tomcat-8.5.24\webapps\examples]
03-Apr-2024 20:51:26.834 INFO [localhost-startStop-1] org.apache.jasper.servlet.TldScanner.scanJars At least one JAR was scanned for TLDs yet contained no TLDs. Enable debug logging for this logger for a complete list of JARs that were scanned but no TLDs were found in them. Skipping unneeded JARs during scanning can improve startup time and JSP compilation time.
03-Apr-2024 20:51:26.866 INFO [localhost-startStop-1] org.apache.catalina.startup.HostConfig.deployDirectory Deployment of web application directory [D:\JavaSQL\Java8\apache-tomcat-8.5.24\webapps\examples] has finished in [159] ms
03-Apr-2024 20:51:26.866 INFO [localhost-startStop-1] org.apache.catalina.startup.HostConfig.deployDirectory Deploying web application directory [D:\JavaSQL\Java8\apache-tomcat-8.5.24\webapps\host-manager]
03-Apr-2024 20:51:26.881 INFO [localhost-startStop-1] org.apache.jasper.servlet.TldScanner.scanJars At least one JAR was scanned for TLDs yet contained no TLDs. Enable debug logging for this logger for a complete list of JARs that were scanned but no TLDs were found in them. Skipping unneeded JARs during scanning can improve startup time and JSP compilation time.
03-Apr-2024 20:51:26.897 INFO [localhost-startStop-1] org.apache.catalina.startup.HostConfig.deployDirectory Deployment of web application directory [D:\JavaSQL\Java8\apache-tomcat-8.5.24\webapps\host-manager] has finished in [31] ms
03-Apr-2024 20:51:26.897 INFO [localhost-startStop-1] org.apache.catalina.startup.HostConfig.deployDirectory Deploying web application directory [D:\JavaSQL\Java8\apache-tomcat-8.5.24\webapps\ROOT]
03-Apr-2024 20:51:26.916 INFO [localhost-startStop-1] org.apache.jasper.servlet.TldScanner.scanJars At least one JAR was scanned for TLDs yet contained no TLDs. Enable debug logging for this logger for a complete list of JARs that were scanned but no TLDs were found in them. Skipping unneeded JARs during scanning can improve startup time and JSP compilation time.
03-Apr-2024 20:51:26.916 INFO [localhost-startStop-1] org.apache.catalina.startup.HostConfig.deployDirectory Deployment of web application directory [D:\JavaSQL\Java8\apache-tomcat-8.5.24\webapps\ROOT] has finished in [19] ms
03-Apr-2024 20:51:26.916 INFO [localhost-startStop-1] org.apache.catalina.startup.HostConfig.deployDirectory Deploying web application directory [D:\JavaSQL\Java8\apache-tomcat-8.5.24\webapps\SQLServer]
03-Apr-2024 20:51:26.929 INFO [localhost-startStop-1] org.apache.jasper.servlet.TldScanner.scanJars At least one JAR was scanned for TLDs yet contained no TLDs. Enable debug logging for this logger for a complete list of JARs that were scanned but no TLDs were found in them. Skipping unneeded JARs during scanning can improve startup time and JSP compilation time.
03-Apr-2024 20:51:26.929 INFO [localhost-startStop-1] org.apache.catalina.startup.HostConfig.deployDirectory Deployment of web application directory [D:\JavaSQL\Java8\apache-tomcat-8.5.24\webapps\SQLServer] has finished in [13] ms
03-Apr-2024 20:51:26.929 INFO [localhost-startStop-1] org.apache.catalina.startup.HostConfig.deployDirectory Deploying web application directory [D:\JavaSQL\Java8\apache-tomcat-8.5.24\webapps\Servlet1]
03-Apr-2024 20:51:26.944 INFO [localhost-startStop-1] org.apache.jasper.servlet.TldScanner.scanJars At least one JAR was scanned for TLDs yet contained no TLDs. Enable debug logging for this logger for a complete list of JARs that were scanned but no TLDs were found in them. Skipping unneeded JARs during scanning can improve startup time and JSP compilation time.
03-Apr-2024 20:51:26.960 INFO [localhost-startStop-1] org.apache.catalina.startup.HostConfig.deployDirectory Deployment of web application directory [D:\JavaSQL\Java8\apache-tomcat-8.5.24\webapps\Servlet1] has finished in [31] ms
03-Apr-2024 20:51:26.960 INFO [localhost-startStop-1] org.apache.catalina.startup.HostConfig.deployDirectory Deploying web application directory [D:\JavaSQL\Java8\apache-tomcat-8.5.24\webapps\Servlet2]
03-Apr-2024 20:51:26.976 INFO [localhost-startStop-1] org.apache.jasper.servlet.TldScanner.scanJars At least one JAR was scanned for TLDs yet contained no TLDs. Enable debug logging for this logger for a complete list of JARs that were scanned but no TLDs were found in them. Skipping unneeded JARs during scanning can improve startup time and JSP compilation time.
03-Apr-2024 20:51:26.976 INFO [localhost-startStop-1] org.apache.catalina.startup.HostConfig.deployDirectory Deployment of web application directory [D:\JavaSQL\Java8\apache-tomcat-8.5.24\webapps\Servlet2] has finished in [16] ms
03-Apr-2024 20:51:26.976 INFO [localhost-startStop-1] org.apache.catalina.startup.HostConfig.deployDirectory Deploying web application directory [D:\JavaSQL\Java8\apache-tomcat-8.5.24\webapps\Servlet3]
03-Apr-2024 20:51:26.992 INFO [localhost-startStop-1] org.apache.jasper.servlet.TldScanner.scanJars At least one JAR was scanned for TLDs yet contained no TLDs. Enable debug logging for this logger for a complete list of JARs that were scanned but no TLDs were found in them. Skipping unneeded JARs during scanning can improve startup time and JSP compilation time.
03-Apr-2024 20:51:26.992 INFO [localhost-startStop-1] org.apache.catalina.startup.HostConfig.deployDirectory Deployment of web application directory [D:\JavaSQL\Java8\apache-tomcat-8.5.24\webapps\Servlet3] has finished in [16] ms
03-Apr-2024 20:51:26.992 INFO [localhost-startStop-1] org.apache.catalina.startup.HostConfig.deployDirectory Deploying web application directory [D:\JavaSQL\Java8\apache-tomcat-8.5.24\webapps\Servlet4]
03-Apr-2024 20:51:27.016 INFO [localhost-startStop-1] org.apache.jasper.servlet.TldScanner.scanJars At least one JAR was scanned for TLDs yet contained no TLDs. Enable debug logging for this logger for a complete list of JARs that were scanned but no TLDs were found in them. Skipping unneeded JARs during scanning can improve startup time and JSP compilation time.
03-Apr-2024 20:51:27.016 INFO [localhost-startStop-1] org.apache.catalina.startup.HostConfig.deployDirectory Deployment of web application directory [D:\JavaSQL\Java8\apache-tomcat-8.5.24\webapps\Servlet4] has finished in [24] ms
03-Apr-2024 20:51:27.016 INFO [localhost-startStop-1] org.apache.catalina.startup.HostConfig.deployDirectory Deploying web application directory [D:\JavaSQL\Java8\apache-tomcat-8.5.24\webapps\Pract8]
03-Apr-2024 20:51:27.024 INFO [localhost-startStop-1] org.apache.jasper.servlet.TldScanner.scanJars At least one JAR was scanned for TLDs yet contained no TLDs. Enable debug logging for this logger for a complete list of JARs that were scanned but no TLDs were found in them. Skipping unneeded JARs during scanning can improve startup time and JSP compilation time.
03-Apr-2024 20:51:27.024 INFO [localhost-startStop-1] org.apache.catalina.startup.HostConfig.deployDirectory Deployment of web application directory [D:\JavaSQL\Java8\apache-tomcat-8.5.24\webapps\Pract8] has finished in [8] ms
03-Apr-2024 20:51:27.024 INFO [localhost-startStop-1] org.apache.catalina.startup.HostConfig.deployDirectory Deploying web application directory [D:\JavaSQL\Java8\apache-tomcat-8.5.24\webapps\Entrega]
03-Apr-2024 20:51:27.056 INFO [localhost-startStop-1] org.apache.jasper.servlet.TldScanner.scanJars At least one JAR was scanned for TLDs yet contained no TLDs. Enable debug logging for this logger for a complete list of JARs that were scanned but no TLDs were found in them. Skipping unneeded JARs during scanning can improve startup time and JSP compilation time.
03-Apr-2024 20:51:27.056 INFO [localhost-startStop-1] org.apache.catalina.startup.HostConfig.deployDirectory Deployment of web application directory [D:\JavaSQL\Java8\apache-tomcat-8.5.24\webapps\Entrega] has finished in [32] ms
03-Apr-2024 20:51:27.056 INFO [localhost-startStop-1] org.apache.catalina.startup.HostConfig.deployDirectory Deploying web application directory [D:\JavaSQL\Java8\apache-tomcat-8.5.24\webapps\matrices8]
03-Apr-2024 20:51:27.071 INFO [localhost-startStop-1] org.apache.jasper.servlet.TldScanner.scanJars At least one JAR was scanned for TLDs yet contained no TLDs. Enable debug logging for this logger for a complete list of JARs that were scanned but no TLDs were found in them. Skipping unneeded JARs during scanning can improve startup time and JSP compilation time.
03-Apr-2024 20:51:27.071 INFO [localhost-startStop-1] org.apache.catalina.startup.HostConfig.deployDirectory Deployment of web application directory [D:\JavaSQL\Java8\apache-tomcat-8.5.24\webapps\matrices8] has finished in [15] ms
03-Apr-2024 20:51:27.071 INFO [localhost-startStop-1] org.apache.catalina.startup.HostConfig.deployDirectory Deploying web application directory [D:\JavaSQL\Java8\apache-tomcat-8.5.24\webapps\TD_E18]
03-Apr-2024 20:51:27.087 INFO [localhost-startStop-1] org.apache.jasper.servlet.TldScanner.scanJars At least one JAR was scanned for TLDs yet contained no TLDs. Enable debug logging for this logger for a complete list of JARs that were scanned but no TLDs were found in them. Skipping unneeded JARs during scanning can improve startup time and JSP compilation time.
03-Apr-2024 20:51:27.087 INFO [localhost-startStop-1] org.apache.catalina.startup.HostConfig.deployDirectory Deployment of web application directory [D:\JavaSQL\Java8\apache-tomcat-8.5.24\webapps\TD_E18] has finished in [16] ms
03-Apr-2024 20:51:27.087 INFO [localhost-startStop-1] org.apache.catalina.startup.HostConfig.deployDirectory Deploying web application directory [D:\JavaSQL\Java8\apache-tomcat-8.5.24\webapps\TD_E30]
03-Apr-2024 20:51:27.119 INFO [localhost-startStop-1] org.apache.jasper.servlet.TldScanner.scanJars At least one JAR was scanned for TLDs yet contained no TLDs. Enable debug logging for this logger for a complete list of JARs that were scanned but no TLDs were found in them. Skipping unneeded JARs during scanning can improve startup time and JSP compilation time.
03-Apr-2024 20:51:27.119 INFO [localhost-startStop-1] org.apache.catalina.startup.HostConfig.deployDirectory Deployment of web application directory [D:\JavaSQL\Java8\apache-tomcat-8.5.24\webapps\TD_E30] has finished in [32] ms
03-Apr-2024 20:51:27.119 INFO [localhost-startStop-1] org.apache.catalina.startup.HostConfig.deployDirectory Deploying web application directory [D:\JavaSQL\Java8\apache-tomcat-8.5.24\webapps\TD_E31]
03-Apr-2024 20:51:27.197 INFO [localhost-startStop-1] org.apache.jasper.servlet.TldScanner.scanJars At least one JAR was scanned for TLDs yet contained no TLDs. Enable debug logging for this logger for a complete list of JARs that were scanned but no TLDs were found in them. Skipping unneeded JARs during scanning can improve startup time and JSP compilation time.
03-Apr-2024 20:51:27.197 INFO [localhost-startStop-1] org.apache.catalina.startup.HostConfig.deployDirectory Deployment of web application directory [D:\JavaSQL\Java8\apache-tomcat-8.5.24\webapps\TD_E31] has finished in [78] ms
03-Apr-2024 20:51:27.213 INFO [main] org.apache.coyote.AbstractProtocol.start Starting ProtocolHandler ["http-nio-8082"]
03-Apr-2024 20:51:27.216 INFO [main] org.apache.coyote.AbstractProtocol.start Starting ProtocolHandler ["ajp-nio-8009"]
03-Apr-2024 20:51:27.216 INFO [main] org.apache.catalina.startup.Catalina.start Server startup in 714 ms
03-Apr-2024 20:51:30.537 INFO [main] org.apache.catalina.core.StandardServer.await A valid shutdown command was received via the shutdown port. Stopping the Server instance.
03-Apr-2024 20:51:30.537 INFO [main] org.apache.coyote.AbstractProtocol.pause Pausing ProtocolHandler ["http-nio-8082"]
03-Apr-2024 20:51:30.743 INFO [main] org.apache.coyote.AbstractProtocol.pause Pausing ProtocolHandler ["ajp-nio-8009"]
03-Apr-2024 20:51:30.853 INFO [main] org.apache.catalina.core.StandardService.stopInternal Stopping service [Catalina]
03-Apr-2024 20:51:30.884 INFO [main] org.apache.coyote.AbstractProtocol.stop Stopping ProtocolHandler ["http-nio-8082"]
03-Apr-2024 20:51:30.884 INFO [main] org.apache.coyote.AbstractProtocol.stop Stopping ProtocolHandler ["ajp-nio-8009"]
03-Apr-2024 20:51:30.884 INFO [main] org.apache.coyote.AbstractProtocol.destroy Destroying ProtocolHandler ["http-nio-8082"]
03-Apr-2024 20:51:30.884 INFO [main] org.apache.coyote.AbstractProtocol.destroy Destroying ProtocolHandler ["ajp-nio-8009"]
03-Apr-2024 20:51:38.355 INFO [main] org.apache.catalina.startup.VersionLoggerListener.log Server version:        Apache Tomcat/8.5.24
03-Apr-2024 20:51:38.355 INFO [main] org.apache.catalina.startup.VersionLoggerListener.log Server built:          Nov 27 2017 13:05:30 UTC
03-Apr-2024 20:51:38.355 INFO [main] org.apache.catalina.startup.VersionLoggerListener.log Server number:         8.5.24.0
03-Apr-2024 20:51:38.355 INFO [main] org.apache.catalina.startup.VersionLoggerListener.log OS Name:               Windows 10
03-Apr-2024 20:51:38.355 INFO [main] org.apache.catalina.startup.VersionLoggerListener.log OS Version:            10.0
03-Apr-2024 20:51:38.355 INFO [main] org.apache.catalina.startup.VersionLoggerListener.log Architecture:          x86
03-Apr-2024 20:51:38.355 INFO [main] org.apache.catalina.startup.VersionLoggerListener.log Java Home:             D:\JavaSQL\Java8\jdk1.8.0_131\jre
03-Apr-2024 20:51:38.355 INFO [main] org.apache.catalina.startup.VersionLoggerListener.log JVM Version:           1.8.0_131-b11
03-Apr-2024 20:51:38.355 INFO [main] org.apache.catalina.startup.VersionLoggerListener.log JVM Vendor:            Oracle Corporation
03-Apr-2024 20:51:38.355 INFO [main] org.apache.catalina.startup.VersionLoggerListener.log CATALINA_BASE:         D:\JavaSQL\Java8\apache-tomcat-8.5.24
03-Apr-2024 20:51:38.355 INFO [main] org.apache.catalina.startup.VersionLoggerListener.log CATALINA_HOME:         D:\JavaSQL\Java8\apache-tomcat-8.5.24
03-Apr-2024 20:51:38.355 INFO [main] org.apache.catalina.startup.VersionLoggerListener.log Command line argument: -Djava.util.logging.config.file=D:\JavaSQL\Java8\apache-tomcat-8.5.24\conf\logging.properties
03-Apr-2024 20:51:38.355 INFO [main] org.apache.catalina.startup.VersionLoggerListener.log Command line argument: -Djava.util.logging.manager=org.apache.juli.ClassLoaderLogManager
03-Apr-2024 20:51:38.355 INFO [main] org.apache.catalina.startup.VersionLoggerListener.log Command line argument: -Djdk.tls.ephemeralDHKeySize=2048
03-Apr-2024 20:51:38.355 INFO [main] org.apache.catalina.startup.VersionLoggerListener.log Command line argument: -Djava.protocol.handler.pkgs=org.apache.catalina.webresources
03-Apr-2024 20:51:38.355 INFO [main] org.apache.catalina.startup.VersionLoggerListener.log Command line argument: -Dignore.endorsed.dirs=
03-Apr-2024 20:51:38.355 INFO [main] org.apache.catalina.startup.VersionLoggerListener.log Command line argument: -Dcatalina.base=D:\JavaSQL\Java8\apache-tomcat-8.5.24
03-Apr-2024 20:51:38.355 INFO [main] org.apache.catalina.startup.VersionLoggerListener.log Command line argument: -Dcatalina.home=D:\JavaSQL\Java8\apache-tomcat-8.5.24
03-Apr-2024 20:51:38.355 INFO [main] org.apache.catalina.startup.VersionLoggerListener.log Command line argument: -Djava.io.tmpdir=D:\JavaSQL\Java8\apache-tomcat-8.5.24\temp
03-Apr-2024 20:51:38.355 INFO [main] org.apache.catalina.core.AprLifecycleListener.lifecycleEvent The APR based Apache Tomcat Native library which allows optimal performance in production environments was not found on the java.library.path: [D:\JavaSQL\Java8\jdk1.8.0_131\bin;C:\WINDOWS\Sun\Java\bin;C:\WINDOWS\system32;C:\WINDOWS;D:\JavaSQL\Java8\jdk1.8.0_131\bin;D:\JavaSQL\Java8\jdk1.8.0_131\db\bin;D:\JavaSQL\Java8\squirrelsql-4.0.0-standard;D:\JavaSQL\Java8\apache-tomcat-8.5.24\bin;C:\WINDOWS\system32;C:\WINDOWS;C:\WINDOWS\System32\Wbem;C:\WINDOWS\System32\WindowsPowerShell\v1.0\;C:\WINDOWS\System32\OpenSSH\;C:\Program Files\dotnet\;C:\Users\Aldoa\Desktop\Infor\bin;C:\Users\Aldoa\AppData\Local\Microsoft\WindowsApps;;.]
03-Apr-2024 20:51:38.434 INFO [main] org.apache.coyote.AbstractProtocol.init Initializing ProtocolHandler ["http-nio-8082"]
03-Apr-2024 20:51:38.669 INFO [main] org.apache.tomcat.util.net.NioSelectorPool.getSharedSelector Using a shared selector for servlet write/read
03-Apr-2024 20:51:38.669 INFO [main] org.apache.coyote.AbstractProtocol.init Initializing ProtocolHandler ["ajp-nio-8009"]
03-Apr-2024 20:51:38.669 INFO [main] org.apache.tomcat.util.net.NioSelectorPool.getSharedSelector Using a shared selector for servlet write/read
03-Apr-2024 20:51:38.683 INFO [main] org.apache.catalina.startup.Catalina.load Initialization processed in 520 ms
03-Apr-2024 20:51:38.699 INFO [main] org.apache.catalina.core.StandardService.startInternal Starting service [Catalina]
03-Apr-2024 20:51:38.699 INFO [main] org.apache.catalina.core.StandardEngine.startInternal Starting Servlet Engine: Apache Tomcat/8.5.24
03-Apr-2024 20:51:38.699 INFO [localhost-startStop-1] org.apache.catalina.startup.HostConfig.deployDirectory Deploying web application directory [D:\JavaSQL\Java8\apache-tomcat-8.5.24\webapps\docs]
03-Apr-2024 20:51:38.889 INFO [localhost-startStop-1] org.apache.jasper.servlet.TldScanner.scanJars At least one JAR was scanned for TLDs yet contained no TLDs. Enable debug logging for this logger for a complete list of JARs that were scanned but no TLDs were found in them. Skipping unneeded JARs during scanning can improve startup time and JSP compilation time.
03-Apr-2024 20:51:38.941 INFO [localhost-startStop-1] org.apache.catalina.startup.HostConfig.deployDirectory Deployment of web application directory [D:\JavaSQL\Java8\apache-tomcat-8.5.24\webapps\docs] has finished in [242] ms
03-Apr-2024 20:51:38.941 INFO [localhost-startStop-1] org.apache.catalina.startup.HostConfig.deployDirectory Deploying web application directory [D:\JavaSQL\Java8\apache-tomcat-8.5.24\webapps\examples]
03-Apr-2024 20:51:39.136 INFO [localhost-startStop-1] org.apache.jasper.servlet.TldScanner.scanJars At least one JAR was scanned for TLDs yet contained no TLDs. Enable debug logging for this logger for a complete list of JARs that were scanned but no TLDs were found in them. Skipping unneeded JARs during scanning can improve startup time and JSP compilation time.
03-Apr-2024 20:51:39.171 INFO [localhost-startStop-1] org.apache.catalina.startup.HostConfig.deployDirectory Deployment of web application directory [D:\JavaSQL\Java8\apache-tomcat-8.5.24\webapps\examples] has finished in [230] ms
03-Apr-2024 20:51:39.171 INFO [localhost-startStop-1] org.apache.catalina.startup.HostConfig.deployDirectory Deploying web application directory [D:\JavaSQL\Java8\apache-tomcat-8.5.24\webapps\host-manager]
03-Apr-2024 20:51:39.203 INFO [localhost-startStop-1] org.apache.jasper.servlet.TldScanner.scanJars At least one JAR was scanned for TLDs yet contained no TLDs. Enable debug logging for this logger for a complete list of JARs that were scanned but no TLDs were found in them. Skipping unneeded JARs during scanning can improve startup time and JSP compilation time.
03-Apr-2024 20:51:39.206 INFO [localhost-startStop-1] org.apache.catalina.startup.HostConfig.deployDirectory Deployment of web application directory [D:\JavaSQL\Java8\apache-tomcat-8.5.24\webapps\host-manager] has finished in [35] ms
03-Apr-2024 20:51:39.206 INFO [localhost-startStop-1] org.apache.catalina.startup.HostConfig.deployDirectory Deploying web application directory [D:\JavaSQL\Java8\apache-tomcat-8.5.24\webapps\ROOT]
03-Apr-2024 20:51:39.219 INFO [localhost-startStop-1] org.apache.jasper.servlet.TldScanner.scanJars At least one JAR was scanned for TLDs yet contained no TLDs. Enable debug logging for this logger for a complete list of JARs that were scanned but no TLDs were found in them. Skipping unneeded JARs during scanning can improve startup time and JSP compilation time.
03-Apr-2024 20:51:39.219 INFO [localhost-startStop-1] org.apache.catalina.startup.HostConfig.deployDirectory Deployment of web application directory [D:\JavaSQL\Java8\apache-tomcat-8.5.24\webapps\ROOT] has finished in [13] ms
03-Apr-2024 20:51:39.219 INFO [localhost-startStop-1] org.apache.catalina.startup.HostConfig.deployDirectory Deploying web application directory [D:\JavaSQL\Java8\apache-tomcat-8.5.24\webapps\SQLServer]
03-Apr-2024 20:51:39.252 INFO [localhost-startStop-1] org.apache.jasper.servlet.TldScanner.scanJars At least one JAR was scanned for TLDs yet contained no TLDs. Enable debug logging for this logger for a complete list of JARs that were scanned but no TLDs were found in them. Skipping unneeded JARs during scanning can improve startup time and JSP compilation time.
03-Apr-2024 20:51:39.252 INFO [localhost-startStop-1] org.apache.catalina.startup.HostConfig.deployDirectory Deployment of web application directory [D:\JavaSQL\Java8\apache-tomcat-8.5.24\webapps\SQLServer] has finished in [33] ms
03-Apr-2024 20:51:39.252 INFO [localhost-startStop-1] org.apache.catalina.startup.HostConfig.deployDirectory Deploying web application directory [D:\JavaSQL\Java8\apache-tomcat-8.5.24\webapps\Servlet1]
03-Apr-2024 20:51:39.276 INFO [localhost-startStop-1] org.apache.jasper.servlet.TldScanner.scanJars At least one JAR was scanned for TLDs yet contained no TLDs. Enable debug logging for this logger for a complete list of JARs that were scanned but no TLDs were found in them. Skipping unneeded JARs during scanning can improve startup time and JSP compilation time.
03-Apr-2024 20:51:39.280 INFO [localhost-startStop-1] org.apache.catalina.startup.HostConfig.deployDirectory Deployment of web application directory [D:\JavaSQL\Java8\apache-tomcat-8.5.24\webapps\Servlet1] has finished in [28] ms
03-Apr-2024 20:51:39.280 INFO [localhost-startStop-1] org.apache.catalina.startup.HostConfig.deployDirectory Deploying web application directory [D:\JavaSQL\Java8\apache-tomcat-8.5.24\webapps\Servlet2]
03-Apr-2024 20:51:39.301 INFO [localhost-startStop-1] org.apache.jasper.servlet.TldScanner.scanJars At least one JAR was scanned for TLDs yet contained no TLDs. Enable debug logging for this logger for a complete list of JARs that were scanned but no TLDs were found in them. Skipping unneeded JARs during scanning can improve startup time and JSP compilation time.
03-Apr-2024 20:51:39.305 INFO [localhost-startStop-1] org.apache.catalina.startup.HostConfig.deployDirectory Deployment of web application directory [D:\JavaSQL\Java8\apache-tomcat-8.5.24\webapps\Servlet2] has finished in [25] ms
03-Apr-2024 20:51:39.305 INFO [localhost-startStop-1] org.apache.catalina.startup.HostConfig.deployDirectory Deploying web application directory [D:\JavaSQL\Java8\apache-tomcat-8.5.24\webapps\Servlet3]
03-Apr-2024 20:51:39.325 INFO [localhost-startStop-1] org.apache.jasper.servlet.TldScanner.scanJars At least one JAR was scanned for TLDs yet contained no TLDs. Enable debug logging for this logger for a complete list of JARs that were scanned but no TLDs were found in them. Skipping unneeded JARs during scanning can improve startup time and JSP compilation time.
03-Apr-2024 20:51:39.326 INFO [localhost-startStop-1] org.apache.catalina.startup.HostConfig.deployDirectory Deployment of web application directory [D:\JavaSQL\Java8\apache-tomcat-8.5.24\webapps\Servlet3] has finished in [21] ms
03-Apr-2024 20:51:39.326 INFO [localhost-startStop-1] org.apache.catalina.startup.HostConfig.deployDirectory Deploying web application directory [D:\JavaSQL\Java8\apache-tomcat-8.5.24\webapps\Servlet4]
03-Apr-2024 20:51:39.346 INFO [localhost-startStop-1] org.apache.jasper.servlet.TldScanner.scanJars At least one JAR was scanned for TLDs yet contained no TLDs. Enable debug logging for this logger for a complete list of JARs that were scanned but no TLDs were found in them. Skipping unneeded JARs during scanning can improve startup time and JSP compilation time.
03-Apr-2024 20:51:39.349 INFO [localhost-startStop-1] org.apache.catalina.startup.HostConfig.deployDirectory Deployment of web application directory [D:\JavaSQL\Java8\apache-tomcat-8.5.24\webapps\Servlet4] has finished in [23] ms
03-Apr-2024 20:51:39.349 INFO [localhost-startStop-1] org.apache.catalina.startup.HostConfig.deployDirectory Deploying web application directory [D:\JavaSQL\Java8\apache-tomcat-8.5.24\webapps\Pract8]
03-Apr-2024 20:51:39.366 INFO [localhost-startStop-1] org.apache.jasper.servlet.TldScanner.scanJars At least one JAR was scanned for TLDs yet contained no TLDs. Enable debug logging for this logger for a complete list of JARs that were scanned but no TLDs were found in them. Skipping unneeded JARs during scanning can improve startup time and JSP compilation time.
03-Apr-2024 20:51:39.374 INFO [localhost-startStop-1] org.apache.catalina.startup.HostConfig.deployDirectory Deployment of web application directory [D:\JavaSQL\Java8\apache-tomcat-8.5.24\webapps\Pract8] has finished in [25] ms
03-Apr-2024 20:51:39.374 INFO [localhost-startStop-1] org.apache.catalina.startup.HostConfig.deployDirectory Deploying web application directory [D:\JavaSQL\Java8\apache-tomcat-8.5.24\webapps\Entrega]
03-Apr-2024 20:51:39.398 INFO [localhost-startStop-1] org.apache.jasper.servlet.TldScanner.scanJars At least one JAR was scanned for TLDs yet contained no TLDs. Enable debug logging for this logger for a complete list of JARs that were scanned but no TLDs were found in them. Skipping unneeded JARs during scanning can improve startup time and JSP compilation time.
03-Apr-2024 20:51:39.404 INFO [localhost-startStop-1] org.apache.catalina.startup.HostConfig.deployDirectory Deployment of web application directory [D:\JavaSQL\Java8\apache-tomcat-8.5.24\webapps\Entrega] has finished in [30] ms
03-Apr-2024 20:51:39.404 INFO [localhost-startStop-1] org.apache.catalina.startup.HostConfig.deployDirectory Deploying web application directory [D:\JavaSQL\Java8\apache-tomcat-8.5.24\webapps\matrices8]
03-Apr-2024 20:51:39.423 INFO [localhost-startStop-1] org.apache.jasper.servlet.TldScanner.scanJars At least one JAR was scanned for TLDs yet contained no TLDs. Enable debug logging for this logger for a complete list of JARs that were scanned but no TLDs were found in them. Skipping unneeded JARs during scanning can improve startup time and JSP compilation time.
03-Apr-2024 20:51:39.425 INFO [localhost-startStop-1] org.apache.catalina.startup.HostConfig.deployDirectory Deployment of web application directory [D:\JavaSQL\Java8\apache-tomcat-8.5.24\webapps\matrices8] has finished in [21] ms
03-Apr-2024 20:51:39.425 INFO [localhost-startStop-1] org.apache.catalina.startup.HostConfig.deployDirectory Deploying web application directory [D:\JavaSQL\Java8\apache-tomcat-8.5.24\webapps\TD_E18]
03-Apr-2024 20:51:39.448 INFO [localhost-startStop-1] org.apache.jasper.servlet.TldScanner.scanJars At least one JAR was scanned for TLDs yet contained no TLDs. Enable debug logging for this logger for a complete list of JARs that were scanned but no TLDs were found in them. Skipping unneeded JARs during scanning can improve startup time and JSP compilation time.
03-Apr-2024 20:51:39.448 INFO [localhost-startStop-1] org.apache.catalina.startup.HostConfig.deployDirectory Deployment of web application directory [D:\JavaSQL\Java8\apache-tomcat-8.5.24\webapps\TD_E18] has finished in [23] ms
03-Apr-2024 20:51:39.448 INFO [localhost-startStop-1] org.apache.catalina.startup.HostConfig.deployDirectory Deploying web application directory [D:\JavaSQL\Java8\apache-tomcat-8.5.24\webapps\TD_E30]
03-Apr-2024 20:51:39.472 INFO [localhost-startStop-1] org.apache.jasper.servlet.TldScanner.scanJars At least one JAR was scanned for TLDs yet contained no TLDs. Enable debug logging for this logger for a complete list of JARs that were scanned but no TLDs were found in them. Skipping unneeded JARs during scanning can improve startup time and JSP compilation time.
03-Apr-2024 20:51:39.472 INFO [localhost-startStop-1] org.apache.catalina.startup.HostConfig.deployDirectory Deployment of web application directory [D:\JavaSQL\Java8\apache-tomcat-8.5.24\webapps\TD_E30] has finished in [24] ms
03-Apr-2024 20:51:39.472 INFO [localhost-startStop-1] org.apache.catalina.startup.HostConfig.deployDirectory Deploying web application directory [D:\JavaSQL\Java8\apache-tomcat-8.5.24\webapps\TD_E31]
03-Apr-2024 20:51:39.552 INFO [localhost-startStop-1] org.apache.jasper.servlet.TldScanner.scanJars At least one JAR was scanned for TLDs yet contained no TLDs. Enable debug logging for this logger for a complete list of JARs that were scanned but no TLDs were found in them. Skipping unneeded JARs during scanning can improve startup time and JSP compilation time.
03-Apr-2024 20:51:39.552 INFO [localhost-startStop-1] org.apache.catalina.startup.HostConfig.deployDirectory Deployment of web application directory [D:\JavaSQL\Java8\apache-tomcat-8.5.24\webapps\TD_E31] has finished in [80] ms
03-Apr-2024 20:51:39.567 INFO [main] org.apache.coyote.AbstractProtocol.start Starting ProtocolHandler ["http-nio-8082"]
03-Apr-2024 20:51:39.567 INFO [main] org.apache.coyote.AbstractProtocol.start Starting ProtocolHandler ["ajp-nio-8009"]
03-Apr-2024 20:51:39.567 INFO [main] org.apache.catalina.startup.Catalina.start Server startup in 890 ms
03-Apr-2024 20:59:17.974 INFO [main] org.apache.catalina.core.StandardServer.await A valid shutdown command was received via the shutdown port. Stopping the Server instance.
03-Apr-2024 20:59:17.974 INFO [main] org.apache.coyote.AbstractProtocol.pause Pausing ProtocolHandler ["http-nio-8082"]
03-Apr-2024 20:59:18.478 INFO [main] org.apache.coyote.AbstractProtocol.pause Pausing ProtocolHandler ["ajp-nio-8009"]
03-Apr-2024 20:59:18.952 INFO [main] org.apache.catalina.core.StandardService.stopInternal Stopping service [Catalina]
03-Apr-2024 20:59:18.974 INFO [localhost-startStop-2] org.apache.catalina.core.StandardWrapper.unload Waiting for [1] instance(s) to be deallocated for Servlet [Variacion]
03-Apr-2024 20:59:20.067 INFO [localhost-startStop-2] org.apache.catalina.core.StandardWrapper.unload Waiting for [1] instance(s) to be deallocated for Servlet [Variacion]
03-Apr-2024 20:59:21.168 INFO [localhost-startStop-2] org.apache.catalina.core.StandardWrapper.unload Waiting for [1] instance(s) to be deallocated for Servlet [Variacion]
03-Apr-2024 20:59:21.280 WARNING [localhost-startStop-2] org.apache.catalina.loader.WebappClassLoaderBase.clearReferencesThreads The web application [TD_E31] is still processing a request that has yet to finish. This is very likely to create a memory leak. You can control the time allowed for requests to finish by using the unloadDelay attribute of the standard Context implementation. Stack trace of request processing thread:[
 VariacionHTML.repeticion(VariacionHTML.java:30)
 Variacion.doGet(Variacion.java:21)
 javax.servlet.http.HttpServlet.service(HttpServlet.java:635)
 javax.servlet.http.HttpServlet.service(HttpServlet.java:742)
 org.apache.catalina.core.ApplicationFilterChain.internalDoFilter(ApplicationFilterChain.java:231)
 org.apache.catalina.core.ApplicationFilterChain.doFilter(ApplicationFilterChain.java:166)
 org.apache.tomcat.websocket.server.WsFilter.doFilter(WsFilter.java:52)
 org.apache.catalina.core.ApplicationFilterChain.internalDoFilter(ApplicationFilterChain.java:193)
 org.apache.catalina.core.ApplicationFilterChain.doFilter(ApplicationFilterChain.java:166)
 org.apache.catalina.core.StandardWrapperValve.invoke(StandardWrapperValve.java:198)
 org.apache.catalina.core.StandardContextValve.invoke(StandardContextValve.java:96)
 org.apache.catalina.authenticator.AuthenticatorBase.invoke(AuthenticatorBase.java:504)
 org.apache.catalina.core.StandardHostValve.invoke(StandardHostValve.java:140)
 org.apache.catalina.valves.ErrorReportValve.invoke(ErrorReportValve.java:81)
 org.apache.catalina.valves.AbstractAccessLogValve.invoke(AbstractAccessLogValve.java:650)
 org.apache.catalina.core.StandardEngineValve.invoke(StandardEngineValve.java:87)
 org.apache.catalina.connector.CoyoteAdapter.service(CoyoteAdapter.java:342)
 org.apache.coyote.http11.Http11Processor.service(Http11Processor.java:803)
 org.apache.coyote.AbstractProcessorLight.process(AbstractProcessorLight.java:66)
 org.apache.coyote.AbstractProtocol$ConnectionHandler.process(AbstractProtocol.java:790)
 org.apache.tomcat.util.net.NioEndpoint$SocketProcessor.doRun(NioEndpoint.java:1459)
 org.apache.tomcat.util.net.SocketProcessorBase.run(SocketProcessorBase.java:49)
 java.util.concurrent.ThreadPoolExecutor.runWorker(ThreadPoolExecutor.java:1142)
 java.util.concurrent.ThreadPoolExecutor$Worker.run(ThreadPoolExecutor.java:617)
 org.apache.tomcat.util.threads.TaskThread$WrappingRunnable.run(TaskThread.java:61)
 java.lang.Thread.run(Thread.java:748)]
03-Apr-2024 20:59:21.325 INFO [main] org.apache.coyote.AbstractProtocol.stop Stopping ProtocolHandler ["http-nio-8082"]
03-Apr-2024 20:59:26.332 WARNING [main] org.apache.tomcat.util.net.AbstractEndpoint.shutdownExecutor The executor associated with thread pool [http-nio-8082] has not fully shutdown. Some application threads may still be running.
03-Apr-2024 20:59:26.332 INFO [main] org.apache.coyote.AbstractProtocol.stop Stopping ProtocolHandler ["ajp-nio-8009"]
03-Apr-2024 20:59:26.332 INFO [main] org.apache.coyote.AbstractProtocol.destroy Destroying ProtocolHandler ["http-nio-8082"]
03-Apr-2024 20:59:26.347 INFO [main] org.apache.coyote.AbstractProtocol.destroy Destroying ProtocolHandler ["ajp-nio-8009"]
03-Apr-2024 21:01:39.506 INFO [main] org.apache.catalina.startup.VersionLoggerListener.log Server version:        Apache Tomcat/8.5.24
03-Apr-2024 21:01:39.522 INFO [main] org.apache.catalina.startup.VersionLoggerListener.log Server built:          Nov 27 2017 13:05:30 UTC
03-Apr-2024 21:01:39.522 INFO [main] org.apache.catalina.startup.VersionLoggerListener.log Server number:         8.5.24.0
03-Apr-2024 21:01:39.522 INFO [main] org.apache.catalina.startup.VersionLoggerListener.log OS Name:               Windows 10
03-Apr-2024 21:01:39.522 INFO [main] org.apache.catalina.startup.VersionLoggerListener.log OS Version:            10.0
03-Apr-2024 21:01:39.522 INFO [main] org.apache.catalina.startup.VersionLoggerListener.log Architecture:          x86
03-Apr-2024 21:01:39.522 INFO [main] org.apache.catalina.startup.VersionLoggerListener.log Java Home:             D:\JavaSQL\Java8\jdk1.8.0_131\jre
03-Apr-2024 21:01:39.522 INFO [main] org.apache.catalina.startup.VersionLoggerListener.log JVM Version:           1.8.0_131-b11
03-Apr-2024 21:01:39.522 INFO [main] org.apache.catalina.startup.VersionLoggerListener.log JVM Vendor:            Oracle Corporation
03-Apr-2024 21:01:39.522 INFO [main] org.apache.catalina.startup.VersionLoggerListener.log CATALINA_BASE:         D:\JavaSQL\Java8\apache-tomcat-8.5.24
03-Apr-2024 21:01:39.522 INFO [main] org.apache.catalina.startup.VersionLoggerListener.log CATALINA_HOME:         D:\JavaSQL\Java8\apache-tomcat-8.5.24
03-Apr-2024 21:01:39.522 INFO [main] org.apache.catalina.startup.VersionLoggerListener.log Command line argument: -Djava.util.logging.config.file=D:\JavaSQL\Java8\apache-tomcat-8.5.24\conf\logging.properties
03-Apr-2024 21:01:39.522 INFO [main] org.apache.catalina.startup.VersionLoggerListener.log Command line argument: -Djava.util.logging.manager=org.apache.juli.ClassLoaderLogManager
03-Apr-2024 21:01:39.522 INFO [main] org.apache.catalina.startup.VersionLoggerListener.log Command line argument: -Djdk.tls.ephemeralDHKeySize=2048
03-Apr-2024 21:01:39.522 INFO [main] org.apache.catalina.startup.VersionLoggerListener.log Command line argument: -Djava.protocol.handler.pkgs=org.apache.catalina.webresources
03-Apr-2024 21:01:39.522 INFO [main] org.apache.catalina.startup.VersionLoggerListener.log Command line argument: -Dignore.endorsed.dirs=
03-Apr-2024 21:01:39.522 INFO [main] org.apache.catalina.startup.VersionLoggerListener.log Command line argument: -Dcatalina.base=D:\JavaSQL\Java8\apache-tomcat-8.5.24
03-Apr-2024 21:01:39.522 INFO [main] org.apache.catalina.startup.VersionLoggerListener.log Command line argument: -Dcatalina.home=D:\JavaSQL\Java8\apache-tomcat-8.5.24
03-Apr-2024 21:01:39.522 INFO [main] org.apache.catalina.startup.VersionLoggerListener.log Command line argument: -Djava.io.tmpdir=D:\JavaSQL\Java8\apache-tomcat-8.5.24\temp
03-Apr-2024 21:01:39.522 INFO [main] org.apache.catalina.core.AprLifecycleListener.lifecycleEvent The APR based Apache Tomcat Native library which allows optimal performance in production environments was not found on the java.library.path: [D:\JavaSQL\Java8\jdk1.8.0_131\bin;C:\WINDOWS\Sun\Java\bin;C:\WINDOWS\system32;C:\WINDOWS;D:\JavaSQL\Java8\jdk1.8.0_131\bin;D:\JavaSQL\Java8\jdk1.8.0_131\db\bin;D:\JavaSQL\Java8\squirrelsql-4.0.0-standard;D:\JavaSQL\Java8\apache-tomcat-8.5.24\bin;C:\WINDOWS\system32;C:\WINDOWS;C:\WINDOWS\System32\Wbem;C:\WINDOWS\System32\WindowsPowerShell\v1.0\;C:\WINDOWS\System32\OpenSSH\;C:\Program Files\dotnet\;C:\Users\Aldoa\Desktop\Infor\bin;C:\Users\Aldoa\AppData\Local\Microsoft\WindowsApps;;.]
03-Apr-2024 21:01:39.585 INFO [main] org.apache.coyote.AbstractProtocol.init Initializing ProtocolHandler ["http-nio-8082"]
03-Apr-2024 21:01:39.760 INFO [main] org.apache.tomcat.util.net.NioSelectorPool.getSharedSelector Using a shared selector for servlet write/read
03-Apr-2024 21:01:39.776 INFO [main] org.apache.coyote.AbstractProtocol.init Initializing ProtocolHandler ["ajp-nio-8009"]
03-Apr-2024 21:01:39.783 INFO [main] org.apache.tomcat.util.net.NioSelectorPool.getSharedSelector Using a shared selector for servlet write/read
03-Apr-2024 21:01:39.783 INFO [main] org.apache.catalina.startup.Catalina.load Initialization processed in 470 ms
03-Apr-2024 21:01:39.799 INFO [main] org.apache.catalina.core.StandardService.startInternal Starting service [Catalina]
03-Apr-2024 21:01:39.808 INFO [main] org.apache.catalina.core.StandardEngine.startInternal Starting Servlet Engine: Apache Tomcat/8.5.24
03-Apr-2024 21:01:39.808 INFO [localhost-startStop-1] org.apache.catalina.startup.HostConfig.deployDirectory Deploying web application directory [D:\JavaSQL\Java8\apache-tomcat-8.5.24\webapps\docs]
03-Apr-2024 21:01:39.975 INFO [localhost-startStop-1] org.apache.jasper.servlet.TldScanner.scanJars At least one JAR was scanned for TLDs yet contained no TLDs. Enable debug logging for this logger for a complete list of JARs that were scanned but no TLDs were found in them. Skipping unneeded JARs during scanning can improve startup time and JSP compilation time.
03-Apr-2024 21:01:40.014 INFO [localhost-startStop-1] org.apache.catalina.startup.HostConfig.deployDirectory Deployment of web application directory [D:\JavaSQL\Java8\apache-tomcat-8.5.24\webapps\docs] has finished in [206] ms
03-Apr-2024 21:01:40.014 INFO [localhost-startStop-1] org.apache.catalina.startup.HostConfig.deployDirectory Deploying web application directory [D:\JavaSQL\Java8\apache-tomcat-8.5.24\webapps\examples]
03-Apr-2024 21:01:40.182 INFO [localhost-startStop-1] org.apache.jasper.servlet.TldScanner.scanJars At least one JAR was scanned for TLDs yet contained no TLDs. Enable debug logging for this logger for a complete list of JARs that were scanned but no TLDs were found in them. Skipping unneeded JARs during scanning can improve startup time and JSP compilation time.
03-Apr-2024 21:01:40.213 INFO [localhost-startStop-1] org.apache.catalina.startup.HostConfig.deployDirectory Deployment of web application directory [D:\JavaSQL\Java8\apache-tomcat-8.5.24\webapps\examples] has finished in [199] ms
03-Apr-2024 21:01:40.213 INFO [localhost-startStop-1] org.apache.catalina.startup.HostConfig.deployDirectory Deploying web application directory [D:\JavaSQL\Java8\apache-tomcat-8.5.24\webapps\host-manager]
03-Apr-2024 21:01:40.233 INFO [localhost-startStop-1] org.apache.jasper.servlet.TldScanner.scanJars At least one JAR was scanned for TLDs yet contained no TLDs. Enable debug logging for this logger for a complete list of JARs that were scanned but no TLDs were found in them. Skipping unneeded JARs during scanning can improve startup time and JSP compilation time.
03-Apr-2024 21:01:40.233 INFO [localhost-startStop-1] org.apache.catalina.startup.HostConfig.deployDirectory Deployment of web application directory [D:\JavaSQL\Java8\apache-tomcat-8.5.24\webapps\host-manager] has finished in [20] ms
03-Apr-2024 21:01:40.233 INFO [localhost-startStop-1] org.apache.catalina.startup.HostConfig.deployDirectory Deploying web application directory [D:\JavaSQL\Java8\apache-tomcat-8.5.24\webapps\ROOT]
03-Apr-2024 21:01:40.249 INFO [localhost-startStop-1] org.apache.jasper.servlet.TldScanner.scanJars At least one JAR was scanned for TLDs yet contained no TLDs. Enable debug logging for this logger for a complete list of JARs that were scanned but no TLDs were found in them. Skipping unneeded JARs during scanning can improve startup time and JSP compilation time.
03-Apr-2024 21:01:40.249 INFO [localhost-startStop-1] org.apache.catalina.startup.HostConfig.deployDirectory Deployment of web application directory [D:\JavaSQL\Java8\apache-tomcat-8.5.24\webapps\ROOT] has finished in [16] ms
03-Apr-2024 21:01:40.249 INFO [localhost-startStop-1] org.apache.catalina.startup.HostConfig.deployDirectory Deploying web application directory [D:\JavaSQL\Java8\apache-tomcat-8.5.24\webapps\SQLServer]
03-Apr-2024 21:01:40.266 INFO [localhost-startStop-1] org.apache.jasper.servlet.TldScanner.scanJars At least one JAR was scanned for TLDs yet contained no TLDs. Enable debug logging for this logger for a complete list of JARs that were scanned but no TLDs were found in them. Skipping unneeded JARs during scanning can improve startup time and JSP compilation time.
03-Apr-2024 21:01:40.266 INFO [localhost-startStop-1] org.apache.catalina.startup.HostConfig.deployDirectory Deployment of web application directory [D:\JavaSQL\Java8\apache-tomcat-8.5.24\webapps\SQLServer] has finished in [17] ms
03-Apr-2024 21:01:40.266 INFO [localhost-startStop-1] org.apache.catalina.startup.HostConfig.deployDirectory Deploying web application directory [D:\JavaSQL\Java8\apache-tomcat-8.5.24\webapps\Servlet1]
03-Apr-2024 21:01:40.285 INFO [localhost-startStop-1] org.apache.jasper.servlet.TldScanner.scanJars At least one JAR was scanned for TLDs yet contained no TLDs. Enable debug logging for this logger for a complete list of JARs that were scanned but no TLDs were found in them. Skipping unneeded JARs during scanning can improve startup time and JSP compilation time.
03-Apr-2024 21:01:40.290 INFO [localhost-startStop-1] org.apache.catalina.startup.HostConfig.deployDirectory Deployment of web application directory [D:\JavaSQL\Java8\apache-tomcat-8.5.24\webapps\Servlet1] has finished in [24] ms
03-Apr-2024 21:01:40.290 INFO [localhost-startStop-1] org.apache.catalina.startup.HostConfig.deployDirectory Deploying web application directory [D:\JavaSQL\Java8\apache-tomcat-8.5.24\webapps\Servlet2]
03-Apr-2024 21:01:40.306 INFO [localhost-startStop-1] org.apache.jasper.servlet.TldScanner.scanJars At least one JAR was scanned for TLDs yet contained no TLDs. Enable debug logging for this logger for a complete list of JARs that were scanned but no TLDs were found in them. Skipping unneeded JARs during scanning can improve startup time and JSP compilation time.
03-Apr-2024 21:01:40.306 INFO [localhost-startStop-1] org.apache.catalina.startup.HostConfig.deployDirectory Deployment of web application directory [D:\JavaSQL\Java8\apache-tomcat-8.5.24\webapps\Servlet2] has finished in [16] ms
03-Apr-2024 21:01:40.306 INFO [localhost-startStop-1] org.apache.catalina.startup.HostConfig.deployDirectory Deploying web application directory [D:\JavaSQL\Java8\apache-tomcat-8.5.24\webapps\Servlet3]
03-Apr-2024 21:01:40.314 INFO [localhost-startStop-1] org.apache.jasper.servlet.TldScanner.scanJars At least one JAR was scanned for TLDs yet contained no TLDs. Enable debug logging for this logger for a complete list of JARs that were scanned but no TLDs were found in them. Skipping unneeded JARs during scanning can improve startup time and JSP compilation time.
03-Apr-2024 21:01:40.314 INFO [localhost-startStop-1] org.apache.catalina.startup.HostConfig.deployDirectory Deployment of web application directory [D:\JavaSQL\Java8\apache-tomcat-8.5.24\webapps\Servlet3] has finished in [8] ms
03-Apr-2024 21:01:40.314 INFO [localhost-startStop-1] org.apache.catalina.startup.HostConfig.deployDirectory Deploying web application directory [D:\JavaSQL\Java8\apache-tomcat-8.5.24\webapps\Servlet4]
03-Apr-2024 21:01:40.330 INFO [localhost-startStop-1] org.apache.jasper.servlet.TldScanner.scanJars At least one JAR was scanned for TLDs yet contained no TLDs. Enable debug logging for this logger for a complete list of JARs that were scanned but no TLDs were found in them. Skipping unneeded JARs during scanning can improve startup time and JSP compilation time.
03-Apr-2024 21:01:40.330 INFO [localhost-startStop-1] org.apache.catalina.startup.HostConfig.deployDirectory Deployment of web application directory [D:\JavaSQL\Java8\apache-tomcat-8.5.24\webapps\Servlet4] has finished in [16] ms
03-Apr-2024 21:01:40.330 INFO [localhost-startStop-1] org.apache.catalina.startup.HostConfig.deployDirectory Deploying web application directory [D:\JavaSQL\Java8\apache-tomcat-8.5.24\webapps\Pract8]
03-Apr-2024 21:01:40.345 INFO [localhost-startStop-1] org.apache.jasper.servlet.TldScanner.scanJars At least one JAR was scanned for TLDs yet contained no TLDs. Enable debug logging for this logger for a complete list of JARs that were scanned but no TLDs were found in them. Skipping unneeded JARs during scanning can improve startup time and JSP compilation time.
03-Apr-2024 21:01:40.345 INFO [localhost-startStop-1] org.apache.catalina.startup.HostConfig.deployDirectory Deployment of web application directory [D:\JavaSQL\Java8\apache-tomcat-8.5.24\webapps\Pract8] has finished in [15] ms
03-Apr-2024 21:01:40.345 INFO [localhost-startStop-1] org.apache.catalina.startup.HostConfig.deployDirectory Deploying web application directory [D:\JavaSQL\Java8\apache-tomcat-8.5.24\webapps\Entrega]
03-Apr-2024 21:01:40.377 INFO [localhost-startStop-1] org.apache.jasper.servlet.TldScanner.scanJars At least one JAR was scanned for TLDs yet contained no TLDs. Enable debug logging for this logger for a complete list of JARs that were scanned but no TLDs were found in them. Skipping unneeded JARs during scanning can improve startup time and JSP compilation time.
03-Apr-2024 21:01:40.377 INFO [localhost-startStop-1] org.apache.catalina.startup.HostConfig.deployDirectory Deployment of web application directory [D:\JavaSQL\Java8\apache-tomcat-8.5.24\webapps\Entrega] has finished in [32] ms
03-Apr-2024 21:01:40.377 INFO [localhost-startStop-1] org.apache.catalina.startup.HostConfig.deployDirectory Deploying web application directory [D:\JavaSQL\Java8\apache-tomcat-8.5.24\webapps\matrices8]
03-Apr-2024 21:01:40.393 INFO [localhost-startStop-1] org.apache.jasper.servlet.TldScanner.scanJars At least one JAR was scanned for TLDs yet contained no TLDs. Enable debug logging for this logger for a complete list of JARs that were scanned but no TLDs were found in them. Skipping unneeded JARs during scanning can improve startup time and JSP compilation time.
03-Apr-2024 21:01:40.393 INFO [localhost-startStop-1] org.apache.catalina.startup.HostConfig.deployDirectory Deployment of web application directory [D:\JavaSQL\Java8\apache-tomcat-8.5.24\webapps\matrices8] has finished in [16] ms
03-Apr-2024 21:01:40.393 INFO [localhost-startStop-1] org.apache.catalina.startup.HostConfig.deployDirectory Deploying web application directory [D:\JavaSQL\Java8\apache-tomcat-8.5.24\webapps\TD_E18]
03-Apr-2024 21:01:40.411 INFO [localhost-startStop-1] org.apache.jasper.servlet.TldScanner.scanJars At least one JAR was scanned for TLDs yet contained no TLDs. Enable debug logging for this logger for a complete list of JARs that were scanned but no TLDs were found in them. Skipping unneeded JARs during scanning can improve startup time and JSP compilation time.
03-Apr-2024 21:01:40.411 INFO [localhost-startStop-1] org.apache.catalina.startup.HostConfig.deployDirectory Deployment of web application directory [D:\JavaSQL\Java8\apache-tomcat-8.5.24\webapps\TD_E18] has finished in [18] ms
03-Apr-2024 21:01:40.411 INFO [localhost-startStop-1] org.apache.catalina.startup.HostConfig.deployDirectory Deploying web application directory [D:\JavaSQL\Java8\apache-tomcat-8.5.24\webapps\TD_E30]
03-Apr-2024 21:01:40.440 INFO [localhost-startStop-1] org.apache.jasper.servlet.TldScanner.scanJars At least one JAR was scanned for TLDs yet contained no TLDs. Enable debug logging for this logger for a complete list of JARs that were scanned but no TLDs were found in them. Skipping unneeded JARs during scanning can improve startup time and JSP compilation time.
03-Apr-2024 21:01:40.440 INFO [localhost-startStop-1] org.apache.catalina.startup.HostConfig.deployDirectory Deployment of web application directory [D:\JavaSQL\Java8\apache-tomcat-8.5.24\webapps\TD_E30] has finished in [29] ms
03-Apr-2024 21:01:40.440 INFO [localhost-startStop-1] org.apache.catalina.startup.HostConfig.deployDirectory Deploying web application directory [D:\JavaSQL\Java8\apache-tomcat-8.5.24\webapps\TD_E31]
03-Apr-2024 21:01:40.521 INFO [localhost-startStop-1] org.apache.jasper.servlet.TldScanner.scanJars At least one JAR was scanned for TLDs yet contained no TLDs. Enable debug logging for this logger for a complete list of JARs that were scanned but no TLDs were found in them. Skipping unneeded JARs during scanning can improve startup time and JSP compilation time.
03-Apr-2024 21:01:40.521 INFO [localhost-startStop-1] org.apache.catalina.startup.HostConfig.deployDirectory Deployment of web application directory [D:\JavaSQL\Java8\apache-tomcat-8.5.24\webapps\TD_E31] has finished in [81] ms
03-Apr-2024 21:01:40.521 INFO [main] org.apache.coyote.AbstractProtocol.start Starting ProtocolHandler ["http-nio-8082"]
03-Apr-2024 21:01:40.536 INFO [main] org.apache.coyote.AbstractProtocol.start Starting ProtocolHandler ["ajp-nio-8009"]
03-Apr-2024 21:01:40.536 INFO [main] org.apache.catalina.startup.Catalina.start Server startup in 755 ms
03-Apr-2024 21:02:12.926 INFO [main] org.apache.catalina.core.StandardServer.await A valid shutdown command was received via the shutdown port. Stopping the Server instance.
03-Apr-2024 21:02:12.926 INFO [main] org.apache.coyote.AbstractProtocol.pause Pausing ProtocolHandler ["http-nio-8082"]
03-Apr-2024 21:02:13.302 INFO [main] org.apache.coyote.AbstractProtocol.pause Pausing ProtocolHandler ["ajp-nio-8009"]
03-Apr-2024 21:02:13.711 INFO [main] org.apache.catalina.core.StandardService.stopInternal Stopping service [Catalina]
03-Apr-2024 21:02:13.775 INFO [main] org.apache.coyote.AbstractProtocol.stop Stopping ProtocolHandler ["http-nio-8082"]
03-Apr-2024 21:02:13.791 INFO [main] org.apache.coyote.AbstractProtocol.stop Stopping ProtocolHandler ["ajp-nio-8009"]
03-Apr-2024 21:02:13.791 INFO [main] org.apache.coyote.AbstractProtocol.destroy Destroying ProtocolHandler ["http-nio-8082"]
03-Apr-2024 21:02:13.791 INFO [main] org.apache.coyote.AbstractProtocol.destroy Destroying ProtocolHandler ["ajp-nio-8009"]
03-Apr-2024 21:02:23.889 INFO [main] org.apache.catalina.startup.VersionLoggerListener.log Server version:        Apache Tomcat/8.5.24
03-Apr-2024 21:02:23.889 INFO [main] org.apache.catalina.startup.VersionLoggerListener.log Server built:          Nov 27 2017 13:05:30 UTC
03-Apr-2024 21:02:23.889 INFO [main] org.apache.catalina.startup.VersionLoggerListener.log Server number:         8.5.24.0
03-Apr-2024 21:02:23.889 INFO [main] org.apache.catalina.startup.VersionLoggerListener.log OS Name:               Windows 10
03-Apr-2024 21:02:23.889 INFO [main] org.apache.catalina.startup.VersionLoggerListener.log OS Version:            10.0
03-Apr-2024 21:02:23.889 INFO [main] org.apache.catalina.startup.VersionLoggerListener.log Architecture:          x86
03-Apr-2024 21:02:23.889 INFO [main] org.apache.catalina.startup.VersionLoggerListener.log Java Home:             D:\JavaSQL\Java8\jdk1.8.0_131\jre
03-Apr-2024 21:02:23.889 INFO [main] org.apache.catalina.startup.VersionLoggerListener.log JVM Version:           1.8.0_131-b11
03-Apr-2024 21:02:23.889 INFO [main] org.apache.catalina.startup.VersionLoggerListener.log JVM Vendor:            Oracle Corporation
03-Apr-2024 21:02:23.889 INFO [main] org.apache.catalina.startup.VersionLoggerListener.log CATALINA_BASE:         D:\JavaSQL\Java8\apache-tomcat-8.5.24
03-Apr-2024 21:02:23.889 INFO [main] org.apache.catalina.startup.VersionLoggerListener.log CATALINA_HOME:         D:\JavaSQL\Java8\apache-tomcat-8.5.24
03-Apr-2024 21:02:23.889 INFO [main] org.apache.catalina.startup.VersionLoggerListener.log Command line argument: -Djava.util.logging.config.file=D:\JavaSQL\Java8\apache-tomcat-8.5.24\conf\logging.properties
03-Apr-2024 21:02:23.889 INFO [main] org.apache.catalina.startup.VersionLoggerListener.log Command line argument: -Djava.util.logging.manager=org.apache.juli.ClassLoaderLogManager
03-Apr-2024 21:02:23.889 INFO [main] org.apache.catalina.startup.VersionLoggerListener.log Command line argument: -Djdk.tls.ephemeralDHKeySize=2048
03-Apr-2024 21:02:23.889 INFO [main] org.apache.catalina.startup.VersionLoggerListener.log Command line argument: -Djava.protocol.handler.pkgs=org.apache.catalina.webresources
03-Apr-2024 21:02:23.889 INFO [main] org.apache.catalina.startup.VersionLoggerListener.log Command line argument: -Dignore.endorsed.dirs=
03-Apr-2024 21:02:23.889 INFO [main] org.apache.catalina.startup.VersionLoggerListener.log Command line argument: -Dcatalina.base=D:\JavaSQL\Java8\apache-tomcat-8.5.24
03-Apr-2024 21:02:23.889 INFO [main] org.apache.catalina.startup.VersionLoggerListener.log Command line argument: -Dcatalina.home=D:\JavaSQL\Java8\apache-tomcat-8.5.24
03-Apr-2024 21:02:23.889 INFO [main] org.apache.catalina.startup.VersionLoggerListener.log Command line argument: -Djava.io.tmpdir=D:\JavaSQL\Java8\apache-tomcat-8.5.24\temp
03-Apr-2024 21:02:23.889 INFO [main] org.apache.catalina.core.AprLifecycleListener.lifecycleEvent The APR based Apache Tomcat Native library which allows optimal performance in production environments was not found on the java.library.path: [D:\JavaSQL\Java8\jdk1.8.0_131\bin;C:\WINDOWS\Sun\Java\bin;C:\WINDOWS\system32;C:\WINDOWS;D:\JavaSQL\Java8\jdk1.8.0_131\bin;D:\JavaSQL\Java8\jdk1.8.0_131\db\bin;D:\JavaSQL\Java8\squirrelsql-4.0.0-standard;D:\JavaSQL\Java8\apache-tomcat-8.5.24\bin;C:\WINDOWS\system32;C:\WINDOWS;C:\WINDOWS\System32\Wbem;C:\WINDOWS\System32\WindowsPowerShell\v1.0\;C:\WINDOWS\System32\OpenSSH\;C:\Program Files\dotnet\;C:\Users\Aldoa\Desktop\Infor\bin;C:\Users\Aldoa\AppData\Local\Microsoft\WindowsApps;;.]
03-Apr-2024 21:02:23.953 INFO [main] org.apache.coyote.AbstractProtocol.init Initializing ProtocolHandler ["http-nio-8082"]
03-Apr-2024 21:02:24.126 INFO [main] org.apache.tomcat.util.net.NioSelectorPool.getSharedSelector Using a shared selector for servlet write/read
03-Apr-2024 21:02:24.142 INFO [main] org.apache.coyote.AbstractProtocol.init Initializing ProtocolHandler ["ajp-nio-8009"]
03-Apr-2024 21:02:24.142 INFO [main] org.apache.tomcat.util.net.NioSelectorPool.getSharedSelector Using a shared selector for servlet write/read
03-Apr-2024 21:02:24.142 INFO [main] org.apache.catalina.startup.Catalina.load Initialization processed in 466 ms
03-Apr-2024 21:02:24.159 INFO [main] org.apache.catalina.core.StandardService.startInternal Starting service [Catalina]
03-Apr-2024 21:02:24.159 INFO [main] org.apache.catalina.core.StandardEngine.startInternal Starting Servlet Engine: Apache Tomcat/8.5.24
03-Apr-2024 21:02:24.159 INFO [localhost-startStop-1] org.apache.catalina.startup.HostConfig.deployDirectory Deploying web application directory [D:\JavaSQL\Java8\apache-tomcat-8.5.24\webapps\docs]
03-Apr-2024 21:02:24.339 INFO [localhost-startStop-1] org.apache.jasper.servlet.TldScanner.scanJars At least one JAR was scanned for TLDs yet contained no TLDs. Enable debug logging for this logger for a complete list of JARs that were scanned but no TLDs were found in them. Skipping unneeded JARs during scanning can improve startup time and JSP compilation time.
03-Apr-2024 21:02:24.372 INFO [localhost-startStop-1] org.apache.catalina.startup.HostConfig.deployDirectory Deployment of web application directory [D:\JavaSQL\Java8\apache-tomcat-8.5.24\webapps\docs] has finished in [213] ms
03-Apr-2024 21:02:24.372 INFO [localhost-startStop-1] org.apache.catalina.startup.HostConfig.deployDirectory Deploying web application directory [D:\JavaSQL\Java8\apache-tomcat-8.5.24\webapps\examples]
03-Apr-2024 21:02:24.531 INFO [localhost-startStop-1] org.apache.jasper.servlet.TldScanner.scanJars At least one JAR was scanned for TLDs yet contained no TLDs. Enable debug logging for this logger for a complete list of JARs that were scanned but no TLDs were found in them. Skipping unneeded JARs during scanning can improve startup time and JSP compilation time.
03-Apr-2024 21:02:24.564 INFO [localhost-startStop-1] org.apache.catalina.startup.HostConfig.deployDirectory Deployment of web application directory [D:\JavaSQL\Java8\apache-tomcat-8.5.24\webapps\examples] has finished in [192] ms
03-Apr-2024 21:02:24.564 INFO [localhost-startStop-1] org.apache.catalina.startup.HostConfig.deployDirectory Deploying web application directory [D:\JavaSQL\Java8\apache-tomcat-8.5.24\webapps\host-manager]
03-Apr-2024 21:02:24.581 INFO [localhost-startStop-1] org.apache.jasper.servlet.TldScanner.scanJars At least one JAR was scanned for TLDs yet contained no TLDs. Enable debug logging for this logger for a complete list of JARs that were scanned but no TLDs were found in them. Skipping unneeded JARs during scanning can improve startup time and JSP compilation time.
03-Apr-2024 21:02:24.588 INFO [localhost-startStop-1] org.apache.catalina.startup.HostConfig.deployDirectory Deployment of web application directory [D:\JavaSQL\Java8\apache-tomcat-8.5.24\webapps\host-manager] has finished in [24] ms
03-Apr-2024 21:02:24.588 INFO [localhost-startStop-1] org.apache.catalina.startup.HostConfig.deployDirectory Deploying web application directory [D:\JavaSQL\Java8\apache-tomcat-8.5.24\webapps\ROOT]
03-Apr-2024 21:02:24.597 INFO [localhost-startStop-1] org.apache.jasper.servlet.TldScanner.scanJars At least one JAR was scanned for TLDs yet contained no TLDs. Enable debug logging for this logger for a complete list of JARs that were scanned but no TLDs were found in them. Skipping unneeded JARs during scanning can improve startup time and JSP compilation time.
03-Apr-2024 21:02:24.597 INFO [localhost-startStop-1] org.apache.catalina.startup.HostConfig.deployDirectory Deployment of web application directory [D:\JavaSQL\Java8\apache-tomcat-8.5.24\webapps\ROOT] has finished in [9] ms
03-Apr-2024 21:02:24.597 INFO [localhost-startStop-1] org.apache.catalina.startup.HostConfig.deployDirectory Deploying web application directory [D:\JavaSQL\Java8\apache-tomcat-8.5.24\webapps\SQLServer]
03-Apr-2024 21:02:24.623 INFO [localhost-startStop-1] org.apache.jasper.servlet.TldScanner.scanJars At least one JAR was scanned for TLDs yet contained no TLDs. Enable debug logging for this logger for a complete list of JARs that were scanned but no TLDs were found in them. Skipping unneeded JARs during scanning can improve startup time and JSP compilation time.
03-Apr-2024 21:02:24.623 INFO [localhost-startStop-1] org.apache.catalina.startup.HostConfig.deployDirectory Deployment of web application directory [D:\JavaSQL\Java8\apache-tomcat-8.5.24\webapps\SQLServer] has finished in [26] ms
03-Apr-2024 21:02:24.623 INFO [localhost-startStop-1] org.apache.catalina.startup.HostConfig.deployDirectory Deploying web application directory [D:\JavaSQL\Java8\apache-tomcat-8.5.24\webapps\Servlet1]
03-Apr-2024 21:02:24.639 INFO [localhost-startStop-1] org.apache.jasper.servlet.TldScanner.scanJars At least one JAR was scanned for TLDs yet contained no TLDs. Enable debug logging for this logger for a complete list of JARs that were scanned but no TLDs were found in them. Skipping unneeded JARs during scanning can improve startup time and JSP compilation time.
03-Apr-2024 21:02:24.648 INFO [localhost-startStop-1] org.apache.catalina.startup.HostConfig.deployDirectory Deployment of web application directory [D:\JavaSQL\Java8\apache-tomcat-8.5.24\webapps\Servlet1] has finished in [25] ms
03-Apr-2024 21:02:24.648 INFO [localhost-startStop-1] org.apache.catalina.startup.HostConfig.deployDirectory Deploying web application directory [D:\JavaSQL\Java8\apache-tomcat-8.5.24\webapps\Servlet2]
03-Apr-2024 21:02:24.669 INFO [localhost-startStop-1] org.apache.jasper.servlet.TldScanner.scanJars At least one JAR was scanned for TLDs yet contained no TLDs. Enable debug logging for this logger for a complete list of JARs that were scanned but no TLDs were found in them. Skipping unneeded JARs during scanning can improve startup time and JSP compilation time.
03-Apr-2024 21:02:24.669 INFO [localhost-startStop-1] org.apache.catalina.startup.HostConfig.deployDirectory Deployment of web application directory [D:\JavaSQL\Java8\apache-tomcat-8.5.24\webapps\Servlet2] has finished in [21] ms
03-Apr-2024 21:02:24.669 INFO [localhost-startStop-1] org.apache.catalina.startup.HostConfig.deployDirectory Deploying web application directory [D:\JavaSQL\Java8\apache-tomcat-8.5.24\webapps\Servlet3]
03-Apr-2024 21:02:24.685 INFO [localhost-startStop-1] org.apache.jasper.servlet.TldScanner.scanJars At least one JAR was scanned for TLDs yet contained no TLDs. Enable debug logging for this logger for a complete list of JARs that were scanned but no TLDs were found in them. Skipping unneeded JARs during scanning can improve startup time and JSP compilation time.
03-Apr-2024 21:02:24.685 INFO [localhost-startStop-1] org.apache.catalina.startup.HostConfig.deployDirectory Deployment of web application directory [D:\JavaSQL\Java8\apache-tomcat-8.5.24\webapps\Servlet3] has finished in [16] ms
03-Apr-2024 21:02:24.685 INFO [localhost-startStop-1] org.apache.catalina.startup.HostConfig.deployDirectory Deploying web application directory [D:\JavaSQL\Java8\apache-tomcat-8.5.24\webapps\Servlet4]
03-Apr-2024 21:02:24.700 INFO [localhost-startStop-1] org.apache.jasper.servlet.TldScanner.scanJars At least one JAR was scanned for TLDs yet contained no TLDs. Enable debug logging for this logger for a complete list of JARs that were scanned but no TLDs were found in them. Skipping unneeded JARs during scanning can improve startup time and JSP compilation time.
03-Apr-2024 21:02:24.700 INFO [localhost-startStop-1] org.apache.catalina.startup.HostConfig.deployDirectory Deployment of web application directory [D:\JavaSQL\Java8\apache-tomcat-8.5.24\webapps\Servlet4] has finished in [15] ms
03-Apr-2024 21:02:24.700 INFO [localhost-startStop-1] org.apache.catalina.startup.HostConfig.deployDirectory Deploying web application directory [D:\JavaSQL\Java8\apache-tomcat-8.5.24\webapps\Pract8]
03-Apr-2024 21:02:24.716 INFO [localhost-startStop-1] org.apache.jasper.servlet.TldScanner.scanJars At least one JAR was scanned for TLDs yet contained no TLDs. Enable debug logging for this logger for a complete list of JARs that were scanned but no TLDs were found in them. Skipping unneeded JARs during scanning can improve startup time and JSP compilation time.
03-Apr-2024 21:02:24.716 INFO [localhost-startStop-1] org.apache.catalina.startup.HostConfig.deployDirectory Deployment of web application directory [D:\JavaSQL\Java8\apache-tomcat-8.5.24\webapps\Pract8] has finished in [16] ms
03-Apr-2024 21:02:24.716 INFO [localhost-startStop-1] org.apache.catalina.startup.HostConfig.deployDirectory Deploying web application directory [D:\JavaSQL\Java8\apache-tomcat-8.5.24\webapps\Entrega]
03-Apr-2024 21:02:24.732 INFO [localhost-startStop-1] org.apache.jasper.servlet.TldScanner.scanJars At least one JAR was scanned for TLDs yet contained no TLDs. Enable debug logging for this logger for a complete list of JARs that were scanned but no TLDs were found in them. Skipping unneeded JARs during scanning can improve startup time and JSP compilation time.
03-Apr-2024 21:02:24.748 INFO [localhost-startStop-1] org.apache.catalina.startup.HostConfig.deployDirectory Deployment of web application directory [D:\JavaSQL\Java8\apache-tomcat-8.5.24\webapps\Entrega] has finished in [32] ms
03-Apr-2024 21:02:24.748 INFO [localhost-startStop-1] org.apache.catalina.startup.HostConfig.deployDirectory Deploying web application directory [D:\JavaSQL\Java8\apache-tomcat-8.5.24\webapps\matrices8]
03-Apr-2024 21:02:24.763 INFO [localhost-startStop-1] org.apache.jasper.servlet.TldScanner.scanJars At least one JAR was scanned for TLDs yet contained no TLDs. Enable debug logging for this logger for a complete list of JARs that were scanned but no TLDs were found in them. Skipping unneeded JARs during scanning can improve startup time and JSP compilation time.
03-Apr-2024 21:02:24.763 INFO [localhost-startStop-1] org.apache.catalina.startup.HostConfig.deployDirectory Deployment of web application directory [D:\JavaSQL\Java8\apache-tomcat-8.5.24\webapps\matrices8] has finished in [15] ms
03-Apr-2024 21:02:24.763 INFO [localhost-startStop-1] org.apache.catalina.startup.HostConfig.deployDirectory Deploying web application directory [D:\JavaSQL\Java8\apache-tomcat-8.5.24\webapps\TD_E18]
03-Apr-2024 21:02:24.779 INFO [localhost-startStop-1] org.apache.jasper.servlet.TldScanner.scanJars At least one JAR was scanned for TLDs yet contained no TLDs. Enable debug logging for this logger for a complete list of JARs that were scanned but no TLDs were found in them. Skipping unneeded JARs during scanning can improve startup time and JSP compilation time.
03-Apr-2024 21:02:24.779 INFO [localhost-startStop-1] org.apache.catalina.startup.HostConfig.deployDirectory Deployment of web application directory [D:\JavaSQL\Java8\apache-tomcat-8.5.24\webapps\TD_E18] has finished in [16] ms
03-Apr-2024 21:02:24.779 INFO [localhost-startStop-1] org.apache.catalina.startup.HostConfig.deployDirectory Deploying web application directory [D:\JavaSQL\Java8\apache-tomcat-8.5.24\webapps\TD_E30]
03-Apr-2024 21:02:24.810 INFO [localhost-startStop-1] org.apache.jasper.servlet.TldScanner.scanJars At least one JAR was scanned for TLDs yet contained no TLDs. Enable debug logging for this logger for a complete list of JARs that were scanned but no TLDs were found in them. Skipping unneeded JARs during scanning can improve startup time and JSP compilation time.
03-Apr-2024 21:02:24.810 INFO [localhost-startStop-1] org.apache.catalina.startup.HostConfig.deployDirectory Deployment of web application directory [D:\JavaSQL\Java8\apache-tomcat-8.5.24\webapps\TD_E30] has finished in [31] ms
03-Apr-2024 21:02:24.810 INFO [localhost-startStop-1] org.apache.catalina.startup.HostConfig.deployDirectory Deploying web application directory [D:\JavaSQL\Java8\apache-tomcat-8.5.24\webapps\TD_E31]
03-Apr-2024 21:02:24.889 INFO [localhost-startStop-1] org.apache.jasper.servlet.TldScanner.scanJars At least one JAR was scanned for TLDs yet contained no TLDs. Enable debug logging for this logger for a complete list of JARs that were scanned but no TLDs were found in them. Skipping unneeded JARs during scanning can improve startup time and JSP compilation time.
03-Apr-2024 21:02:24.889 INFO [localhost-startStop-1] org.apache.catalina.startup.HostConfig.deployDirectory Deployment of web application directory [D:\JavaSQL\Java8\apache-tomcat-8.5.24\webapps\TD_E31] has finished in [79] ms
03-Apr-2024 21:02:24.889 INFO [main] org.apache.coyote.AbstractProtocol.start Starting ProtocolHandler ["http-nio-8082"]
03-Apr-2024 21:02:24.904 INFO [main] org.apache.coyote.AbstractProtocol.start Starting ProtocolHandler ["ajp-nio-8009"]
03-Apr-2024 21:02:24.904 INFO [main] org.apache.catalina.startup.Catalina.start Server startup in 767 ms
03-Apr-2024 21:10:09.977 INFO [main] org.apache.catalina.startup.VersionLoggerListener.log Server version:        Apache Tomcat/8.5.24
03-Apr-2024 21:10:09.977 INFO [main] org.apache.catalina.startup.VersionLoggerListener.log Server built:          Nov 27 2017 13:05:30 UTC
03-Apr-2024 21:10:09.977 INFO [main] org.apache.catalina.startup.VersionLoggerListener.log Server number:         8.5.24.0
03-Apr-2024 21:10:09.977 INFO [main] org.apache.catalina.startup.VersionLoggerListener.log OS Name:               Windows 10
03-Apr-2024 21:10:09.977 INFO [main] org.apache.catalina.startup.VersionLoggerListener.log OS Version:            10.0
03-Apr-2024 21:10:09.977 INFO [main] org.apache.catalina.startup.VersionLoggerListener.log Architecture:          x86
03-Apr-2024 21:10:09.977 INFO [main] org.apache.catalina.startup.VersionLoggerListener.log Java Home:             D:\JavaSQL\Java8\jdk1.8.0_131\jre
03-Apr-2024 21:10:09.977 INFO [main] org.apache.catalina.startup.VersionLoggerListener.log JVM Version:           1.8.0_131-b11
03-Apr-2024 21:10:09.977 INFO [main] org.apache.catalina.startup.VersionLoggerListener.log JVM Vendor:            Oracle Corporation
03-Apr-2024 21:10:09.977 INFO [main] org.apache.catalina.startup.VersionLoggerListener.log CATALINA_BASE:         D:\JavaSQL\Java8\apache-tomcat-8.5.24
03-Apr-2024 21:10:09.977 INFO [main] org.apache.catalina.startup.VersionLoggerListener.log CATALINA_HOME:         D:\JavaSQL\Java8\apache-tomcat-8.5.24
03-Apr-2024 21:10:09.977 INFO [main] org.apache.catalina.startup.VersionLoggerListener.log Command line argument: -Djava.util.logging.config.file=D:\JavaSQL\Java8\apache-tomcat-8.5.24\conf\logging.properties
03-Apr-2024 21:10:09.977 INFO [main] org.apache.catalina.startup.VersionLoggerListener.log Command line argument: -Djava.util.logging.manager=org.apache.juli.ClassLoaderLogManager
03-Apr-2024 21:10:09.977 INFO [main] org.apache.catalina.startup.VersionLoggerListener.log Command line argument: -Djdk.tls.ephemeralDHKeySize=2048
03-Apr-2024 21:10:09.977 INFO [main] org.apache.catalina.startup.VersionLoggerListener.log Command line argument: -Djava.protocol.handler.pkgs=org.apache.catalina.webresources
03-Apr-2024 21:10:09.977 INFO [main] org.apache.catalina.startup.VersionLoggerListener.log Command line argument: -Dignore.endorsed.dirs=
03-Apr-2024 21:10:09.977 INFO [main] org.apache.catalina.startup.VersionLoggerListener.log Command line argument: -Dcatalina.base=D:\JavaSQL\Java8\apache-tomcat-8.5.24
03-Apr-2024 21:10:09.977 INFO [main] org.apache.catalina.startup.VersionLoggerListener.log Command line argument: -Dcatalina.home=D:\JavaSQL\Java8\apache-tomcat-8.5.24
03-Apr-2024 21:10:09.977 INFO [main] org.apache.catalina.startup.VersionLoggerListener.log Command line argument: -Djava.io.tmpdir=D:\JavaSQL\Java8\apache-tomcat-8.5.24\temp
03-Apr-2024 21:10:09.977 INFO [main] org.apache.catalina.core.AprLifecycleListener.lifecycleEvent The APR based Apache Tomcat Native library which allows optimal performance in production environments was not found on the java.library.path: [D:\JavaSQL\Java8\jdk1.8.0_131\bin;C:\WINDOWS\Sun\Java\bin;C:\WINDOWS\system32;C:\WINDOWS;D:\JavaSQL\Java8\jdk1.8.0_131\bin;D:\JavaSQL\Java8\jdk1.8.0_131\db\bin;D:\JavaSQL\Java8\squirrelsql-4.0.0-standard;D:\JavaSQL\Java8\apache-tomcat-8.5.24\bin;C:\WINDOWS\system32;C:\WINDOWS;C:\WINDOWS\System32\Wbem;C:\WINDOWS\System32\WindowsPowerShell\v1.0\;C:\WINDOWS\System32\OpenSSH\;C:\Program Files\dotnet\;C:\Users\Aldoa\Desktop\Infor\bin;C:\Users\Aldoa\AppData\Local\Microsoft\WindowsApps;;.]
03-Apr-2024 21:10:10.069 INFO [main] org.apache.coyote.AbstractProtocol.init Initializing ProtocolHandler ["http-nio-8082"]
03-Apr-2024 21:10:10.071 SEVERE [main] org.apache.catalina.core.StandardService.initInternal Failed to initialize connector [Connector[HTTP/1.1-8082]]
 org.apache.catalina.LifecycleException: Failed to initialize component [Connector[HTTP/1.1-8082]]
	at org.apache.catalina.util.LifecycleBase.init(LifecycleBase.java:112)
	at org.apache.catalina.core.StandardService.initInternal(StandardService.java:549)
	at org.apache.catalina.util.LifecycleBase.init(LifecycleBase.java:107)
	at org.apache.catalina.core.StandardServer.initInternal(StandardServer.java:875)
	at org.apache.catalina.util.LifecycleBase.init(LifecycleBase.java:107)
	at org.apache.catalina.startup.Catalina.load(Catalina.java:621)
	at org.apache.catalina.startup.Catalina.load(Catalina.java:644)
	at sun.reflect.NativeMethodAccessorImpl.invoke0(Native Method)
	at sun.reflect.NativeMethodAccessorImpl.invoke(NativeMethodAccessorImpl.java:62)
	at sun.reflect.DelegatingMethodAccessorImpl.invoke(DelegatingMethodAccessorImpl.java:43)
	at java.lang.reflect.Method.invoke(Method.java:498)
	at org.apache.catalina.startup.Bootstrap.load(Bootstrap.java:309)
	at org.apache.catalina.startup.Bootstrap.main(Bootstrap.java:492)
Caused by: org.apache.catalina.LifecycleException: Protocol handler initialization failed
	at org.apache.catalina.connector.Connector.initInternal(Connector.java:995)
	at org.apache.catalina.util.LifecycleBase.init(LifecycleBase.java:107)
	... 12 more
Caused by: java.net.BindException: Address already in use: bind
	at sun.nio.ch.Net.bind0(Native Method)
	at sun.nio.ch.Net.bind(Net.java:433)
	at sun.nio.ch.Net.bind(Net.java:425)
	at sun.nio.ch.ServerSocketChannelImpl.bind(ServerSocketChannelImpl.java:223)
	at sun.nio.ch.ServerSocketAdaptor.bind(ServerSocketAdaptor.java:74)
	at org.apache.tomcat.util.net.NioEndpoint.bind(NioEndpoint.java:210)
	at org.apache.tomcat.util.net.AbstractEndpoint.init(AbstractEndpoint.java:1082)
	at org.apache.tomcat.util.net.AbstractJsseEndpoint.init(AbstractJsseEndpoint.java:267)
	at org.apache.coyote.AbstractProtocol.init(AbstractProtocol.java:581)
	at org.apache.coyote.http11.AbstractHttp11Protocol.init(AbstractHttp11Protocol.java:66)
	at org.apache.catalina.connector.Connector.initInternal(Connector.java:993)
	... 13 more

03-Apr-2024 21:10:10.071 INFO [main] org.apache.coyote.AbstractProtocol.init Initializing ProtocolHandler ["ajp-nio-8009"]
03-Apr-2024 21:10:10.071 SEVERE [main] org.apache.catalina.core.StandardService.initInternal Failed to initialize connector [Connector[AJP/1.3-8009]]
 org.apache.catalina.LifecycleException: Failed to initialize component [Connector[AJP/1.3-8009]]
	at org.apache.catalina.util.LifecycleBase.init(LifecycleBase.java:112)
	at org.apache.catalina.core.StandardService.initInternal(StandardService.java:549)
	at org.apache.catalina.util.LifecycleBase.init(LifecycleBase.java:107)
	at org.apache.catalina.core.StandardServer.initInternal(StandardServer.java:875)
	at org.apache.catalina.util.LifecycleBase.init(LifecycleBase.java:107)
	at org.apache.catalina.startup.Catalina.load(Catalina.java:621)
	at org.apache.catalina.startup.Catalina.load(Catalina.java:644)
	at sun.reflect.NativeMethodAccessorImpl.invoke0(Native Method)
	at sun.reflect.NativeMethodAccessorImpl.invoke(NativeMethodAccessorImpl.java:62)
	at sun.reflect.DelegatingMethodAccessorImpl.invoke(DelegatingMethodAccessorImpl.java:43)
	at java.lang.reflect.Method.invoke(Method.java:498)
	at org.apache.catalina.startup.Bootstrap.load(Bootstrap.java:309)
	at org.apache.catalina.startup.Bootstrap.main(Bootstrap.java:492)
Caused by: org.apache.catalina.LifecycleException: Protocol handler initialization failed
	at org.apache.catalina.connector.Connector.initInternal(Connector.java:995)
	at org.apache.catalina.util.LifecycleBase.init(LifecycleBase.java:107)
	... 12 more
Caused by: java.net.BindException: Address already in use: bind
	at sun.nio.ch.Net.bind0(Native Method)
	at sun.nio.ch.Net.bind(Net.java:433)
	at sun.nio.ch.Net.bind(Net.java:425)
	at sun.nio.ch.ServerSocketChannelImpl.bind(ServerSocketChannelImpl.java:223)
	at sun.nio.ch.ServerSocketAdaptor.bind(ServerSocketAdaptor.java:74)
	at org.apache.tomcat.util.net.NioEndpoint.bind(NioEndpoint.java:210)
	at org.apache.tomcat.util.net.AbstractEndpoint.init(AbstractEndpoint.java:1082)
	at org.apache.tomcat.util.net.AbstractJsseEndpoint.init(AbstractJsseEndpoint.java:267)
	at org.apache.coyote.AbstractProtocol.init(AbstractProtocol.java:581)
	at org.apache.catalina.connector.Connector.initInternal(Connector.java:993)
	... 13 more

03-Apr-2024 21:10:10.071 INFO [main] org.apache.catalina.startup.Catalina.load Initialization processed in 310 ms
03-Apr-2024 21:10:10.086 INFO [main] org.apache.catalina.core.StandardService.startInternal Starting service [Catalina]
03-Apr-2024 21:10:10.086 INFO [main] org.apache.catalina.core.StandardEngine.startInternal Starting Servlet Engine: Apache Tomcat/8.5.24
03-Apr-2024 21:10:10.086 INFO [localhost-startStop-1] org.apache.catalina.startup.HostConfig.deployDirectory Deploying web application directory [D:\JavaSQL\Java8\apache-tomcat-8.5.24\webapps\docs]
03-Apr-2024 21:10:10.260 INFO [localhost-startStop-1] org.apache.jasper.servlet.TldScanner.scanJars At least one JAR was scanned for TLDs yet contained no TLDs. Enable debug logging for this logger for a complete list of JARs that were scanned but no TLDs were found in them. Skipping unneeded JARs during scanning can improve startup time and JSP compilation time.
03-Apr-2024 21:10:10.469 WARNING [localhost-startStop-1] org.apache.catalina.util.SessionIdGeneratorBase.createSecureRandom Creation of SecureRandom instance for session ID generation using [SHA1PRNG] took [177] milliseconds.
03-Apr-2024 21:10:10.482 INFO [localhost-startStop-1] org.apache.catalina.startup.HostConfig.deployDirectory Deployment of web application directory [D:\JavaSQL\Java8\apache-tomcat-8.5.24\webapps\docs] has finished in [396] ms
03-Apr-2024 21:10:10.482 INFO [localhost-startStop-1] org.apache.catalina.startup.HostConfig.deployDirectory Deploying web application directory [D:\JavaSQL\Java8\apache-tomcat-8.5.24\webapps\examples]
03-Apr-2024 21:10:10.640 INFO [localhost-startStop-1] org.apache.jasper.servlet.TldScanner.scanJars At least one JAR was scanned for TLDs yet contained no TLDs. Enable debug logging for this logger for a complete list of JARs that were scanned but no TLDs were found in them. Skipping unneeded JARs during scanning can improve startup time and JSP compilation time.
03-Apr-2024 21:10:10.671 INFO [localhost-startStop-1] org.apache.catalina.startup.HostConfig.deployDirectory Deployment of web application directory [D:\JavaSQL\Java8\apache-tomcat-8.5.24\webapps\examples] has finished in [189] ms
03-Apr-2024 21:10:10.671 INFO [localhost-startStop-1] org.apache.catalina.startup.HostConfig.deployDirectory Deploying web application directory [D:\JavaSQL\Java8\apache-tomcat-8.5.24\webapps\host-manager]
03-Apr-2024 21:10:10.687 INFO [localhost-startStop-1] org.apache.jasper.servlet.TldScanner.scanJars At least one JAR was scanned for TLDs yet contained no TLDs. Enable debug logging for this logger for a complete list of JARs that were scanned but no TLDs were found in them. Skipping unneeded JARs during scanning can improve startup time and JSP compilation time.
03-Apr-2024 21:10:10.687 INFO [localhost-startStop-1] org.apache.catalina.startup.HostConfig.deployDirectory Deployment of web application directory [D:\JavaSQL\Java8\apache-tomcat-8.5.24\webapps\host-manager] has finished in [16] ms
03-Apr-2024 21:10:10.687 INFO [localhost-startStop-1] org.apache.catalina.startup.HostConfig.deployDirectory Deploying web application directory [D:\JavaSQL\Java8\apache-tomcat-8.5.24\webapps\ROOT]
03-Apr-2024 21:10:10.714 INFO [localhost-startStop-1] org.apache.jasper.servlet.TldScanner.scanJars At least one JAR was scanned for TLDs yet contained no TLDs. Enable debug logging for this logger for a complete list of JARs that were scanned but no TLDs were found in them. Skipping unneeded JARs during scanning can improve startup time and JSP compilation time.
03-Apr-2024 21:10:10.721 INFO [localhost-startStop-1] org.apache.catalina.startup.HostConfig.deployDirectory Deployment of web application directory [D:\JavaSQL\Java8\apache-tomcat-8.5.24\webapps\ROOT] has finished in [34] ms
03-Apr-2024 21:10:10.721 INFO [localhost-startStop-1] org.apache.catalina.startup.HostConfig.deployDirectory Deploying web application directory [D:\JavaSQL\Java8\apache-tomcat-8.5.24\webapps\SQLServer]
03-Apr-2024 21:10:10.735 INFO [localhost-startStop-1] org.apache.jasper.servlet.TldScanner.scanJars At least one JAR was scanned for TLDs yet contained no TLDs. Enable debug logging for this logger for a complete list of JARs that were scanned but no TLDs were found in them. Skipping unneeded JARs during scanning can improve startup time and JSP compilation time.
03-Apr-2024 21:10:10.742 INFO [localhost-startStop-1] org.apache.catalina.startup.HostConfig.deployDirectory Deployment of web application directory [D:\JavaSQL\Java8\apache-tomcat-8.5.24\webapps\SQLServer] has finished in [21] ms
03-Apr-2024 21:10:10.742 INFO [localhost-startStop-1] org.apache.catalina.startup.HostConfig.deployDirectory Deploying web application directory [D:\JavaSQL\Java8\apache-tomcat-8.5.24\webapps\Servlet1]
03-Apr-2024 21:10:10.756 INFO [localhost-startStop-1] org.apache.jasper.servlet.TldScanner.scanJars At least one JAR was scanned for TLDs yet contained no TLDs. Enable debug logging for this logger for a complete list of JARs that were scanned but no TLDs were found in them. Skipping unneeded JARs during scanning can improve startup time and JSP compilation time.
03-Apr-2024 21:10:10.760 INFO [localhost-startStop-1] org.apache.catalina.startup.HostConfig.deployDirectory Deployment of web application directory [D:\JavaSQL\Java8\apache-tomcat-8.5.24\webapps\Servlet1] has finished in [14] ms
03-Apr-2024 21:10:10.760 INFO [localhost-startStop-1] org.apache.catalina.startup.HostConfig.deployDirectory Deploying web application directory [D:\JavaSQL\Java8\apache-tomcat-8.5.24\webapps\Servlet2]
03-Apr-2024 21:10:10.778 INFO [localhost-startStop-1] org.apache.jasper.servlet.TldScanner.scanJars At least one JAR was scanned for TLDs yet contained no TLDs. Enable debug logging for this logger for a complete list of JARs that were scanned but no TLDs were found in them. Skipping unneeded JARs during scanning can improve startup time and JSP compilation time.
03-Apr-2024 21:10:10.780 INFO [localhost-startStop-1] org.apache.catalina.startup.HostConfig.deployDirectory Deployment of web application directory [D:\JavaSQL\Java8\apache-tomcat-8.5.24\webapps\Servlet2] has finished in [20] ms
03-Apr-2024 21:10:10.780 INFO [localhost-startStop-1] org.apache.catalina.startup.HostConfig.deployDirectory Deploying web application directory [D:\JavaSQL\Java8\apache-tomcat-8.5.24\webapps\Servlet3]
03-Apr-2024 21:10:10.793 INFO [localhost-startStop-1] org.apache.jasper.servlet.TldScanner.scanJars At least one JAR was scanned for TLDs yet contained no TLDs. Enable debug logging for this logger for a complete list of JARs that were scanned but no TLDs were found in them. Skipping unneeded JARs during scanning can improve startup time and JSP compilation time.
03-Apr-2024 21:10:10.797 INFO [localhost-startStop-1] org.apache.catalina.startup.HostConfig.deployDirectory Deployment of web application directory [D:\JavaSQL\Java8\apache-tomcat-8.5.24\webapps\Servlet3] has finished in [17] ms
03-Apr-2024 21:10:10.798 INFO [localhost-startStop-1] org.apache.catalina.startup.HostConfig.deployDirectory Deploying web application directory [D:\JavaSQL\Java8\apache-tomcat-8.5.24\webapps\Servlet4]
03-Apr-2024 21:10:10.810 INFO [localhost-startStop-1] org.apache.jasper.servlet.TldScanner.scanJars At least one JAR was scanned for TLDs yet contained no TLDs. Enable debug logging for this logger for a complete list of JARs that were scanned but no TLDs were found in them. Skipping unneeded JARs during scanning can improve startup time and JSP compilation time.
03-Apr-2024 21:10:10.815 INFO [localhost-startStop-1] org.apache.catalina.startup.HostConfig.deployDirectory Deployment of web application directory [D:\JavaSQL\Java8\apache-tomcat-8.5.24\webapps\Servlet4] has finished in [18] ms
03-Apr-2024 21:10:10.815 INFO [localhost-startStop-1] org.apache.catalina.startup.HostConfig.deployDirectory Deploying web application directory [D:\JavaSQL\Java8\apache-tomcat-8.5.24\webapps\Pract8]
03-Apr-2024 21:10:10.831 INFO [localhost-startStop-1] org.apache.jasper.servlet.TldScanner.scanJars At least one JAR was scanned for TLDs yet contained no TLDs. Enable debug logging for this logger for a complete list of JARs that were scanned but no TLDs were found in them. Skipping unneeded JARs during scanning can improve startup time and JSP compilation time.
03-Apr-2024 21:10:10.834 INFO [localhost-startStop-1] org.apache.catalina.startup.HostConfig.deployDirectory Deployment of web application directory [D:\JavaSQL\Java8\apache-tomcat-8.5.24\webapps\Pract8] has finished in [16] ms
03-Apr-2024 21:10:10.834 INFO [localhost-startStop-1] org.apache.catalina.startup.HostConfig.deployDirectory Deploying web application directory [D:\JavaSQL\Java8\apache-tomcat-8.5.24\webapps\Entrega]
03-Apr-2024 21:10:10.847 INFO [localhost-startStop-1] org.apache.jasper.servlet.TldScanner.scanJars At least one JAR was scanned for TLDs yet contained no TLDs. Enable debug logging for this logger for a complete list of JARs that were scanned but no TLDs were found in them. Skipping unneeded JARs during scanning can improve startup time and JSP compilation time.
03-Apr-2024 21:10:10.847 INFO [localhost-startStop-1] org.apache.catalina.startup.HostConfig.deployDirectory Deployment of web application directory [D:\JavaSQL\Java8\apache-tomcat-8.5.24\webapps\Entrega] has finished in [13] ms
03-Apr-2024 21:10:10.847 INFO [localhost-startStop-1] org.apache.catalina.startup.HostConfig.deployDirectory Deploying web application directory [D:\JavaSQL\Java8\apache-tomcat-8.5.24\webapps\matrices8]
03-Apr-2024 21:10:10.870 INFO [localhost-startStop-1] org.apache.jasper.servlet.TldScanner.scanJars At least one JAR was scanned for TLDs yet contained no TLDs. Enable debug logging for this logger for a complete list of JARs that were scanned but no TLDs were found in them. Skipping unneeded JARs during scanning can improve startup time and JSP compilation time.
03-Apr-2024 21:10:10.874 INFO [localhost-startStop-1] org.apache.catalina.startup.HostConfig.deployDirectory Deployment of web application directory [D:\JavaSQL\Java8\apache-tomcat-8.5.24\webapps\matrices8] has finished in [27] ms
03-Apr-2024 21:10:10.874 INFO [localhost-startStop-1] org.apache.catalina.startup.HostConfig.deployDirectory Deploying web application directory [D:\JavaSQL\Java8\apache-tomcat-8.5.24\webapps\TD_E18]
03-Apr-2024 21:10:10.890 INFO [localhost-startStop-1] org.apache.jasper.servlet.TldScanner.scanJars At least one JAR was scanned for TLDs yet contained no TLDs. Enable debug logging for this logger for a complete list of JARs that were scanned but no TLDs were found in them. Skipping unneeded JARs during scanning can improve startup time and JSP compilation time.
03-Apr-2024 21:10:10.890 INFO [localhost-startStop-1] org.apache.catalina.startup.HostConfig.deployDirectory Deployment of web application directory [D:\JavaSQL\Java8\apache-tomcat-8.5.24\webapps\TD_E18] has finished in [16] ms
03-Apr-2024 21:10:10.890 INFO [localhost-startStop-1] org.apache.catalina.startup.HostConfig.deployDirectory Deploying web application directory [D:\JavaSQL\Java8\apache-tomcat-8.5.24\webapps\TD_E30]
03-Apr-2024 21:10:10.906 INFO [localhost-startStop-1] org.apache.jasper.servlet.TldScanner.scanJars At least one JAR was scanned for TLDs yet contained no TLDs. Enable debug logging for this logger for a complete list of JARs that were scanned but no TLDs were found in them. Skipping unneeded JARs during scanning can improve startup time and JSP compilation time.
03-Apr-2024 21:10:10.906 INFO [localhost-startStop-1] org.apache.catalina.startup.HostConfig.deployDirectory Deployment of web application directory [D:\JavaSQL\Java8\apache-tomcat-8.5.24\webapps\TD_E30] has finished in [16] ms
03-Apr-2024 21:10:10.906 INFO [localhost-startStop-1] org.apache.catalina.startup.HostConfig.deployDirectory Deploying web application directory [D:\JavaSQL\Java8\apache-tomcat-8.5.24\webapps\TD_E31]
03-Apr-2024 21:10:11.035 INFO [localhost-startStop-1] org.apache.jasper.servlet.TldScanner.scanJars At least one JAR was scanned for TLDs yet contained no TLDs. Enable debug logging for this logger for a complete list of JARs that were scanned but no TLDs were found in them. Skipping unneeded JARs during scanning can improve startup time and JSP compilation time.
03-Apr-2024 21:10:11.043 INFO [localhost-startStop-1] org.apache.catalina.startup.HostConfig.deployDirectory Deployment of web application directory [D:\JavaSQL\Java8\apache-tomcat-8.5.24\webapps\TD_E31] has finished in [137] ms
03-Apr-2024 21:10:11.043 INFO [main] org.apache.catalina.startup.Catalina.start Server startup in 968 ms
03-Apr-2024 21:10:11.051 SEVERE [main] org.apache.catalina.core.StandardServer.await StandardServer.await: create[localhost:8005]: 
 java.net.BindException: Address already in use: JVM_Bind
	at java.net.DualStackPlainSocketImpl.bind0(Native Method)
	at java.net.DualStackPlainSocketImpl.socketBind(DualStackPlainSocketImpl.java:106)
	at java.net.AbstractPlainSocketImpl.bind(AbstractPlainSocketImpl.java:387)
	at java.net.PlainSocketImpl.bind(PlainSocketImpl.java:190)
	at java.net.ServerSocket.bind(ServerSocket.java:375)
	at java.net.ServerSocket.<init>(ServerSocket.java:237)
	at org.apache.catalina.core.StandardServer.await(StandardServer.java:440)
	at org.apache.catalina.startup.Catalina.await(Catalina.java:758)
	at org.apache.catalina.startup.Catalina.start(Catalina.java:704)
	at sun.reflect.NativeMethodAccessorImpl.invoke0(Native Method)
	at sun.reflect.NativeMethodAccessorImpl.invoke(NativeMethodAccessorImpl.java:62)
	at sun.reflect.DelegatingMethodAccessorImpl.invoke(DelegatingMethodAccessorImpl.java:43)
	at java.lang.reflect.Method.invoke(Method.java:498)
	at org.apache.catalina.startup.Bootstrap.start(Bootstrap.java:353)
	at org.apache.catalina.startup.Bootstrap.main(Bootstrap.java:493)

03-Apr-2024 21:10:11.051 INFO [main] org.apache.coyote.AbstractProtocol.pause Pausing ProtocolHandler ["http-nio-8082"]
03-Apr-2024 21:10:11.051 INFO [main] org.apache.coyote.AbstractProtocol.pause Pausing ProtocolHandler ["ajp-nio-8009"]
03-Apr-2024 21:10:11.051 INFO [main] org.apache.catalina.core.StandardService.stopInternal Stopping service [Catalina]
03-Apr-2024 21:10:11.074 INFO [main] org.apache.coyote.AbstractProtocol.stop Stopping ProtocolHandler ["http-nio-8082"]
03-Apr-2024 21:10:11.074 INFO [main] org.apache.coyote.AbstractProtocol.destroy Destroying ProtocolHandler ["http-nio-8082"]
03-Apr-2024 21:10:11.074 INFO [main] org.apache.coyote.AbstractProtocol.stop Stopping ProtocolHandler ["ajp-nio-8009"]
03-Apr-2024 21:10:11.074 INFO [main] org.apache.coyote.AbstractProtocol.destroy Destroying ProtocolHandler ["ajp-nio-8009"]
03-Apr-2024 21:43:41.209 INFO [main] org.apache.catalina.core.StandardServer.await A valid shutdown command was received via the shutdown port. Stopping the Server instance.
03-Apr-2024 21:43:41.209 INFO [main] org.apache.coyote.AbstractProtocol.pause Pausing ProtocolHandler ["http-nio-8082"]
03-Apr-2024 21:43:41.662 INFO [main] org.apache.coyote.AbstractProtocol.pause Pausing ProtocolHandler ["ajp-nio-8009"]
03-Apr-2024 21:43:42.105 INFO [main] org.apache.catalina.core.StandardService.stopInternal Stopping service [Catalina]
03-Apr-2024 21:43:42.121 INFO [localhost-startStop-2] org.apache.catalina.core.StandardWrapper.unload Waiting for [1] instance(s) to be deallocated for Servlet [Variacion]
03-Apr-2024 21:43:43.222 INFO [localhost-startStop-2] org.apache.catalina.core.StandardWrapper.unload Waiting for [1] instance(s) to be deallocated for Servlet [Variacion]
03-Apr-2024 21:43:44.320 INFO [localhost-startStop-2] org.apache.catalina.core.StandardWrapper.unload Waiting for [1] instance(s) to be deallocated for Servlet [Variacion]
03-Apr-2024 21:43:44.430 WARNING [localhost-startStop-2] org.apache.catalina.loader.WebappClassLoaderBase.clearReferencesThreads The web application [TD_E31] is still processing a request that has yet to finish. This is very likely to create a memory leak. You can control the time allowed for requests to finish by using the unloadDelay attribute of the standard Context implementation. Stack trace of request processing thread:[
 VariacionHTML.repeticion(VariacionHTML.java:30)
 Variacion.doGet(Variacion.java:21)
 javax.servlet.http.HttpServlet.service(HttpServlet.java:635)
 javax.servlet.http.HttpServlet.service(HttpServlet.java:742)
 org.apache.catalina.core.ApplicationFilterChain.internalDoFilter(ApplicationFilterChain.java:231)
 org.apache.catalina.core.ApplicationFilterChain.doFilter(ApplicationFilterChain.java:166)
 org.apache.tomcat.websocket.server.WsFilter.doFilter(WsFilter.java:52)
 org.apache.catalina.core.ApplicationFilterChain.internalDoFilter(ApplicationFilterChain.java:193)
 org.apache.catalina.core.ApplicationFilterChain.doFilter(ApplicationFilterChain.java:166)
 org.apache.catalina.core.StandardWrapperValve.invoke(StandardWrapperValve.java:198)
 org.apache.catalina.core.StandardContextValve.invoke(StandardContextValve.java:96)
 org.apache.catalina.authenticator.AuthenticatorBase.invoke(AuthenticatorBase.java:504)
 org.apache.catalina.core.StandardHostValve.invoke(StandardHostValve.java:140)
 org.apache.catalina.valves.ErrorReportValve.invoke(ErrorReportValve.java:81)
 org.apache.catalina.valves.AbstractAccessLogValve.invoke(AbstractAccessLogValve.java:650)
 org.apache.catalina.core.StandardEngineValve.invoke(StandardEngineValve.java:87)
 org.apache.catalina.connector.CoyoteAdapter.service(CoyoteAdapter.java:342)
 org.apache.coyote.http11.Http11Processor.service(Http11Processor.java:803)
 org.apache.coyote.AbstractProcessorLight.process(AbstractProcessorLight.java:66)
 org.apache.coyote.AbstractProtocol$ConnectionHandler.process(AbstractProtocol.java:790)
 org.apache.tomcat.util.net.NioEndpoint$SocketProcessor.doRun(NioEndpoint.java:1459)
 org.apache.tomcat.util.net.SocketProcessorBase.run(SocketProcessorBase.java:49)
 java.util.concurrent.ThreadPoolExecutor.runWorker(ThreadPoolExecutor.java:1142)
 java.util.concurrent.ThreadPoolExecutor$Worker.run(ThreadPoolExecutor.java:617)
 org.apache.tomcat.util.threads.TaskThread$WrappingRunnable.run(TaskThread.java:61)
 java.lang.Thread.run(Thread.java:748)]
03-Apr-2024 21:43:44.467 INFO [main] org.apache.coyote.AbstractProtocol.stop Stopping ProtocolHandler ["http-nio-8082"]
03-Apr-2024 21:43:49.477 WARNING [main] org.apache.tomcat.util.net.AbstractEndpoint.shutdownExecutor The executor associated with thread pool [http-nio-8082] has not fully shutdown. Some application threads may still be running.
03-Apr-2024 21:43:49.478 INFO [main] org.apache.coyote.AbstractProtocol.stop Stopping ProtocolHandler ["ajp-nio-8009"]
03-Apr-2024 21:43:49.478 INFO [main] org.apache.coyote.AbstractProtocol.destroy Destroying ProtocolHandler ["http-nio-8082"]
03-Apr-2024 21:43:49.478 INFO [main] org.apache.coyote.AbstractProtocol.destroy Destroying ProtocolHandler ["ajp-nio-8009"]
03-Apr-2024 21:43:52.298 SEVERE [main] org.apache.catalina.startup.Catalina.stopServer Could not contact [localhost:[8005]]. Tomcat may not be running.
03-Apr-2024 21:44:04.607 INFO [main] org.apache.catalina.startup.VersionLoggerListener.log Server version:        Apache Tomcat/8.5.24
03-Apr-2024 21:44:04.620 INFO [main] org.apache.catalina.startup.VersionLoggerListener.log Server built:          Nov 27 2017 13:05:30 UTC
03-Apr-2024 21:44:04.620 INFO [main] org.apache.catalina.startup.VersionLoggerListener.log Server number:         8.5.24.0
03-Apr-2024 21:44:04.620 INFO [main] org.apache.catalina.startup.VersionLoggerListener.log OS Name:               Windows 10
03-Apr-2024 21:44:04.620 INFO [main] org.apache.catalina.startup.VersionLoggerListener.log OS Version:            10.0
03-Apr-2024 21:44:04.620 INFO [main] org.apache.catalina.startup.VersionLoggerListener.log Architecture:          x86
03-Apr-2024 21:44:04.620 INFO [main] org.apache.catalina.startup.VersionLoggerListener.log Java Home:             D:\JavaSQL\Java8\jdk1.8.0_131\jre
03-Apr-2024 21:44:04.624 INFO [main] org.apache.catalina.startup.VersionLoggerListener.log JVM Version:           1.8.0_131-b11
03-Apr-2024 21:44:04.624 INFO [main] org.apache.catalina.startup.VersionLoggerListener.log JVM Vendor:            Oracle Corporation
03-Apr-2024 21:44:04.624 INFO [main] org.apache.catalina.startup.VersionLoggerListener.log CATALINA_BASE:         D:\JavaSQL\Java8\apache-tomcat-8.5.24
03-Apr-2024 21:44:04.624 INFO [main] org.apache.catalina.startup.VersionLoggerListener.log CATALINA_HOME:         D:\JavaSQL\Java8\apache-tomcat-8.5.24
03-Apr-2024 21:44:04.624 INFO [main] org.apache.catalina.startup.VersionLoggerListener.log Command line argument: -Djava.util.logging.config.file=D:\JavaSQL\Java8\apache-tomcat-8.5.24\conf\logging.properties
03-Apr-2024 21:44:04.624 INFO [main] org.apache.catalina.startup.VersionLoggerListener.log Command line argument: -Djava.util.logging.manager=org.apache.juli.ClassLoaderLogManager
03-Apr-2024 21:44:04.624 INFO [main] org.apache.catalina.startup.VersionLoggerListener.log Command line argument: -Djdk.tls.ephemeralDHKeySize=2048
03-Apr-2024 21:44:04.624 INFO [main] org.apache.catalina.startup.VersionLoggerListener.log Command line argument: -Djava.protocol.handler.pkgs=org.apache.catalina.webresources
03-Apr-2024 21:44:04.624 INFO [main] org.apache.catalina.startup.VersionLoggerListener.log Command line argument: -Dignore.endorsed.dirs=
03-Apr-2024 21:44:04.624 INFO [main] org.apache.catalina.startup.VersionLoggerListener.log Command line argument: -Dcatalina.base=D:\JavaSQL\Java8\apache-tomcat-8.5.24
03-Apr-2024 21:44:04.624 INFO [main] org.apache.catalina.startup.VersionLoggerListener.log Command line argument: -Dcatalina.home=D:\JavaSQL\Java8\apache-tomcat-8.5.24
03-Apr-2024 21:44:04.624 INFO [main] org.apache.catalina.startup.VersionLoggerListener.log Command line argument: -Djava.io.tmpdir=D:\JavaSQL\Java8\apache-tomcat-8.5.24\temp
03-Apr-2024 21:44:04.624 INFO [main] org.apache.catalina.core.AprLifecycleListener.lifecycleEvent The APR based Apache Tomcat Native library which allows optimal performance in production environments was not found on the java.library.path: [D:\JavaSQL\Java8\jdk1.8.0_131\bin;C:\WINDOWS\Sun\Java\bin;C:\WINDOWS\system32;C:\WINDOWS;D:\JavaSQL\Java8\jdk1.8.0_131\bin;D:\JavaSQL\Java8\jdk1.8.0_131\db\bin;D:\JavaSQL\Java8\squirrelsql-4.0.0-standard;D:\JavaSQL\Java8\apache-tomcat-8.5.24\bin;C:\WINDOWS\system32;C:\WINDOWS;C:\WINDOWS\System32\Wbem;C:\WINDOWS\System32\WindowsPowerShell\v1.0\;C:\WINDOWS\System32\OpenSSH\;C:\Program Files\dotnet\;C:\Users\Aldoa\Desktop\Infor\bin;C:\Users\Aldoa\AppData\Local\Microsoft\WindowsApps;;.]
03-Apr-2024 21:44:04.707 INFO [main] org.apache.coyote.AbstractProtocol.init Initializing ProtocolHandler ["http-nio-8082"]
03-Apr-2024 21:44:04.887 INFO [main] org.apache.tomcat.util.net.NioSelectorPool.getSharedSelector Using a shared selector for servlet write/read
03-Apr-2024 21:44:04.903 INFO [main] org.apache.coyote.AbstractProtocol.init Initializing ProtocolHandler ["ajp-nio-8009"]
03-Apr-2024 21:44:04.903 INFO [main] org.apache.tomcat.util.net.NioSelectorPool.getSharedSelector Using a shared selector for servlet write/read
03-Apr-2024 21:44:04.903 INFO [main] org.apache.catalina.startup.Catalina.load Initialization processed in 487 ms
03-Apr-2024 21:44:04.919 INFO [main] org.apache.catalina.core.StandardService.startInternal Starting service [Catalina]
03-Apr-2024 21:44:04.919 INFO [main] org.apache.catalina.core.StandardEngine.startInternal Starting Servlet Engine: Apache Tomcat/8.5.24
03-Apr-2024 21:44:04.919 INFO [localhost-startStop-1] org.apache.catalina.startup.HostConfig.deployDirectory Deploying web application directory [D:\JavaSQL\Java8\apache-tomcat-8.5.24\webapps\docs]
03-Apr-2024 21:44:05.076 INFO [localhost-startStop-1] org.apache.jasper.servlet.TldScanner.scanJars At least one JAR was scanned for TLDs yet contained no TLDs. Enable debug logging for this logger for a complete list of JARs that were scanned but no TLDs were found in them. Skipping unneeded JARs during scanning can improve startup time and JSP compilation time.
03-Apr-2024 21:44:05.107 INFO [localhost-startStop-1] org.apache.catalina.startup.HostConfig.deployDirectory Deployment of web application directory [D:\JavaSQL\Java8\apache-tomcat-8.5.24\webapps\docs] has finished in [188] ms
03-Apr-2024 21:44:05.107 INFO [localhost-startStop-1] org.apache.catalina.startup.HostConfig.deployDirectory Deploying web application directory [D:\JavaSQL\Java8\apache-tomcat-8.5.24\webapps\examples]
03-Apr-2024 21:44:05.233 INFO [localhost-startStop-1] org.apache.jasper.servlet.TldScanner.scanJars At least one JAR was scanned for TLDs yet contained no TLDs. Enable debug logging for this logger for a complete list of JARs that were scanned but no TLDs were found in them. Skipping unneeded JARs during scanning can improve startup time and JSP compilation time.
03-Apr-2024 21:44:05.264 INFO [localhost-startStop-1] org.apache.catalina.startup.HostConfig.deployDirectory Deployment of web application directory [D:\JavaSQL\Java8\apache-tomcat-8.5.24\webapps\examples] has finished in [157] ms
03-Apr-2024 21:44:05.264 INFO [localhost-startStop-1] org.apache.catalina.startup.HostConfig.deployDirectory Deploying web application directory [D:\JavaSQL\Java8\apache-tomcat-8.5.24\webapps\host-manager]
03-Apr-2024 21:44:05.280 INFO [localhost-startStop-1] org.apache.jasper.servlet.TldScanner.scanJars At least one JAR was scanned for TLDs yet contained no TLDs. Enable debug logging for this logger for a complete list of JARs that were scanned but no TLDs were found in them. Skipping unneeded JARs during scanning can improve startup time and JSP compilation time.
03-Apr-2024 21:44:05.280 INFO [localhost-startStop-1] org.apache.catalina.startup.HostConfig.deployDirectory Deployment of web application directory [D:\JavaSQL\Java8\apache-tomcat-8.5.24\webapps\host-manager] has finished in [16] ms
03-Apr-2024 21:44:05.280 INFO [localhost-startStop-1] org.apache.catalina.startup.HostConfig.deployDirectory Deploying web application directory [D:\JavaSQL\Java8\apache-tomcat-8.5.24\webapps\ROOT]
03-Apr-2024 21:44:05.296 INFO [localhost-startStop-1] org.apache.jasper.servlet.TldScanner.scanJars At least one JAR was scanned for TLDs yet contained no TLDs. Enable debug logging for this logger for a complete list of JARs that were scanned but no TLDs were found in them. Skipping unneeded JARs during scanning can improve startup time and JSP compilation time.
03-Apr-2024 21:44:05.296 INFO [localhost-startStop-1] org.apache.catalina.startup.HostConfig.deployDirectory Deployment of web application directory [D:\JavaSQL\Java8\apache-tomcat-8.5.24\webapps\ROOT] has finished in [16] ms
03-Apr-2024 21:44:05.305 INFO [localhost-startStop-1] org.apache.catalina.startup.HostConfig.deployDirectory Deploying web application directory [D:\JavaSQL\Java8\apache-tomcat-8.5.24\webapps\SQLServer]
03-Apr-2024 21:44:05.312 INFO [localhost-startStop-1] org.apache.jasper.servlet.TldScanner.scanJars At least one JAR was scanned for TLDs yet contained no TLDs. Enable debug logging for this logger for a complete list of JARs that were scanned but no TLDs were found in them. Skipping unneeded JARs during scanning can improve startup time and JSP compilation time.
03-Apr-2024 21:44:05.312 INFO [localhost-startStop-1] org.apache.catalina.startup.HostConfig.deployDirectory Deployment of web application directory [D:\JavaSQL\Java8\apache-tomcat-8.5.24\webapps\SQLServer] has finished in [7] ms
03-Apr-2024 21:44:05.312 INFO [localhost-startStop-1] org.apache.catalina.startup.HostConfig.deployDirectory Deploying web application directory [D:\JavaSQL\Java8\apache-tomcat-8.5.24\webapps\Servlet1]
03-Apr-2024 21:44:05.327 INFO [localhost-startStop-1] org.apache.jasper.servlet.TldScanner.scanJars At least one JAR was scanned for TLDs yet contained no TLDs. Enable debug logging for this logger for a complete list of JARs that were scanned but no TLDs were found in them. Skipping unneeded JARs during scanning can improve startup time and JSP compilation time.
03-Apr-2024 21:44:05.327 INFO [localhost-startStop-1] org.apache.catalina.startup.HostConfig.deployDirectory Deployment of web application directory [D:\JavaSQL\Java8\apache-tomcat-8.5.24\webapps\Servlet1] has finished in [15] ms
03-Apr-2024 21:44:05.327 INFO [localhost-startStop-1] org.apache.catalina.startup.HostConfig.deployDirectory Deploying web application directory [D:\JavaSQL\Java8\apache-tomcat-8.5.24\webapps\Servlet2]
03-Apr-2024 21:44:05.343 INFO [localhost-startStop-1] org.apache.jasper.servlet.TldScanner.scanJars At least one JAR was scanned for TLDs yet contained no TLDs. Enable debug logging for this logger for a complete list of JARs that were scanned but no TLDs were found in them. Skipping unneeded JARs during scanning can improve startup time and JSP compilation time.
03-Apr-2024 21:44:05.343 INFO [localhost-startStop-1] org.apache.catalina.startup.HostConfig.deployDirectory Deployment of web application directory [D:\JavaSQL\Java8\apache-tomcat-8.5.24\webapps\Servlet2] has finished in [16] ms
03-Apr-2024 21:44:05.343 INFO [localhost-startStop-1] org.apache.catalina.startup.HostConfig.deployDirectory Deploying web application directory [D:\JavaSQL\Java8\apache-tomcat-8.5.24\webapps\Servlet3]
03-Apr-2024 21:44:05.358 INFO [localhost-startStop-1] org.apache.jasper.servlet.TldScanner.scanJars At least one JAR was scanned for TLDs yet contained no TLDs. Enable debug logging for this logger for a complete list of JARs that were scanned but no TLDs were found in them. Skipping unneeded JARs during scanning can improve startup time and JSP compilation time.
03-Apr-2024 21:44:05.358 INFO [localhost-startStop-1] org.apache.catalina.startup.HostConfig.deployDirectory Deployment of web application directory [D:\JavaSQL\Java8\apache-tomcat-8.5.24\webapps\Servlet3] has finished in [15] ms
03-Apr-2024 21:44:05.358 INFO [localhost-startStop-1] org.apache.catalina.startup.HostConfig.deployDirectory Deploying web application directory [D:\JavaSQL\Java8\apache-tomcat-8.5.24\webapps\Servlet4]
03-Apr-2024 21:44:05.374 INFO [localhost-startStop-1] org.apache.jasper.servlet.TldScanner.scanJars At least one JAR was scanned for TLDs yet contained no TLDs. Enable debug logging for this logger for a complete list of JARs that were scanned but no TLDs were found in them. Skipping unneeded JARs during scanning can improve startup time and JSP compilation time.
03-Apr-2024 21:44:05.374 INFO [localhost-startStop-1] org.apache.catalina.startup.HostConfig.deployDirectory Deployment of web application directory [D:\JavaSQL\Java8\apache-tomcat-8.5.24\webapps\Servlet4] has finished in [16] ms
03-Apr-2024 21:44:05.374 INFO [localhost-startStop-1] org.apache.catalina.startup.HostConfig.deployDirectory Deploying web application directory [D:\JavaSQL\Java8\apache-tomcat-8.5.24\webapps\Pract8]
03-Apr-2024 21:44:05.390 INFO [localhost-startStop-1] org.apache.jasper.servlet.TldScanner.scanJars At least one JAR was scanned for TLDs yet contained no TLDs. Enable debug logging for this logger for a complete list of JARs that were scanned but no TLDs were found in them. Skipping unneeded JARs during scanning can improve startup time and JSP compilation time.
03-Apr-2024 21:44:05.390 INFO [localhost-startStop-1] org.apache.catalina.startup.HostConfig.deployDirectory Deployment of web application directory [D:\JavaSQL\Java8\apache-tomcat-8.5.24\webapps\Pract8] has finished in [16] ms
03-Apr-2024 21:44:05.390 INFO [localhost-startStop-1] org.apache.catalina.startup.HostConfig.deployDirectory Deploying web application directory [D:\JavaSQL\Java8\apache-tomcat-8.5.24\webapps\Entrega]
03-Apr-2024 21:44:05.421 INFO [localhost-startStop-1] org.apache.jasper.servlet.TldScanner.scanJars At least one JAR was scanned for TLDs yet contained no TLDs. Enable debug logging for this logger for a complete list of JARs that were scanned but no TLDs were found in them. Skipping unneeded JARs during scanning can improve startup time and JSP compilation time.
03-Apr-2024 21:44:05.421 INFO [localhost-startStop-1] org.apache.catalina.startup.HostConfig.deployDirectory Deployment of web application directory [D:\JavaSQL\Java8\apache-tomcat-8.5.24\webapps\Entrega] has finished in [31] ms
03-Apr-2024 21:44:05.421 INFO [localhost-startStop-1] org.apache.catalina.startup.HostConfig.deployDirectory Deploying web application directory [D:\JavaSQL\Java8\apache-tomcat-8.5.24\webapps\matrices8]
03-Apr-2024 21:44:05.439 INFO [localhost-startStop-1] org.apache.jasper.servlet.TldScanner.scanJars At least one JAR was scanned for TLDs yet contained no TLDs. Enable debug logging for this logger for a complete list of JARs that were scanned but no TLDs were found in them. Skipping unneeded JARs during scanning can improve startup time and JSP compilation time.
03-Apr-2024 21:44:05.439 INFO [localhost-startStop-1] org.apache.catalina.startup.HostConfig.deployDirectory Deployment of web application directory [D:\JavaSQL\Java8\apache-tomcat-8.5.24\webapps\matrices8] has finished in [18] ms
03-Apr-2024 21:44:05.439 INFO [localhost-startStop-1] org.apache.catalina.startup.HostConfig.deployDirectory Deploying web application directory [D:\JavaSQL\Java8\apache-tomcat-8.5.24\webapps\TD_E18]
03-Apr-2024 21:44:05.468 INFO [localhost-startStop-1] org.apache.jasper.servlet.TldScanner.scanJars At least one JAR was scanned for TLDs yet contained no TLDs. Enable debug logging for this logger for a complete list of JARs that were scanned but no TLDs were found in them. Skipping unneeded JARs during scanning can improve startup time and JSP compilation time.
03-Apr-2024 21:44:05.468 INFO [localhost-startStop-1] org.apache.catalina.startup.HostConfig.deployDirectory Deployment of web application directory [D:\JavaSQL\Java8\apache-tomcat-8.5.24\webapps\TD_E18] has finished in [29] ms
03-Apr-2024 21:44:05.468 INFO [localhost-startStop-1] org.apache.catalina.startup.HostConfig.deployDirectory Deploying web application directory [D:\JavaSQL\Java8\apache-tomcat-8.5.24\webapps\TD_E30]
03-Apr-2024 21:44:05.484 INFO [localhost-startStop-1] org.apache.jasper.servlet.TldScanner.scanJars At least one JAR was scanned for TLDs yet contained no TLDs. Enable debug logging for this logger for a complete list of JARs that were scanned but no TLDs were found in them. Skipping unneeded JARs during scanning can improve startup time and JSP compilation time.
03-Apr-2024 21:44:05.484 INFO [localhost-startStop-1] org.apache.catalina.startup.HostConfig.deployDirectory Deployment of web application directory [D:\JavaSQL\Java8\apache-tomcat-8.5.24\webapps\TD_E30] has finished in [16] ms
03-Apr-2024 21:44:05.484 INFO [localhost-startStop-1] org.apache.catalina.startup.HostConfig.deployDirectory Deploying web application directory [D:\JavaSQL\Java8\apache-tomcat-8.5.24\webapps\TD_E31]
03-Apr-2024 21:44:05.563 INFO [localhost-startStop-1] org.apache.jasper.servlet.TldScanner.scanJars At least one JAR was scanned for TLDs yet contained no TLDs. Enable debug logging for this logger for a complete list of JARs that were scanned but no TLDs were found in them. Skipping unneeded JARs during scanning can improve startup time and JSP compilation time.
03-Apr-2024 21:44:05.563 INFO [localhost-startStop-1] org.apache.catalina.startup.HostConfig.deployDirectory Deployment of web application directory [D:\JavaSQL\Java8\apache-tomcat-8.5.24\webapps\TD_E31] has finished in [79] ms
03-Apr-2024 21:44:05.563 INFO [main] org.apache.coyote.AbstractProtocol.start Starting ProtocolHandler ["http-nio-8082"]
03-Apr-2024 21:44:05.580 INFO [main] org.apache.coyote.AbstractProtocol.start Starting ProtocolHandler ["ajp-nio-8009"]
03-Apr-2024 21:44:05.580 INFO [main] org.apache.catalina.startup.Catalina.start Server startup in 677 ms
03-Apr-2024 21:46:13.916 INFO [main] org.apache.catalina.core.StandardServer.await A valid shutdown command was received via the shutdown port. Stopping the Server instance.
03-Apr-2024 21:46:13.916 INFO [main] org.apache.coyote.AbstractProtocol.pause Pausing ProtocolHandler ["http-nio-8082"]
03-Apr-2024 21:46:14.278 INFO [main] org.apache.coyote.AbstractProtocol.pause Pausing ProtocolHandler ["ajp-nio-8009"]
03-Apr-2024 21:46:14.735 INFO [main] org.apache.catalina.core.StandardService.stopInternal Stopping service [Catalina]
03-Apr-2024 21:46:14.814 INFO [main] org.apache.coyote.AbstractProtocol.stop Stopping ProtocolHandler ["http-nio-8082"]
03-Apr-2024 21:46:14.815 INFO [main] org.apache.coyote.AbstractProtocol.stop Stopping ProtocolHandler ["ajp-nio-8009"]
03-Apr-2024 21:46:14.818 INFO [main] org.apache.coyote.AbstractProtocol.destroy Destroying ProtocolHandler ["http-nio-8082"]
03-Apr-2024 21:46:14.818 INFO [main] org.apache.coyote.AbstractProtocol.destroy Destroying ProtocolHandler ["ajp-nio-8009"]
03-Apr-2024 21:46:26.449 INFO [main] org.apache.catalina.startup.VersionLoggerListener.log Server version:        Apache Tomcat/8.5.24
03-Apr-2024 21:46:26.449 INFO [main] org.apache.catalina.startup.VersionLoggerListener.log Server built:          Nov 27 2017 13:05:30 UTC
03-Apr-2024 21:46:26.449 INFO [main] org.apache.catalina.startup.VersionLoggerListener.log Server number:         8.5.24.0
03-Apr-2024 21:46:26.449 INFO [main] org.apache.catalina.startup.VersionLoggerListener.log OS Name:               Windows 10
03-Apr-2024 21:46:26.449 INFO [main] org.apache.catalina.startup.VersionLoggerListener.log OS Version:            10.0
03-Apr-2024 21:46:26.449 INFO [main] org.apache.catalina.startup.VersionLoggerListener.log Architecture:          x86
03-Apr-2024 21:46:26.449 INFO [main] org.apache.catalina.startup.VersionLoggerListener.log Java Home:             D:\JavaSQL\Java8\jdk1.8.0_131\jre
03-Apr-2024 21:46:26.449 INFO [main] org.apache.catalina.startup.VersionLoggerListener.log JVM Version:           1.8.0_131-b11
03-Apr-2024 21:46:26.449 INFO [main] org.apache.catalina.startup.VersionLoggerListener.log JVM Vendor:            Oracle Corporation
03-Apr-2024 21:46:26.449 INFO [main] org.apache.catalina.startup.VersionLoggerListener.log CATALINA_BASE:         D:\JavaSQL\Java8\apache-tomcat-8.5.24
03-Apr-2024 21:46:26.449 INFO [main] org.apache.catalina.startup.VersionLoggerListener.log CATALINA_HOME:         D:\JavaSQL\Java8\apache-tomcat-8.5.24
03-Apr-2024 21:46:26.464 INFO [main] org.apache.catalina.startup.VersionLoggerListener.log Command line argument: -Djava.util.logging.config.file=D:\JavaSQL\Java8\apache-tomcat-8.5.24\conf\logging.properties
03-Apr-2024 21:46:26.464 INFO [main] org.apache.catalina.startup.VersionLoggerListener.log Command line argument: -Djava.util.logging.manager=org.apache.juli.ClassLoaderLogManager
03-Apr-2024 21:46:26.464 INFO [main] org.apache.catalina.startup.VersionLoggerListener.log Command line argument: -Djdk.tls.ephemeralDHKeySize=2048
03-Apr-2024 21:46:26.464 INFO [main] org.apache.catalina.startup.VersionLoggerListener.log Command line argument: -Djava.protocol.handler.pkgs=org.apache.catalina.webresources
03-Apr-2024 21:46:26.464 INFO [main] org.apache.catalina.startup.VersionLoggerListener.log Command line argument: -Dignore.endorsed.dirs=
03-Apr-2024 21:46:26.464 INFO [main] org.apache.catalina.startup.VersionLoggerListener.log Command line argument: -Dcatalina.base=D:\JavaSQL\Java8\apache-tomcat-8.5.24
03-Apr-2024 21:46:26.464 INFO [main] org.apache.catalina.startup.VersionLoggerListener.log Command line argument: -Dcatalina.home=D:\JavaSQL\Java8\apache-tomcat-8.5.24
03-Apr-2024 21:46:26.464 INFO [main] org.apache.catalina.startup.VersionLoggerListener.log Command line argument: -Djava.io.tmpdir=D:\JavaSQL\Java8\apache-tomcat-8.5.24\temp
03-Apr-2024 21:46:26.464 INFO [main] org.apache.catalina.core.AprLifecycleListener.lifecycleEvent The APR based Apache Tomcat Native library which allows optimal performance in production environments was not found on the java.library.path: [D:\JavaSQL\Java8\jdk1.8.0_131\bin;C:\WINDOWS\Sun\Java\bin;C:\WINDOWS\system32;C:\WINDOWS;D:\JavaSQL\Java8\jdk1.8.0_131\bin;D:\JavaSQL\Java8\jdk1.8.0_131\db\bin;D:\JavaSQL\Java8\squirrelsql-4.0.0-standard;D:\JavaSQL\Java8\apache-tomcat-8.5.24\bin;C:\WINDOWS\system32;C:\WINDOWS;C:\WINDOWS\System32\Wbem;C:\WINDOWS\System32\WindowsPowerShell\v1.0\;C:\WINDOWS\System32\OpenSSH\;C:\Program Files\dotnet\;C:\Users\Aldoa\Desktop\Infor\bin;C:\Users\Aldoa\AppData\Local\Microsoft\WindowsApps;;.]
03-Apr-2024 21:46:26.527 INFO [main] org.apache.coyote.AbstractProtocol.init Initializing ProtocolHandler ["http-nio-8082"]
03-Apr-2024 21:46:26.716 INFO [main] org.apache.tomcat.util.net.NioSelectorPool.getSharedSelector Using a shared selector for servlet write/read
03-Apr-2024 21:46:26.732 INFO [main] org.apache.coyote.AbstractProtocol.init Initializing ProtocolHandler ["ajp-nio-8009"]
03-Apr-2024 21:46:26.732 INFO [main] org.apache.tomcat.util.net.NioSelectorPool.getSharedSelector Using a shared selector for servlet write/read
03-Apr-2024 21:46:26.732 INFO [main] org.apache.catalina.startup.Catalina.load Initialization processed in 467 ms
03-Apr-2024 21:46:26.747 INFO [main] org.apache.catalina.core.StandardService.startInternal Starting service [Catalina]
03-Apr-2024 21:46:26.747 INFO [main] org.apache.catalina.core.StandardEngine.startInternal Starting Servlet Engine: Apache Tomcat/8.5.24
03-Apr-2024 21:46:26.747 INFO [localhost-startStop-1] org.apache.catalina.startup.HostConfig.deployDirectory Deploying web application directory [D:\JavaSQL\Java8\apache-tomcat-8.5.24\webapps\docs]
03-Apr-2024 21:46:26.904 INFO [localhost-startStop-1] org.apache.jasper.servlet.TldScanner.scanJars At least one JAR was scanned for TLDs yet contained no TLDs. Enable debug logging for this logger for a complete list of JARs that were scanned but no TLDs were found in them. Skipping unneeded JARs during scanning can improve startup time and JSP compilation time.
03-Apr-2024 21:46:26.952 INFO [localhost-startStop-1] org.apache.catalina.startup.HostConfig.deployDirectory Deployment of web application directory [D:\JavaSQL\Java8\apache-tomcat-8.5.24\webapps\docs] has finished in [205] ms
03-Apr-2024 21:46:26.952 INFO [localhost-startStop-1] org.apache.catalina.startup.HostConfig.deployDirectory Deploying web application directory [D:\JavaSQL\Java8\apache-tomcat-8.5.24\webapps\examples]
03-Apr-2024 21:46:27.078 INFO [localhost-startStop-1] org.apache.jasper.servlet.TldScanner.scanJars At least one JAR was scanned for TLDs yet contained no TLDs. Enable debug logging for this logger for a complete list of JARs that were scanned but no TLDs were found in them. Skipping unneeded JARs during scanning can improve startup time and JSP compilation time.
03-Apr-2024 21:46:27.094 INFO [localhost-startStop-1] org.apache.catalina.startup.HostConfig.deployDirectory Deployment of web application directory [D:\JavaSQL\Java8\apache-tomcat-8.5.24\webapps\examples] has finished in [142] ms
03-Apr-2024 21:46:27.094 INFO [localhost-startStop-1] org.apache.catalina.startup.HostConfig.deployDirectory Deploying web application directory [D:\JavaSQL\Java8\apache-tomcat-8.5.24\webapps\host-manager]
03-Apr-2024 21:46:27.109 INFO [localhost-startStop-1] org.apache.jasper.servlet.TldScanner.scanJars At least one JAR was scanned for TLDs yet contained no TLDs. Enable debug logging for this logger for a complete list of JARs that were scanned but no TLDs were found in them. Skipping unneeded JARs during scanning can improve startup time and JSP compilation time.
03-Apr-2024 21:46:27.128 INFO [localhost-startStop-1] org.apache.catalina.startup.HostConfig.deployDirectory Deployment of web application directory [D:\JavaSQL\Java8\apache-tomcat-8.5.24\webapps\host-manager] has finished in [34] ms
03-Apr-2024 21:46:27.128 INFO [localhost-startStop-1] org.apache.catalina.startup.HostConfig.deployDirectory Deploying web application directory [D:\JavaSQL\Java8\apache-tomcat-8.5.24\webapps\ROOT]
03-Apr-2024 21:46:27.142 INFO [localhost-startStop-1] org.apache.jasper.servlet.TldScanner.scanJars At least one JAR was scanned for TLDs yet contained no TLDs. Enable debug logging for this logger for a complete list of JARs that were scanned but no TLDs were found in them. Skipping unneeded JARs during scanning can improve startup time and JSP compilation time.
03-Apr-2024 21:46:27.142 INFO [localhost-startStop-1] org.apache.catalina.startup.HostConfig.deployDirectory Deployment of web application directory [D:\JavaSQL\Java8\apache-tomcat-8.5.24\webapps\ROOT] has finished in [14] ms
03-Apr-2024 21:46:27.142 INFO [localhost-startStop-1] org.apache.catalina.startup.HostConfig.deployDirectory Deploying web application directory [D:\JavaSQL\Java8\apache-tomcat-8.5.24\webapps\SQLServer]
03-Apr-2024 21:46:27.157 INFO [localhost-startStop-1] org.apache.jasper.servlet.TldScanner.scanJars At least one JAR was scanned for TLDs yet contained no TLDs. Enable debug logging for this logger for a complete list of JARs that were scanned but no TLDs were found in them. Skipping unneeded JARs during scanning can improve startup time and JSP compilation time.
03-Apr-2024 21:46:27.157 INFO [localhost-startStop-1] org.apache.catalina.startup.HostConfig.deployDirectory Deployment of web application directory [D:\JavaSQL\Java8\apache-tomcat-8.5.24\webapps\SQLServer] has finished in [15] ms
03-Apr-2024 21:46:27.157 INFO [localhost-startStop-1] org.apache.catalina.startup.HostConfig.deployDirectory Deploying web application directory [D:\JavaSQL\Java8\apache-tomcat-8.5.24\webapps\Servlet1]
03-Apr-2024 21:46:27.173 INFO [localhost-startStop-1] org.apache.jasper.servlet.TldScanner.scanJars At least one JAR was scanned for TLDs yet contained no TLDs. Enable debug logging for this logger for a complete list of JARs that were scanned but no TLDs were found in them. Skipping unneeded JARs during scanning can improve startup time and JSP compilation time.
03-Apr-2024 21:46:27.173 INFO [localhost-startStop-1] org.apache.catalina.startup.HostConfig.deployDirectory Deployment of web application directory [D:\JavaSQL\Java8\apache-tomcat-8.5.24\webapps\Servlet1] has finished in [16] ms
03-Apr-2024 21:46:27.173 INFO [localhost-startStop-1] org.apache.catalina.startup.HostConfig.deployDirectory Deploying web application directory [D:\JavaSQL\Java8\apache-tomcat-8.5.24\webapps\Servlet2]
03-Apr-2024 21:46:27.188 INFO [localhost-startStop-1] org.apache.jasper.servlet.TldScanner.scanJars At least one JAR was scanned for TLDs yet contained no TLDs. Enable debug logging for this logger for a complete list of JARs that were scanned but no TLDs were found in them. Skipping unneeded JARs during scanning can improve startup time and JSP compilation time.
03-Apr-2024 21:46:27.188 INFO [localhost-startStop-1] org.apache.catalina.startup.HostConfig.deployDirectory Deployment of web application directory [D:\JavaSQL\Java8\apache-tomcat-8.5.24\webapps\Servlet2] has finished in [15] ms
03-Apr-2024 21:46:27.188 INFO [localhost-startStop-1] org.apache.catalina.startup.HostConfig.deployDirectory Deploying web application directory [D:\JavaSQL\Java8\apache-tomcat-8.5.24\webapps\Servlet3]
03-Apr-2024 21:46:27.204 INFO [localhost-startStop-1] org.apache.jasper.servlet.TldScanner.scanJars At least one JAR was scanned for TLDs yet contained no TLDs. Enable debug logging for this logger for a complete list of JARs that were scanned but no TLDs were found in them. Skipping unneeded JARs during scanning can improve startup time and JSP compilation time.
03-Apr-2024 21:46:27.204 INFO [localhost-startStop-1] org.apache.catalina.startup.HostConfig.deployDirectory Deployment of web application directory [D:\JavaSQL\Java8\apache-tomcat-8.5.24\webapps\Servlet3] has finished in [16] ms
03-Apr-2024 21:46:27.204 INFO [localhost-startStop-1] org.apache.catalina.startup.HostConfig.deployDirectory Deploying web application directory [D:\JavaSQL\Java8\apache-tomcat-8.5.24\webapps\Servlet4]
03-Apr-2024 21:46:27.219 INFO [localhost-startStop-1] org.apache.jasper.servlet.TldScanner.scanJars At least one JAR was scanned for TLDs yet contained no TLDs. Enable debug logging for this logger for a complete list of JARs that were scanned but no TLDs were found in them. Skipping unneeded JARs during scanning can improve startup time and JSP compilation time.
03-Apr-2024 21:46:27.219 INFO [localhost-startStop-1] org.apache.catalina.startup.HostConfig.deployDirectory Deployment of web application directory [D:\JavaSQL\Java8\apache-tomcat-8.5.24\webapps\Servlet4] has finished in [15] ms
03-Apr-2024 21:46:27.219 INFO [localhost-startStop-1] org.apache.catalina.startup.HostConfig.deployDirectory Deploying web application directory [D:\JavaSQL\Java8\apache-tomcat-8.5.24\webapps\Pract8]
03-Apr-2024 21:46:27.235 INFO [localhost-startStop-1] org.apache.jasper.servlet.TldScanner.scanJars At least one JAR was scanned for TLDs yet contained no TLDs. Enable debug logging for this logger for a complete list of JARs that were scanned but no TLDs were found in them. Skipping unneeded JARs during scanning can improve startup time and JSP compilation time.
03-Apr-2024 21:46:27.251 INFO [localhost-startStop-1] org.apache.catalina.startup.HostConfig.deployDirectory Deployment of web application directory [D:\JavaSQL\Java8\apache-tomcat-8.5.24\webapps\Pract8] has finished in [32] ms
03-Apr-2024 21:46:27.251 INFO [localhost-startStop-1] org.apache.catalina.startup.HostConfig.deployDirectory Deploying web application directory [D:\JavaSQL\Java8\apache-tomcat-8.5.24\webapps\Entrega]
03-Apr-2024 21:46:27.272 INFO [localhost-startStop-1] org.apache.jasper.servlet.TldScanner.scanJars At least one JAR was scanned for TLDs yet contained no TLDs. Enable debug logging for this logger for a complete list of JARs that were scanned but no TLDs were found in them. Skipping unneeded JARs during scanning can improve startup time and JSP compilation time.
03-Apr-2024 21:46:27.272 INFO [localhost-startStop-1] org.apache.catalina.startup.HostConfig.deployDirectory Deployment of web application directory [D:\JavaSQL\Java8\apache-tomcat-8.5.24\webapps\Entrega] has finished in [21] ms
03-Apr-2024 21:46:27.272 INFO [localhost-startStop-1] org.apache.catalina.startup.HostConfig.deployDirectory Deploying web application directory [D:\JavaSQL\Java8\apache-tomcat-8.5.24\webapps\matrices8]
03-Apr-2024 21:46:27.287 INFO [localhost-startStop-1] org.apache.jasper.servlet.TldScanner.scanJars At least one JAR was scanned for TLDs yet contained no TLDs. Enable debug logging for this logger for a complete list of JARs that were scanned but no TLDs were found in them. Skipping unneeded JARs during scanning can improve startup time and JSP compilation time.
03-Apr-2024 21:46:27.287 INFO [localhost-startStop-1] org.apache.catalina.startup.HostConfig.deployDirectory Deployment of web application directory [D:\JavaSQL\Java8\apache-tomcat-8.5.24\webapps\matrices8] has finished in [15] ms
03-Apr-2024 21:46:27.287 INFO [localhost-startStop-1] org.apache.catalina.startup.HostConfig.deployDirectory Deploying web application directory [D:\JavaSQL\Java8\apache-tomcat-8.5.24\webapps\TD_E18]
03-Apr-2024 21:46:27.314 INFO [localhost-startStop-1] org.apache.jasper.servlet.TldScanner.scanJars At least one JAR was scanned for TLDs yet contained no TLDs. Enable debug logging for this logger for a complete list of JARs that were scanned but no TLDs were found in them. Skipping unneeded JARs during scanning can improve startup time and JSP compilation time.
03-Apr-2024 21:46:27.314 INFO [localhost-startStop-1] org.apache.catalina.startup.HostConfig.deployDirectory Deployment of web application directory [D:\JavaSQL\Java8\apache-tomcat-8.5.24\webapps\TD_E18] has finished in [27] ms
03-Apr-2024 21:46:27.314 INFO [localhost-startStop-1] org.apache.catalina.startup.HostConfig.deployDirectory Deploying web application directory [D:\JavaSQL\Java8\apache-tomcat-8.5.24\webapps\TD_E30]
03-Apr-2024 21:46:27.329 INFO [localhost-startStop-1] org.apache.jasper.servlet.TldScanner.scanJars At least one JAR was scanned for TLDs yet contained no TLDs. Enable debug logging for this logger for a complete list of JARs that were scanned but no TLDs were found in them. Skipping unneeded JARs during scanning can improve startup time and JSP compilation time.
03-Apr-2024 21:46:27.329 INFO [localhost-startStop-1] org.apache.catalina.startup.HostConfig.deployDirectory Deployment of web application directory [D:\JavaSQL\Java8\apache-tomcat-8.5.24\webapps\TD_E30] has finished in [15] ms
03-Apr-2024 21:46:27.329 INFO [localhost-startStop-1] org.apache.catalina.startup.HostConfig.deployDirectory Deploying web application directory [D:\JavaSQL\Java8\apache-tomcat-8.5.24\webapps\TD_E31]
03-Apr-2024 21:46:27.408 INFO [localhost-startStop-1] org.apache.jasper.servlet.TldScanner.scanJars At least one JAR was scanned for TLDs yet contained no TLDs. Enable debug logging for this logger for a complete list of JARs that were scanned but no TLDs were found in them. Skipping unneeded JARs during scanning can improve startup time and JSP compilation time.
03-Apr-2024 21:46:27.408 INFO [localhost-startStop-1] org.apache.catalina.startup.HostConfig.deployDirectory Deployment of web application directory [D:\JavaSQL\Java8\apache-tomcat-8.5.24\webapps\TD_E31] has finished in [79] ms
03-Apr-2024 21:46:27.408 INFO [main] org.apache.coyote.AbstractProtocol.start Starting ProtocolHandler ["http-nio-8082"]
03-Apr-2024 21:46:27.427 INFO [main] org.apache.coyote.AbstractProtocol.start Starting ProtocolHandler ["ajp-nio-8009"]
03-Apr-2024 21:46:27.427 INFO [main] org.apache.catalina.startup.Catalina.start Server startup in 695 ms
03-Apr-2024 21:47:27.380 INFO [main] org.apache.catalina.core.StandardServer.await A valid shutdown command was received via the shutdown port. Stopping the Server instance.
03-Apr-2024 21:47:27.381 INFO [main] org.apache.coyote.AbstractProtocol.pause Pausing ProtocolHandler ["http-nio-8082"]
03-Apr-2024 21:47:27.886 INFO [main] org.apache.coyote.AbstractProtocol.pause Pausing ProtocolHandler ["ajp-nio-8009"]
03-Apr-2024 21:47:28.348 INFO [main] org.apache.catalina.core.StandardService.stopInternal Stopping service [Catalina]
03-Apr-2024 21:47:28.426 INFO [main] org.apache.coyote.AbstractProtocol.stop Stopping ProtocolHandler ["http-nio-8082"]
03-Apr-2024 21:47:28.427 INFO [main] org.apache.coyote.AbstractProtocol.stop Stopping ProtocolHandler ["ajp-nio-8009"]
03-Apr-2024 21:47:28.430 INFO [main] org.apache.coyote.AbstractProtocol.destroy Destroying ProtocolHandler ["http-nio-8082"]
03-Apr-2024 21:47:28.430 INFO [main] org.apache.coyote.AbstractProtocol.destroy Destroying ProtocolHandler ["ajp-nio-8009"]
03-Apr-2024 21:47:36.333 INFO [main] org.apache.catalina.startup.VersionLoggerListener.log Server version:        Apache Tomcat/8.5.24
03-Apr-2024 21:47:36.333 INFO [main] org.apache.catalina.startup.VersionLoggerListener.log Server built:          Nov 27 2017 13:05:30 UTC
03-Apr-2024 21:47:36.333 INFO [main] org.apache.catalina.startup.VersionLoggerListener.log Server number:         8.5.24.0
03-Apr-2024 21:47:36.337 INFO [main] org.apache.catalina.startup.VersionLoggerListener.log OS Name:               Windows 10
03-Apr-2024 21:47:36.337 INFO [main] org.apache.catalina.startup.VersionLoggerListener.log OS Version:            10.0
03-Apr-2024 21:47:36.337 INFO [main] org.apache.catalina.startup.VersionLoggerListener.log Architecture:          x86
03-Apr-2024 21:47:36.337 INFO [main] org.apache.catalina.startup.VersionLoggerListener.log Java Home:             D:\JavaSQL\Java8\jdk1.8.0_131\jre
03-Apr-2024 21:47:36.337 INFO [main] org.apache.catalina.startup.VersionLoggerListener.log JVM Version:           1.8.0_131-b11
03-Apr-2024 21:47:36.337 INFO [main] org.apache.catalina.startup.VersionLoggerListener.log JVM Vendor:            Oracle Corporation
03-Apr-2024 21:47:36.337 INFO [main] org.apache.catalina.startup.VersionLoggerListener.log CATALINA_BASE:         D:\JavaSQL\Java8\apache-tomcat-8.5.24
03-Apr-2024 21:47:36.337 INFO [main] org.apache.catalina.startup.VersionLoggerListener.log CATALINA_HOME:         D:\JavaSQL\Java8\apache-tomcat-8.5.24
03-Apr-2024 21:47:36.337 INFO [main] org.apache.catalina.startup.VersionLoggerListener.log Command line argument: -Djava.util.logging.config.file=D:\JavaSQL\Java8\apache-tomcat-8.5.24\conf\logging.properties
03-Apr-2024 21:47:36.337 INFO [main] org.apache.catalina.startup.VersionLoggerListener.log Command line argument: -Djava.util.logging.manager=org.apache.juli.ClassLoaderLogManager
03-Apr-2024 21:47:36.337 INFO [main] org.apache.catalina.startup.VersionLoggerListener.log Command line argument: -Djdk.tls.ephemeralDHKeySize=2048
03-Apr-2024 21:47:36.337 INFO [main] org.apache.catalina.startup.VersionLoggerListener.log Command line argument: -Djava.protocol.handler.pkgs=org.apache.catalina.webresources
03-Apr-2024 21:47:36.337 INFO [main] org.apache.catalina.startup.VersionLoggerListener.log Command line argument: -Dignore.endorsed.dirs=
03-Apr-2024 21:47:36.339 INFO [main] org.apache.catalina.startup.VersionLoggerListener.log Command line argument: -Dcatalina.base=D:\JavaSQL\Java8\apache-tomcat-8.5.24
03-Apr-2024 21:47:36.339 INFO [main] org.apache.catalina.startup.VersionLoggerListener.log Command line argument: -Dcatalina.home=D:\JavaSQL\Java8\apache-tomcat-8.5.24
03-Apr-2024 21:47:36.339 INFO [main] org.apache.catalina.startup.VersionLoggerListener.log Command line argument: -Djava.io.tmpdir=D:\JavaSQL\Java8\apache-tomcat-8.5.24\temp
03-Apr-2024 21:47:36.340 INFO [main] org.apache.catalina.core.AprLifecycleListener.lifecycleEvent The APR based Apache Tomcat Native library which allows optimal performance in production environments was not found on the java.library.path: [D:\JavaSQL\Java8\jdk1.8.0_131\bin;C:\WINDOWS\Sun\Java\bin;C:\WINDOWS\system32;C:\WINDOWS;D:\JavaSQL\Java8\jdk1.8.0_131\bin;D:\JavaSQL\Java8\jdk1.8.0_131\db\bin;D:\JavaSQL\Java8\squirrelsql-4.0.0-standard;D:\JavaSQL\Java8\apache-tomcat-8.5.24\bin;C:\WINDOWS\system32;C:\WINDOWS;C:\WINDOWS\System32\Wbem;C:\WINDOWS\System32\WindowsPowerShell\v1.0\;C:\WINDOWS\System32\OpenSSH\;C:\Program Files\dotnet\;C:\Users\Aldoa\Desktop\Infor\bin;C:\Users\Aldoa\AppData\Local\Microsoft\WindowsApps;;.]
03-Apr-2024 21:47:36.411 INFO [main] org.apache.coyote.AbstractProtocol.init Initializing ProtocolHandler ["http-nio-8082"]
03-Apr-2024 21:47:36.614 INFO [main] org.apache.tomcat.util.net.NioSelectorPool.getSharedSelector Using a shared selector for servlet write/read
03-Apr-2024 21:47:36.622 INFO [main] org.apache.coyote.AbstractProtocol.init Initializing ProtocolHandler ["ajp-nio-8009"]
03-Apr-2024 21:47:36.622 INFO [main] org.apache.tomcat.util.net.NioSelectorPool.getSharedSelector Using a shared selector for servlet write/read
03-Apr-2024 21:47:36.622 INFO [main] org.apache.catalina.startup.Catalina.load Initialization processed in 510 ms
03-Apr-2024 21:47:36.643 INFO [main] org.apache.catalina.core.StandardService.startInternal Starting service [Catalina]
03-Apr-2024 21:47:36.643 INFO [main] org.apache.catalina.core.StandardEngine.startInternal Starting Servlet Engine: Apache Tomcat/8.5.24
03-Apr-2024 21:47:36.650 INFO [localhost-startStop-1] org.apache.catalina.startup.HostConfig.deployDirectory Deploying web application directory [D:\JavaSQL\Java8\apache-tomcat-8.5.24\webapps\docs]
03-Apr-2024 21:47:36.818 INFO [localhost-startStop-1] org.apache.jasper.servlet.TldScanner.scanJars At least one JAR was scanned for TLDs yet contained no TLDs. Enable debug logging for this logger for a complete list of JARs that were scanned but no TLDs were found in them. Skipping unneeded JARs during scanning can improve startup time and JSP compilation time.
03-Apr-2024 21:47:36.858 INFO [localhost-startStop-1] org.apache.catalina.startup.HostConfig.deployDirectory Deployment of web application directory [D:\JavaSQL\Java8\apache-tomcat-8.5.24\webapps\docs] has finished in [208] ms
03-Apr-2024 21:47:36.858 INFO [localhost-startStop-1] org.apache.catalina.startup.HostConfig.deployDirectory Deploying web application directory [D:\JavaSQL\Java8\apache-tomcat-8.5.24\webapps\examples]
03-Apr-2024 21:47:36.998 INFO [localhost-startStop-1] org.apache.jasper.servlet.TldScanner.scanJars At least one JAR was scanned for TLDs yet contained no TLDs. Enable debug logging for this logger for a complete list of JARs that were scanned but no TLDs were found in them. Skipping unneeded JARs during scanning can improve startup time and JSP compilation time.
03-Apr-2024 21:47:37.032 INFO [localhost-startStop-1] org.apache.catalina.startup.HostConfig.deployDirectory Deployment of web application directory [D:\JavaSQL\Java8\apache-tomcat-8.5.24\webapps\examples] has finished in [174] ms
03-Apr-2024 21:47:37.032 INFO [localhost-startStop-1] org.apache.catalina.startup.HostConfig.deployDirectory Deploying web application directory [D:\JavaSQL\Java8\apache-tomcat-8.5.24\webapps\host-manager]
03-Apr-2024 21:47:37.052 INFO [localhost-startStop-1] org.apache.jasper.servlet.TldScanner.scanJars At least one JAR was scanned for TLDs yet contained no TLDs. Enable debug logging for this logger for a complete list of JARs that were scanned but no TLDs were found in them. Skipping unneeded JARs during scanning can improve startup time and JSP compilation time.
03-Apr-2024 21:47:37.057 INFO [localhost-startStop-1] org.apache.catalina.startup.HostConfig.deployDirectory Deployment of web application directory [D:\JavaSQL\Java8\apache-tomcat-8.5.24\webapps\host-manager] has finished in [25] ms
03-Apr-2024 21:47:37.057 INFO [localhost-startStop-1] org.apache.catalina.startup.HostConfig.deployDirectory Deploying web application directory [D:\JavaSQL\Java8\apache-tomcat-8.5.24\webapps\ROOT]
03-Apr-2024 21:47:37.067 INFO [localhost-startStop-1] org.apache.jasper.servlet.TldScanner.scanJars At least one JAR was scanned for TLDs yet contained no TLDs. Enable debug logging for this logger for a complete list of JARs that were scanned but no TLDs were found in them. Skipping unneeded JARs during scanning can improve startup time and JSP compilation time.
03-Apr-2024 21:47:37.067 INFO [localhost-startStop-1] org.apache.catalina.startup.HostConfig.deployDirectory Deployment of web application directory [D:\JavaSQL\Java8\apache-tomcat-8.5.24\webapps\ROOT] has finished in [10] ms
03-Apr-2024 21:47:37.067 INFO [localhost-startStop-1] org.apache.catalina.startup.HostConfig.deployDirectory Deploying web application directory [D:\JavaSQL\Java8\apache-tomcat-8.5.24\webapps\SQLServer]
03-Apr-2024 21:47:37.092 INFO [localhost-startStop-1] org.apache.jasper.servlet.TldScanner.scanJars At least one JAR was scanned for TLDs yet contained no TLDs. Enable debug logging for this logger for a complete list of JARs that were scanned but no TLDs were found in them. Skipping unneeded JARs during scanning can improve startup time and JSP compilation time.
03-Apr-2024 21:47:37.096 INFO [localhost-startStop-1] org.apache.catalina.startup.HostConfig.deployDirectory Deployment of web application directory [D:\JavaSQL\Java8\apache-tomcat-8.5.24\webapps\SQLServer] has finished in [29] ms
03-Apr-2024 21:47:37.096 INFO [localhost-startStop-1] org.apache.catalina.startup.HostConfig.deployDirectory Deploying web application directory [D:\JavaSQL\Java8\apache-tomcat-8.5.24\webapps\Servlet1]
03-Apr-2024 21:47:37.112 INFO [localhost-startStop-1] org.apache.jasper.servlet.TldScanner.scanJars At least one JAR was scanned for TLDs yet contained no TLDs. Enable debug logging for this logger for a complete list of JARs that were scanned but no TLDs were found in them. Skipping unneeded JARs during scanning can improve startup time and JSP compilation time.
03-Apr-2024 21:47:37.112 INFO [localhost-startStop-1] org.apache.catalina.startup.HostConfig.deployDirectory Deployment of web application directory [D:\JavaSQL\Java8\apache-tomcat-8.5.24\webapps\Servlet1] has finished in [16] ms
03-Apr-2024 21:47:37.112 INFO [localhost-startStop-1] org.apache.catalina.startup.HostConfig.deployDirectory Deploying web application directory [D:\JavaSQL\Java8\apache-tomcat-8.5.24\webapps\Servlet2]
03-Apr-2024 21:47:37.128 INFO [localhost-startStop-1] org.apache.jasper.servlet.TldScanner.scanJars At least one JAR was scanned for TLDs yet contained no TLDs. Enable debug logging for this logger for a complete list of JARs that were scanned but no TLDs were found in them. Skipping unneeded JARs during scanning can improve startup time and JSP compilation time.
03-Apr-2024 21:47:37.137 INFO [localhost-startStop-1] org.apache.catalina.startup.HostConfig.deployDirectory Deployment of web application directory [D:\JavaSQL\Java8\apache-tomcat-8.5.24\webapps\Servlet2] has finished in [25] ms
03-Apr-2024 21:47:37.137 INFO [localhost-startStop-1] org.apache.catalina.startup.HostConfig.deployDirectory Deploying web application directory [D:\JavaSQL\Java8\apache-tomcat-8.5.24\webapps\Servlet3]
03-Apr-2024 21:47:37.151 INFO [localhost-startStop-1] org.apache.jasper.servlet.TldScanner.scanJars At least one JAR was scanned for TLDs yet contained no TLDs. Enable debug logging for this logger for a complete list of JARs that were scanned but no TLDs were found in them. Skipping unneeded JARs during scanning can improve startup time and JSP compilation time.
03-Apr-2024 21:47:37.151 INFO [localhost-startStop-1] org.apache.catalina.startup.HostConfig.deployDirectory Deployment of web application directory [D:\JavaSQL\Java8\apache-tomcat-8.5.24\webapps\Servlet3] has finished in [14] ms
03-Apr-2024 21:47:37.151 INFO [localhost-startStop-1] org.apache.catalina.startup.HostConfig.deployDirectory Deploying web application directory [D:\JavaSQL\Java8\apache-tomcat-8.5.24\webapps\Servlet4]
03-Apr-2024 21:47:37.167 INFO [localhost-startStop-1] org.apache.jasper.servlet.TldScanner.scanJars At least one JAR was scanned for TLDs yet contained no TLDs. Enable debug logging for this logger for a complete list of JARs that were scanned but no TLDs were found in them. Skipping unneeded JARs during scanning can improve startup time and JSP compilation time.
03-Apr-2024 21:47:37.167 INFO [localhost-startStop-1] org.apache.catalina.startup.HostConfig.deployDirectory Deployment of web application directory [D:\JavaSQL\Java8\apache-tomcat-8.5.24\webapps\Servlet4] has finished in [16] ms
03-Apr-2024 21:47:37.167 INFO [localhost-startStop-1] org.apache.catalina.startup.HostConfig.deployDirectory Deploying web application directory [D:\JavaSQL\Java8\apache-tomcat-8.5.24\webapps\Pract8]
03-Apr-2024 21:47:37.187 INFO [localhost-startStop-1] org.apache.jasper.servlet.TldScanner.scanJars At least one JAR was scanned for TLDs yet contained no TLDs. Enable debug logging for this logger for a complete list of JARs that were scanned but no TLDs were found in them. Skipping unneeded JARs during scanning can improve startup time and JSP compilation time.
03-Apr-2024 21:47:37.191 INFO [localhost-startStop-1] org.apache.catalina.startup.HostConfig.deployDirectory Deployment of web application directory [D:\JavaSQL\Java8\apache-tomcat-8.5.24\webapps\Pract8] has finished in [24] ms
03-Apr-2024 21:47:37.191 INFO [localhost-startStop-1] org.apache.catalina.startup.HostConfig.deployDirectory Deploying web application directory [D:\JavaSQL\Java8\apache-tomcat-8.5.24\webapps\Entrega]
03-Apr-2024 21:47:37.210 INFO [localhost-startStop-1] org.apache.jasper.servlet.TldScanner.scanJars At least one JAR was scanned for TLDs yet contained no TLDs. Enable debug logging for this logger for a complete list of JARs that were scanned but no TLDs were found in them. Skipping unneeded JARs during scanning can improve startup time and JSP compilation time.
03-Apr-2024 21:47:37.216 INFO [localhost-startStop-1] org.apache.catalina.startup.HostConfig.deployDirectory Deployment of web application directory [D:\JavaSQL\Java8\apache-tomcat-8.5.24\webapps\Entrega] has finished in [25] ms
03-Apr-2024 21:47:37.216 INFO [localhost-startStop-1] org.apache.catalina.startup.HostConfig.deployDirectory Deploying web application directory [D:\JavaSQL\Java8\apache-tomcat-8.5.24\webapps\matrices8]
03-Apr-2024 21:47:37.237 INFO [localhost-startStop-1] org.apache.jasper.servlet.TldScanner.scanJars At least one JAR was scanned for TLDs yet contained no TLDs. Enable debug logging for this logger for a complete list of JARs that were scanned but no TLDs were found in them. Skipping unneeded JARs during scanning can improve startup time and JSP compilation time.
03-Apr-2024 21:47:37.237 INFO [localhost-startStop-1] org.apache.catalina.startup.HostConfig.deployDirectory Deployment of web application directory [D:\JavaSQL\Java8\apache-tomcat-8.5.24\webapps\matrices8] has finished in [21] ms
03-Apr-2024 21:47:37.237 INFO [localhost-startStop-1] org.apache.catalina.startup.HostConfig.deployDirectory Deploying web application directory [D:\JavaSQL\Java8\apache-tomcat-8.5.24\webapps\TD_E18]
03-Apr-2024 21:47:37.264 INFO [localhost-startStop-1] org.apache.jasper.servlet.TldScanner.scanJars At least one JAR was scanned for TLDs yet contained no TLDs. Enable debug logging for this logger for a complete list of JARs that were scanned but no TLDs were found in them. Skipping unneeded JARs during scanning can improve startup time and JSP compilation time.
03-Apr-2024 21:47:37.264 INFO [localhost-startStop-1] org.apache.catalina.startup.HostConfig.deployDirectory Deployment of web application directory [D:\JavaSQL\Java8\apache-tomcat-8.5.24\webapps\TD_E18] has finished in [27] ms
03-Apr-2024 21:47:37.267 INFO [localhost-startStop-1] org.apache.catalina.startup.HostConfig.deployDirectory Deploying web application directory [D:\JavaSQL\Java8\apache-tomcat-8.5.24\webapps\TD_E30]
03-Apr-2024 21:47:37.290 INFO [localhost-startStop-1] org.apache.jasper.servlet.TldScanner.scanJars At least one JAR was scanned for TLDs yet contained no TLDs. Enable debug logging for this logger for a complete list of JARs that were scanned but no TLDs were found in them. Skipping unneeded JARs during scanning can improve startup time and JSP compilation time.
03-Apr-2024 21:47:37.290 INFO [localhost-startStop-1] org.apache.catalina.startup.HostConfig.deployDirectory Deployment of web application directory [D:\JavaSQL\Java8\apache-tomcat-8.5.24\webapps\TD_E30] has finished in [26] ms
03-Apr-2024 21:47:37.290 INFO [localhost-startStop-1] org.apache.catalina.startup.HostConfig.deployDirectory Deploying web application directory [D:\JavaSQL\Java8\apache-tomcat-8.5.24\webapps\TD_E31]
03-Apr-2024 21:47:37.370 INFO [localhost-startStop-1] org.apache.jasper.servlet.TldScanner.scanJars At least one JAR was scanned for TLDs yet contained no TLDs. Enable debug logging for this logger for a complete list of JARs that were scanned but no TLDs were found in them. Skipping unneeded JARs during scanning can improve startup time and JSP compilation time.
03-Apr-2024 21:47:37.378 INFO [localhost-startStop-1] org.apache.catalina.startup.HostConfig.deployDirectory Deployment of web application directory [D:\JavaSQL\Java8\apache-tomcat-8.5.24\webapps\TD_E31] has finished in [88] ms
03-Apr-2024 21:47:37.378 INFO [main] org.apache.coyote.AbstractProtocol.start Starting ProtocolHandler ["http-nio-8082"]
03-Apr-2024 21:47:37.388 INFO [main] org.apache.coyote.AbstractProtocol.start Starting ProtocolHandler ["ajp-nio-8009"]
03-Apr-2024 21:47:37.388 INFO [main] org.apache.catalina.startup.Catalina.start Server startup in 769 ms
03-Apr-2024 21:48:45.809 INFO [main] org.apache.catalina.core.StandardServer.await A valid shutdown command was received via the shutdown port. Stopping the Server instance.
03-Apr-2024 21:48:45.809 INFO [main] org.apache.coyote.AbstractProtocol.pause Pausing ProtocolHandler ["http-nio-8082"]
03-Apr-2024 21:48:46.266 INFO [main] org.apache.coyote.AbstractProtocol.pause Pausing ProtocolHandler ["ajp-nio-8009"]
03-Apr-2024 21:48:46.658 INFO [main] org.apache.catalina.core.StandardService.stopInternal Stopping service [Catalina]
03-Apr-2024 21:48:46.769 INFO [main] org.apache.coyote.AbstractProtocol.stop Stopping ProtocolHandler ["http-nio-8082"]
03-Apr-2024 21:48:46.783 INFO [main] org.apache.coyote.AbstractProtocol.stop Stopping ProtocolHandler ["ajp-nio-8009"]
03-Apr-2024 21:48:46.784 INFO [main] org.apache.coyote.AbstractProtocol.destroy Destroying ProtocolHandler ["http-nio-8082"]
03-Apr-2024 21:48:46.785 INFO [main] org.apache.coyote.AbstractProtocol.destroy Destroying ProtocolHandler ["ajp-nio-8009"]
03-Apr-2024 21:48:51.671 INFO [main] org.apache.catalina.startup.VersionLoggerListener.log Server version:        Apache Tomcat/8.5.24
03-Apr-2024 21:48:51.671 INFO [main] org.apache.catalina.startup.VersionLoggerListener.log Server built:          Nov 27 2017 13:05:30 UTC
03-Apr-2024 21:48:51.671 INFO [main] org.apache.catalina.startup.VersionLoggerListener.log Server number:         8.5.24.0
03-Apr-2024 21:48:51.671 INFO [main] org.apache.catalina.startup.VersionLoggerListener.log OS Name:               Windows 10
03-Apr-2024 21:48:51.671 INFO [main] org.apache.catalina.startup.VersionLoggerListener.log OS Version:            10.0
03-Apr-2024 21:48:51.671 INFO [main] org.apache.catalina.startup.VersionLoggerListener.log Architecture:          x86
03-Apr-2024 21:48:51.671 INFO [main] org.apache.catalina.startup.VersionLoggerListener.log Java Home:             D:\JavaSQL\Java8\jdk1.8.0_131\jre
03-Apr-2024 21:48:51.671 INFO [main] org.apache.catalina.startup.VersionLoggerListener.log JVM Version:           1.8.0_131-b11
03-Apr-2024 21:48:51.671 INFO [main] org.apache.catalina.startup.VersionLoggerListener.log JVM Vendor:            Oracle Corporation
03-Apr-2024 21:48:51.671 INFO [main] org.apache.catalina.startup.VersionLoggerListener.log CATALINA_BASE:         D:\JavaSQL\Java8\apache-tomcat-8.5.24
03-Apr-2024 21:48:51.671 INFO [main] org.apache.catalina.startup.VersionLoggerListener.log CATALINA_HOME:         D:\JavaSQL\Java8\apache-tomcat-8.5.24
03-Apr-2024 21:48:51.671 INFO [main] org.apache.catalina.startup.VersionLoggerListener.log Command line argument: -Djava.util.logging.config.file=D:\JavaSQL\Java8\apache-tomcat-8.5.24\conf\logging.properties
03-Apr-2024 21:48:51.671 INFO [main] org.apache.catalina.startup.VersionLoggerListener.log Command line argument: -Djava.util.logging.manager=org.apache.juli.ClassLoaderLogManager
03-Apr-2024 21:48:51.671 INFO [main] org.apache.catalina.startup.VersionLoggerListener.log Command line argument: -Djdk.tls.ephemeralDHKeySize=2048
03-Apr-2024 21:48:51.671 INFO [main] org.apache.catalina.startup.VersionLoggerListener.log Command line argument: -Djava.protocol.handler.pkgs=org.apache.catalina.webresources
03-Apr-2024 21:48:51.671 INFO [main] org.apache.catalina.startup.VersionLoggerListener.log Command line argument: -Dignore.endorsed.dirs=
03-Apr-2024 21:48:51.671 INFO [main] org.apache.catalina.startup.VersionLoggerListener.log Command line argument: -Dcatalina.base=D:\JavaSQL\Java8\apache-tomcat-8.5.24
03-Apr-2024 21:48:51.671 INFO [main] org.apache.catalina.startup.VersionLoggerListener.log Command line argument: -Dcatalina.home=D:\JavaSQL\Java8\apache-tomcat-8.5.24
03-Apr-2024 21:48:51.671 INFO [main] org.apache.catalina.startup.VersionLoggerListener.log Command line argument: -Djava.io.tmpdir=D:\JavaSQL\Java8\apache-tomcat-8.5.24\temp
03-Apr-2024 21:48:51.671 INFO [main] org.apache.catalina.core.AprLifecycleListener.lifecycleEvent The APR based Apache Tomcat Native library which allows optimal performance in production environments was not found on the java.library.path: [D:\JavaSQL\Java8\jdk1.8.0_131\bin;C:\WINDOWS\Sun\Java\bin;C:\WINDOWS\system32;C:\WINDOWS;D:\JavaSQL\Java8\jdk1.8.0_131\bin;D:\JavaSQL\Java8\jdk1.8.0_131\db\bin;D:\JavaSQL\Java8\squirrelsql-4.0.0-standard;D:\JavaSQL\Java8\apache-tomcat-8.5.24\bin;C:\WINDOWS\system32;C:\WINDOWS;C:\WINDOWS\System32\Wbem;C:\WINDOWS\System32\WindowsPowerShell\v1.0\;C:\WINDOWS\System32\OpenSSH\;C:\Program Files\dotnet\;C:\Users\Aldoa\Desktop\Infor\bin;C:\Users\Aldoa\AppData\Local\Microsoft\WindowsApps;;.]
03-Apr-2024 21:48:51.752 INFO [main] org.apache.coyote.AbstractProtocol.init Initializing ProtocolHandler ["http-nio-8082"]
03-Apr-2024 21:48:51.956 INFO [main] org.apache.tomcat.util.net.NioSelectorPool.getSharedSelector Using a shared selector for servlet write/read
03-Apr-2024 21:48:51.956 INFO [main] org.apache.coyote.AbstractProtocol.init Initializing ProtocolHandler ["ajp-nio-8009"]
03-Apr-2024 21:48:51.956 INFO [main] org.apache.tomcat.util.net.NioSelectorPool.getSharedSelector Using a shared selector for servlet write/read
03-Apr-2024 21:48:51.956 INFO [main] org.apache.catalina.startup.Catalina.load Initialization processed in 474 ms
03-Apr-2024 21:48:51.972 INFO [main] org.apache.catalina.core.StandardService.startInternal Starting service [Catalina]
03-Apr-2024 21:48:51.972 INFO [main] org.apache.catalina.core.StandardEngine.startInternal Starting Servlet Engine: Apache Tomcat/8.5.24
03-Apr-2024 21:48:51.987 INFO [localhost-startStop-1] org.apache.catalina.startup.HostConfig.deployDirectory Deploying web application directory [D:\JavaSQL\Java8\apache-tomcat-8.5.24\webapps\docs]
03-Apr-2024 21:48:52.146 INFO [localhost-startStop-1] org.apache.jasper.servlet.TldScanner.scanJars At least one JAR was scanned for TLDs yet contained no TLDs. Enable debug logging for this logger for a complete list of JARs that were scanned but no TLDs were found in them. Skipping unneeded JARs during scanning can improve startup time and JSP compilation time.
03-Apr-2024 21:48:52.177 INFO [localhost-startStop-1] org.apache.catalina.startup.HostConfig.deployDirectory Deployment of web application directory [D:\JavaSQL\Java8\apache-tomcat-8.5.24\webapps\docs] has finished in [190] ms
03-Apr-2024 21:48:52.177 INFO [localhost-startStop-1] org.apache.catalina.startup.HostConfig.deployDirectory Deploying web application directory [D:\JavaSQL\Java8\apache-tomcat-8.5.24\webapps\examples]
03-Apr-2024 21:48:52.319 INFO [localhost-startStop-1] org.apache.jasper.servlet.TldScanner.scanJars At least one JAR was scanned for TLDs yet contained no TLDs. Enable debug logging for this logger for a complete list of JARs that were scanned but no TLDs were found in them. Skipping unneeded JARs during scanning can improve startup time and JSP compilation time.
03-Apr-2024 21:48:52.351 INFO [localhost-startStop-1] org.apache.catalina.startup.HostConfig.deployDirectory Deployment of web application directory [D:\JavaSQL\Java8\apache-tomcat-8.5.24\webapps\examples] has finished in [174] ms
03-Apr-2024 21:48:52.351 INFO [localhost-startStop-1] org.apache.catalina.startup.HostConfig.deployDirectory Deploying web application directory [D:\JavaSQL\Java8\apache-tomcat-8.5.24\webapps\host-manager]
03-Apr-2024 21:48:52.367 INFO [localhost-startStop-1] org.apache.jasper.servlet.TldScanner.scanJars At least one JAR was scanned for TLDs yet contained no TLDs. Enable debug logging for this logger for a complete list of JARs that were scanned but no TLDs were found in them. Skipping unneeded JARs during scanning can improve startup time and JSP compilation time.
03-Apr-2024 21:48:52.367 INFO [localhost-startStop-1] org.apache.catalina.startup.HostConfig.deployDirectory Deployment of web application directory [D:\JavaSQL\Java8\apache-tomcat-8.5.24\webapps\host-manager] has finished in [16] ms
03-Apr-2024 21:48:52.367 INFO [localhost-startStop-1] org.apache.catalina.startup.HostConfig.deployDirectory Deploying web application directory [D:\JavaSQL\Java8\apache-tomcat-8.5.24\webapps\ROOT]
03-Apr-2024 21:48:52.383 INFO [localhost-startStop-1] org.apache.jasper.servlet.TldScanner.scanJars At least one JAR was scanned for TLDs yet contained no TLDs. Enable debug logging for this logger for a complete list of JARs that were scanned but no TLDs were found in them. Skipping unneeded JARs during scanning can improve startup time and JSP compilation time.
03-Apr-2024 21:48:52.383 INFO [localhost-startStop-1] org.apache.catalina.startup.HostConfig.deployDirectory Deployment of web application directory [D:\JavaSQL\Java8\apache-tomcat-8.5.24\webapps\ROOT] has finished in [16] ms
03-Apr-2024 21:48:52.383 INFO [localhost-startStop-1] org.apache.catalina.startup.HostConfig.deployDirectory Deploying web application directory [D:\JavaSQL\Java8\apache-tomcat-8.5.24\webapps\SQLServer]
03-Apr-2024 21:48:52.399 INFO [localhost-startStop-1] org.apache.jasper.servlet.TldScanner.scanJars At least one JAR was scanned for TLDs yet contained no TLDs. Enable debug logging for this logger for a complete list of JARs that were scanned but no TLDs were found in them. Skipping unneeded JARs during scanning can improve startup time and JSP compilation time.
03-Apr-2024 21:48:52.399 INFO [localhost-startStop-1] org.apache.catalina.startup.HostConfig.deployDirectory Deployment of web application directory [D:\JavaSQL\Java8\apache-tomcat-8.5.24\webapps\SQLServer] has finished in [16] ms
03-Apr-2024 21:48:52.399 INFO [localhost-startStop-1] org.apache.catalina.startup.HostConfig.deployDirectory Deploying web application directory [D:\JavaSQL\Java8\apache-tomcat-8.5.24\webapps\Servlet1]
03-Apr-2024 21:48:52.415 INFO [localhost-startStop-1] org.apache.jasper.servlet.TldScanner.scanJars At least one JAR was scanned for TLDs yet contained no TLDs. Enable debug logging for this logger for a complete list of JARs that were scanned but no TLDs were found in them. Skipping unneeded JARs during scanning can improve startup time and JSP compilation time.
03-Apr-2024 21:48:52.415 INFO [localhost-startStop-1] org.apache.catalina.startup.HostConfig.deployDirectory Deployment of web application directory [D:\JavaSQL\Java8\apache-tomcat-8.5.24\webapps\Servlet1] has finished in [16] ms
03-Apr-2024 21:48:52.415 INFO [localhost-startStop-1] org.apache.catalina.startup.HostConfig.deployDirectory Deploying web application directory [D:\JavaSQL\Java8\apache-tomcat-8.5.24\webapps\Servlet2]
03-Apr-2024 21:48:52.447 INFO [localhost-startStop-1] org.apache.jasper.servlet.TldScanner.scanJars At least one JAR was scanned for TLDs yet contained no TLDs. Enable debug logging for this logger for a complete list of JARs that were scanned but no TLDs were found in them. Skipping unneeded JARs during scanning can improve startup time and JSP compilation time.
03-Apr-2024 21:48:52.447 INFO [localhost-startStop-1] org.apache.catalina.startup.HostConfig.deployDirectory Deployment of web application directory [D:\JavaSQL\Java8\apache-tomcat-8.5.24\webapps\Servlet2] has finished in [32] ms
03-Apr-2024 21:48:52.447 INFO [localhost-startStop-1] org.apache.catalina.startup.HostConfig.deployDirectory Deploying web application directory [D:\JavaSQL\Java8\apache-tomcat-8.5.24\webapps\Servlet3]
03-Apr-2024 21:48:52.462 INFO [localhost-startStop-1] org.apache.jasper.servlet.TldScanner.scanJars At least one JAR was scanned for TLDs yet contained no TLDs. Enable debug logging for this logger for a complete list of JARs that were scanned but no TLDs were found in them. Skipping unneeded JARs during scanning can improve startup time and JSP compilation time.
03-Apr-2024 21:48:52.462 INFO [localhost-startStop-1] org.apache.catalina.startup.HostConfig.deployDirectory Deployment of web application directory [D:\JavaSQL\Java8\apache-tomcat-8.5.24\webapps\Servlet3] has finished in [15] ms
03-Apr-2024 21:48:52.462 INFO [localhost-startStop-1] org.apache.catalina.startup.HostConfig.deployDirectory Deploying web application directory [D:\JavaSQL\Java8\apache-tomcat-8.5.24\webapps\Servlet4]
03-Apr-2024 21:48:52.478 INFO [localhost-startStop-1] org.apache.jasper.servlet.TldScanner.scanJars At least one JAR was scanned for TLDs yet contained no TLDs. Enable debug logging for this logger for a complete list of JARs that were scanned but no TLDs were found in them. Skipping unneeded JARs during scanning can improve startup time and JSP compilation time.
03-Apr-2024 21:48:52.478 INFO [localhost-startStop-1] org.apache.catalina.startup.HostConfig.deployDirectory Deployment of web application directory [D:\JavaSQL\Java8\apache-tomcat-8.5.24\webapps\Servlet4] has finished in [16] ms
03-Apr-2024 21:48:52.478 INFO [localhost-startStop-1] org.apache.catalina.startup.HostConfig.deployDirectory Deploying web application directory [D:\JavaSQL\Java8\apache-tomcat-8.5.24\webapps\Pract8]
03-Apr-2024 21:48:52.494 INFO [localhost-startStop-1] org.apache.jasper.servlet.TldScanner.scanJars At least one JAR was scanned for TLDs yet contained no TLDs. Enable debug logging for this logger for a complete list of JARs that were scanned but no TLDs were found in them. Skipping unneeded JARs during scanning can improve startup time and JSP compilation time.
03-Apr-2024 21:48:52.494 INFO [localhost-startStop-1] org.apache.catalina.startup.HostConfig.deployDirectory Deployment of web application directory [D:\JavaSQL\Java8\apache-tomcat-8.5.24\webapps\Pract8] has finished in [16] ms
03-Apr-2024 21:48:52.494 INFO [localhost-startStop-1] org.apache.catalina.startup.HostConfig.deployDirectory Deploying web application directory [D:\JavaSQL\Java8\apache-tomcat-8.5.24\webapps\Entrega]
03-Apr-2024 21:48:52.520 INFO [localhost-startStop-1] org.apache.jasper.servlet.TldScanner.scanJars At least one JAR was scanned for TLDs yet contained no TLDs. Enable debug logging for this logger for a complete list of JARs that were scanned but no TLDs were found in them. Skipping unneeded JARs during scanning can improve startup time and JSP compilation time.
03-Apr-2024 21:48:52.525 INFO [localhost-startStop-1] org.apache.catalina.startup.HostConfig.deployDirectory Deployment of web application directory [D:\JavaSQL\Java8\apache-tomcat-8.5.24\webapps\Entrega] has finished in [31] ms
03-Apr-2024 21:48:52.525 INFO [localhost-startStop-1] org.apache.catalina.startup.HostConfig.deployDirectory Deploying web application directory [D:\JavaSQL\Java8\apache-tomcat-8.5.24\webapps\matrices8]
03-Apr-2024 21:48:52.539 INFO [localhost-startStop-1] org.apache.jasper.servlet.TldScanner.scanJars At least one JAR was scanned for TLDs yet contained no TLDs. Enable debug logging for this logger for a complete list of JARs that were scanned but no TLDs were found in them. Skipping unneeded JARs during scanning can improve startup time and JSP compilation time.
03-Apr-2024 21:48:52.547 INFO [localhost-startStop-1] org.apache.catalina.startup.HostConfig.deployDirectory Deployment of web application directory [D:\JavaSQL\Java8\apache-tomcat-8.5.24\webapps\matrices8] has finished in [21] ms
03-Apr-2024 21:48:52.547 INFO [localhost-startStop-1] org.apache.catalina.startup.HostConfig.deployDirectory Deploying web application directory [D:\JavaSQL\Java8\apache-tomcat-8.5.24\webapps\TD_E18]
03-Apr-2024 21:48:52.569 INFO [localhost-startStop-1] org.apache.jasper.servlet.TldScanner.scanJars At least one JAR was scanned for TLDs yet contained no TLDs. Enable debug logging for this logger for a complete list of JARs that were scanned but no TLDs were found in them. Skipping unneeded JARs during scanning can improve startup time and JSP compilation time.
03-Apr-2024 21:48:52.569 INFO [localhost-startStop-1] org.apache.catalina.startup.HostConfig.deployDirectory Deployment of web application directory [D:\JavaSQL\Java8\apache-tomcat-8.5.24\webapps\TD_E18] has finished in [22] ms
03-Apr-2024 21:48:52.569 INFO [localhost-startStop-1] org.apache.catalina.startup.HostConfig.deployDirectory Deploying web application directory [D:\JavaSQL\Java8\apache-tomcat-8.5.24\webapps\TD_E30]
03-Apr-2024 21:48:52.594 INFO [localhost-startStop-1] org.apache.jasper.servlet.TldScanner.scanJars At least one JAR was scanned for TLDs yet contained no TLDs. Enable debug logging for this logger for a complete list of JARs that were scanned but no TLDs were found in them. Skipping unneeded JARs during scanning can improve startup time and JSP compilation time.
03-Apr-2024 21:48:52.598 INFO [localhost-startStop-1] org.apache.catalina.startup.HostConfig.deployDirectory Deployment of web application directory [D:\JavaSQL\Java8\apache-tomcat-8.5.24\webapps\TD_E30] has finished in [29] ms
03-Apr-2024 21:48:52.598 INFO [localhost-startStop-1] org.apache.catalina.startup.HostConfig.deployDirectory Deploying web application directory [D:\JavaSQL\Java8\apache-tomcat-8.5.24\webapps\TD_E31]
03-Apr-2024 21:48:52.677 INFO [localhost-startStop-1] org.apache.jasper.servlet.TldScanner.scanJars At least one JAR was scanned for TLDs yet contained no TLDs. Enable debug logging for this logger for a complete list of JARs that were scanned but no TLDs were found in them. Skipping unneeded JARs during scanning can improve startup time and JSP compilation time.
03-Apr-2024 21:48:52.677 INFO [localhost-startStop-1] org.apache.catalina.startup.HostConfig.deployDirectory Deployment of web application directory [D:\JavaSQL\Java8\apache-tomcat-8.5.24\webapps\TD_E31] has finished in [79] ms
03-Apr-2024 21:48:52.692 INFO [main] org.apache.coyote.AbstractProtocol.start Starting ProtocolHandler ["http-nio-8082"]
03-Apr-2024 21:48:52.692 INFO [main] org.apache.coyote.AbstractProtocol.start Starting ProtocolHandler ["ajp-nio-8009"]
03-Apr-2024 21:48:52.692 INFO [main] org.apache.catalina.startup.Catalina.start Server startup in 735 ms
03-Apr-2024 22:22:46.865 INFO [main] org.apache.catalina.core.StandardServer.await A valid shutdown command was received via the shutdown port. Stopping the Server instance.
03-Apr-2024 22:22:46.870 INFO [main] org.apache.coyote.AbstractProtocol.pause Pausing ProtocolHandler ["http-nio-8082"]
03-Apr-2024 22:22:47.316 INFO [main] org.apache.coyote.AbstractProtocol.pause Pausing ProtocolHandler ["ajp-nio-8009"]
03-Apr-2024 22:22:47.814 INFO [main] org.apache.catalina.core.StandardService.stopInternal Stopping service [Catalina]
03-Apr-2024 22:22:47.895 INFO [main] org.apache.coyote.AbstractProtocol.stop Stopping ProtocolHandler ["http-nio-8082"]
03-Apr-2024 22:22:47.913 INFO [main] org.apache.coyote.AbstractProtocol.stop Stopping ProtocolHandler ["ajp-nio-8009"]
03-Apr-2024 22:22:47.915 INFO [main] org.apache.coyote.AbstractProtocol.destroy Destroying ProtocolHandler ["http-nio-8082"]
03-Apr-2024 22:22:47.915 INFO [main] org.apache.coyote.AbstractProtocol.destroy Destroying ProtocolHandler ["ajp-nio-8009"]
03-Apr-2024 22:22:58.086 INFO [main] org.apache.catalina.startup.VersionLoggerListener.log Server version:        Apache Tomcat/8.5.24
03-Apr-2024 22:22:58.086 INFO [main] org.apache.catalina.startup.VersionLoggerListener.log Server built:          Nov 27 2017 13:05:30 UTC
03-Apr-2024 22:22:58.086 INFO [main] org.apache.catalina.startup.VersionLoggerListener.log Server number:         8.5.24.0
03-Apr-2024 22:22:58.086 INFO [main] org.apache.catalina.startup.VersionLoggerListener.log OS Name:               Windows 10
03-Apr-2024 22:22:58.086 INFO [main] org.apache.catalina.startup.VersionLoggerListener.log OS Version:            10.0
03-Apr-2024 22:22:58.086 INFO [main] org.apache.catalina.startup.VersionLoggerListener.log Architecture:          x86
03-Apr-2024 22:22:58.086 INFO [main] org.apache.catalina.startup.VersionLoggerListener.log Java Home:             D:\JavaSQL\Java8\jdk1.8.0_131\jre
03-Apr-2024 22:22:58.086 INFO [main] org.apache.catalina.startup.VersionLoggerListener.log JVM Version:           1.8.0_131-b11
03-Apr-2024 22:22:58.086 INFO [main] org.apache.catalina.startup.VersionLoggerListener.log JVM Vendor:            Oracle Corporation
03-Apr-2024 22:22:58.086 INFO [main] org.apache.catalina.startup.VersionLoggerListener.log CATALINA_BASE:         D:\JavaSQL\Java8\apache-tomcat-8.5.24
03-Apr-2024 22:22:58.086 INFO [main] org.apache.catalina.startup.VersionLoggerListener.log CATALINA_HOME:         D:\JavaSQL\Java8\apache-tomcat-8.5.24
03-Apr-2024 22:22:58.086 INFO [main] org.apache.catalina.startup.VersionLoggerListener.log Command line argument: -Djava.util.logging.config.file=D:\JavaSQL\Java8\apache-tomcat-8.5.24\conf\logging.properties
03-Apr-2024 22:22:58.086 INFO [main] org.apache.catalina.startup.VersionLoggerListener.log Command line argument: -Djava.util.logging.manager=org.apache.juli.ClassLoaderLogManager
03-Apr-2024 22:22:58.086 INFO [main] org.apache.catalina.startup.VersionLoggerListener.log Command line argument: -Djdk.tls.ephemeralDHKeySize=2048
03-Apr-2024 22:22:58.101 INFO [main] org.apache.catalina.startup.VersionLoggerListener.log Command line argument: -Djava.protocol.handler.pkgs=org.apache.catalina.webresources
03-Apr-2024 22:22:58.101 INFO [main] org.apache.catalina.startup.VersionLoggerListener.log Command line argument: -Dignore.endorsed.dirs=
03-Apr-2024 22:22:58.102 INFO [main] org.apache.catalina.startup.VersionLoggerListener.log Command line argument: -Dcatalina.base=D:\JavaSQL\Java8\apache-tomcat-8.5.24
03-Apr-2024 22:22:58.103 INFO [main] org.apache.catalina.startup.VersionLoggerListener.log Command line argument: -Dcatalina.home=D:\JavaSQL\Java8\apache-tomcat-8.5.24
03-Apr-2024 22:22:58.103 INFO [main] org.apache.catalina.startup.VersionLoggerListener.log Command line argument: -Djava.io.tmpdir=D:\JavaSQL\Java8\apache-tomcat-8.5.24\temp
03-Apr-2024 22:22:58.103 INFO [main] org.apache.catalina.core.AprLifecycleListener.lifecycleEvent The APR based Apache Tomcat Native library which allows optimal performance in production environments was not found on the java.library.path: [D:\JavaSQL\Java8\jdk1.8.0_131\bin;C:\WINDOWS\Sun\Java\bin;C:\WINDOWS\system32;C:\WINDOWS;D:\JavaSQL\Java8\jdk1.8.0_131\bin;D:\JavaSQL\Java8\jdk1.8.0_131\db\bin;D:\JavaSQL\Java8\squirrelsql-4.0.0-standard;D:\JavaSQL\Java8\apache-tomcat-8.5.24\bin;C:\WINDOWS\system32;C:\WINDOWS;C:\WINDOWS\System32\Wbem;C:\WINDOWS\System32\WindowsPowerShell\v1.0\;C:\WINDOWS\System32\OpenSSH\;C:\Program Files\dotnet\;C:\Users\Aldoa\Desktop\Infor\bin;C:\Users\Aldoa\AppData\Local\Microsoft\WindowsApps;;.]
03-Apr-2024 22:22:58.199 INFO [main] org.apache.coyote.AbstractProtocol.init Initializing ProtocolHandler ["http-nio-8082"]
03-Apr-2024 22:22:58.467 INFO [main] org.apache.tomcat.util.net.NioSelectorPool.getSharedSelector Using a shared selector for servlet write/read
03-Apr-2024 22:22:58.477 INFO [main] org.apache.coyote.AbstractProtocol.init Initializing ProtocolHandler ["ajp-nio-8009"]
03-Apr-2024 22:22:58.477 INFO [main] org.apache.tomcat.util.net.NioSelectorPool.getSharedSelector Using a shared selector for servlet write/read
03-Apr-2024 22:22:58.477 INFO [main] org.apache.catalina.startup.Catalina.load Initialization processed in 636 ms
03-Apr-2024 22:22:58.508 INFO [main] org.apache.catalina.core.StandardService.startInternal Starting service [Catalina]
03-Apr-2024 22:22:58.508 INFO [main] org.apache.catalina.core.StandardEngine.startInternal Starting Servlet Engine: Apache Tomcat/8.5.24
03-Apr-2024 22:22:58.515 INFO [localhost-startStop-1] org.apache.catalina.startup.HostConfig.deployDirectory Deploying web application directory [D:\JavaSQL\Java8\apache-tomcat-8.5.24\webapps\docs]
03-Apr-2024 22:22:58.760 INFO [localhost-startStop-1] org.apache.jasper.servlet.TldScanner.scanJars At least one JAR was scanned for TLDs yet contained no TLDs. Enable debug logging for this logger for a complete list of JARs that were scanned but no TLDs were found in them. Skipping unneeded JARs during scanning can improve startup time and JSP compilation time.
03-Apr-2024 22:22:58.824 INFO [localhost-startStop-1] org.apache.catalina.startup.HostConfig.deployDirectory Deployment of web application directory [D:\JavaSQL\Java8\apache-tomcat-8.5.24\webapps\docs] has finished in [309] ms
03-Apr-2024 22:22:58.824 INFO [localhost-startStop-1] org.apache.catalina.startup.HostConfig.deployDirectory Deploying web application directory [D:\JavaSQL\Java8\apache-tomcat-8.5.24\webapps\examples]
03-Apr-2024 22:22:59.047 INFO [localhost-startStop-1] org.apache.jasper.servlet.TldScanner.scanJars At least one JAR was scanned for TLDs yet contained no TLDs. Enable debug logging for this logger for a complete list of JARs that were scanned but no TLDs were found in them. Skipping unneeded JARs during scanning can improve startup time and JSP compilation time.
03-Apr-2024 22:22:59.099 INFO [localhost-startStop-1] org.apache.catalina.startup.HostConfig.deployDirectory Deployment of web application directory [D:\JavaSQL\Java8\apache-tomcat-8.5.24\webapps\examples] has finished in [275] ms
03-Apr-2024 22:22:59.099 INFO [localhost-startStop-1] org.apache.catalina.startup.HostConfig.deployDirectory Deploying web application directory [D:\JavaSQL\Java8\apache-tomcat-8.5.24\webapps\host-manager]
03-Apr-2024 22:22:59.127 INFO [localhost-startStop-1] org.apache.jasper.servlet.TldScanner.scanJars At least one JAR was scanned for TLDs yet contained no TLDs. Enable debug logging for this logger for a complete list of JARs that were scanned but no TLDs were found in them. Skipping unneeded JARs during scanning can improve startup time and JSP compilation time.
03-Apr-2024 22:22:59.143 INFO [localhost-startStop-1] org.apache.catalina.startup.HostConfig.deployDirectory Deployment of web application directory [D:\JavaSQL\Java8\apache-tomcat-8.5.24\webapps\host-manager] has finished in [44] ms
03-Apr-2024 22:22:59.143 INFO [localhost-startStop-1] org.apache.catalina.startup.HostConfig.deployDirectory Deploying web application directory [D:\JavaSQL\Java8\apache-tomcat-8.5.24\webapps\ROOT]
03-Apr-2024 22:22:59.164 INFO [localhost-startStop-1] org.apache.jasper.servlet.TldScanner.scanJars At least one JAR was scanned for TLDs yet contained no TLDs. Enable debug logging for this logger for a complete list of JARs that were scanned but no TLDs were found in them. Skipping unneeded JARs during scanning can improve startup time and JSP compilation time.
03-Apr-2024 22:22:59.164 INFO [localhost-startStop-1] org.apache.catalina.startup.HostConfig.deployDirectory Deployment of web application directory [D:\JavaSQL\Java8\apache-tomcat-8.5.24\webapps\ROOT] has finished in [21] ms
03-Apr-2024 22:22:59.164 INFO [localhost-startStop-1] org.apache.catalina.startup.HostConfig.deployDirectory Deploying web application directory [D:\JavaSQL\Java8\apache-tomcat-8.5.24\webapps\SQLServer]
03-Apr-2024 22:22:59.201 INFO [localhost-startStop-1] org.apache.jasper.servlet.TldScanner.scanJars At least one JAR was scanned for TLDs yet contained no TLDs. Enable debug logging for this logger for a complete list of JARs that were scanned but no TLDs were found in them. Skipping unneeded JARs during scanning can improve startup time and JSP compilation time.
03-Apr-2024 22:22:59.201 INFO [localhost-startStop-1] org.apache.catalina.startup.HostConfig.deployDirectory Deployment of web application directory [D:\JavaSQL\Java8\apache-tomcat-8.5.24\webapps\SQLServer] has finished in [37] ms
03-Apr-2024 22:22:59.201 INFO [localhost-startStop-1] org.apache.catalina.startup.HostConfig.deployDirectory Deploying web application directory [D:\JavaSQL\Java8\apache-tomcat-8.5.24\webapps\Servlet1]
03-Apr-2024 22:22:59.230 INFO [localhost-startStop-1] org.apache.jasper.servlet.TldScanner.scanJars At least one JAR was scanned for TLDs yet contained no TLDs. Enable debug logging for this logger for a complete list of JARs that were scanned but no TLDs were found in them. Skipping unneeded JARs during scanning can improve startup time and JSP compilation time.
03-Apr-2024 22:22:59.230 INFO [localhost-startStop-1] org.apache.catalina.startup.HostConfig.deployDirectory Deployment of web application directory [D:\JavaSQL\Java8\apache-tomcat-8.5.24\webapps\Servlet1] has finished in [29] ms
03-Apr-2024 22:22:59.230 INFO [localhost-startStop-1] org.apache.catalina.startup.HostConfig.deployDirectory Deploying web application directory [D:\JavaSQL\Java8\apache-tomcat-8.5.24\webapps\Servlet2]
03-Apr-2024 22:22:59.256 INFO [localhost-startStop-1] org.apache.jasper.servlet.TldScanner.scanJars At least one JAR was scanned for TLDs yet contained no TLDs. Enable debug logging for this logger for a complete list of JARs that were scanned but no TLDs were found in them. Skipping unneeded JARs during scanning can improve startup time and JSP compilation time.
03-Apr-2024 22:22:59.261 INFO [localhost-startStop-1] org.apache.catalina.startup.HostConfig.deployDirectory Deployment of web application directory [D:\JavaSQL\Java8\apache-tomcat-8.5.24\webapps\Servlet2] has finished in [31] ms
03-Apr-2024 22:22:59.265 INFO [localhost-startStop-1] org.apache.catalina.startup.HostConfig.deployDirectory Deploying web application directory [D:\JavaSQL\Java8\apache-tomcat-8.5.24\webapps\Servlet3]
03-Apr-2024 22:22:59.281 INFO [localhost-startStop-1] org.apache.jasper.servlet.TldScanner.scanJars At least one JAR was scanned for TLDs yet contained no TLDs. Enable debug logging for this logger for a complete list of JARs that were scanned but no TLDs were found in them. Skipping unneeded JARs during scanning can improve startup time and JSP compilation time.
03-Apr-2024 22:22:59.281 INFO [localhost-startStop-1] org.apache.catalina.startup.HostConfig.deployDirectory Deployment of web application directory [D:\JavaSQL\Java8\apache-tomcat-8.5.24\webapps\Servlet3] has finished in [16] ms
03-Apr-2024 22:22:59.281 INFO [localhost-startStop-1] org.apache.catalina.startup.HostConfig.deployDirectory Deploying web application directory [D:\JavaSQL\Java8\apache-tomcat-8.5.24\webapps\Servlet4]
03-Apr-2024 22:22:59.303 INFO [localhost-startStop-1] org.apache.jasper.servlet.TldScanner.scanJars At least one JAR was scanned for TLDs yet contained no TLDs. Enable debug logging for this logger for a complete list of JARs that were scanned but no TLDs were found in them. Skipping unneeded JARs during scanning can improve startup time and JSP compilation time.
03-Apr-2024 22:22:59.313 INFO [localhost-startStop-1] org.apache.catalina.startup.HostConfig.deployDirectory Deployment of web application directory [D:\JavaSQL\Java8\apache-tomcat-8.5.24\webapps\Servlet4] has finished in [32] ms
03-Apr-2024 22:22:59.315 INFO [localhost-startStop-1] org.apache.catalina.startup.HostConfig.deployDirectory Deploying web application directory [D:\JavaSQL\Java8\apache-tomcat-8.5.24\webapps\Pract8]
03-Apr-2024 22:22:59.330 INFO [localhost-startStop-1] org.apache.jasper.servlet.TldScanner.scanJars At least one JAR was scanned for TLDs yet contained no TLDs. Enable debug logging for this logger for a complete list of JARs that were scanned but no TLDs were found in them. Skipping unneeded JARs during scanning can improve startup time and JSP compilation time.
03-Apr-2024 22:22:59.343 INFO [localhost-startStop-1] org.apache.catalina.startup.HostConfig.deployDirectory Deployment of web application directory [D:\JavaSQL\Java8\apache-tomcat-8.5.24\webapps\Pract8] has finished in [28] ms
03-Apr-2024 22:22:59.343 INFO [localhost-startStop-1] org.apache.catalina.startup.HostConfig.deployDirectory Deploying web application directory [D:\JavaSQL\Java8\apache-tomcat-8.5.24\webapps\Entrega]
03-Apr-2024 22:22:59.376 INFO [localhost-startStop-1] org.apache.jasper.servlet.TldScanner.scanJars At least one JAR was scanned for TLDs yet contained no TLDs. Enable debug logging for this logger for a complete list of JARs that were scanned but no TLDs were found in them. Skipping unneeded JARs during scanning can improve startup time and JSP compilation time.
03-Apr-2024 22:22:59.381 INFO [localhost-startStop-1] org.apache.catalina.startup.HostConfig.deployDirectory Deployment of web application directory [D:\JavaSQL\Java8\apache-tomcat-8.5.24\webapps\Entrega] has finished in [38] ms
03-Apr-2024 22:22:59.381 INFO [localhost-startStop-1] org.apache.catalina.startup.HostConfig.deployDirectory Deploying web application directory [D:\JavaSQL\Java8\apache-tomcat-8.5.24\webapps\matrices8]
03-Apr-2024 22:22:59.406 INFO [localhost-startStop-1] org.apache.jasper.servlet.TldScanner.scanJars At least one JAR was scanned for TLDs yet contained no TLDs. Enable debug logging for this logger for a complete list of JARs that were scanned but no TLDs were found in them. Skipping unneeded JARs during scanning can improve startup time and JSP compilation time.
03-Apr-2024 22:22:59.409 INFO [localhost-startStop-1] org.apache.catalina.startup.HostConfig.deployDirectory Deployment of web application directory [D:\JavaSQL\Java8\apache-tomcat-8.5.24\webapps\matrices8] has finished in [28] ms
03-Apr-2024 22:22:59.414 INFO [localhost-startStop-1] org.apache.catalina.startup.HostConfig.deployDirectory Deploying web application directory [D:\JavaSQL\Java8\apache-tomcat-8.5.24\webapps\TD_E18]
03-Apr-2024 22:22:59.443 INFO [localhost-startStop-1] org.apache.jasper.servlet.TldScanner.scanJars At least one JAR was scanned for TLDs yet contained no TLDs. Enable debug logging for this logger for a complete list of JARs that were scanned but no TLDs were found in them. Skipping unneeded JARs during scanning can improve startup time and JSP compilation time.
03-Apr-2024 22:22:59.443 INFO [localhost-startStop-1] org.apache.catalina.startup.HostConfig.deployDirectory Deployment of web application directory [D:\JavaSQL\Java8\apache-tomcat-8.5.24\webapps\TD_E18] has finished in [29] ms
03-Apr-2024 22:22:59.443 INFO [localhost-startStop-1] org.apache.catalina.startup.HostConfig.deployDirectory Deploying web application directory [D:\JavaSQL\Java8\apache-tomcat-8.5.24\webapps\TD_E30]
03-Apr-2024 22:22:59.483 INFO [localhost-startStop-1] org.apache.jasper.servlet.TldScanner.scanJars At least one JAR was scanned for TLDs yet contained no TLDs. Enable debug logging for this logger for a complete list of JARs that were scanned but no TLDs were found in them. Skipping unneeded JARs during scanning can improve startup time and JSP compilation time.
03-Apr-2024 22:22:59.483 INFO [localhost-startStop-1] org.apache.catalina.startup.HostConfig.deployDirectory Deployment of web application directory [D:\JavaSQL\Java8\apache-tomcat-8.5.24\webapps\TD_E30] has finished in [40] ms
03-Apr-2024 22:22:59.483 INFO [localhost-startStop-1] org.apache.catalina.startup.HostConfig.deployDirectory Deploying web application directory [D:\JavaSQL\Java8\apache-tomcat-8.5.24\webapps\TD_E31]
03-Apr-2024 22:22:59.638 INFO [localhost-startStop-1] org.apache.jasper.servlet.TldScanner.scanJars At least one JAR was scanned for TLDs yet contained no TLDs. Enable debug logging for this logger for a complete list of JARs that were scanned but no TLDs were found in them. Skipping unneeded JARs during scanning can improve startup time and JSP compilation time.
03-Apr-2024 22:22:59.646 INFO [localhost-startStop-1] org.apache.catalina.startup.HostConfig.deployDirectory Deployment of web application directory [D:\JavaSQL\Java8\apache-tomcat-8.5.24\webapps\TD_E31] has finished in [163] ms
03-Apr-2024 22:22:59.646 INFO [main] org.apache.coyote.AbstractProtocol.start Starting ProtocolHandler ["http-nio-8082"]
03-Apr-2024 22:22:59.662 INFO [main] org.apache.coyote.AbstractProtocol.start Starting ProtocolHandler ["ajp-nio-8009"]
03-Apr-2024 22:22:59.671 INFO [main] org.apache.catalina.startup.Catalina.start Server startup in 1186 ms
03-Apr-2024 22:23:24.698 INFO [main] org.apache.catalina.core.StandardServer.await A valid shutdown command was received via the shutdown port. Stopping the Server instance.
03-Apr-2024 22:23:24.698 INFO [main] org.apache.coyote.AbstractProtocol.pause Pausing ProtocolHandler ["http-nio-8082"]
03-Apr-2024 22:23:25.090 INFO [main] org.apache.coyote.AbstractProtocol.pause Pausing ProtocolHandler ["ajp-nio-8009"]
03-Apr-2024 22:23:25.561 INFO [main] org.apache.catalina.core.StandardService.stopInternal Stopping service [Catalina]
03-Apr-2024 22:23:25.624 INFO [main] org.apache.coyote.AbstractProtocol.stop Stopping ProtocolHandler ["http-nio-8082"]
03-Apr-2024 22:23:25.624 INFO [main] org.apache.coyote.AbstractProtocol.stop Stopping ProtocolHandler ["ajp-nio-8009"]
03-Apr-2024 22:23:25.627 INFO [main] org.apache.coyote.AbstractProtocol.destroy Destroying ProtocolHandler ["http-nio-8082"]
03-Apr-2024 22:23:25.629 INFO [main] org.apache.coyote.AbstractProtocol.destroy Destroying ProtocolHandler ["ajp-nio-8009"]
03-Apr-2024 22:23:30.258 INFO [main] org.apache.catalina.startup.VersionLoggerListener.log Server version:        Apache Tomcat/8.5.24
03-Apr-2024 22:23:30.258 INFO [main] org.apache.catalina.startup.VersionLoggerListener.log Server built:          Nov 27 2017 13:05:30 UTC
03-Apr-2024 22:23:30.258 INFO [main] org.apache.catalina.startup.VersionLoggerListener.log Server number:         8.5.24.0
03-Apr-2024 22:23:30.258 INFO [main] org.apache.catalina.startup.VersionLoggerListener.log OS Name:               Windows 10
03-Apr-2024 22:23:30.258 INFO [main] org.apache.catalina.startup.VersionLoggerListener.log OS Version:            10.0
03-Apr-2024 22:23:30.258 INFO [main] org.apache.catalina.startup.VersionLoggerListener.log Architecture:          x86
03-Apr-2024 22:23:30.258 INFO [main] org.apache.catalina.startup.VersionLoggerListener.log Java Home:             D:\JavaSQL\Java8\jdk1.8.0_131\jre
03-Apr-2024 22:23:30.258 INFO [main] org.apache.catalina.startup.VersionLoggerListener.log JVM Version:           1.8.0_131-b11
03-Apr-2024 22:23:30.258 INFO [main] org.apache.catalina.startup.VersionLoggerListener.log JVM Vendor:            Oracle Corporation
03-Apr-2024 22:23:30.258 INFO [main] org.apache.catalina.startup.VersionLoggerListener.log CATALINA_BASE:         D:\JavaSQL\Java8\apache-tomcat-8.5.24
03-Apr-2024 22:23:30.258 INFO [main] org.apache.catalina.startup.VersionLoggerListener.log CATALINA_HOME:         D:\JavaSQL\Java8\apache-tomcat-8.5.24
03-Apr-2024 22:23:30.258 INFO [main] org.apache.catalina.startup.VersionLoggerListener.log Command line argument: -Djava.util.logging.config.file=D:\JavaSQL\Java8\apache-tomcat-8.5.24\conf\logging.properties
03-Apr-2024 22:23:30.258 INFO [main] org.apache.catalina.startup.VersionLoggerListener.log Command line argument: -Djava.util.logging.manager=org.apache.juli.ClassLoaderLogManager
03-Apr-2024 22:23:30.258 INFO [main] org.apache.catalina.startup.VersionLoggerListener.log Command line argument: -Djdk.tls.ephemeralDHKeySize=2048
03-Apr-2024 22:23:30.258 INFO [main] org.apache.catalina.startup.VersionLoggerListener.log Command line argument: -Djava.protocol.handler.pkgs=org.apache.catalina.webresources
03-Apr-2024 22:23:30.258 INFO [main] org.apache.catalina.startup.VersionLoggerListener.log Command line argument: -Dignore.endorsed.dirs=
03-Apr-2024 22:23:30.258 INFO [main] org.apache.catalina.startup.VersionLoggerListener.log Command line argument: -Dcatalina.base=D:\JavaSQL\Java8\apache-tomcat-8.5.24
03-Apr-2024 22:23:30.258 INFO [main] org.apache.catalina.startup.VersionLoggerListener.log Command line argument: -Dcatalina.home=D:\JavaSQL\Java8\apache-tomcat-8.5.24
03-Apr-2024 22:23:30.258 INFO [main] org.apache.catalina.startup.VersionLoggerListener.log Command line argument: -Djava.io.tmpdir=D:\JavaSQL\Java8\apache-tomcat-8.5.24\temp
03-Apr-2024 22:23:30.258 INFO [main] org.apache.catalina.core.AprLifecycleListener.lifecycleEvent The APR based Apache Tomcat Native library which allows optimal performance in production environments was not found on the java.library.path: [D:\JavaSQL\Java8\jdk1.8.0_131\bin;C:\WINDOWS\Sun\Java\bin;C:\WINDOWS\system32;C:\WINDOWS;D:\JavaSQL\Java8\jdk1.8.0_131\bin;D:\JavaSQL\Java8\jdk1.8.0_131\db\bin;D:\JavaSQL\Java8\squirrelsql-4.0.0-standard;D:\JavaSQL\Java8\apache-tomcat-8.5.24\bin;C:\WINDOWS\system32;C:\WINDOWS;C:\WINDOWS\System32\Wbem;C:\WINDOWS\System32\WindowsPowerShell\v1.0\;C:\WINDOWS\System32\OpenSSH\;C:\Program Files\dotnet\;C:\Users\Aldoa\Desktop\Infor\bin;C:\Users\Aldoa\AppData\Local\Microsoft\WindowsApps;;.]
03-Apr-2024 22:23:30.354 INFO [main] org.apache.coyote.AbstractProtocol.init Initializing ProtocolHandler ["http-nio-8082"]
03-Apr-2024 22:23:30.594 INFO [main] org.apache.tomcat.util.net.NioSelectorPool.getSharedSelector Using a shared selector for servlet write/read
03-Apr-2024 22:23:30.598 INFO [main] org.apache.coyote.AbstractProtocol.init Initializing ProtocolHandler ["ajp-nio-8009"]
03-Apr-2024 22:23:30.606 INFO [main] org.apache.tomcat.util.net.NioSelectorPool.getSharedSelector Using a shared selector for servlet write/read
03-Apr-2024 22:23:30.606 INFO [main] org.apache.catalina.startup.Catalina.load Initialization processed in 575 ms
03-Apr-2024 22:23:30.635 INFO [main] org.apache.catalina.core.StandardService.startInternal Starting service [Catalina]
03-Apr-2024 22:23:30.635 INFO [main] org.apache.catalina.core.StandardEngine.startInternal Starting Servlet Engine: Apache Tomcat/8.5.24
03-Apr-2024 22:23:30.643 INFO [localhost-startStop-1] org.apache.catalina.startup.HostConfig.deployDirectory Deploying web application directory [D:\JavaSQL\Java8\apache-tomcat-8.5.24\webapps\docs]
03-Apr-2024 22:23:30.877 INFO [localhost-startStop-1] org.apache.jasper.servlet.TldScanner.scanJars At least one JAR was scanned for TLDs yet contained no TLDs. Enable debug logging for this logger for a complete list of JARs that were scanned but no TLDs were found in them. Skipping unneeded JARs during scanning can improve startup time and JSP compilation time.
03-Apr-2024 22:23:30.940 INFO [localhost-startStop-1] org.apache.catalina.startup.HostConfig.deployDirectory Deployment of web application directory [D:\JavaSQL\Java8\apache-tomcat-8.5.24\webapps\docs] has finished in [297] ms
03-Apr-2024 22:23:30.940 INFO [localhost-startStop-1] org.apache.catalina.startup.HostConfig.deployDirectory Deploying web application directory [D:\JavaSQL\Java8\apache-tomcat-8.5.24\webapps\examples]
03-Apr-2024 22:23:31.112 INFO [localhost-startStop-1] org.apache.jasper.servlet.TldScanner.scanJars At least one JAR was scanned for TLDs yet contained no TLDs. Enable debug logging for this logger for a complete list of JARs that were scanned but no TLDs were found in them. Skipping unneeded JARs during scanning can improve startup time and JSP compilation time.
03-Apr-2024 22:23:31.168 INFO [localhost-startStop-1] org.apache.catalina.startup.HostConfig.deployDirectory Deployment of web application directory [D:\JavaSQL\Java8\apache-tomcat-8.5.24\webapps\examples] has finished in [227] ms
03-Apr-2024 22:23:31.168 INFO [localhost-startStop-1] org.apache.catalina.startup.HostConfig.deployDirectory Deploying web application directory [D:\JavaSQL\Java8\apache-tomcat-8.5.24\webapps\host-manager]
03-Apr-2024 22:23:31.193 INFO [localhost-startStop-1] org.apache.jasper.servlet.TldScanner.scanJars At least one JAR was scanned for TLDs yet contained no TLDs. Enable debug logging for this logger for a complete list of JARs that were scanned but no TLDs were found in them. Skipping unneeded JARs during scanning can improve startup time and JSP compilation time.
03-Apr-2024 22:23:31.201 INFO [localhost-startStop-1] org.apache.catalina.startup.HostConfig.deployDirectory Deployment of web application directory [D:\JavaSQL\Java8\apache-tomcat-8.5.24\webapps\host-manager] has finished in [33] ms
03-Apr-2024 22:23:31.201 INFO [localhost-startStop-1] org.apache.catalina.startup.HostConfig.deployDirectory Deploying web application directory [D:\JavaSQL\Java8\apache-tomcat-8.5.24\webapps\ROOT]
03-Apr-2024 22:23:31.216 INFO [localhost-startStop-1] org.apache.jasper.servlet.TldScanner.scanJars At least one JAR was scanned for TLDs yet contained no TLDs. Enable debug logging for this logger for a complete list of JARs that were scanned but no TLDs were found in them. Skipping unneeded JARs during scanning can improve startup time and JSP compilation time.
03-Apr-2024 22:23:31.216 INFO [localhost-startStop-1] org.apache.catalina.startup.HostConfig.deployDirectory Deployment of web application directory [D:\JavaSQL\Java8\apache-tomcat-8.5.24\webapps\ROOT] has finished in [15] ms
03-Apr-2024 22:23:31.216 INFO [localhost-startStop-1] org.apache.catalina.startup.HostConfig.deployDirectory Deploying web application directory [D:\JavaSQL\Java8\apache-tomcat-8.5.24\webapps\SQLServer]
03-Apr-2024 22:23:31.245 INFO [localhost-startStop-1] org.apache.jasper.servlet.TldScanner.scanJars At least one JAR was scanned for TLDs yet contained no TLDs. Enable debug logging for this logger for a complete list of JARs that were scanned but no TLDs were found in them. Skipping unneeded JARs during scanning can improve startup time and JSP compilation time.
03-Apr-2024 22:23:31.252 INFO [localhost-startStop-1] org.apache.catalina.startup.HostConfig.deployDirectory Deployment of web application directory [D:\JavaSQL\Java8\apache-tomcat-8.5.24\webapps\SQLServer] has finished in [36] ms
03-Apr-2024 22:23:31.252 INFO [localhost-startStop-1] org.apache.catalina.startup.HostConfig.deployDirectory Deploying web application directory [D:\JavaSQL\Java8\apache-tomcat-8.5.24\webapps\Servlet1]
03-Apr-2024 22:23:31.266 INFO [localhost-startStop-1] org.apache.jasper.servlet.TldScanner.scanJars At least one JAR was scanned for TLDs yet contained no TLDs. Enable debug logging for this logger for a complete list of JARs that were scanned but no TLDs were found in them. Skipping unneeded JARs during scanning can improve startup time and JSP compilation time.
03-Apr-2024 22:23:31.274 INFO [localhost-startStop-1] org.apache.catalina.startup.HostConfig.deployDirectory Deployment of web application directory [D:\JavaSQL\Java8\apache-tomcat-8.5.24\webapps\Servlet1] has finished in [22] ms
03-Apr-2024 22:23:31.274 INFO [localhost-startStop-1] org.apache.catalina.startup.HostConfig.deployDirectory Deploying web application directory [D:\JavaSQL\Java8\apache-tomcat-8.5.24\webapps\Servlet2]
03-Apr-2024 22:23:31.301 INFO [localhost-startStop-1] org.apache.jasper.servlet.TldScanner.scanJars At least one JAR was scanned for TLDs yet contained no TLDs. Enable debug logging for this logger for a complete list of JARs that were scanned but no TLDs were found in them. Skipping unneeded JARs during scanning can improve startup time and JSP compilation time.
03-Apr-2024 22:23:31.301 INFO [localhost-startStop-1] org.apache.catalina.startup.HostConfig.deployDirectory Deployment of web application directory [D:\JavaSQL\Java8\apache-tomcat-8.5.24\webapps\Servlet2] has finished in [27] ms
03-Apr-2024 22:23:31.301 INFO [localhost-startStop-1] org.apache.catalina.startup.HostConfig.deployDirectory Deploying web application directory [D:\JavaSQL\Java8\apache-tomcat-8.5.24\webapps\Servlet3]
03-Apr-2024 22:23:31.323 INFO [localhost-startStop-1] org.apache.jasper.servlet.TldScanner.scanJars At least one JAR was scanned for TLDs yet contained no TLDs. Enable debug logging for this logger for a complete list of JARs that were scanned but no TLDs were found in them. Skipping unneeded JARs during scanning can improve startup time and JSP compilation time.
03-Apr-2024 22:23:31.327 INFO [localhost-startStop-1] org.apache.catalina.startup.HostConfig.deployDirectory Deployment of web application directory [D:\JavaSQL\Java8\apache-tomcat-8.5.24\webapps\Servlet3] has finished in [26] ms
03-Apr-2024 22:23:31.327 INFO [localhost-startStop-1] org.apache.catalina.startup.HostConfig.deployDirectory Deploying web application directory [D:\JavaSQL\Java8\apache-tomcat-8.5.24\webapps\Servlet4]
03-Apr-2024 22:23:31.347 INFO [localhost-startStop-1] org.apache.jasper.servlet.TldScanner.scanJars At least one JAR was scanned for TLDs yet contained no TLDs. Enable debug logging for this logger for a complete list of JARs that were scanned but no TLDs were found in them. Skipping unneeded JARs during scanning can improve startup time and JSP compilation time.
03-Apr-2024 22:23:31.347 INFO [localhost-startStop-1] org.apache.catalina.startup.HostConfig.deployDirectory Deployment of web application directory [D:\JavaSQL\Java8\apache-tomcat-8.5.24\webapps\Servlet4] has finished in [20] ms
03-Apr-2024 22:23:31.347 INFO [localhost-startStop-1] org.apache.catalina.startup.HostConfig.deployDirectory Deploying web application directory [D:\JavaSQL\Java8\apache-tomcat-8.5.24\webapps\Pract8]
03-Apr-2024 22:23:31.365 INFO [localhost-startStop-1] org.apache.jasper.servlet.TldScanner.scanJars At least one JAR was scanned for TLDs yet contained no TLDs. Enable debug logging for this logger for a complete list of JARs that were scanned but no TLDs were found in them. Skipping unneeded JARs during scanning can improve startup time and JSP compilation time.
03-Apr-2024 22:23:31.374 INFO [localhost-startStop-1] org.apache.catalina.startup.HostConfig.deployDirectory Deployment of web application directory [D:\JavaSQL\Java8\apache-tomcat-8.5.24\webapps\Pract8] has finished in [27] ms
03-Apr-2024 22:23:31.374 INFO [localhost-startStop-1] org.apache.catalina.startup.HostConfig.deployDirectory Deploying web application directory [D:\JavaSQL\Java8\apache-tomcat-8.5.24\webapps\Entrega]
03-Apr-2024 22:23:31.397 INFO [localhost-startStop-1] org.apache.jasper.servlet.TldScanner.scanJars At least one JAR was scanned for TLDs yet contained no TLDs. Enable debug logging for this logger for a complete list of JARs that were scanned but no TLDs were found in them. Skipping unneeded JARs during scanning can improve startup time and JSP compilation time.
03-Apr-2024 22:23:31.405 INFO [localhost-startStop-1] org.apache.catalina.startup.HostConfig.deployDirectory Deployment of web application directory [D:\JavaSQL\Java8\apache-tomcat-8.5.24\webapps\Entrega] has finished in [31] ms
03-Apr-2024 22:23:31.405 INFO [localhost-startStop-1] org.apache.catalina.startup.HostConfig.deployDirectory Deploying web application directory [D:\JavaSQL\Java8\apache-tomcat-8.5.24\webapps\matrices8]
03-Apr-2024 22:23:31.428 INFO [localhost-startStop-1] org.apache.jasper.servlet.TldScanner.scanJars At least one JAR was scanned for TLDs yet contained no TLDs. Enable debug logging for this logger for a complete list of JARs that were scanned but no TLDs were found in them. Skipping unneeded JARs during scanning can improve startup time and JSP compilation time.
03-Apr-2024 22:23:31.428 INFO [localhost-startStop-1] org.apache.catalina.startup.HostConfig.deployDirectory Deployment of web application directory [D:\JavaSQL\Java8\apache-tomcat-8.5.24\webapps\matrices8] has finished in [23] ms
03-Apr-2024 22:23:31.428 INFO [localhost-startStop-1] org.apache.catalina.startup.HostConfig.deployDirectory Deploying web application directory [D:\JavaSQL\Java8\apache-tomcat-8.5.24\webapps\TD_E18]
03-Apr-2024 22:23:31.459 INFO [localhost-startStop-1] org.apache.jasper.servlet.TldScanner.scanJars At least one JAR was scanned for TLDs yet contained no TLDs. Enable debug logging for this logger for a complete list of JARs that were scanned but no TLDs were found in them. Skipping unneeded JARs during scanning can improve startup time and JSP compilation time.
03-Apr-2024 22:23:31.468 INFO [localhost-startStop-1] org.apache.catalina.startup.HostConfig.deployDirectory Deployment of web application directory [D:\JavaSQL\Java8\apache-tomcat-8.5.24\webapps\TD_E18] has finished in [40] ms
03-Apr-2024 22:23:31.468 INFO [localhost-startStop-1] org.apache.catalina.startup.HostConfig.deployDirectory Deploying web application directory [D:\JavaSQL\Java8\apache-tomcat-8.5.24\webapps\TD_E30]
03-Apr-2024 22:23:31.494 INFO [localhost-startStop-1] org.apache.jasper.servlet.TldScanner.scanJars At least one JAR was scanned for TLDs yet contained no TLDs. Enable debug logging for this logger for a complete list of JARs that were scanned but no TLDs were found in them. Skipping unneeded JARs during scanning can improve startup time and JSP compilation time.
03-Apr-2024 22:23:31.494 INFO [localhost-startStop-1] org.apache.catalina.startup.HostConfig.deployDirectory Deployment of web application directory [D:\JavaSQL\Java8\apache-tomcat-8.5.24\webapps\TD_E30] has finished in [26] ms
03-Apr-2024 22:23:31.494 INFO [localhost-startStop-1] org.apache.catalina.startup.HostConfig.deployDirectory Deploying web application directory [D:\JavaSQL\Java8\apache-tomcat-8.5.24\webapps\TD_E31]
03-Apr-2024 22:23:31.626 INFO [localhost-startStop-1] org.apache.jasper.servlet.TldScanner.scanJars At least one JAR was scanned for TLDs yet contained no TLDs. Enable debug logging for this logger for a complete list of JARs that were scanned but no TLDs were found in them. Skipping unneeded JARs during scanning can improve startup time and JSP compilation time.
03-Apr-2024 22:23:31.626 INFO [localhost-startStop-1] org.apache.catalina.startup.HostConfig.deployDirectory Deployment of web application directory [D:\JavaSQL\Java8\apache-tomcat-8.5.24\webapps\TD_E31] has finished in [132] ms
03-Apr-2024 22:23:31.638 INFO [main] org.apache.coyote.AbstractProtocol.start Starting ProtocolHandler ["http-nio-8082"]
03-Apr-2024 22:23:31.643 INFO [main] org.apache.coyote.AbstractProtocol.start Starting ProtocolHandler ["ajp-nio-8009"]
03-Apr-2024 22:23:31.643 INFO [main] org.apache.catalina.startup.Catalina.start Server startup in 1046 ms
03-Apr-2024 22:23:49.447 INFO [main] org.apache.catalina.core.StandardServer.await A valid shutdown command was received via the shutdown port. Stopping the Server instance.
03-Apr-2024 22:23:49.447 INFO [main] org.apache.coyote.AbstractProtocol.pause Pausing ProtocolHandler ["http-nio-8082"]
03-Apr-2024 22:23:49.871 INFO [main] org.apache.coyote.AbstractProtocol.pause Pausing ProtocolHandler ["ajp-nio-8009"]
03-Apr-2024 22:23:50.268 INFO [main] org.apache.catalina.core.StandardService.stopInternal Stopping service [Catalina]
03-Apr-2024 22:23:50.331 INFO [main] org.apache.coyote.AbstractProtocol.stop Stopping ProtocolHandler ["http-nio-8082"]
03-Apr-2024 22:23:50.342 INFO [main] org.apache.coyote.AbstractProtocol.stop Stopping ProtocolHandler ["ajp-nio-8009"]
03-Apr-2024 22:23:50.342 INFO [main] org.apache.coyote.AbstractProtocol.destroy Destroying ProtocolHandler ["http-nio-8082"]
03-Apr-2024 22:23:50.342 INFO [main] org.apache.coyote.AbstractProtocol.destroy Destroying ProtocolHandler ["ajp-nio-8009"]
03-Apr-2024 22:23:54.425 INFO [main] org.apache.catalina.startup.VersionLoggerListener.log Server version:        Apache Tomcat/8.5.24
03-Apr-2024 22:23:54.425 INFO [main] org.apache.catalina.startup.VersionLoggerListener.log Server built:          Nov 27 2017 13:05:30 UTC
03-Apr-2024 22:23:54.425 INFO [main] org.apache.catalina.startup.VersionLoggerListener.log Server number:         8.5.24.0
03-Apr-2024 22:23:54.425 INFO [main] org.apache.catalina.startup.VersionLoggerListener.log OS Name:               Windows 10
03-Apr-2024 22:23:54.425 INFO [main] org.apache.catalina.startup.VersionLoggerListener.log OS Version:            10.0
03-Apr-2024 22:23:54.425 INFO [main] org.apache.catalina.startup.VersionLoggerListener.log Architecture:          x86
03-Apr-2024 22:23:54.425 INFO [main] org.apache.catalina.startup.VersionLoggerListener.log Java Home:             D:\JavaSQL\Java8\jdk1.8.0_131\jre
03-Apr-2024 22:23:54.425 INFO [main] org.apache.catalina.startup.VersionLoggerListener.log JVM Version:           1.8.0_131-b11
03-Apr-2024 22:23:54.425 INFO [main] org.apache.catalina.startup.VersionLoggerListener.log JVM Vendor:            Oracle Corporation
03-Apr-2024 22:23:54.425 INFO [main] org.apache.catalina.startup.VersionLoggerListener.log CATALINA_BASE:         D:\JavaSQL\Java8\apache-tomcat-8.5.24
03-Apr-2024 22:23:54.425 INFO [main] org.apache.catalina.startup.VersionLoggerListener.log CATALINA_HOME:         D:\JavaSQL\Java8\apache-tomcat-8.5.24
03-Apr-2024 22:23:54.425 INFO [main] org.apache.catalina.startup.VersionLoggerListener.log Command line argument: -Djava.util.logging.config.file=D:\JavaSQL\Java8\apache-tomcat-8.5.24\conf\logging.properties
03-Apr-2024 22:23:54.425 INFO [main] org.apache.catalina.startup.VersionLoggerListener.log Command line argument: -Djava.util.logging.manager=org.apache.juli.ClassLoaderLogManager
03-Apr-2024 22:23:54.425 INFO [main] org.apache.catalina.startup.VersionLoggerListener.log Command line argument: -Djdk.tls.ephemeralDHKeySize=2048
03-Apr-2024 22:23:54.425 INFO [main] org.apache.catalina.startup.VersionLoggerListener.log Command line argument: -Djava.protocol.handler.pkgs=org.apache.catalina.webresources
03-Apr-2024 22:23:54.425 INFO [main] org.apache.catalina.startup.VersionLoggerListener.log Command line argument: -Dignore.endorsed.dirs=
03-Apr-2024 22:23:54.425 INFO [main] org.apache.catalina.startup.VersionLoggerListener.log Command line argument: -Dcatalina.base=D:\JavaSQL\Java8\apache-tomcat-8.5.24
03-Apr-2024 22:23:54.425 INFO [main] org.apache.catalina.startup.VersionLoggerListener.log Command line argument: -Dcatalina.home=D:\JavaSQL\Java8\apache-tomcat-8.5.24
03-Apr-2024 22:23:54.425 INFO [main] org.apache.catalina.startup.VersionLoggerListener.log Command line argument: -Djava.io.tmpdir=D:\JavaSQL\Java8\apache-tomcat-8.5.24\temp
03-Apr-2024 22:23:54.425 INFO [main] org.apache.catalina.core.AprLifecycleListener.lifecycleEvent The APR based Apache Tomcat Native library which allows optimal performance in production environments was not found on the java.library.path: [D:\JavaSQL\Java8\jdk1.8.0_131\bin;C:\WINDOWS\Sun\Java\bin;C:\WINDOWS\system32;C:\WINDOWS;D:\JavaSQL\Java8\jdk1.8.0_131\bin;D:\JavaSQL\Java8\jdk1.8.0_131\db\bin;D:\JavaSQL\Java8\squirrelsql-4.0.0-standard;D:\JavaSQL\Java8\apache-tomcat-8.5.24\bin;C:\WINDOWS\system32;C:\WINDOWS;C:\WINDOWS\System32\Wbem;C:\WINDOWS\System32\WindowsPowerShell\v1.0\;C:\WINDOWS\System32\OpenSSH\;C:\Program Files\dotnet\;C:\Users\Aldoa\Desktop\Infor\bin;C:\Users\Aldoa\AppData\Local\Microsoft\WindowsApps;;.]
03-Apr-2024 22:23:54.519 INFO [main] org.apache.coyote.AbstractProtocol.init Initializing ProtocolHandler ["http-nio-8082"]
03-Apr-2024 22:23:54.787 INFO [main] org.apache.tomcat.util.net.NioSelectorPool.getSharedSelector Using a shared selector for servlet write/read
03-Apr-2024 22:23:54.792 INFO [main] org.apache.coyote.AbstractProtocol.init Initializing ProtocolHandler ["ajp-nio-8009"]
03-Apr-2024 22:23:54.796 INFO [main] org.apache.tomcat.util.net.NioSelectorPool.getSharedSelector Using a shared selector for servlet write/read
03-Apr-2024 22:23:54.797 INFO [main] org.apache.catalina.startup.Catalina.load Initialization processed in 604 ms
03-Apr-2024 22:23:54.820 INFO [main] org.apache.catalina.core.StandardService.startInternal Starting service [Catalina]
03-Apr-2024 22:23:54.820 INFO [main] org.apache.catalina.core.StandardEngine.startInternal Starting Servlet Engine: Apache Tomcat/8.5.24
03-Apr-2024 22:23:54.829 INFO [localhost-startStop-1] org.apache.catalina.startup.HostConfig.deployDirectory Deploying web application directory [D:\JavaSQL\Java8\apache-tomcat-8.5.24\webapps\docs]
03-Apr-2024 22:23:55.054 INFO [localhost-startStop-1] org.apache.jasper.servlet.TldScanner.scanJars At least one JAR was scanned for TLDs yet contained no TLDs. Enable debug logging for this logger for a complete list of JARs that were scanned but no TLDs were found in them. Skipping unneeded JARs during scanning can improve startup time and JSP compilation time.
03-Apr-2024 22:23:55.105 INFO [localhost-startStop-1] org.apache.catalina.startup.HostConfig.deployDirectory Deployment of web application directory [D:\JavaSQL\Java8\apache-tomcat-8.5.24\webapps\docs] has finished in [276] ms
03-Apr-2024 22:23:55.105 INFO [localhost-startStop-1] org.apache.catalina.startup.HostConfig.deployDirectory Deploying web application directory [D:\JavaSQL\Java8\apache-tomcat-8.5.24\webapps\examples]
03-Apr-2024 22:23:55.297 INFO [localhost-startStop-1] org.apache.jasper.servlet.TldScanner.scanJars At least one JAR was scanned for TLDs yet contained no TLDs. Enable debug logging for this logger for a complete list of JARs that were scanned but no TLDs were found in them. Skipping unneeded JARs during scanning can improve startup time and JSP compilation time.
03-Apr-2024 22:23:55.337 INFO [localhost-startStop-1] org.apache.catalina.startup.HostConfig.deployDirectory Deployment of web application directory [D:\JavaSQL\Java8\apache-tomcat-8.5.24\webapps\examples] has finished in [232] ms
03-Apr-2024 22:23:55.337 INFO [localhost-startStop-1] org.apache.catalina.startup.HostConfig.deployDirectory Deploying web application directory [D:\JavaSQL\Java8\apache-tomcat-8.5.24\webapps\host-manager]
03-Apr-2024 22:23:55.354 INFO [localhost-startStop-1] org.apache.jasper.servlet.TldScanner.scanJars At least one JAR was scanned for TLDs yet contained no TLDs. Enable debug logging for this logger for a complete list of JARs that were scanned but no TLDs were found in them. Skipping unneeded JARs during scanning can improve startup time and JSP compilation time.
03-Apr-2024 22:23:55.354 INFO [localhost-startStop-1] org.apache.catalina.startup.HostConfig.deployDirectory Deployment of web application directory [D:\JavaSQL\Java8\apache-tomcat-8.5.24\webapps\host-manager] has finished in [17] ms
03-Apr-2024 22:23:55.354 INFO [localhost-startStop-1] org.apache.catalina.startup.HostConfig.deployDirectory Deploying web application directory [D:\JavaSQL\Java8\apache-tomcat-8.5.24\webapps\ROOT]
03-Apr-2024 22:23:55.369 INFO [localhost-startStop-1] org.apache.jasper.servlet.TldScanner.scanJars At least one JAR was scanned for TLDs yet contained no TLDs. Enable debug logging for this logger for a complete list of JARs that were scanned but no TLDs were found in them. Skipping unneeded JARs during scanning can improve startup time and JSP compilation time.
03-Apr-2024 22:23:55.384 INFO [localhost-startStop-1] org.apache.catalina.startup.HostConfig.deployDirectory Deployment of web application directory [D:\JavaSQL\Java8\apache-tomcat-8.5.24\webapps\ROOT] has finished in [30] ms
03-Apr-2024 22:23:55.384 INFO [localhost-startStop-1] org.apache.catalina.startup.HostConfig.deployDirectory Deploying web application directory [D:\JavaSQL\Java8\apache-tomcat-8.5.24\webapps\SQLServer]
03-Apr-2024 22:23:55.400 INFO [localhost-startStop-1] org.apache.jasper.servlet.TldScanner.scanJars At least one JAR was scanned for TLDs yet contained no TLDs. Enable debug logging for this logger for a complete list of JARs that were scanned but no TLDs were found in them. Skipping unneeded JARs during scanning can improve startup time and JSP compilation time.
03-Apr-2024 22:23:55.400 INFO [localhost-startStop-1] org.apache.catalina.startup.HostConfig.deployDirectory Deployment of web application directory [D:\JavaSQL\Java8\apache-tomcat-8.5.24\webapps\SQLServer] has finished in [16] ms
03-Apr-2024 22:23:55.400 INFO [localhost-startStop-1] org.apache.catalina.startup.HostConfig.deployDirectory Deploying web application directory [D:\JavaSQL\Java8\apache-tomcat-8.5.24\webapps\Servlet1]
03-Apr-2024 22:23:55.418 INFO [localhost-startStop-1] org.apache.jasper.servlet.TldScanner.scanJars At least one JAR was scanned for TLDs yet contained no TLDs. Enable debug logging for this logger for a complete list of JARs that were scanned but no TLDs were found in them. Skipping unneeded JARs during scanning can improve startup time and JSP compilation time.
03-Apr-2024 22:23:55.418 INFO [localhost-startStop-1] org.apache.catalina.startup.HostConfig.deployDirectory Deployment of web application directory [D:\JavaSQL\Java8\apache-tomcat-8.5.24\webapps\Servlet1] has finished in [18] ms
03-Apr-2024 22:23:55.418 INFO [localhost-startStop-1] org.apache.catalina.startup.HostConfig.deployDirectory Deploying web application directory [D:\JavaSQL\Java8\apache-tomcat-8.5.24\webapps\Servlet2]
03-Apr-2024 22:23:55.447 INFO [localhost-startStop-1] org.apache.jasper.servlet.TldScanner.scanJars At least one JAR was scanned for TLDs yet contained no TLDs. Enable debug logging for this logger for a complete list of JARs that were scanned but no TLDs were found in them. Skipping unneeded JARs during scanning can improve startup time and JSP compilation time.
03-Apr-2024 22:23:55.447 INFO [localhost-startStop-1] org.apache.catalina.startup.HostConfig.deployDirectory Deployment of web application directory [D:\JavaSQL\Java8\apache-tomcat-8.5.24\webapps\Servlet2] has finished in [29] ms
03-Apr-2024 22:23:55.447 INFO [localhost-startStop-1] org.apache.catalina.startup.HostConfig.deployDirectory Deploying web application directory [D:\JavaSQL\Java8\apache-tomcat-8.5.24\webapps\Servlet3]
03-Apr-2024 22:23:55.464 INFO [localhost-startStop-1] org.apache.jasper.servlet.TldScanner.scanJars At least one JAR was scanned for TLDs yet contained no TLDs. Enable debug logging for this logger for a complete list of JARs that were scanned but no TLDs were found in them. Skipping unneeded JARs during scanning can improve startup time and JSP compilation time.
03-Apr-2024 22:23:55.479 INFO [localhost-startStop-1] org.apache.catalina.startup.HostConfig.deployDirectory Deployment of web application directory [D:\JavaSQL\Java8\apache-tomcat-8.5.24\webapps\Servlet3] has finished in [32] ms
03-Apr-2024 22:23:55.479 INFO [localhost-startStop-1] org.apache.catalina.startup.HostConfig.deployDirectory Deploying web application directory [D:\JavaSQL\Java8\apache-tomcat-8.5.24\webapps\Servlet4]
03-Apr-2024 22:23:55.519 INFO [localhost-startStop-1] org.apache.jasper.servlet.TldScanner.scanJars At least one JAR was scanned for TLDs yet contained no TLDs. Enable debug logging for this logger for a complete list of JARs that were scanned but no TLDs were found in them. Skipping unneeded JARs during scanning can improve startup time and JSP compilation time.
03-Apr-2024 22:23:55.527 INFO [localhost-startStop-1] org.apache.catalina.startup.HostConfig.deployDirectory Deployment of web application directory [D:\JavaSQL\Java8\apache-tomcat-8.5.24\webapps\Servlet4] has finished in [48] ms
03-Apr-2024 22:23:55.527 INFO [localhost-startStop-1] org.apache.catalina.startup.HostConfig.deployDirectory Deploying web application directory [D:\JavaSQL\Java8\apache-tomcat-8.5.24\webapps\Pract8]
03-Apr-2024 22:23:55.551 INFO [localhost-startStop-1] org.apache.jasper.servlet.TldScanner.scanJars At least one JAR was scanned for TLDs yet contained no TLDs. Enable debug logging for this logger for a complete list of JARs that were scanned but no TLDs were found in them. Skipping unneeded JARs during scanning can improve startup time and JSP compilation time.
03-Apr-2024 22:23:55.551 INFO [localhost-startStop-1] org.apache.catalina.startup.HostConfig.deployDirectory Deployment of web application directory [D:\JavaSQL\Java8\apache-tomcat-8.5.24\webapps\Pract8] has finished in [24] ms
03-Apr-2024 22:23:55.551 INFO [localhost-startStop-1] org.apache.catalina.startup.HostConfig.deployDirectory Deploying web application directory [D:\JavaSQL\Java8\apache-tomcat-8.5.24\webapps\Entrega]
03-Apr-2024 22:23:55.575 INFO [localhost-startStop-1] org.apache.jasper.servlet.TldScanner.scanJars At least one JAR was scanned for TLDs yet contained no TLDs. Enable debug logging for this logger for a complete list of JARs that were scanned but no TLDs were found in them. Skipping unneeded JARs during scanning can improve startup time and JSP compilation time.
03-Apr-2024 22:23:55.575 INFO [localhost-startStop-1] org.apache.catalina.startup.HostConfig.deployDirectory Deployment of web application directory [D:\JavaSQL\Java8\apache-tomcat-8.5.24\webapps\Entrega] has finished in [24] ms
03-Apr-2024 22:23:55.575 INFO [localhost-startStop-1] org.apache.catalina.startup.HostConfig.deployDirectory Deploying web application directory [D:\JavaSQL\Java8\apache-tomcat-8.5.24\webapps\matrices8]
03-Apr-2024 22:23:55.606 INFO [localhost-startStop-1] org.apache.jasper.servlet.TldScanner.scanJars At least one JAR was scanned for TLDs yet contained no TLDs. Enable debug logging for this logger for a complete list of JARs that were scanned but no TLDs were found in them. Skipping unneeded JARs during scanning can improve startup time and JSP compilation time.
03-Apr-2024 22:23:55.606 INFO [localhost-startStop-1] org.apache.catalina.startup.HostConfig.deployDirectory Deployment of web application directory [D:\JavaSQL\Java8\apache-tomcat-8.5.24\webapps\matrices8] has finished in [31] ms
03-Apr-2024 22:23:55.606 INFO [localhost-startStop-1] org.apache.catalina.startup.HostConfig.deployDirectory Deploying web application directory [D:\JavaSQL\Java8\apache-tomcat-8.5.24\webapps\TD_E18]
03-Apr-2024 22:23:55.638 INFO [localhost-startStop-1] org.apache.jasper.servlet.TldScanner.scanJars At least one JAR was scanned for TLDs yet contained no TLDs. Enable debug logging for this logger for a complete list of JARs that were scanned but no TLDs were found in them. Skipping unneeded JARs during scanning can improve startup time and JSP compilation time.
03-Apr-2024 22:23:55.638 INFO [localhost-startStop-1] org.apache.catalina.startup.HostConfig.deployDirectory Deployment of web application directory [D:\JavaSQL\Java8\apache-tomcat-8.5.24\webapps\TD_E18] has finished in [32] ms
03-Apr-2024 22:23:55.638 INFO [localhost-startStop-1] org.apache.catalina.startup.HostConfig.deployDirectory Deploying web application directory [D:\JavaSQL\Java8\apache-tomcat-8.5.24\webapps\TD_E30]
03-Apr-2024 22:23:55.654 INFO [localhost-startStop-1] org.apache.jasper.servlet.TldScanner.scanJars At least one JAR was scanned for TLDs yet contained no TLDs. Enable debug logging for this logger for a complete list of JARs that were scanned but no TLDs were found in them. Skipping unneeded JARs during scanning can improve startup time and JSP compilation time.
03-Apr-2024 22:23:55.669 INFO [localhost-startStop-1] org.apache.catalina.startup.HostConfig.deployDirectory Deployment of web application directory [D:\JavaSQL\Java8\apache-tomcat-8.5.24\webapps\TD_E30] has finished in [31] ms
03-Apr-2024 22:23:55.669 INFO [localhost-startStop-1] org.apache.catalina.startup.HostConfig.deployDirectory Deploying web application directory [D:\JavaSQL\Java8\apache-tomcat-8.5.24\webapps\TD_E31]
03-Apr-2024 22:23:55.780 INFO [localhost-startStop-1] org.apache.jasper.servlet.TldScanner.scanJars At least one JAR was scanned for TLDs yet contained no TLDs. Enable debug logging for this logger for a complete list of JARs that were scanned but no TLDs were found in them. Skipping unneeded JARs during scanning can improve startup time and JSP compilation time.
03-Apr-2024 22:23:55.780 INFO [localhost-startStop-1] org.apache.catalina.startup.HostConfig.deployDirectory Deployment of web application directory [D:\JavaSQL\Java8\apache-tomcat-8.5.24\webapps\TD_E31] has finished in [111] ms
03-Apr-2024 22:23:55.780 INFO [main] org.apache.coyote.AbstractProtocol.start Starting ProtocolHandler ["http-nio-8082"]
03-Apr-2024 22:23:55.795 INFO [main] org.apache.coyote.AbstractProtocol.start Starting ProtocolHandler ["ajp-nio-8009"]
03-Apr-2024 22:23:55.795 INFO [main] org.apache.catalina.startup.Catalina.start Server startup in 1005 ms
03-Apr-2024 22:25:58.392 INFO [main] org.apache.catalina.core.StandardServer.await A valid shutdown command was received via the shutdown port. Stopping the Server instance.
03-Apr-2024 22:25:58.393 INFO [main] org.apache.coyote.AbstractProtocol.pause Pausing ProtocolHandler ["http-nio-8082"]
03-Apr-2024 22:25:58.805 INFO [main] org.apache.coyote.AbstractProtocol.pause Pausing ProtocolHandler ["ajp-nio-8009"]
03-Apr-2024 22:25:59.262 INFO [main] org.apache.catalina.core.StandardService.stopInternal Stopping service [Catalina]
03-Apr-2024 22:25:59.338 INFO [main] org.apache.coyote.AbstractProtocol.stop Stopping ProtocolHandler ["http-nio-8082"]
03-Apr-2024 22:25:59.343 INFO [main] org.apache.coyote.AbstractProtocol.stop Stopping ProtocolHandler ["ajp-nio-8009"]
03-Apr-2024 22:25:59.346 INFO [main] org.apache.coyote.AbstractProtocol.destroy Destroying ProtocolHandler ["http-nio-8082"]
03-Apr-2024 22:25:59.346 INFO [main] org.apache.coyote.AbstractProtocol.destroy Destroying ProtocolHandler ["ajp-nio-8009"]
03-Apr-2024 22:26:02.891 INFO [main] org.apache.catalina.startup.VersionLoggerListener.log Server version:        Apache Tomcat/8.5.24
03-Apr-2024 22:26:02.891 INFO [main] org.apache.catalina.startup.VersionLoggerListener.log Server built:          Nov 27 2017 13:05:30 UTC
03-Apr-2024 22:26:02.891 INFO [main] org.apache.catalina.startup.VersionLoggerListener.log Server number:         8.5.24.0
03-Apr-2024 22:26:02.891 INFO [main] org.apache.catalina.startup.VersionLoggerListener.log OS Name:               Windows 10
03-Apr-2024 22:26:02.891 INFO [main] org.apache.catalina.startup.VersionLoggerListener.log OS Version:            10.0
03-Apr-2024 22:26:02.891 INFO [main] org.apache.catalina.startup.VersionLoggerListener.log Architecture:          x86
03-Apr-2024 22:26:02.891 INFO [main] org.apache.catalina.startup.VersionLoggerListener.log Java Home:             D:\JavaSQL\Java8\jdk1.8.0_131\jre
03-Apr-2024 22:26:02.891 INFO [main] org.apache.catalina.startup.VersionLoggerListener.log JVM Version:           1.8.0_131-b11
03-Apr-2024 22:26:02.891 INFO [main] org.apache.catalina.startup.VersionLoggerListener.log JVM Vendor:            Oracle Corporation
03-Apr-2024 22:26:02.891 INFO [main] org.apache.catalina.startup.VersionLoggerListener.log CATALINA_BASE:         D:\JavaSQL\Java8\apache-tomcat-8.5.24
03-Apr-2024 22:26:02.891 INFO [main] org.apache.catalina.startup.VersionLoggerListener.log CATALINA_HOME:         D:\JavaSQL\Java8\apache-tomcat-8.5.24
03-Apr-2024 22:26:02.898 INFO [main] org.apache.catalina.startup.VersionLoggerListener.log Command line argument: -Djava.util.logging.config.file=D:\JavaSQL\Java8\apache-tomcat-8.5.24\conf\logging.properties
03-Apr-2024 22:26:02.898 INFO [main] org.apache.catalina.startup.VersionLoggerListener.log Command line argument: -Djava.util.logging.manager=org.apache.juli.ClassLoaderLogManager
03-Apr-2024 22:26:02.902 INFO [main] org.apache.catalina.startup.VersionLoggerListener.log Command line argument: -Djdk.tls.ephemeralDHKeySize=2048
03-Apr-2024 22:26:02.902 INFO [main] org.apache.catalina.startup.VersionLoggerListener.log Command line argument: -Djava.protocol.handler.pkgs=org.apache.catalina.webresources
03-Apr-2024 22:26:02.902 INFO [main] org.apache.catalina.startup.VersionLoggerListener.log Command line argument: -Dignore.endorsed.dirs=
03-Apr-2024 22:26:02.902 INFO [main] org.apache.catalina.startup.VersionLoggerListener.log Command line argument: -Dcatalina.base=D:\JavaSQL\Java8\apache-tomcat-8.5.24
03-Apr-2024 22:26:02.902 INFO [main] org.apache.catalina.startup.VersionLoggerListener.log Command line argument: -Dcatalina.home=D:\JavaSQL\Java8\apache-tomcat-8.5.24
03-Apr-2024 22:26:02.902 INFO [main] org.apache.catalina.startup.VersionLoggerListener.log Command line argument: -Djava.io.tmpdir=D:\JavaSQL\Java8\apache-tomcat-8.5.24\temp
03-Apr-2024 22:26:02.902 INFO [main] org.apache.catalina.core.AprLifecycleListener.lifecycleEvent The APR based Apache Tomcat Native library which allows optimal performance in production environments was not found on the java.library.path: [D:\JavaSQL\Java8\jdk1.8.0_131\bin;C:\WINDOWS\Sun\Java\bin;C:\WINDOWS\system32;C:\WINDOWS;D:\JavaSQL\Java8\jdk1.8.0_131\bin;D:\JavaSQL\Java8\jdk1.8.0_131\db\bin;D:\JavaSQL\Java8\squirrelsql-4.0.0-standard;D:\JavaSQL\Java8\apache-tomcat-8.5.24\bin;C:\WINDOWS\system32;C:\WINDOWS;C:\WINDOWS\System32\Wbem;C:\WINDOWS\System32\WindowsPowerShell\v1.0\;C:\WINDOWS\System32\OpenSSH\;C:\Program Files\dotnet\;C:\Users\Aldoa\Desktop\Infor\bin;C:\Users\Aldoa\AppData\Local\Microsoft\WindowsApps;;.]
03-Apr-2024 22:26:02.996 INFO [main] org.apache.coyote.AbstractProtocol.init Initializing ProtocolHandler ["http-nio-8082"]
03-Apr-2024 22:26:03.291 INFO [main] org.apache.tomcat.util.net.NioSelectorPool.getSharedSelector Using a shared selector for servlet write/read
03-Apr-2024 22:26:03.291 INFO [main] org.apache.coyote.AbstractProtocol.init Initializing ProtocolHandler ["ajp-nio-8009"]
03-Apr-2024 22:26:03.291 INFO [main] org.apache.tomcat.util.net.NioSelectorPool.getSharedSelector Using a shared selector for servlet write/read
03-Apr-2024 22:26:03.291 INFO [main] org.apache.catalina.startup.Catalina.load Initialization processed in 671 ms
03-Apr-2024 22:26:03.323 INFO [main] org.apache.catalina.core.StandardService.startInternal Starting service [Catalina]
03-Apr-2024 22:26:03.323 INFO [main] org.apache.catalina.core.StandardEngine.startInternal Starting Servlet Engine: Apache Tomcat/8.5.24
03-Apr-2024 22:26:03.340 INFO [localhost-startStop-1] org.apache.catalina.startup.HostConfig.deployDirectory Deploying web application directory [D:\JavaSQL\Java8\apache-tomcat-8.5.24\webapps\docs]
03-Apr-2024 22:26:03.611 INFO [localhost-startStop-1] org.apache.jasper.servlet.TldScanner.scanJars At least one JAR was scanned for TLDs yet contained no TLDs. Enable debug logging for this logger for a complete list of JARs that were scanned but no TLDs were found in them. Skipping unneeded JARs during scanning can improve startup time and JSP compilation time.
03-Apr-2024 22:26:03.662 INFO [localhost-startStop-1] org.apache.catalina.startup.HostConfig.deployDirectory Deployment of web application directory [D:\JavaSQL\Java8\apache-tomcat-8.5.24\webapps\docs] has finished in [322] ms
03-Apr-2024 22:26:03.662 INFO [localhost-startStop-1] org.apache.catalina.startup.HostConfig.deployDirectory Deploying web application directory [D:\JavaSQL\Java8\apache-tomcat-8.5.24\webapps\examples]
03-Apr-2024 22:26:03.881 INFO [localhost-startStop-1] org.apache.jasper.servlet.TldScanner.scanJars At least one JAR was scanned for TLDs yet contained no TLDs. Enable debug logging for this logger for a complete list of JARs that were scanned but no TLDs were found in them. Skipping unneeded JARs during scanning can improve startup time and JSP compilation time.
03-Apr-2024 22:26:03.927 INFO [localhost-startStop-1] org.apache.catalina.startup.HostConfig.deployDirectory Deployment of web application directory [D:\JavaSQL\Java8\apache-tomcat-8.5.24\webapps\examples] has finished in [265] ms
03-Apr-2024 22:26:03.927 INFO [localhost-startStop-1] org.apache.catalina.startup.HostConfig.deployDirectory Deploying web application directory [D:\JavaSQL\Java8\apache-tomcat-8.5.24\webapps\host-manager]
03-Apr-2024 22:26:03.960 INFO [localhost-startStop-1] org.apache.jasper.servlet.TldScanner.scanJars At least one JAR was scanned for TLDs yet contained no TLDs. Enable debug logging for this logger for a complete list of JARs that were scanned but no TLDs were found in them. Skipping unneeded JARs during scanning can improve startup time and JSP compilation time.
03-Apr-2024 22:26:03.960 INFO [localhost-startStop-1] org.apache.catalina.startup.HostConfig.deployDirectory Deployment of web application directory [D:\JavaSQL\Java8\apache-tomcat-8.5.24\webapps\host-manager] has finished in [33] ms
03-Apr-2024 22:26:03.960 INFO [localhost-startStop-1] org.apache.catalina.startup.HostConfig.deployDirectory Deploying web application directory [D:\JavaSQL\Java8\apache-tomcat-8.5.24\webapps\ROOT]
03-Apr-2024 22:26:03.987 INFO [localhost-startStop-1] org.apache.jasper.servlet.TldScanner.scanJars At least one JAR was scanned for TLDs yet contained no TLDs. Enable debug logging for this logger for a complete list of JARs that were scanned but no TLDs were found in them. Skipping unneeded JARs during scanning can improve startup time and JSP compilation time.
03-Apr-2024 22:26:03.990 INFO [localhost-startStop-1] org.apache.catalina.startup.HostConfig.deployDirectory Deployment of web application directory [D:\JavaSQL\Java8\apache-tomcat-8.5.24\webapps\ROOT] has finished in [30] ms
03-Apr-2024 22:26:03.994 INFO [localhost-startStop-1] org.apache.catalina.startup.HostConfig.deployDirectory Deploying web application directory [D:\JavaSQL\Java8\apache-tomcat-8.5.24\webapps\SQLServer]
03-Apr-2024 22:26:04.024 INFO [localhost-startStop-1] org.apache.jasper.servlet.TldScanner.scanJars At least one JAR was scanned for TLDs yet contained no TLDs. Enable debug logging for this logger for a complete list of JARs that were scanned but no TLDs were found in them. Skipping unneeded JARs during scanning can improve startup time and JSP compilation time.
03-Apr-2024 22:26:04.027 INFO [localhost-startStop-1] org.apache.catalina.startup.HostConfig.deployDirectory Deployment of web application directory [D:\JavaSQL\Java8\apache-tomcat-8.5.24\webapps\SQLServer] has finished in [33] ms
03-Apr-2024 22:26:04.027 INFO [localhost-startStop-1] org.apache.catalina.startup.HostConfig.deployDirectory Deploying web application directory [D:\JavaSQL\Java8\apache-tomcat-8.5.24\webapps\Servlet1]
03-Apr-2024 22:26:04.044 INFO [localhost-startStop-1] org.apache.jasper.servlet.TldScanner.scanJars At least one JAR was scanned for TLDs yet contained no TLDs. Enable debug logging for this logger for a complete list of JARs that were scanned but no TLDs were found in them. Skipping unneeded JARs during scanning can improve startup time and JSP compilation time.
03-Apr-2024 22:26:04.058 INFO [localhost-startStop-1] org.apache.catalina.startup.HostConfig.deployDirectory Deployment of web application directory [D:\JavaSQL\Java8\apache-tomcat-8.5.24\webapps\Servlet1] has finished in [31] ms
03-Apr-2024 22:26:04.058 INFO [localhost-startStop-1] org.apache.catalina.startup.HostConfig.deployDirectory Deploying web application directory [D:\JavaSQL\Java8\apache-tomcat-8.5.24\webapps\Servlet2]
03-Apr-2024 22:26:04.091 INFO [localhost-startStop-1] org.apache.jasper.servlet.TldScanner.scanJars At least one JAR was scanned for TLDs yet contained no TLDs. Enable debug logging for this logger for a complete list of JARs that were scanned but no TLDs were found in them. Skipping unneeded JARs during scanning can improve startup time and JSP compilation time.
03-Apr-2024 22:26:04.091 INFO [localhost-startStop-1] org.apache.catalina.startup.HostConfig.deployDirectory Deployment of web application directory [D:\JavaSQL\Java8\apache-tomcat-8.5.24\webapps\Servlet2] has finished in [33] ms
03-Apr-2024 22:26:04.091 INFO [localhost-startStop-1] org.apache.catalina.startup.HostConfig.deployDirectory Deploying web application directory [D:\JavaSQL\Java8\apache-tomcat-8.5.24\webapps\Servlet3]
03-Apr-2024 22:26:04.112 INFO [localhost-startStop-1] org.apache.jasper.servlet.TldScanner.scanJars At least one JAR was scanned for TLDs yet contained no TLDs. Enable debug logging for this logger for a complete list of JARs that were scanned but no TLDs were found in them. Skipping unneeded JARs during scanning can improve startup time and JSP compilation time.
03-Apr-2024 22:26:04.112 INFO [localhost-startStop-1] org.apache.catalina.startup.HostConfig.deployDirectory Deployment of web application directory [D:\JavaSQL\Java8\apache-tomcat-8.5.24\webapps\Servlet3] has finished in [21] ms
03-Apr-2024 22:26:04.112 INFO [localhost-startStop-1] org.apache.catalina.startup.HostConfig.deployDirectory Deploying web application directory [D:\JavaSQL\Java8\apache-tomcat-8.5.24\webapps\Servlet4]
03-Apr-2024 22:26:04.142 INFO [localhost-startStop-1] org.apache.jasper.servlet.TldScanner.scanJars At least one JAR was scanned for TLDs yet contained no TLDs. Enable debug logging for this logger for a complete list of JARs that were scanned but no TLDs were found in them. Skipping unneeded JARs during scanning can improve startup time and JSP compilation time.
03-Apr-2024 22:26:04.147 INFO [localhost-startStop-1] org.apache.catalina.startup.HostConfig.deployDirectory Deployment of web application directory [D:\JavaSQL\Java8\apache-tomcat-8.5.24\webapps\Servlet4] has finished in [35] ms
03-Apr-2024 22:26:04.147 INFO [localhost-startStop-1] org.apache.catalina.startup.HostConfig.deployDirectory Deploying web application directory [D:\JavaSQL\Java8\apache-tomcat-8.5.24\webapps\Pract8]
03-Apr-2024 22:26:04.182 INFO [localhost-startStop-1] org.apache.jasper.servlet.TldScanner.scanJars At least one JAR was scanned for TLDs yet contained no TLDs. Enable debug logging for this logger for a complete list of JARs that were scanned but no TLDs were found in them. Skipping unneeded JARs during scanning can improve startup time and JSP compilation time.
03-Apr-2024 22:26:04.182 INFO [localhost-startStop-1] org.apache.catalina.startup.HostConfig.deployDirectory Deployment of web application directory [D:\JavaSQL\Java8\apache-tomcat-8.5.24\webapps\Pract8] has finished in [35] ms
03-Apr-2024 22:26:04.182 INFO [localhost-startStop-1] org.apache.catalina.startup.HostConfig.deployDirectory Deploying web application directory [D:\JavaSQL\Java8\apache-tomcat-8.5.24\webapps\Entrega]
03-Apr-2024 22:26:04.231 INFO [localhost-startStop-1] org.apache.jasper.servlet.TldScanner.scanJars At least one JAR was scanned for TLDs yet contained no TLDs. Enable debug logging for this logger for a complete list of JARs that were scanned but no TLDs were found in them. Skipping unneeded JARs during scanning can improve startup time and JSP compilation time.
03-Apr-2024 22:26:04.239 INFO [localhost-startStop-1] org.apache.catalina.startup.HostConfig.deployDirectory Deployment of web application directory [D:\JavaSQL\Java8\apache-tomcat-8.5.24\webapps\Entrega] has finished in [57] ms
03-Apr-2024 22:26:04.241 INFO [localhost-startStop-1] org.apache.catalina.startup.HostConfig.deployDirectory Deploying web application directory [D:\JavaSQL\Java8\apache-tomcat-8.5.24\webapps\matrices8]
03-Apr-2024 22:26:04.258 INFO [localhost-startStop-1] org.apache.jasper.servlet.TldScanner.scanJars At least one JAR was scanned for TLDs yet contained no TLDs. Enable debug logging for this logger for a complete list of JARs that were scanned but no TLDs were found in them. Skipping unneeded JARs during scanning can improve startup time and JSP compilation time.
03-Apr-2024 22:26:04.271 INFO [localhost-startStop-1] org.apache.catalina.startup.HostConfig.deployDirectory Deployment of web application directory [D:\JavaSQL\Java8\apache-tomcat-8.5.24\webapps\matrices8] has finished in [32] ms
03-Apr-2024 22:26:04.271 INFO [localhost-startStop-1] org.apache.catalina.startup.HostConfig.deployDirectory Deploying web application directory [D:\JavaSQL\Java8\apache-tomcat-8.5.24\webapps\TD_E18]
03-Apr-2024 22:26:04.303 INFO [localhost-startStop-1] org.apache.jasper.servlet.TldScanner.scanJars At least one JAR was scanned for TLDs yet contained no TLDs. Enable debug logging for this logger for a complete list of JARs that were scanned but no TLDs were found in them. Skipping unneeded JARs during scanning can improve startup time and JSP compilation time.
03-Apr-2024 22:26:04.308 INFO [localhost-startStop-1] org.apache.catalina.startup.HostConfig.deployDirectory Deployment of web application directory [D:\JavaSQL\Java8\apache-tomcat-8.5.24\webapps\TD_E18] has finished in [37] ms
03-Apr-2024 22:26:04.308 INFO [localhost-startStop-1] org.apache.catalina.startup.HostConfig.deployDirectory Deploying web application directory [D:\JavaSQL\Java8\apache-tomcat-8.5.24\webapps\TD_E30]
03-Apr-2024 22:26:04.328 INFO [localhost-startStop-1] org.apache.jasper.servlet.TldScanner.scanJars At least one JAR was scanned for TLDs yet contained no TLDs. Enable debug logging for this logger for a complete list of JARs that were scanned but no TLDs were found in them. Skipping unneeded JARs during scanning can improve startup time and JSP compilation time.
03-Apr-2024 22:26:04.328 INFO [localhost-startStop-1] org.apache.catalina.startup.HostConfig.deployDirectory Deployment of web application directory [D:\JavaSQL\Java8\apache-tomcat-8.5.24\webapps\TD_E30] has finished in [20] ms
03-Apr-2024 22:26:04.328 INFO [localhost-startStop-1] org.apache.catalina.startup.HostConfig.deployDirectory Deploying web application directory [D:\JavaSQL\Java8\apache-tomcat-8.5.24\webapps\TD_E31]
03-Apr-2024 22:26:04.438 INFO [localhost-startStop-1] org.apache.jasper.servlet.TldScanner.scanJars At least one JAR was scanned for TLDs yet contained no TLDs. Enable debug logging for this logger for a complete list of JARs that were scanned but no TLDs were found in them. Skipping unneeded JARs during scanning can improve startup time and JSP compilation time.
03-Apr-2024 22:26:04.454 INFO [localhost-startStop-1] org.apache.catalina.startup.HostConfig.deployDirectory Deployment of web application directory [D:\JavaSQL\Java8\apache-tomcat-8.5.24\webapps\TD_E31] has finished in [126] ms
03-Apr-2024 22:26:04.454 INFO [main] org.apache.coyote.AbstractProtocol.start Starting ProtocolHandler ["http-nio-8082"]
03-Apr-2024 22:26:04.471 INFO [main] org.apache.coyote.AbstractProtocol.start Starting ProtocolHandler ["ajp-nio-8009"]
03-Apr-2024 22:26:04.471 INFO [main] org.apache.catalina.startup.Catalina.start Server startup in 1170 ms
03-Apr-2024 22:27:29.787 INFO [main] org.apache.catalina.core.StandardServer.await A valid shutdown command was received via the shutdown port. Stopping the Server instance.
03-Apr-2024 22:27:29.787 INFO [main] org.apache.coyote.AbstractProtocol.pause Pausing ProtocolHandler ["http-nio-8082"]
03-Apr-2024 22:27:30.255 INFO [main] org.apache.coyote.AbstractProtocol.pause Pausing ProtocolHandler ["ajp-nio-8009"]
03-Apr-2024 22:27:30.697 INFO [main] org.apache.catalina.core.StandardService.stopInternal Stopping service [Catalina]
03-Apr-2024 22:27:30.776 INFO [main] org.apache.coyote.AbstractProtocol.stop Stopping ProtocolHandler ["http-nio-8082"]
03-Apr-2024 22:27:30.776 INFO [main] org.apache.coyote.AbstractProtocol.stop Stopping ProtocolHandler ["ajp-nio-8009"]
03-Apr-2024 22:27:30.792 INFO [main] org.apache.coyote.AbstractProtocol.destroy Destroying ProtocolHandler ["http-nio-8082"]
03-Apr-2024 22:27:30.792 INFO [main] org.apache.coyote.AbstractProtocol.destroy Destroying ProtocolHandler ["ajp-nio-8009"]
03-Apr-2024 22:27:33.338 INFO [main] org.apache.catalina.startup.VersionLoggerListener.log Server version:        Apache Tomcat/8.5.24
03-Apr-2024 22:27:33.338 INFO [main] org.apache.catalina.startup.VersionLoggerListener.log Server built:          Nov 27 2017 13:05:30 UTC
03-Apr-2024 22:27:33.338 INFO [main] org.apache.catalina.startup.VersionLoggerListener.log Server number:         8.5.24.0
03-Apr-2024 22:27:33.338 INFO [main] org.apache.catalina.startup.VersionLoggerListener.log OS Name:               Windows 10
03-Apr-2024 22:27:33.338 INFO [main] org.apache.catalina.startup.VersionLoggerListener.log OS Version:            10.0
03-Apr-2024 22:27:33.338 INFO [main] org.apache.catalina.startup.VersionLoggerListener.log Architecture:          x86
03-Apr-2024 22:27:33.338 INFO [main] org.apache.catalina.startup.VersionLoggerListener.log Java Home:             D:\JavaSQL\Java8\jdk1.8.0_131\jre
03-Apr-2024 22:27:33.338 INFO [main] org.apache.catalina.startup.VersionLoggerListener.log JVM Version:           1.8.0_131-b11
03-Apr-2024 22:27:33.338 INFO [main] org.apache.catalina.startup.VersionLoggerListener.log JVM Vendor:            Oracle Corporation
03-Apr-2024 22:27:33.338 INFO [main] org.apache.catalina.startup.VersionLoggerListener.log CATALINA_BASE:         D:\JavaSQL\Java8\apache-tomcat-8.5.24
03-Apr-2024 22:27:33.338 INFO [main] org.apache.catalina.startup.VersionLoggerListener.log CATALINA_HOME:         D:\JavaSQL\Java8\apache-tomcat-8.5.24
03-Apr-2024 22:27:33.338 INFO [main] org.apache.catalina.startup.VersionLoggerListener.log Command line argument: -Djava.util.logging.config.file=D:\JavaSQL\Java8\apache-tomcat-8.5.24\conf\logging.properties
03-Apr-2024 22:27:33.338 INFO [main] org.apache.catalina.startup.VersionLoggerListener.log Command line argument: -Djava.util.logging.manager=org.apache.juli.ClassLoaderLogManager
03-Apr-2024 22:27:33.338 INFO [main] org.apache.catalina.startup.VersionLoggerListener.log Command line argument: -Djdk.tls.ephemeralDHKeySize=2048
03-Apr-2024 22:27:33.338 INFO [main] org.apache.catalina.startup.VersionLoggerListener.log Command line argument: -Djava.protocol.handler.pkgs=org.apache.catalina.webresources
03-Apr-2024 22:27:33.338 INFO [main] org.apache.catalina.startup.VersionLoggerListener.log Command line argument: -Dignore.endorsed.dirs=
03-Apr-2024 22:27:33.338 INFO [main] org.apache.catalina.startup.VersionLoggerListener.log Command line argument: -Dcatalina.base=D:\JavaSQL\Java8\apache-tomcat-8.5.24
03-Apr-2024 22:27:33.338 INFO [main] org.apache.catalina.startup.VersionLoggerListener.log Command line argument: -Dcatalina.home=D:\JavaSQL\Java8\apache-tomcat-8.5.24
03-Apr-2024 22:27:33.338 INFO [main] org.apache.catalina.startup.VersionLoggerListener.log Command line argument: -Djava.io.tmpdir=D:\JavaSQL\Java8\apache-tomcat-8.5.24\temp
03-Apr-2024 22:27:33.353 INFO [main] org.apache.catalina.core.AprLifecycleListener.lifecycleEvent The APR based Apache Tomcat Native library which allows optimal performance in production environments was not found on the java.library.path: [D:\JavaSQL\Java8\jdk1.8.0_131\bin;C:\WINDOWS\Sun\Java\bin;C:\WINDOWS\system32;C:\WINDOWS;D:\JavaSQL\Java8\jdk1.8.0_131\bin;D:\JavaSQL\Java8\jdk1.8.0_131\db\bin;D:\JavaSQL\Java8\squirrelsql-4.0.0-standard;D:\JavaSQL\Java8\apache-tomcat-8.5.24\bin;C:\WINDOWS\system32;C:\WINDOWS;C:\WINDOWS\System32\Wbem;C:\WINDOWS\System32\WindowsPowerShell\v1.0\;C:\WINDOWS\System32\OpenSSH\;C:\Program Files\dotnet\;C:\Users\Aldoa\Desktop\Infor\bin;C:\Users\Aldoa\AppData\Local\Microsoft\WindowsApps;;.]
03-Apr-2024 22:27:33.434 INFO [main] org.apache.coyote.AbstractProtocol.init Initializing ProtocolHandler ["http-nio-8082"]
03-Apr-2024 22:27:33.687 INFO [main] org.apache.tomcat.util.net.NioSelectorPool.getSharedSelector Using a shared selector for servlet write/read
03-Apr-2024 22:27:33.696 INFO [main] org.apache.coyote.AbstractProtocol.init Initializing ProtocolHandler ["ajp-nio-8009"]
03-Apr-2024 22:27:33.696 INFO [main] org.apache.tomcat.util.net.NioSelectorPool.getSharedSelector Using a shared selector for servlet write/read
03-Apr-2024 22:27:33.698 INFO [main] org.apache.catalina.startup.Catalina.load Initialization processed in 610 ms
03-Apr-2024 22:27:33.720 INFO [main] org.apache.catalina.core.StandardService.startInternal Starting service [Catalina]
03-Apr-2024 22:27:33.720 INFO [main] org.apache.catalina.core.StandardEngine.startInternal Starting Servlet Engine: Apache Tomcat/8.5.24
03-Apr-2024 22:27:33.736 INFO [localhost-startStop-1] org.apache.catalina.startup.HostConfig.deployDirectory Deploying web application directory [D:\JavaSQL\Java8\apache-tomcat-8.5.24\webapps\docs]
03-Apr-2024 22:27:33.995 INFO [localhost-startStop-1] org.apache.jasper.servlet.TldScanner.scanJars At least one JAR was scanned for TLDs yet contained no TLDs. Enable debug logging for this logger for a complete list of JARs that were scanned but no TLDs were found in them. Skipping unneeded JARs during scanning can improve startup time and JSP compilation time.
03-Apr-2024 22:27:34.043 INFO [localhost-startStop-1] org.apache.catalina.startup.HostConfig.deployDirectory Deployment of web application directory [D:\JavaSQL\Java8\apache-tomcat-8.5.24\webapps\docs] has finished in [307] ms
03-Apr-2024 22:27:34.043 INFO [localhost-startStop-1] org.apache.catalina.startup.HostConfig.deployDirectory Deploying web application directory [D:\JavaSQL\Java8\apache-tomcat-8.5.24\webapps\examples]
03-Apr-2024 22:27:34.244 INFO [localhost-startStop-1] org.apache.jasper.servlet.TldScanner.scanJars At least one JAR was scanned for TLDs yet contained no TLDs. Enable debug logging for this logger for a complete list of JARs that were scanned but no TLDs were found in them. Skipping unneeded JARs during scanning can improve startup time and JSP compilation time.
03-Apr-2024 22:27:34.295 INFO [localhost-startStop-1] org.apache.catalina.startup.HostConfig.deployDirectory Deployment of web application directory [D:\JavaSQL\Java8\apache-tomcat-8.5.24\webapps\examples] has finished in [252] ms
03-Apr-2024 22:27:34.295 INFO [localhost-startStop-1] org.apache.catalina.startup.HostConfig.deployDirectory Deploying web application directory [D:\JavaSQL\Java8\apache-tomcat-8.5.24\webapps\host-manager]
03-Apr-2024 22:27:34.334 INFO [localhost-startStop-1] org.apache.jasper.servlet.TldScanner.scanJars At least one JAR was scanned for TLDs yet contained no TLDs. Enable debug logging for this logger for a complete list of JARs that were scanned but no TLDs were found in them. Skipping unneeded JARs during scanning can improve startup time and JSP compilation time.
03-Apr-2024 22:27:34.341 INFO [localhost-startStop-1] org.apache.catalina.startup.HostConfig.deployDirectory Deployment of web application directory [D:\JavaSQL\Java8\apache-tomcat-8.5.24\webapps\host-manager] has finished in [46] ms
03-Apr-2024 22:27:34.341 INFO [localhost-startStop-1] org.apache.catalina.startup.HostConfig.deployDirectory Deploying web application directory [D:\JavaSQL\Java8\apache-tomcat-8.5.24\webapps\ROOT]
03-Apr-2024 22:27:34.350 INFO [localhost-startStop-1] org.apache.jasper.servlet.TldScanner.scanJars At least one JAR was scanned for TLDs yet contained no TLDs. Enable debug logging for this logger for a complete list of JARs that were scanned but no TLDs were found in them. Skipping unneeded JARs during scanning can improve startup time and JSP compilation time.
03-Apr-2024 22:27:34.363 INFO [localhost-startStop-1] org.apache.catalina.startup.HostConfig.deployDirectory Deployment of web application directory [D:\JavaSQL\Java8\apache-tomcat-8.5.24\webapps\ROOT] has finished in [22] ms
03-Apr-2024 22:27:34.363 INFO [localhost-startStop-1] org.apache.catalina.startup.HostConfig.deployDirectory Deploying web application directory [D:\JavaSQL\Java8\apache-tomcat-8.5.24\webapps\SQLServer]
03-Apr-2024 22:27:34.390 INFO [localhost-startStop-1] org.apache.jasper.servlet.TldScanner.scanJars At least one JAR was scanned for TLDs yet contained no TLDs. Enable debug logging for this logger for a complete list of JARs that were scanned but no TLDs were found in them. Skipping unneeded JARs during scanning can improve startup time and JSP compilation time.
03-Apr-2024 22:27:34.390 INFO [localhost-startStop-1] org.apache.catalina.startup.HostConfig.deployDirectory Deployment of web application directory [D:\JavaSQL\Java8\apache-tomcat-8.5.24\webapps\SQLServer] has finished in [27] ms
03-Apr-2024 22:27:34.399 INFO [localhost-startStop-1] org.apache.catalina.startup.HostConfig.deployDirectory Deploying web application directory [D:\JavaSQL\Java8\apache-tomcat-8.5.24\webapps\Servlet1]
03-Apr-2024 22:27:34.425 INFO [localhost-startStop-1] org.apache.jasper.servlet.TldScanner.scanJars At least one JAR was scanned for TLDs yet contained no TLDs. Enable debug logging for this logger for a complete list of JARs that were scanned but no TLDs were found in them. Skipping unneeded JARs during scanning can improve startup time and JSP compilation time.
03-Apr-2024 22:27:34.425 INFO [localhost-startStop-1] org.apache.catalina.startup.HostConfig.deployDirectory Deployment of web application directory [D:\JavaSQL\Java8\apache-tomcat-8.5.24\webapps\Servlet1] has finished in [26] ms
03-Apr-2024 22:27:34.425 INFO [localhost-startStop-1] org.apache.catalina.startup.HostConfig.deployDirectory Deploying web application directory [D:\JavaSQL\Java8\apache-tomcat-8.5.24\webapps\Servlet2]
03-Apr-2024 22:27:34.458 INFO [localhost-startStop-1] org.apache.jasper.servlet.TldScanner.scanJars At least one JAR was scanned for TLDs yet contained no TLDs. Enable debug logging for this logger for a complete list of JARs that were scanned but no TLDs were found in them. Skipping unneeded JARs during scanning can improve startup time and JSP compilation time.
03-Apr-2024 22:27:34.458 INFO [localhost-startStop-1] org.apache.catalina.startup.HostConfig.deployDirectory Deployment of web application directory [D:\JavaSQL\Java8\apache-tomcat-8.5.24\webapps\Servlet2] has finished in [33] ms
03-Apr-2024 22:27:34.458 INFO [localhost-startStop-1] org.apache.catalina.startup.HostConfig.deployDirectory Deploying web application directory [D:\JavaSQL\Java8\apache-tomcat-8.5.24\webapps\Servlet3]
03-Apr-2024 22:27:34.492 INFO [localhost-startStop-1] org.apache.jasper.servlet.TldScanner.scanJars At least one JAR was scanned for TLDs yet contained no TLDs. Enable debug logging for this logger for a complete list of JARs that were scanned but no TLDs were found in them. Skipping unneeded JARs during scanning can improve startup time and JSP compilation time.
03-Apr-2024 22:27:34.492 INFO [localhost-startStop-1] org.apache.catalina.startup.HostConfig.deployDirectory Deployment of web application directory [D:\JavaSQL\Java8\apache-tomcat-8.5.24\webapps\Servlet3] has finished in [34] ms
03-Apr-2024 22:27:34.492 INFO [localhost-startStop-1] org.apache.catalina.startup.HostConfig.deployDirectory Deploying web application directory [D:\JavaSQL\Java8\apache-tomcat-8.5.24\webapps\Servlet4]
03-Apr-2024 22:27:34.508 INFO [localhost-startStop-1] org.apache.jasper.servlet.TldScanner.scanJars At least one JAR was scanned for TLDs yet contained no TLDs. Enable debug logging for this logger for a complete list of JARs that were scanned but no TLDs were found in them. Skipping unneeded JARs during scanning can improve startup time and JSP compilation time.
03-Apr-2024 22:27:34.522 INFO [localhost-startStop-1] org.apache.catalina.startup.HostConfig.deployDirectory Deployment of web application directory [D:\JavaSQL\Java8\apache-tomcat-8.5.24\webapps\Servlet4] has finished in [30] ms
03-Apr-2024 22:27:34.522 INFO [localhost-startStop-1] org.apache.catalina.startup.HostConfig.deployDirectory Deploying web application directory [D:\JavaSQL\Java8\apache-tomcat-8.5.24\webapps\Pract8]
03-Apr-2024 22:27:34.541 INFO [localhost-startStop-1] org.apache.jasper.servlet.TldScanner.scanJars At least one JAR was scanned for TLDs yet contained no TLDs. Enable debug logging for this logger for a complete list of JARs that were scanned but no TLDs were found in them. Skipping unneeded JARs during scanning can improve startup time and JSP compilation time.
03-Apr-2024 22:27:34.556 INFO [localhost-startStop-1] org.apache.catalina.startup.HostConfig.deployDirectory Deployment of web application directory [D:\JavaSQL\Java8\apache-tomcat-8.5.24\webapps\Pract8] has finished in [34] ms
03-Apr-2024 22:27:34.556 INFO [localhost-startStop-1] org.apache.catalina.startup.HostConfig.deployDirectory Deploying web application directory [D:\JavaSQL\Java8\apache-tomcat-8.5.24\webapps\Entrega]
03-Apr-2024 22:27:34.590 INFO [localhost-startStop-1] org.apache.jasper.servlet.TldScanner.scanJars At least one JAR was scanned for TLDs yet contained no TLDs. Enable debug logging for this logger for a complete list of JARs that were scanned but no TLDs were found in them. Skipping unneeded JARs during scanning can improve startup time and JSP compilation time.
03-Apr-2024 22:27:34.592 INFO [localhost-startStop-1] org.apache.catalina.startup.HostConfig.deployDirectory Deployment of web application directory [D:\JavaSQL\Java8\apache-tomcat-8.5.24\webapps\Entrega] has finished in [36] ms
03-Apr-2024 22:27:34.592 INFO [localhost-startStop-1] org.apache.catalina.startup.HostConfig.deployDirectory Deploying web application directory [D:\JavaSQL\Java8\apache-tomcat-8.5.24\webapps\matrices8]
03-Apr-2024 22:27:34.612 INFO [localhost-startStop-1] org.apache.jasper.servlet.TldScanner.scanJars At least one JAR was scanned for TLDs yet contained no TLDs. Enable debug logging for this logger for a complete list of JARs that were scanned but no TLDs were found in them. Skipping unneeded JARs during scanning can improve startup time and JSP compilation time.
03-Apr-2024 22:27:34.620 INFO [localhost-startStop-1] org.apache.catalina.startup.HostConfig.deployDirectory Deployment of web application directory [D:\JavaSQL\Java8\apache-tomcat-8.5.24\webapps\matrices8] has finished in [28] ms
03-Apr-2024 22:27:34.620 INFO [localhost-startStop-1] org.apache.catalina.startup.HostConfig.deployDirectory Deploying web application directory [D:\JavaSQL\Java8\apache-tomcat-8.5.24\webapps\TD_E18]
03-Apr-2024 22:27:34.652 INFO [localhost-startStop-1] org.apache.jasper.servlet.TldScanner.scanJars At least one JAR was scanned for TLDs yet contained no TLDs. Enable debug logging for this logger for a complete list of JARs that were scanned but no TLDs were found in them. Skipping unneeded JARs during scanning can improve startup time and JSP compilation time.
03-Apr-2024 22:27:34.652 INFO [localhost-startStop-1] org.apache.catalina.startup.HostConfig.deployDirectory Deployment of web application directory [D:\JavaSQL\Java8\apache-tomcat-8.5.24\webapps\TD_E18] has finished in [32] ms
03-Apr-2024 22:27:34.652 INFO [localhost-startStop-1] org.apache.catalina.startup.HostConfig.deployDirectory Deploying web application directory [D:\JavaSQL\Java8\apache-tomcat-8.5.24\webapps\TD_E30]
03-Apr-2024 22:27:34.684 INFO [localhost-startStop-1] org.apache.jasper.servlet.TldScanner.scanJars At least one JAR was scanned for TLDs yet contained no TLDs. Enable debug logging for this logger for a complete list of JARs that were scanned but no TLDs were found in them. Skipping unneeded JARs during scanning can improve startup time and JSP compilation time.
03-Apr-2024 22:27:34.684 INFO [localhost-startStop-1] org.apache.catalina.startup.HostConfig.deployDirectory Deployment of web application directory [D:\JavaSQL\Java8\apache-tomcat-8.5.24\webapps\TD_E30] has finished in [32] ms
03-Apr-2024 22:27:34.684 INFO [localhost-startStop-1] org.apache.catalina.startup.HostConfig.deployDirectory Deploying web application directory [D:\JavaSQL\Java8\apache-tomcat-8.5.24\webapps\TD_E31]
03-Apr-2024 22:27:34.808 INFO [localhost-startStop-1] org.apache.jasper.servlet.TldScanner.scanJars At least one JAR was scanned for TLDs yet contained no TLDs. Enable debug logging for this logger for a complete list of JARs that were scanned but no TLDs were found in them. Skipping unneeded JARs during scanning can improve startup time and JSP compilation time.
03-Apr-2024 22:27:34.821 INFO [localhost-startStop-1] org.apache.catalina.startup.HostConfig.deployDirectory Deployment of web application directory [D:\JavaSQL\Java8\apache-tomcat-8.5.24\webapps\TD_E31] has finished in [124] ms
03-Apr-2024 22:27:34.824 INFO [main] org.apache.coyote.AbstractProtocol.start Starting ProtocolHandler ["http-nio-8082"]
03-Apr-2024 22:27:34.845 INFO [main] org.apache.coyote.AbstractProtocol.start Starting ProtocolHandler ["ajp-nio-8009"]
03-Apr-2024 22:27:34.845 INFO [main] org.apache.catalina.startup.Catalina.start Server startup in 1154 ms
03-Apr-2024 22:27:56.588 INFO [main] org.apache.catalina.core.StandardServer.await A valid shutdown command was received via the shutdown port. Stopping the Server instance.
03-Apr-2024 22:27:56.588 INFO [main] org.apache.coyote.AbstractProtocol.pause Pausing ProtocolHandler ["http-nio-8082"]
03-Apr-2024 22:27:56.987 INFO [main] org.apache.coyote.AbstractProtocol.pause Pausing ProtocolHandler ["ajp-nio-8009"]
03-Apr-2024 22:27:57.445 INFO [main] org.apache.catalina.core.StandardService.stopInternal Stopping service [Catalina]
03-Apr-2024 22:27:57.518 INFO [main] org.apache.coyote.AbstractProtocol.stop Stopping ProtocolHandler ["http-nio-8082"]
03-Apr-2024 22:27:57.518 INFO [main] org.apache.coyote.AbstractProtocol.stop Stopping ProtocolHandler ["ajp-nio-8009"]
03-Apr-2024 22:27:57.524 INFO [main] org.apache.coyote.AbstractProtocol.destroy Destroying ProtocolHandler ["http-nio-8082"]
03-Apr-2024 22:27:57.524 INFO [main] org.apache.coyote.AbstractProtocol.destroy Destroying ProtocolHandler ["ajp-nio-8009"]
03-Apr-2024 22:28:00.204 INFO [main] org.apache.catalina.startup.VersionLoggerListener.log Server version:        Apache Tomcat/8.5.24
03-Apr-2024 22:28:00.204 INFO [main] org.apache.catalina.startup.VersionLoggerListener.log Server built:          Nov 27 2017 13:05:30 UTC
03-Apr-2024 22:28:00.204 INFO [main] org.apache.catalina.startup.VersionLoggerListener.log Server number:         8.5.24.0
03-Apr-2024 22:28:00.204 INFO [main] org.apache.catalina.startup.VersionLoggerListener.log OS Name:               Windows 10
03-Apr-2024 22:28:00.204 INFO [main] org.apache.catalina.startup.VersionLoggerListener.log OS Version:            10.0
03-Apr-2024 22:28:00.204 INFO [main] org.apache.catalina.startup.VersionLoggerListener.log Architecture:          x86
03-Apr-2024 22:28:00.204 INFO [main] org.apache.catalina.startup.VersionLoggerListener.log Java Home:             D:\JavaSQL\Java8\jdk1.8.0_131\jre
03-Apr-2024 22:28:00.204 INFO [main] org.apache.catalina.startup.VersionLoggerListener.log JVM Version:           1.8.0_131-b11
03-Apr-2024 22:28:00.204 INFO [main] org.apache.catalina.startup.VersionLoggerListener.log JVM Vendor:            Oracle Corporation
03-Apr-2024 22:28:00.204 INFO [main] org.apache.catalina.startup.VersionLoggerListener.log CATALINA_BASE:         D:\JavaSQL\Java8\apache-tomcat-8.5.24
03-Apr-2024 22:28:00.204 INFO [main] org.apache.catalina.startup.VersionLoggerListener.log CATALINA_HOME:         D:\JavaSQL\Java8\apache-tomcat-8.5.24
03-Apr-2024 22:28:00.204 INFO [main] org.apache.catalina.startup.VersionLoggerListener.log Command line argument: -Djava.util.logging.config.file=D:\JavaSQL\Java8\apache-tomcat-8.5.24\conf\logging.properties
03-Apr-2024 22:28:00.204 INFO [main] org.apache.catalina.startup.VersionLoggerListener.log Command line argument: -Djava.util.logging.manager=org.apache.juli.ClassLoaderLogManager
03-Apr-2024 22:28:00.204 INFO [main] org.apache.catalina.startup.VersionLoggerListener.log Command line argument: -Djdk.tls.ephemeralDHKeySize=2048
03-Apr-2024 22:28:00.204 INFO [main] org.apache.catalina.startup.VersionLoggerListener.log Command line argument: -Djava.protocol.handler.pkgs=org.apache.catalina.webresources
03-Apr-2024 22:28:00.204 INFO [main] org.apache.catalina.startup.VersionLoggerListener.log Command line argument: -Dignore.endorsed.dirs=
03-Apr-2024 22:28:00.204 INFO [main] org.apache.catalina.startup.VersionLoggerListener.log Command line argument: -Dcatalina.base=D:\JavaSQL\Java8\apache-tomcat-8.5.24
03-Apr-2024 22:28:00.204 INFO [main] org.apache.catalina.startup.VersionLoggerListener.log Command line argument: -Dcatalina.home=D:\JavaSQL\Java8\apache-tomcat-8.5.24
03-Apr-2024 22:28:00.204 INFO [main] org.apache.catalina.startup.VersionLoggerListener.log Command line argument: -Djava.io.tmpdir=D:\JavaSQL\Java8\apache-tomcat-8.5.24\temp
03-Apr-2024 22:28:00.204 INFO [main] org.apache.catalina.core.AprLifecycleListener.lifecycleEvent The APR based Apache Tomcat Native library which allows optimal performance in production environments was not found on the java.library.path: [D:\JavaSQL\Java8\jdk1.8.0_131\bin;C:\WINDOWS\Sun\Java\bin;C:\WINDOWS\system32;C:\WINDOWS;D:\JavaSQL\Java8\jdk1.8.0_131\bin;D:\JavaSQL\Java8\jdk1.8.0_131\db\bin;D:\JavaSQL\Java8\squirrelsql-4.0.0-standard;D:\JavaSQL\Java8\apache-tomcat-8.5.24\bin;C:\WINDOWS\system32;C:\WINDOWS;C:\WINDOWS\System32\Wbem;C:\WINDOWS\System32\WindowsPowerShell\v1.0\;C:\WINDOWS\System32\OpenSSH\;C:\Program Files\dotnet\;C:\Users\Aldoa\Desktop\Infor\bin;C:\Users\Aldoa\AppData\Local\Microsoft\WindowsApps;;.]
03-Apr-2024 22:28:00.298 INFO [main] org.apache.coyote.AbstractProtocol.init Initializing ProtocolHandler ["http-nio-8082"]
03-Apr-2024 22:28:00.560 INFO [main] org.apache.tomcat.util.net.NioSelectorPool.getSharedSelector Using a shared selector for servlet write/read
03-Apr-2024 22:28:00.565 INFO [main] org.apache.coyote.AbstractProtocol.init Initializing ProtocolHandler ["ajp-nio-8009"]
03-Apr-2024 22:28:00.574 INFO [main] org.apache.tomcat.util.net.NioSelectorPool.getSharedSelector Using a shared selector for servlet write/read
03-Apr-2024 22:28:00.574 INFO [main] org.apache.catalina.startup.Catalina.load Initialization processed in 616 ms
03-Apr-2024 22:28:00.606 INFO [main] org.apache.catalina.core.StandardService.startInternal Starting service [Catalina]
03-Apr-2024 22:28:00.606 INFO [main] org.apache.catalina.core.StandardEngine.startInternal Starting Servlet Engine: Apache Tomcat/8.5.24
03-Apr-2024 22:28:00.614 INFO [localhost-startStop-1] org.apache.catalina.startup.HostConfig.deployDirectory Deploying web application directory [D:\JavaSQL\Java8\apache-tomcat-8.5.24\webapps\docs]
03-Apr-2024 22:28:00.858 INFO [localhost-startStop-1] org.apache.jasper.servlet.TldScanner.scanJars At least one JAR was scanned for TLDs yet contained no TLDs. Enable debug logging for this logger for a complete list of JARs that were scanned but no TLDs were found in them. Skipping unneeded JARs during scanning can improve startup time and JSP compilation time.
03-Apr-2024 22:28:00.904 INFO [localhost-startStop-1] org.apache.catalina.startup.HostConfig.deployDirectory Deployment of web application directory [D:\JavaSQL\Java8\apache-tomcat-8.5.24\webapps\docs] has finished in [290] ms
03-Apr-2024 22:28:00.904 INFO [localhost-startStop-1] org.apache.catalina.startup.HostConfig.deployDirectory Deploying web application directory [D:\JavaSQL\Java8\apache-tomcat-8.5.24\webapps\examples]
03-Apr-2024 22:28:01.127 INFO [localhost-startStop-1] org.apache.jasper.servlet.TldScanner.scanJars At least one JAR was scanned for TLDs yet contained no TLDs. Enable debug logging for this logger for a complete list of JARs that were scanned but no TLDs were found in them. Skipping unneeded JARs during scanning can improve startup time and JSP compilation time.
03-Apr-2024 22:28:01.172 INFO [localhost-startStop-1] org.apache.catalina.startup.HostConfig.deployDirectory Deployment of web application directory [D:\JavaSQL\Java8\apache-tomcat-8.5.24\webapps\examples] has finished in [268] ms
03-Apr-2024 22:28:01.172 INFO [localhost-startStop-1] org.apache.catalina.startup.HostConfig.deployDirectory Deploying web application directory [D:\JavaSQL\Java8\apache-tomcat-8.5.24\webapps\host-manager]
03-Apr-2024 22:28:01.203 INFO [localhost-startStop-1] org.apache.jasper.servlet.TldScanner.scanJars At least one JAR was scanned for TLDs yet contained no TLDs. Enable debug logging for this logger for a complete list of JARs that were scanned but no TLDs were found in them. Skipping unneeded JARs during scanning can improve startup time and JSP compilation time.
03-Apr-2024 22:28:01.211 INFO [localhost-startStop-1] org.apache.catalina.startup.HostConfig.deployDirectory Deployment of web application directory [D:\JavaSQL\Java8\apache-tomcat-8.5.24\webapps\host-manager] has finished in [39] ms
03-Apr-2024 22:28:01.211 INFO [localhost-startStop-1] org.apache.catalina.startup.HostConfig.deployDirectory Deploying web application directory [D:\JavaSQL\Java8\apache-tomcat-8.5.24\webapps\ROOT]
03-Apr-2024 22:28:01.228 INFO [localhost-startStop-1] org.apache.jasper.servlet.TldScanner.scanJars At least one JAR was scanned for TLDs yet contained no TLDs. Enable debug logging for this logger for a complete list of JARs that were scanned but no TLDs were found in them. Skipping unneeded JARs during scanning can improve startup time and JSP compilation time.
03-Apr-2024 22:28:01.235 INFO [localhost-startStop-1] org.apache.catalina.startup.HostConfig.deployDirectory Deployment of web application directory [D:\JavaSQL\Java8\apache-tomcat-8.5.24\webapps\ROOT] has finished in [24] ms
03-Apr-2024 22:28:01.235 INFO [localhost-startStop-1] org.apache.catalina.startup.HostConfig.deployDirectory Deploying web application directory [D:\JavaSQL\Java8\apache-tomcat-8.5.24\webapps\SQLServer]
03-Apr-2024 22:28:01.260 INFO [localhost-startStop-1] org.apache.jasper.servlet.TldScanner.scanJars At least one JAR was scanned for TLDs yet contained no TLDs. Enable debug logging for this logger for a complete list of JARs that were scanned but no TLDs were found in them. Skipping unneeded JARs during scanning can improve startup time and JSP compilation time.
03-Apr-2024 22:28:01.260 INFO [localhost-startStop-1] org.apache.catalina.startup.HostConfig.deployDirectory Deployment of web application directory [D:\JavaSQL\Java8\apache-tomcat-8.5.24\webapps\SQLServer] has finished in [25] ms
03-Apr-2024 22:28:01.260 INFO [localhost-startStop-1] org.apache.catalina.startup.HostConfig.deployDirectory Deploying web application directory [D:\JavaSQL\Java8\apache-tomcat-8.5.24\webapps\Servlet1]
03-Apr-2024 22:28:01.277 INFO [localhost-startStop-1] org.apache.jasper.servlet.TldScanner.scanJars At least one JAR was scanned for TLDs yet contained no TLDs. Enable debug logging for this logger for a complete list of JARs that were scanned but no TLDs were found in them. Skipping unneeded JARs during scanning can improve startup time and JSP compilation time.
03-Apr-2024 22:28:01.294 INFO [localhost-startStop-1] org.apache.catalina.startup.HostConfig.deployDirectory Deployment of web application directory [D:\JavaSQL\Java8\apache-tomcat-8.5.24\webapps\Servlet1] has finished in [34] ms
03-Apr-2024 22:28:01.294 INFO [localhost-startStop-1] org.apache.catalina.startup.HostConfig.deployDirectory Deploying web application directory [D:\JavaSQL\Java8\apache-tomcat-8.5.24\webapps\Servlet2]
03-Apr-2024 22:28:01.310 INFO [localhost-startStop-1] org.apache.jasper.servlet.TldScanner.scanJars At least one JAR was scanned for TLDs yet contained no TLDs. Enable debug logging for this logger for a complete list of JARs that were scanned but no TLDs were found in them. Skipping unneeded JARs during scanning can improve startup time and JSP compilation time.
03-Apr-2024 22:28:01.310 INFO [localhost-startStop-1] org.apache.catalina.startup.HostConfig.deployDirectory Deployment of web application directory [D:\JavaSQL\Java8\apache-tomcat-8.5.24\webapps\Servlet2] has finished in [16] ms
03-Apr-2024 22:28:01.323 INFO [localhost-startStop-1] org.apache.catalina.startup.HostConfig.deployDirectory Deploying web application directory [D:\JavaSQL\Java8\apache-tomcat-8.5.24\webapps\Servlet3]
03-Apr-2024 22:28:01.344 INFO [localhost-startStop-1] org.apache.jasper.servlet.TldScanner.scanJars At least one JAR was scanned for TLDs yet contained no TLDs. Enable debug logging for this logger for a complete list of JARs that were scanned but no TLDs were found in them. Skipping unneeded JARs during scanning can improve startup time and JSP compilation time.
03-Apr-2024 22:28:01.344 INFO [localhost-startStop-1] org.apache.catalina.startup.HostConfig.deployDirectory Deployment of web application directory [D:\JavaSQL\Java8\apache-tomcat-8.5.24\webapps\Servlet3] has finished in [21] ms
03-Apr-2024 22:28:01.344 INFO [localhost-startStop-1] org.apache.catalina.startup.HostConfig.deployDirectory Deploying web application directory [D:\JavaSQL\Java8\apache-tomcat-8.5.24\webapps\Servlet4]
03-Apr-2024 22:28:01.371 INFO [localhost-startStop-1] org.apache.jasper.servlet.TldScanner.scanJars At least one JAR was scanned for TLDs yet contained no TLDs. Enable debug logging for this logger for a complete list of JARs that were scanned but no TLDs were found in them. Skipping unneeded JARs during scanning can improve startup time and JSP compilation time.
03-Apr-2024 22:28:01.376 INFO [localhost-startStop-1] org.apache.catalina.startup.HostConfig.deployDirectory Deployment of web application directory [D:\JavaSQL\Java8\apache-tomcat-8.5.24\webapps\Servlet4] has finished in [32] ms
03-Apr-2024 22:28:01.376 INFO [localhost-startStop-1] org.apache.catalina.startup.HostConfig.deployDirectory Deploying web application directory [D:\JavaSQL\Java8\apache-tomcat-8.5.24\webapps\Pract8]
03-Apr-2024 22:28:01.403 INFO [localhost-startStop-1] org.apache.jasper.servlet.TldScanner.scanJars At least one JAR was scanned for TLDs yet contained no TLDs. Enable debug logging for this logger for a complete list of JARs that were scanned but no TLDs were found in them. Skipping unneeded JARs during scanning can improve startup time and JSP compilation time.
03-Apr-2024 22:28:01.403 INFO [localhost-startStop-1] org.apache.catalina.startup.HostConfig.deployDirectory Deployment of web application directory [D:\JavaSQL\Java8\apache-tomcat-8.5.24\webapps\Pract8] has finished in [27] ms
03-Apr-2024 22:28:01.403 INFO [localhost-startStop-1] org.apache.catalina.startup.HostConfig.deployDirectory Deploying web application directory [D:\JavaSQL\Java8\apache-tomcat-8.5.24\webapps\Entrega]
03-Apr-2024 22:28:01.435 INFO [localhost-startStop-1] org.apache.jasper.servlet.TldScanner.scanJars At least one JAR was scanned for TLDs yet contained no TLDs. Enable debug logging for this logger for a complete list of JARs that were scanned but no TLDs were found in them. Skipping unneeded JARs during scanning can improve startup time and JSP compilation time.
03-Apr-2024 22:28:01.442 INFO [localhost-startStop-1] org.apache.catalina.startup.HostConfig.deployDirectory Deployment of web application directory [D:\JavaSQL\Java8\apache-tomcat-8.5.24\webapps\Entrega] has finished in [39] ms
03-Apr-2024 22:28:01.443 INFO [localhost-startStop-1] org.apache.catalina.startup.HostConfig.deployDirectory Deploying web application directory [D:\JavaSQL\Java8\apache-tomcat-8.5.24\webapps\matrices8]
03-Apr-2024 22:28:01.467 INFO [localhost-startStop-1] org.apache.jasper.servlet.TldScanner.scanJars At least one JAR was scanned for TLDs yet contained no TLDs. Enable debug logging for this logger for a complete list of JARs that were scanned but no TLDs were found in them. Skipping unneeded JARs during scanning can improve startup time and JSP compilation time.
03-Apr-2024 22:28:01.467 INFO [localhost-startStop-1] org.apache.catalina.startup.HostConfig.deployDirectory Deployment of web application directory [D:\JavaSQL\Java8\apache-tomcat-8.5.24\webapps\matrices8] has finished in [24] ms
03-Apr-2024 22:28:01.467 INFO [localhost-startStop-1] org.apache.catalina.startup.HostConfig.deployDirectory Deploying web application directory [D:\JavaSQL\Java8\apache-tomcat-8.5.24\webapps\TD_E18]
03-Apr-2024 22:28:01.498 INFO [localhost-startStop-1] org.apache.jasper.servlet.TldScanner.scanJars At least one JAR was scanned for TLDs yet contained no TLDs. Enable debug logging for this logger for a complete list of JARs that were scanned but no TLDs were found in them. Skipping unneeded JARs during scanning can improve startup time and JSP compilation time.
03-Apr-2024 22:28:01.498 INFO [localhost-startStop-1] org.apache.catalina.startup.HostConfig.deployDirectory Deployment of web application directory [D:\JavaSQL\Java8\apache-tomcat-8.5.24\webapps\TD_E18] has finished in [31] ms
03-Apr-2024 22:28:01.498 INFO [localhost-startStop-1] org.apache.catalina.startup.HostConfig.deployDirectory Deploying web application directory [D:\JavaSQL\Java8\apache-tomcat-8.5.24\webapps\TD_E30]
03-Apr-2024 22:28:01.530 INFO [localhost-startStop-1] org.apache.jasper.servlet.TldScanner.scanJars At least one JAR was scanned for TLDs yet contained no TLDs. Enable debug logging for this logger for a complete list of JARs that were scanned but no TLDs were found in them. Skipping unneeded JARs during scanning can improve startup time and JSP compilation time.
03-Apr-2024 22:28:01.530 INFO [localhost-startStop-1] org.apache.catalina.startup.HostConfig.deployDirectory Deployment of web application directory [D:\JavaSQL\Java8\apache-tomcat-8.5.24\webapps\TD_E30] has finished in [32] ms
03-Apr-2024 22:28:01.530 INFO [localhost-startStop-1] org.apache.catalina.startup.HostConfig.deployDirectory Deploying web application directory [D:\JavaSQL\Java8\apache-tomcat-8.5.24\webapps\TD_E31]
03-Apr-2024 22:28:01.640 INFO [localhost-startStop-1] org.apache.jasper.servlet.TldScanner.scanJars At least one JAR was scanned for TLDs yet contained no TLDs. Enable debug logging for this logger for a complete list of JARs that were scanned but no TLDs were found in them. Skipping unneeded JARs during scanning can improve startup time and JSP compilation time.
03-Apr-2024 22:28:01.640 INFO [localhost-startStop-1] org.apache.catalina.startup.HostConfig.deployDirectory Deployment of web application directory [D:\JavaSQL\Java8\apache-tomcat-8.5.24\webapps\TD_E31] has finished in [110] ms
03-Apr-2024 22:28:01.640 INFO [main] org.apache.coyote.AbstractProtocol.start Starting ProtocolHandler ["http-nio-8082"]
03-Apr-2024 22:28:01.656 INFO [main] org.apache.coyote.AbstractProtocol.start Starting ProtocolHandler ["ajp-nio-8009"]
03-Apr-2024 22:28:01.664 INFO [main] org.apache.catalina.startup.Catalina.start Server startup in 1092 ms
03-Apr-2024 22:29:11.536 INFO [main] org.apache.catalina.core.StandardServer.await A valid shutdown command was received via the shutdown port. Stopping the Server instance.
03-Apr-2024 22:29:11.536 INFO [main] org.apache.coyote.AbstractProtocol.pause Pausing ProtocolHandler ["http-nio-8082"]
03-Apr-2024 22:29:11.930 INFO [main] org.apache.coyote.AbstractProtocol.pause Pausing ProtocolHandler ["ajp-nio-8009"]
03-Apr-2024 22:29:12.409 INFO [main] org.apache.catalina.core.StandardService.stopInternal Stopping service [Catalina]
03-Apr-2024 22:29:12.473 INFO [main] org.apache.coyote.AbstractProtocol.stop Stopping ProtocolHandler ["http-nio-8082"]
03-Apr-2024 22:29:12.473 INFO [main] org.apache.coyote.AbstractProtocol.stop Stopping ProtocolHandler ["ajp-nio-8009"]
03-Apr-2024 22:29:12.473 INFO [main] org.apache.coyote.AbstractProtocol.destroy Destroying ProtocolHandler ["http-nio-8082"]
03-Apr-2024 22:29:12.489 INFO [main] org.apache.coyote.AbstractProtocol.destroy Destroying ProtocolHandler ["ajp-nio-8009"]
03-Apr-2024 22:29:14.131 INFO [main] org.apache.catalina.startup.VersionLoggerListener.log Server version:        Apache Tomcat/8.5.24
03-Apr-2024 22:29:14.148 INFO [main] org.apache.catalina.startup.VersionLoggerListener.log Server built:          Nov 27 2017 13:05:30 UTC
03-Apr-2024 22:29:14.148 INFO [main] org.apache.catalina.startup.VersionLoggerListener.log Server number:         8.5.24.0
03-Apr-2024 22:29:14.148 INFO [main] org.apache.catalina.startup.VersionLoggerListener.log OS Name:               Windows 10
03-Apr-2024 22:29:14.148 INFO [main] org.apache.catalina.startup.VersionLoggerListener.log OS Version:            10.0
03-Apr-2024 22:29:14.148 INFO [main] org.apache.catalina.startup.VersionLoggerListener.log Architecture:          x86
03-Apr-2024 22:29:14.148 INFO [main] org.apache.catalina.startup.VersionLoggerListener.log Java Home:             D:\JavaSQL\Java8\jdk1.8.0_131\jre
03-Apr-2024 22:29:14.148 INFO [main] org.apache.catalina.startup.VersionLoggerListener.log JVM Version:           1.8.0_131-b11
03-Apr-2024 22:29:14.148 INFO [main] org.apache.catalina.startup.VersionLoggerListener.log JVM Vendor:            Oracle Corporation
03-Apr-2024 22:29:14.148 INFO [main] org.apache.catalina.startup.VersionLoggerListener.log CATALINA_BASE:         D:\JavaSQL\Java8\apache-tomcat-8.5.24
03-Apr-2024 22:29:14.148 INFO [main] org.apache.catalina.startup.VersionLoggerListener.log CATALINA_HOME:         D:\JavaSQL\Java8\apache-tomcat-8.5.24
03-Apr-2024 22:29:14.148 INFO [main] org.apache.catalina.startup.VersionLoggerListener.log Command line argument: -Djava.util.logging.config.file=D:\JavaSQL\Java8\apache-tomcat-8.5.24\conf\logging.properties
03-Apr-2024 22:29:14.148 INFO [main] org.apache.catalina.startup.VersionLoggerListener.log Command line argument: -Djava.util.logging.manager=org.apache.juli.ClassLoaderLogManager
03-Apr-2024 22:29:14.148 INFO [main] org.apache.catalina.startup.VersionLoggerListener.log Command line argument: -Djdk.tls.ephemeralDHKeySize=2048
03-Apr-2024 22:29:14.148 INFO [main] org.apache.catalina.startup.VersionLoggerListener.log Command line argument: -Djava.protocol.handler.pkgs=org.apache.catalina.webresources
03-Apr-2024 22:29:14.148 INFO [main] org.apache.catalina.startup.VersionLoggerListener.log Command line argument: -Dignore.endorsed.dirs=
03-Apr-2024 22:29:14.148 INFO [main] org.apache.catalina.startup.VersionLoggerListener.log Command line argument: -Dcatalina.base=D:\JavaSQL\Java8\apache-tomcat-8.5.24
03-Apr-2024 22:29:14.148 INFO [main] org.apache.catalina.startup.VersionLoggerListener.log Command line argument: -Dcatalina.home=D:\JavaSQL\Java8\apache-tomcat-8.5.24
03-Apr-2024 22:29:14.148 INFO [main] org.apache.catalina.startup.VersionLoggerListener.log Command line argument: -Djava.io.tmpdir=D:\JavaSQL\Java8\apache-tomcat-8.5.24\temp
03-Apr-2024 22:29:14.148 INFO [main] org.apache.catalina.core.AprLifecycleListener.lifecycleEvent The APR based Apache Tomcat Native library which allows optimal performance in production environments was not found on the java.library.path: [D:\JavaSQL\Java8\jdk1.8.0_131\bin;C:\WINDOWS\Sun\Java\bin;C:\WINDOWS\system32;C:\WINDOWS;D:\JavaSQL\Java8\jdk1.8.0_131\bin;D:\JavaSQL\Java8\jdk1.8.0_131\db\bin;D:\JavaSQL\Java8\squirrelsql-4.0.0-standard;D:\JavaSQL\Java8\apache-tomcat-8.5.24\bin;C:\WINDOWS\system32;C:\WINDOWS;C:\WINDOWS\System32\Wbem;C:\WINDOWS\System32\WindowsPowerShell\v1.0\;C:\WINDOWS\System32\OpenSSH\;C:\Program Files\dotnet\;C:\Users\Aldoa\Desktop\Infor\bin;C:\Users\Aldoa\AppData\Local\Microsoft\WindowsApps;;.]
03-Apr-2024 22:29:14.226 INFO [main] org.apache.coyote.AbstractProtocol.init Initializing ProtocolHandler ["http-nio-8082"]
03-Apr-2024 22:29:14.480 INFO [main] org.apache.tomcat.util.net.NioSelectorPool.getSharedSelector Using a shared selector for servlet write/read
03-Apr-2024 22:29:14.480 INFO [main] org.apache.coyote.AbstractProtocol.init Initializing ProtocolHandler ["ajp-nio-8009"]
03-Apr-2024 22:29:14.480 INFO [main] org.apache.tomcat.util.net.NioSelectorPool.getSharedSelector Using a shared selector for servlet write/read
03-Apr-2024 22:29:14.480 INFO [main] org.apache.catalina.startup.Catalina.load Initialization processed in 592 ms
03-Apr-2024 22:29:14.511 INFO [main] org.apache.catalina.core.StandardService.startInternal Starting service [Catalina]
03-Apr-2024 22:29:14.511 INFO [main] org.apache.catalina.core.StandardEngine.startInternal Starting Servlet Engine: Apache Tomcat/8.5.24
03-Apr-2024 22:29:14.527 INFO [localhost-startStop-1] org.apache.catalina.startup.HostConfig.deployDirectory Deploying web application directory [D:\JavaSQL\Java8\apache-tomcat-8.5.24\webapps\docs]
03-Apr-2024 22:29:14.748 INFO [localhost-startStop-1] org.apache.jasper.servlet.TldScanner.scanJars At least one JAR was scanned for TLDs yet contained no TLDs. Enable debug logging for this logger for a complete list of JARs that were scanned but no TLDs were found in them. Skipping unneeded JARs during scanning can improve startup time and JSP compilation time.
03-Apr-2024 22:29:14.796 INFO [localhost-startStop-1] org.apache.catalina.startup.HostConfig.deployDirectory Deployment of web application directory [D:\JavaSQL\Java8\apache-tomcat-8.5.24\webapps\docs] has finished in [269] ms
03-Apr-2024 22:29:14.796 INFO [localhost-startStop-1] org.apache.catalina.startup.HostConfig.deployDirectory Deploying web application directory [D:\JavaSQL\Java8\apache-tomcat-8.5.24\webapps\examples]
03-Apr-2024 22:29:15.013 INFO [localhost-startStop-1] org.apache.jasper.servlet.TldScanner.scanJars At least one JAR was scanned for TLDs yet contained no TLDs. Enable debug logging for this logger for a complete list of JARs that were scanned but no TLDs were found in them. Skipping unneeded JARs during scanning can improve startup time and JSP compilation time.
03-Apr-2024 22:29:15.055 INFO [localhost-startStop-1] org.apache.catalina.startup.HostConfig.deployDirectory Deployment of web application directory [D:\JavaSQL\Java8\apache-tomcat-8.5.24\webapps\examples] has finished in [259] ms
03-Apr-2024 22:29:15.055 INFO [localhost-startStop-1] org.apache.catalina.startup.HostConfig.deployDirectory Deploying web application directory [D:\JavaSQL\Java8\apache-tomcat-8.5.24\webapps\host-manager]
03-Apr-2024 22:29:15.092 INFO [localhost-startStop-1] org.apache.jasper.servlet.TldScanner.scanJars At least one JAR was scanned for TLDs yet contained no TLDs. Enable debug logging for this logger for a complete list of JARs that were scanned but no TLDs were found in them. Skipping unneeded JARs during scanning can improve startup time and JSP compilation time.
03-Apr-2024 22:29:15.092 INFO [localhost-startStop-1] org.apache.catalina.startup.HostConfig.deployDirectory Deployment of web application directory [D:\JavaSQL\Java8\apache-tomcat-8.5.24\webapps\host-manager] has finished in [37] ms
03-Apr-2024 22:29:15.092 INFO [localhost-startStop-1] org.apache.catalina.startup.HostConfig.deployDirectory Deploying web application directory [D:\JavaSQL\Java8\apache-tomcat-8.5.24\webapps\ROOT]
03-Apr-2024 22:29:15.125 INFO [localhost-startStop-1] org.apache.jasper.servlet.TldScanner.scanJars At least one JAR was scanned for TLDs yet contained no TLDs. Enable debug logging for this logger for a complete list of JARs that were scanned but no TLDs were found in them. Skipping unneeded JARs during scanning can improve startup time and JSP compilation time.
03-Apr-2024 22:29:15.132 INFO [localhost-startStop-1] org.apache.catalina.startup.HostConfig.deployDirectory Deployment of web application directory [D:\JavaSQL\Java8\apache-tomcat-8.5.24\webapps\ROOT] has finished in [40] ms
03-Apr-2024 22:29:15.132 INFO [localhost-startStop-1] org.apache.catalina.startup.HostConfig.deployDirectory Deploying web application directory [D:\JavaSQL\Java8\apache-tomcat-8.5.24\webapps\SQLServer]
03-Apr-2024 22:29:15.191 INFO [localhost-startStop-1] org.apache.jasper.servlet.TldScanner.scanJars At least one JAR was scanned for TLDs yet contained no TLDs. Enable debug logging for this logger for a complete list of JARs that were scanned but no TLDs were found in them. Skipping unneeded JARs during scanning can improve startup time and JSP compilation time.
03-Apr-2024 22:29:15.196 INFO [localhost-startStop-1] org.apache.catalina.startup.HostConfig.deployDirectory Deployment of web application directory [D:\JavaSQL\Java8\apache-tomcat-8.5.24\webapps\SQLServer] has finished in [64] ms
03-Apr-2024 22:29:15.196 INFO [localhost-startStop-1] org.apache.catalina.startup.HostConfig.deployDirectory Deploying web application directory [D:\JavaSQL\Java8\apache-tomcat-8.5.24\webapps\Servlet1]
03-Apr-2024 22:29:15.226 INFO [localhost-startStop-1] org.apache.jasper.servlet.TldScanner.scanJars At least one JAR was scanned for TLDs yet contained no TLDs. Enable debug logging for this logger for a complete list of JARs that were scanned but no TLDs were found in them. Skipping unneeded JARs during scanning can improve startup time and JSP compilation time.
03-Apr-2024 22:29:15.226 INFO [localhost-startStop-1] org.apache.catalina.startup.HostConfig.deployDirectory Deployment of web application directory [D:\JavaSQL\Java8\apache-tomcat-8.5.24\webapps\Servlet1] has finished in [30] ms
03-Apr-2024 22:29:15.226 INFO [localhost-startStop-1] org.apache.catalina.startup.HostConfig.deployDirectory Deploying web application directory [D:\JavaSQL\Java8\apache-tomcat-8.5.24\webapps\Servlet2]
03-Apr-2024 22:29:15.274 INFO [localhost-startStop-1] org.apache.jasper.servlet.TldScanner.scanJars At least one JAR was scanned for TLDs yet contained no TLDs. Enable debug logging for this logger for a complete list of JARs that were scanned but no TLDs were found in them. Skipping unneeded JARs during scanning can improve startup time and JSP compilation time.
03-Apr-2024 22:29:15.274 INFO [localhost-startStop-1] org.apache.catalina.startup.HostConfig.deployDirectory Deployment of web application directory [D:\JavaSQL\Java8\apache-tomcat-8.5.24\webapps\Servlet2] has finished in [48] ms
03-Apr-2024 22:29:15.274 INFO [localhost-startStop-1] org.apache.catalina.startup.HostConfig.deployDirectory Deploying web application directory [D:\JavaSQL\Java8\apache-tomcat-8.5.24\webapps\Servlet3]
03-Apr-2024 22:29:15.298 INFO [localhost-startStop-1] org.apache.jasper.servlet.TldScanner.scanJars At least one JAR was scanned for TLDs yet contained no TLDs. Enable debug logging for this logger for a complete list of JARs that were scanned but no TLDs were found in them. Skipping unneeded JARs during scanning can improve startup time and JSP compilation time.
03-Apr-2024 22:29:15.307 INFO [localhost-startStop-1] org.apache.catalina.startup.HostConfig.deployDirectory Deployment of web application directory [D:\JavaSQL\Java8\apache-tomcat-8.5.24\webapps\Servlet3] has finished in [24] ms
03-Apr-2024 22:29:15.307 INFO [localhost-startStop-1] org.apache.catalina.startup.HostConfig.deployDirectory Deploying web application directory [D:\JavaSQL\Java8\apache-tomcat-8.5.24\webapps\Servlet4]
03-Apr-2024 22:29:15.322 INFO [localhost-startStop-1] org.apache.jasper.servlet.TldScanner.scanJars At least one JAR was scanned for TLDs yet contained no TLDs. Enable debug logging for this logger for a complete list of JARs that were scanned but no TLDs were found in them. Skipping unneeded JARs during scanning can improve startup time and JSP compilation time.
03-Apr-2024 22:29:15.322 INFO [localhost-startStop-1] org.apache.catalina.startup.HostConfig.deployDirectory Deployment of web application directory [D:\JavaSQL\Java8\apache-tomcat-8.5.24\webapps\Servlet4] has finished in [15] ms
03-Apr-2024 22:29:15.322 INFO [localhost-startStop-1] org.apache.catalina.startup.HostConfig.deployDirectory Deploying web application directory [D:\JavaSQL\Java8\apache-tomcat-8.5.24\webapps\Pract8]
03-Apr-2024 22:29:15.354 INFO [localhost-startStop-1] org.apache.jasper.servlet.TldScanner.scanJars At least one JAR was scanned for TLDs yet contained no TLDs. Enable debug logging for this logger for a complete list of JARs that were scanned but no TLDs were found in them. Skipping unneeded JARs during scanning can improve startup time and JSP compilation time.
03-Apr-2024 22:29:15.354 INFO [localhost-startStop-1] org.apache.catalina.startup.HostConfig.deployDirectory Deployment of web application directory [D:\JavaSQL\Java8\apache-tomcat-8.5.24\webapps\Pract8] has finished in [32] ms
03-Apr-2024 22:29:15.354 INFO [localhost-startStop-1] org.apache.catalina.startup.HostConfig.deployDirectory Deploying web application directory [D:\JavaSQL\Java8\apache-tomcat-8.5.24\webapps\Entrega]
03-Apr-2024 22:29:15.386 INFO [localhost-startStop-1] org.apache.jasper.servlet.TldScanner.scanJars At least one JAR was scanned for TLDs yet contained no TLDs. Enable debug logging for this logger for a complete list of JARs that were scanned but no TLDs were found in them. Skipping unneeded JARs during scanning can improve startup time and JSP compilation time.
03-Apr-2024 22:29:15.386 INFO [localhost-startStop-1] org.apache.catalina.startup.HostConfig.deployDirectory Deployment of web application directory [D:\JavaSQL\Java8\apache-tomcat-8.5.24\webapps\Entrega] has finished in [32] ms
03-Apr-2024 22:29:15.386 INFO [localhost-startStop-1] org.apache.catalina.startup.HostConfig.deployDirectory Deploying web application directory [D:\JavaSQL\Java8\apache-tomcat-8.5.24\webapps\matrices8]
03-Apr-2024 22:29:15.417 INFO [localhost-startStop-1] org.apache.jasper.servlet.TldScanner.scanJars At least one JAR was scanned for TLDs yet contained no TLDs. Enable debug logging for this logger for a complete list of JARs that were scanned but no TLDs were found in them. Skipping unneeded JARs during scanning can improve startup time and JSP compilation time.
03-Apr-2024 22:29:15.417 INFO [localhost-startStop-1] org.apache.catalina.startup.HostConfig.deployDirectory Deployment of web application directory [D:\JavaSQL\Java8\apache-tomcat-8.5.24\webapps\matrices8] has finished in [31] ms
03-Apr-2024 22:29:15.417 INFO [localhost-startStop-1] org.apache.catalina.startup.HostConfig.deployDirectory Deploying web application directory [D:\JavaSQL\Java8\apache-tomcat-8.5.24\webapps\TD_E18]
03-Apr-2024 22:29:15.448 INFO [localhost-startStop-1] org.apache.jasper.servlet.TldScanner.scanJars At least one JAR was scanned for TLDs yet contained no TLDs. Enable debug logging for this logger for a complete list of JARs that were scanned but no TLDs were found in them. Skipping unneeded JARs during scanning can improve startup time and JSP compilation time.
03-Apr-2024 22:29:15.448 INFO [localhost-startStop-1] org.apache.catalina.startup.HostConfig.deployDirectory Deployment of web application directory [D:\JavaSQL\Java8\apache-tomcat-8.5.24\webapps\TD_E18] has finished in [31] ms
03-Apr-2024 22:29:15.448 INFO [localhost-startStop-1] org.apache.catalina.startup.HostConfig.deployDirectory Deploying web application directory [D:\JavaSQL\Java8\apache-tomcat-8.5.24\webapps\TD_E30]
03-Apr-2024 22:29:15.480 INFO [localhost-startStop-1] org.apache.jasper.servlet.TldScanner.scanJars At least one JAR was scanned for TLDs yet contained no TLDs. Enable debug logging for this logger for a complete list of JARs that were scanned but no TLDs were found in them. Skipping unneeded JARs during scanning can improve startup time and JSP compilation time.
03-Apr-2024 22:29:15.480 INFO [localhost-startStop-1] org.apache.catalina.startup.HostConfig.deployDirectory Deployment of web application directory [D:\JavaSQL\Java8\apache-tomcat-8.5.24\webapps\TD_E30] has finished in [32] ms
03-Apr-2024 22:29:15.480 INFO [localhost-startStop-1] org.apache.catalina.startup.HostConfig.deployDirectory Deploying web application directory [D:\JavaSQL\Java8\apache-tomcat-8.5.24\webapps\TD_E31]
03-Apr-2024 22:29:15.639 INFO [localhost-startStop-1] org.apache.jasper.servlet.TldScanner.scanJars At least one JAR was scanned for TLDs yet contained no TLDs. Enable debug logging for this logger for a complete list of JARs that were scanned but no TLDs were found in them. Skipping unneeded JARs during scanning can improve startup time and JSP compilation time.
03-Apr-2024 22:29:15.655 INFO [localhost-startStop-1] org.apache.catalina.startup.HostConfig.deployDirectory Deployment of web application directory [D:\JavaSQL\Java8\apache-tomcat-8.5.24\webapps\TD_E31] has finished in [175] ms
03-Apr-2024 22:29:15.655 INFO [main] org.apache.coyote.AbstractProtocol.start Starting ProtocolHandler ["http-nio-8082"]
03-Apr-2024 22:29:15.675 INFO [main] org.apache.coyote.AbstractProtocol.start Starting ProtocolHandler ["ajp-nio-8009"]
03-Apr-2024 22:29:15.677 INFO [main] org.apache.catalina.startup.Catalina.start Server startup in 1185 ms
03-Apr-2024 22:29:29.107 INFO [main] org.apache.catalina.core.StandardServer.await A valid shutdown command was received via the shutdown port. Stopping the Server instance.
03-Apr-2024 22:29:29.111 INFO [main] org.apache.coyote.AbstractProtocol.pause Pausing ProtocolHandler ["http-nio-8082"]
03-Apr-2024 22:29:29.509 INFO [main] org.apache.coyote.AbstractProtocol.pause Pausing ProtocolHandler ["ajp-nio-8009"]
03-Apr-2024 22:29:29.998 INFO [main] org.apache.catalina.core.StandardService.stopInternal Stopping service [Catalina]
03-Apr-2024 22:29:30.046 INFO [main] org.apache.coyote.AbstractProtocol.stop Stopping ProtocolHandler ["http-nio-8082"]
03-Apr-2024 22:29:30.046 INFO [main] org.apache.coyote.AbstractProtocol.stop Stopping ProtocolHandler ["ajp-nio-8009"]
03-Apr-2024 22:29:30.063 INFO [main] org.apache.coyote.AbstractProtocol.destroy Destroying ProtocolHandler ["http-nio-8082"]
03-Apr-2024 22:29:30.064 INFO [main] org.apache.coyote.AbstractProtocol.destroy Destroying ProtocolHandler ["ajp-nio-8009"]
03-Apr-2024 22:29:31.953 INFO [main] org.apache.catalina.startup.VersionLoggerListener.log Server version:        Apache Tomcat/8.5.24
03-Apr-2024 22:29:31.953 INFO [main] org.apache.catalina.startup.VersionLoggerListener.log Server built:          Nov 27 2017 13:05:30 UTC
03-Apr-2024 22:29:31.953 INFO [main] org.apache.catalina.startup.VersionLoggerListener.log Server number:         8.5.24.0
03-Apr-2024 22:29:31.953 INFO [main] org.apache.catalina.startup.VersionLoggerListener.log OS Name:               Windows 10
03-Apr-2024 22:29:31.953 INFO [main] org.apache.catalina.startup.VersionLoggerListener.log OS Version:            10.0
03-Apr-2024 22:29:31.953 INFO [main] org.apache.catalina.startup.VersionLoggerListener.log Architecture:          x86
03-Apr-2024 22:29:31.953 INFO [main] org.apache.catalina.startup.VersionLoggerListener.log Java Home:             D:\JavaSQL\Java8\jdk1.8.0_131\jre
03-Apr-2024 22:29:31.953 INFO [main] org.apache.catalina.startup.VersionLoggerListener.log JVM Version:           1.8.0_131-b11
03-Apr-2024 22:29:31.953 INFO [main] org.apache.catalina.startup.VersionLoggerListener.log JVM Vendor:            Oracle Corporation
03-Apr-2024 22:29:31.953 INFO [main] org.apache.catalina.startup.VersionLoggerListener.log CATALINA_BASE:         D:\JavaSQL\Java8\apache-tomcat-8.5.24
03-Apr-2024 22:29:31.953 INFO [main] org.apache.catalina.startup.VersionLoggerListener.log CATALINA_HOME:         D:\JavaSQL\Java8\apache-tomcat-8.5.24
03-Apr-2024 22:29:31.959 INFO [main] org.apache.catalina.startup.VersionLoggerListener.log Command line argument: -Djava.util.logging.config.file=D:\JavaSQL\Java8\apache-tomcat-8.5.24\conf\logging.properties
03-Apr-2024 22:29:31.959 INFO [main] org.apache.catalina.startup.VersionLoggerListener.log Command line argument: -Djava.util.logging.manager=org.apache.juli.ClassLoaderLogManager
03-Apr-2024 22:29:31.959 INFO [main] org.apache.catalina.startup.VersionLoggerListener.log Command line argument: -Djdk.tls.ephemeralDHKeySize=2048
03-Apr-2024 22:29:31.959 INFO [main] org.apache.catalina.startup.VersionLoggerListener.log Command line argument: -Djava.protocol.handler.pkgs=org.apache.catalina.webresources
03-Apr-2024 22:29:31.960 INFO [main] org.apache.catalina.startup.VersionLoggerListener.log Command line argument: -Dignore.endorsed.dirs=
03-Apr-2024 22:29:31.961 INFO [main] org.apache.catalina.startup.VersionLoggerListener.log Command line argument: -Dcatalina.base=D:\JavaSQL\Java8\apache-tomcat-8.5.24
03-Apr-2024 22:29:31.961 INFO [main] org.apache.catalina.startup.VersionLoggerListener.log Command line argument: -Dcatalina.home=D:\JavaSQL\Java8\apache-tomcat-8.5.24
03-Apr-2024 22:29:31.961 INFO [main] org.apache.catalina.startup.VersionLoggerListener.log Command line argument: -Djava.io.tmpdir=D:\JavaSQL\Java8\apache-tomcat-8.5.24\temp
03-Apr-2024 22:29:31.961 INFO [main] org.apache.catalina.core.AprLifecycleListener.lifecycleEvent The APR based Apache Tomcat Native library which allows optimal performance in production environments was not found on the java.library.path: [D:\JavaSQL\Java8\jdk1.8.0_131\bin;C:\WINDOWS\Sun\Java\bin;C:\WINDOWS\system32;C:\WINDOWS;D:\JavaSQL\Java8\jdk1.8.0_131\bin;D:\JavaSQL\Java8\jdk1.8.0_131\db\bin;D:\JavaSQL\Java8\squirrelsql-4.0.0-standard;D:\JavaSQL\Java8\apache-tomcat-8.5.24\bin;C:\WINDOWS\system32;C:\WINDOWS;C:\WINDOWS\System32\Wbem;C:\WINDOWS\System32\WindowsPowerShell\v1.0\;C:\WINDOWS\System32\OpenSSH\;C:\Program Files\dotnet\;C:\Users\Aldoa\Desktop\Infor\bin;C:\Users\Aldoa\AppData\Local\Microsoft\WindowsApps;;.]
03-Apr-2024 22:29:32.059 INFO [main] org.apache.coyote.AbstractProtocol.init Initializing ProtocolHandler ["http-nio-8082"]
03-Apr-2024 22:29:32.301 INFO [main] org.apache.tomcat.util.net.NioSelectorPool.getSharedSelector Using a shared selector for servlet write/read
03-Apr-2024 22:29:32.317 INFO [main] org.apache.coyote.AbstractProtocol.init Initializing ProtocolHandler ["ajp-nio-8009"]
03-Apr-2024 22:29:32.319 INFO [main] org.apache.tomcat.util.net.NioSelectorPool.getSharedSelector Using a shared selector for servlet write/read
03-Apr-2024 22:29:32.319 INFO [main] org.apache.catalina.startup.Catalina.load Initialization processed in 673 ms
03-Apr-2024 22:29:32.360 INFO [main] org.apache.catalina.core.StandardService.startInternal Starting service [Catalina]
03-Apr-2024 22:29:32.360 INFO [main] org.apache.catalina.core.StandardEngine.startInternal Starting Servlet Engine: Apache Tomcat/8.5.24
03-Apr-2024 22:29:32.366 INFO [localhost-startStop-1] org.apache.catalina.startup.HostConfig.deployDirectory Deploying web application directory [D:\JavaSQL\Java8\apache-tomcat-8.5.24\webapps\docs]
03-Apr-2024 22:29:32.595 INFO [localhost-startStop-1] org.apache.jasper.servlet.TldScanner.scanJars At least one JAR was scanned for TLDs yet contained no TLDs. Enable debug logging for this logger for a complete list of JARs that were scanned but no TLDs were found in them. Skipping unneeded JARs during scanning can improve startup time and JSP compilation time.
03-Apr-2024 22:29:32.659 INFO [localhost-startStop-1] org.apache.catalina.startup.HostConfig.deployDirectory Deployment of web application directory [D:\JavaSQL\Java8\apache-tomcat-8.5.24\webapps\docs] has finished in [293] ms
03-Apr-2024 22:29:32.660 INFO [localhost-startStop-1] org.apache.catalina.startup.HostConfig.deployDirectory Deploying web application directory [D:\JavaSQL\Java8\apache-tomcat-8.5.24\webapps\examples]
03-Apr-2024 22:29:32.854 INFO [localhost-startStop-1] org.apache.jasper.servlet.TldScanner.scanJars At least one JAR was scanned for TLDs yet contained no TLDs. Enable debug logging for this logger for a complete list of JARs that were scanned but no TLDs were found in them. Skipping unneeded JARs during scanning can improve startup time and JSP compilation time.
03-Apr-2024 22:29:32.886 INFO [localhost-startStop-1] org.apache.catalina.startup.HostConfig.deployDirectory Deployment of web application directory [D:\JavaSQL\Java8\apache-tomcat-8.5.24\webapps\examples] has finished in [226] ms
03-Apr-2024 22:29:32.895 INFO [localhost-startStop-1] org.apache.catalina.startup.HostConfig.deployDirectory Deploying web application directory [D:\JavaSQL\Java8\apache-tomcat-8.5.24\webapps\host-manager]
03-Apr-2024 22:29:32.915 INFO [localhost-startStop-1] org.apache.jasper.servlet.TldScanner.scanJars At least one JAR was scanned for TLDs yet contained no TLDs. Enable debug logging for this logger for a complete list of JARs that were scanned but no TLDs were found in them. Skipping unneeded JARs during scanning can improve startup time and JSP compilation time.
03-Apr-2024 22:29:32.926 INFO [localhost-startStop-1] org.apache.catalina.startup.HostConfig.deployDirectory Deployment of web application directory [D:\JavaSQL\Java8\apache-tomcat-8.5.24\webapps\host-manager] has finished in [31] ms
03-Apr-2024 22:29:32.926 INFO [localhost-startStop-1] org.apache.catalina.startup.HostConfig.deployDirectory Deploying web application directory [D:\JavaSQL\Java8\apache-tomcat-8.5.24\webapps\ROOT]
03-Apr-2024 22:29:32.944 INFO [localhost-startStop-1] org.apache.jasper.servlet.TldScanner.scanJars At least one JAR was scanned for TLDs yet contained no TLDs. Enable debug logging for this logger for a complete list of JARs that were scanned but no TLDs were found in them. Skipping unneeded JARs during scanning can improve startup time and JSP compilation time.
03-Apr-2024 22:29:32.948 INFO [localhost-startStop-1] org.apache.catalina.startup.HostConfig.deployDirectory Deployment of web application directory [D:\JavaSQL\Java8\apache-tomcat-8.5.24\webapps\ROOT] has finished in [22] ms
03-Apr-2024 22:29:32.948 INFO [localhost-startStop-1] org.apache.catalina.startup.HostConfig.deployDirectory Deploying web application directory [D:\JavaSQL\Java8\apache-tomcat-8.5.24\webapps\SQLServer]
03-Apr-2024 22:29:32.972 INFO [localhost-startStop-1] org.apache.jasper.servlet.TldScanner.scanJars At least one JAR was scanned for TLDs yet contained no TLDs. Enable debug logging for this logger for a complete list of JARs that were scanned but no TLDs were found in them. Skipping unneeded JARs during scanning can improve startup time and JSP compilation time.
03-Apr-2024 22:29:32.976 INFO [localhost-startStop-1] org.apache.catalina.startup.HostConfig.deployDirectory Deployment of web application directory [D:\JavaSQL\Java8\apache-tomcat-8.5.24\webapps\SQLServer] has finished in [28] ms
03-Apr-2024 22:29:32.981 INFO [localhost-startStop-1] org.apache.catalina.startup.HostConfig.deployDirectory Deploying web application directory [D:\JavaSQL\Java8\apache-tomcat-8.5.24\webapps\Servlet1]
03-Apr-2024 22:29:32.997 INFO [localhost-startStop-1] org.apache.jasper.servlet.TldScanner.scanJars At least one JAR was scanned for TLDs yet contained no TLDs. Enable debug logging for this logger for a complete list of JARs that were scanned but no TLDs were found in them. Skipping unneeded JARs during scanning can improve startup time and JSP compilation time.
03-Apr-2024 22:29:32.997 INFO [localhost-startStop-1] org.apache.catalina.startup.HostConfig.deployDirectory Deployment of web application directory [D:\JavaSQL\Java8\apache-tomcat-8.5.24\webapps\Servlet1] has finished in [16] ms
03-Apr-2024 22:29:32.997 INFO [localhost-startStop-1] org.apache.catalina.startup.HostConfig.deployDirectory Deploying web application directory [D:\JavaSQL\Java8\apache-tomcat-8.5.24\webapps\Servlet2]
03-Apr-2024 22:29:33.025 INFO [localhost-startStop-1] org.apache.jasper.servlet.TldScanner.scanJars At least one JAR was scanned for TLDs yet contained no TLDs. Enable debug logging for this logger for a complete list of JARs that were scanned but no TLDs were found in them. Skipping unneeded JARs during scanning can improve startup time and JSP compilation time.
03-Apr-2024 22:29:33.029 INFO [localhost-startStop-1] org.apache.catalina.startup.HostConfig.deployDirectory Deployment of web application directory [D:\JavaSQL\Java8\apache-tomcat-8.5.24\webapps\Servlet2] has finished in [32] ms
03-Apr-2024 22:29:33.029 INFO [localhost-startStop-1] org.apache.catalina.startup.HostConfig.deployDirectory Deploying web application directory [D:\JavaSQL\Java8\apache-tomcat-8.5.24\webapps\Servlet3]
03-Apr-2024 22:29:33.049 INFO [localhost-startStop-1] org.apache.jasper.servlet.TldScanner.scanJars At least one JAR was scanned for TLDs yet contained no TLDs. Enable debug logging for this logger for a complete list of JARs that were scanned but no TLDs were found in them. Skipping unneeded JARs during scanning can improve startup time and JSP compilation time.
03-Apr-2024 22:29:33.049 INFO [localhost-startStop-1] org.apache.catalina.startup.HostConfig.deployDirectory Deployment of web application directory [D:\JavaSQL\Java8\apache-tomcat-8.5.24\webapps\Servlet3] has finished in [20] ms
03-Apr-2024 22:29:33.049 INFO [localhost-startStop-1] org.apache.catalina.startup.HostConfig.deployDirectory Deploying web application directory [D:\JavaSQL\Java8\apache-tomcat-8.5.24\webapps\Servlet4]
03-Apr-2024 22:29:33.071 INFO [localhost-startStop-1] org.apache.jasper.servlet.TldScanner.scanJars At least one JAR was scanned for TLDs yet contained no TLDs. Enable debug logging for this logger for a complete list of JARs that were scanned but no TLDs were found in them. Skipping unneeded JARs during scanning can improve startup time and JSP compilation time.
03-Apr-2024 22:29:33.071 INFO [localhost-startStop-1] org.apache.catalina.startup.HostConfig.deployDirectory Deployment of web application directory [D:\JavaSQL\Java8\apache-tomcat-8.5.24\webapps\Servlet4] has finished in [22] ms
03-Apr-2024 22:29:33.071 INFO [localhost-startStop-1] org.apache.catalina.startup.HostConfig.deployDirectory Deploying web application directory [D:\JavaSQL\Java8\apache-tomcat-8.5.24\webapps\Pract8]
03-Apr-2024 22:29:33.096 INFO [localhost-startStop-1] org.apache.jasper.servlet.TldScanner.scanJars At least one JAR was scanned for TLDs yet contained no TLDs. Enable debug logging for this logger for a complete list of JARs that were scanned but no TLDs were found in them. Skipping unneeded JARs during scanning can improve startup time and JSP compilation time.
03-Apr-2024 22:29:33.096 INFO [localhost-startStop-1] org.apache.catalina.startup.HostConfig.deployDirectory Deployment of web application directory [D:\JavaSQL\Java8\apache-tomcat-8.5.24\webapps\Pract8] has finished in [25] ms
03-Apr-2024 22:29:33.096 INFO [localhost-startStop-1] org.apache.catalina.startup.HostConfig.deployDirectory Deploying web application directory [D:\JavaSQL\Java8\apache-tomcat-8.5.24\webapps\Entrega]
03-Apr-2024 22:29:33.120 INFO [localhost-startStop-1] org.apache.jasper.servlet.TldScanner.scanJars At least one JAR was scanned for TLDs yet contained no TLDs. Enable debug logging for this logger for a complete list of JARs that were scanned but no TLDs were found in them. Skipping unneeded JARs during scanning can improve startup time and JSP compilation time.
03-Apr-2024 22:29:33.120 INFO [localhost-startStop-1] org.apache.catalina.startup.HostConfig.deployDirectory Deployment of web application directory [D:\JavaSQL\Java8\apache-tomcat-8.5.24\webapps\Entrega] has finished in [24] ms
03-Apr-2024 22:29:33.120 INFO [localhost-startStop-1] org.apache.catalina.startup.HostConfig.deployDirectory Deploying web application directory [D:\JavaSQL\Java8\apache-tomcat-8.5.24\webapps\matrices8]
03-Apr-2024 22:29:33.151 INFO [localhost-startStop-1] org.apache.jasper.servlet.TldScanner.scanJars At least one JAR was scanned for TLDs yet contained no TLDs. Enable debug logging for this logger for a complete list of JARs that were scanned but no TLDs were found in them. Skipping unneeded JARs during scanning can improve startup time and JSP compilation time.
03-Apr-2024 22:29:33.151 INFO [localhost-startStop-1] org.apache.catalina.startup.HostConfig.deployDirectory Deployment of web application directory [D:\JavaSQL\Java8\apache-tomcat-8.5.24\webapps\matrices8] has finished in [31] ms
03-Apr-2024 22:29:33.151 INFO [localhost-startStop-1] org.apache.catalina.startup.HostConfig.deployDirectory Deploying web application directory [D:\JavaSQL\Java8\apache-tomcat-8.5.24\webapps\TD_E18]
03-Apr-2024 22:29:33.167 INFO [localhost-startStop-1] org.apache.jasper.servlet.TldScanner.scanJars At least one JAR was scanned for TLDs yet contained no TLDs. Enable debug logging for this logger for a complete list of JARs that were scanned but no TLDs were found in them. Skipping unneeded JARs during scanning can improve startup time and JSP compilation time.
03-Apr-2024 22:29:33.183 INFO [localhost-startStop-1] org.apache.catalina.startup.HostConfig.deployDirectory Deployment of web application directory [D:\JavaSQL\Java8\apache-tomcat-8.5.24\webapps\TD_E18] has finished in [32] ms
03-Apr-2024 22:29:33.183 INFO [localhost-startStop-1] org.apache.catalina.startup.HostConfig.deployDirectory Deploying web application directory [D:\JavaSQL\Java8\apache-tomcat-8.5.24\webapps\TD_E30]
03-Apr-2024 22:29:33.210 INFO [localhost-startStop-1] org.apache.jasper.servlet.TldScanner.scanJars At least one JAR was scanned for TLDs yet contained no TLDs. Enable debug logging for this logger for a complete list of JARs that were scanned but no TLDs were found in them. Skipping unneeded JARs during scanning can improve startup time and JSP compilation time.
03-Apr-2024 22:29:33.210 INFO [localhost-startStop-1] org.apache.catalina.startup.HostConfig.deployDirectory Deployment of web application directory [D:\JavaSQL\Java8\apache-tomcat-8.5.24\webapps\TD_E30] has finished in [27] ms
03-Apr-2024 22:29:33.210 INFO [localhost-startStop-1] org.apache.catalina.startup.HostConfig.deployDirectory Deploying web application directory [D:\JavaSQL\Java8\apache-tomcat-8.5.24\webapps\TD_E31]
03-Apr-2024 22:29:33.336 INFO [localhost-startStop-1] org.apache.jasper.servlet.TldScanner.scanJars At least one JAR was scanned for TLDs yet contained no TLDs. Enable debug logging for this logger for a complete list of JARs that were scanned but no TLDs were found in them. Skipping unneeded JARs during scanning can improve startup time and JSP compilation time.
03-Apr-2024 22:29:33.342 INFO [localhost-startStop-1] org.apache.catalina.startup.HostConfig.deployDirectory Deployment of web application directory [D:\JavaSQL\Java8\apache-tomcat-8.5.24\webapps\TD_E31] has finished in [132] ms
03-Apr-2024 22:29:33.342 INFO [main] org.apache.coyote.AbstractProtocol.start Starting ProtocolHandler ["http-nio-8082"]
03-Apr-2024 22:29:33.350 INFO [main] org.apache.coyote.AbstractProtocol.start Starting ProtocolHandler ["ajp-nio-8009"]
03-Apr-2024 22:29:33.359 INFO [main] org.apache.catalina.startup.Catalina.start Server startup in 1040 ms
03-Apr-2024 22:29:58.321 INFO [main] org.apache.catalina.core.StandardServer.await A valid shutdown command was received via the shutdown port. Stopping the Server instance.
03-Apr-2024 22:29:58.321 INFO [main] org.apache.coyote.AbstractProtocol.pause Pausing ProtocolHandler ["http-nio-8082"]
03-Apr-2024 22:29:58.715 INFO [main] org.apache.coyote.AbstractProtocol.pause Pausing ProtocolHandler ["ajp-nio-8009"]
03-Apr-2024 22:29:59.182 INFO [main] org.apache.catalina.core.StandardService.stopInternal Stopping service [Catalina]
03-Apr-2024 22:29:59.248 INFO [main] org.apache.coyote.AbstractProtocol.stop Stopping ProtocolHandler ["http-nio-8082"]
03-Apr-2024 22:29:59.248 INFO [main] org.apache.coyote.AbstractProtocol.stop Stopping ProtocolHandler ["ajp-nio-8009"]
03-Apr-2024 22:29:59.259 INFO [main] org.apache.coyote.AbstractProtocol.destroy Destroying ProtocolHandler ["http-nio-8082"]
03-Apr-2024 22:29:59.261 INFO [main] org.apache.coyote.AbstractProtocol.destroy Destroying ProtocolHandler ["ajp-nio-8009"]
03-Apr-2024 22:30:01.407 INFO [main] org.apache.catalina.startup.VersionLoggerListener.log Server version:        Apache Tomcat/8.5.24
03-Apr-2024 22:30:01.407 INFO [main] org.apache.catalina.startup.VersionLoggerListener.log Server built:          Nov 27 2017 13:05:30 UTC
03-Apr-2024 22:30:01.407 INFO [main] org.apache.catalina.startup.VersionLoggerListener.log Server number:         8.5.24.0
03-Apr-2024 22:30:01.407 INFO [main] org.apache.catalina.startup.VersionLoggerListener.log OS Name:               Windows 10
03-Apr-2024 22:30:01.407 INFO [main] org.apache.catalina.startup.VersionLoggerListener.log OS Version:            10.0
03-Apr-2024 22:30:01.407 INFO [main] org.apache.catalina.startup.VersionLoggerListener.log Architecture:          x86
03-Apr-2024 22:30:01.407 INFO [main] org.apache.catalina.startup.VersionLoggerListener.log Java Home:             D:\JavaSQL\Java8\jdk1.8.0_131\jre
03-Apr-2024 22:30:01.407 INFO [main] org.apache.catalina.startup.VersionLoggerListener.log JVM Version:           1.8.0_131-b11
03-Apr-2024 22:30:01.407 INFO [main] org.apache.catalina.startup.VersionLoggerListener.log JVM Vendor:            Oracle Corporation
03-Apr-2024 22:30:01.407 INFO [main] org.apache.catalina.startup.VersionLoggerListener.log CATALINA_BASE:         D:\JavaSQL\Java8\apache-tomcat-8.5.24
03-Apr-2024 22:30:01.407 INFO [main] org.apache.catalina.startup.VersionLoggerListener.log CATALINA_HOME:         D:\JavaSQL\Java8\apache-tomcat-8.5.24
03-Apr-2024 22:30:01.407 INFO [main] org.apache.catalina.startup.VersionLoggerListener.log Command line argument: -Djava.util.logging.config.file=D:\JavaSQL\Java8\apache-tomcat-8.5.24\conf\logging.properties
03-Apr-2024 22:30:01.407 INFO [main] org.apache.catalina.startup.VersionLoggerListener.log Command line argument: -Djava.util.logging.manager=org.apache.juli.ClassLoaderLogManager
03-Apr-2024 22:30:01.407 INFO [main] org.apache.catalina.startup.VersionLoggerListener.log Command line argument: -Djdk.tls.ephemeralDHKeySize=2048
03-Apr-2024 22:30:01.407 INFO [main] org.apache.catalina.startup.VersionLoggerListener.log Command line argument: -Djava.protocol.handler.pkgs=org.apache.catalina.webresources
03-Apr-2024 22:30:01.407 INFO [main] org.apache.catalina.startup.VersionLoggerListener.log Command line argument: -Dignore.endorsed.dirs=
03-Apr-2024 22:30:01.407 INFO [main] org.apache.catalina.startup.VersionLoggerListener.log Command line argument: -Dcatalina.base=D:\JavaSQL\Java8\apache-tomcat-8.5.24
03-Apr-2024 22:30:01.407 INFO [main] org.apache.catalina.startup.VersionLoggerListener.log Command line argument: -Dcatalina.home=D:\JavaSQL\Java8\apache-tomcat-8.5.24
03-Apr-2024 22:30:01.407 INFO [main] org.apache.catalina.startup.VersionLoggerListener.log Command line argument: -Djava.io.tmpdir=D:\JavaSQL\Java8\apache-tomcat-8.5.24\temp
03-Apr-2024 22:30:01.407 INFO [main] org.apache.catalina.core.AprLifecycleListener.lifecycleEvent The APR based Apache Tomcat Native library which allows optimal performance in production environments was not found on the java.library.path: [D:\JavaSQL\Java8\jdk1.8.0_131\bin;C:\WINDOWS\Sun\Java\bin;C:\WINDOWS\system32;C:\WINDOWS;D:\JavaSQL\Java8\jdk1.8.0_131\bin;D:\JavaSQL\Java8\jdk1.8.0_131\db\bin;D:\JavaSQL\Java8\squirrelsql-4.0.0-standard;D:\JavaSQL\Java8\apache-tomcat-8.5.24\bin;C:\WINDOWS\system32;C:\WINDOWS;C:\WINDOWS\System32\Wbem;C:\WINDOWS\System32\WindowsPowerShell\v1.0\;C:\WINDOWS\System32\OpenSSH\;C:\Program Files\dotnet\;C:\Users\Aldoa\Desktop\Infor\bin;C:\Users\Aldoa\AppData\Local\Microsoft\WindowsApps;;.]
03-Apr-2024 22:30:01.521 INFO [main] org.apache.coyote.AbstractProtocol.init Initializing ProtocolHandler ["http-nio-8082"]
03-Apr-2024 22:30:01.768 INFO [main] org.apache.tomcat.util.net.NioSelectorPool.getSharedSelector Using a shared selector for servlet write/read
03-Apr-2024 22:30:01.768 INFO [main] org.apache.coyote.AbstractProtocol.init Initializing ProtocolHandler ["ajp-nio-8009"]
03-Apr-2024 22:30:01.768 INFO [main] org.apache.tomcat.util.net.NioSelectorPool.getSharedSelector Using a shared selector for servlet write/read
03-Apr-2024 22:30:01.781 INFO [main] org.apache.catalina.startup.Catalina.load Initialization processed in 628 ms
03-Apr-2024 22:30:01.799 INFO [main] org.apache.catalina.core.StandardService.startInternal Starting service [Catalina]
03-Apr-2024 22:30:01.799 INFO [main] org.apache.catalina.core.StandardEngine.startInternal Starting Servlet Engine: Apache Tomcat/8.5.24
03-Apr-2024 22:30:01.799 INFO [localhost-startStop-1] org.apache.catalina.startup.HostConfig.deployDirectory Deploying web application directory [D:\JavaSQL\Java8\apache-tomcat-8.5.24\webapps\docs]
03-Apr-2024 22:30:02.036 INFO [localhost-startStop-1] org.apache.jasper.servlet.TldScanner.scanJars At least one JAR was scanned for TLDs yet contained no TLDs. Enable debug logging for this logger for a complete list of JARs that were scanned but no TLDs were found in them. Skipping unneeded JARs during scanning can improve startup time and JSP compilation time.
03-Apr-2024 22:30:02.076 INFO [localhost-startStop-1] org.apache.catalina.startup.HostConfig.deployDirectory Deployment of web application directory [D:\JavaSQL\Java8\apache-tomcat-8.5.24\webapps\docs] has finished in [277] ms
03-Apr-2024 22:30:02.076 INFO [localhost-startStop-1] org.apache.catalina.startup.HostConfig.deployDirectory Deploying web application directory [D:\JavaSQL\Java8\apache-tomcat-8.5.24\webapps\examples]
03-Apr-2024 22:30:02.266 INFO [localhost-startStop-1] org.apache.jasper.servlet.TldScanner.scanJars At least one JAR was scanned for TLDs yet contained no TLDs. Enable debug logging for this logger for a complete list of JARs that were scanned but no TLDs were found in them. Skipping unneeded JARs during scanning can improve startup time and JSP compilation time.
03-Apr-2024 22:30:02.297 INFO [localhost-startStop-1] org.apache.catalina.startup.HostConfig.deployDirectory Deployment of web application directory [D:\JavaSQL\Java8\apache-tomcat-8.5.24\webapps\examples] has finished in [221] ms
03-Apr-2024 22:30:02.297 INFO [localhost-startStop-1] org.apache.catalina.startup.HostConfig.deployDirectory Deploying web application directory [D:\JavaSQL\Java8\apache-tomcat-8.5.24\webapps\host-manager]
03-Apr-2024 22:30:02.328 INFO [localhost-startStop-1] org.apache.jasper.servlet.TldScanner.scanJars At least one JAR was scanned for TLDs yet contained no TLDs. Enable debug logging for this logger for a complete list of JARs that were scanned but no TLDs were found in them. Skipping unneeded JARs during scanning can improve startup time and JSP compilation time.
03-Apr-2024 22:30:02.328 INFO [localhost-startStop-1] org.apache.catalina.startup.HostConfig.deployDirectory Deployment of web application directory [D:\JavaSQL\Java8\apache-tomcat-8.5.24\webapps\host-manager] has finished in [31] ms
03-Apr-2024 22:30:02.328 INFO [localhost-startStop-1] org.apache.catalina.startup.HostConfig.deployDirectory Deploying web application directory [D:\JavaSQL\Java8\apache-tomcat-8.5.24\webapps\ROOT]
03-Apr-2024 22:30:02.361 INFO [localhost-startStop-1] org.apache.jasper.servlet.TldScanner.scanJars At least one JAR was scanned for TLDs yet contained no TLDs. Enable debug logging for this logger for a complete list of JARs that were scanned but no TLDs were found in them. Skipping unneeded JARs during scanning can improve startup time and JSP compilation time.
03-Apr-2024 22:30:02.362 INFO [localhost-startStop-1] org.apache.catalina.startup.HostConfig.deployDirectory Deployment of web application directory [D:\JavaSQL\Java8\apache-tomcat-8.5.24\webapps\ROOT] has finished in [34] ms
03-Apr-2024 22:30:02.362 INFO [localhost-startStop-1] org.apache.catalina.startup.HostConfig.deployDirectory Deploying web application directory [D:\JavaSQL\Java8\apache-tomcat-8.5.24\webapps\SQLServer]
03-Apr-2024 22:30:02.392 INFO [localhost-startStop-1] org.apache.jasper.servlet.TldScanner.scanJars At least one JAR was scanned for TLDs yet contained no TLDs. Enable debug logging for this logger for a complete list of JARs that were scanned but no TLDs were found in them. Skipping unneeded JARs during scanning can improve startup time and JSP compilation time.
03-Apr-2024 22:30:02.392 INFO [localhost-startStop-1] org.apache.catalina.startup.HostConfig.deployDirectory Deployment of web application directory [D:\JavaSQL\Java8\apache-tomcat-8.5.24\webapps\SQLServer] has finished in [30] ms
03-Apr-2024 22:30:02.398 INFO [localhost-startStop-1] org.apache.catalina.startup.HostConfig.deployDirectory Deploying web application directory [D:\JavaSQL\Java8\apache-tomcat-8.5.24\webapps\Servlet1]
03-Apr-2024 22:30:02.419 INFO [localhost-startStop-1] org.apache.jasper.servlet.TldScanner.scanJars At least one JAR was scanned for TLDs yet contained no TLDs. Enable debug logging for this logger for a complete list of JARs that were scanned but no TLDs were found in them. Skipping unneeded JARs during scanning can improve startup time and JSP compilation time.
03-Apr-2024 22:30:02.425 INFO [localhost-startStop-1] org.apache.catalina.startup.HostConfig.deployDirectory Deployment of web application directory [D:\JavaSQL\Java8\apache-tomcat-8.5.24\webapps\Servlet1] has finished in [27] ms
03-Apr-2024 22:30:02.425 INFO [localhost-startStop-1] org.apache.catalina.startup.HostConfig.deployDirectory Deploying web application directory [D:\JavaSQL\Java8\apache-tomcat-8.5.24\webapps\Servlet2]
03-Apr-2024 22:30:02.450 INFO [localhost-startStop-1] org.apache.jasper.servlet.TldScanner.scanJars At least one JAR was scanned for TLDs yet contained no TLDs. Enable debug logging for this logger for a complete list of JARs that were scanned but no TLDs were found in them. Skipping unneeded JARs during scanning can improve startup time and JSP compilation time.
03-Apr-2024 22:30:02.455 INFO [localhost-startStop-1] org.apache.catalina.startup.HostConfig.deployDirectory Deployment of web application directory [D:\JavaSQL\Java8\apache-tomcat-8.5.24\webapps\Servlet2] has finished in [29] ms
03-Apr-2024 22:30:02.455 INFO [localhost-startStop-1] org.apache.catalina.startup.HostConfig.deployDirectory Deploying web application directory [D:\JavaSQL\Java8\apache-tomcat-8.5.24\webapps\Servlet3]
03-Apr-2024 22:30:02.479 INFO [localhost-startStop-1] org.apache.jasper.servlet.TldScanner.scanJars At least one JAR was scanned for TLDs yet contained no TLDs. Enable debug logging for this logger for a complete list of JARs that were scanned but no TLDs were found in them. Skipping unneeded JARs during scanning can improve startup time and JSP compilation time.
03-Apr-2024 22:30:02.483 INFO [localhost-startStop-1] org.apache.catalina.startup.HostConfig.deployDirectory Deployment of web application directory [D:\JavaSQL\Java8\apache-tomcat-8.5.24\webapps\Servlet3] has finished in [28] ms
03-Apr-2024 22:30:02.483 INFO [localhost-startStop-1] org.apache.catalina.startup.HostConfig.deployDirectory Deploying web application directory [D:\JavaSQL\Java8\apache-tomcat-8.5.24\webapps\Servlet4]
03-Apr-2024 22:30:02.503 INFO [localhost-startStop-1] org.apache.jasper.servlet.TldScanner.scanJars At least one JAR was scanned for TLDs yet contained no TLDs. Enable debug logging for this logger for a complete list of JARs that were scanned but no TLDs were found in them. Skipping unneeded JARs during scanning can improve startup time and JSP compilation time.
03-Apr-2024 22:30:02.503 INFO [localhost-startStop-1] org.apache.catalina.startup.HostConfig.deployDirectory Deployment of web application directory [D:\JavaSQL\Java8\apache-tomcat-8.5.24\webapps\Servlet4] has finished in [20] ms
03-Apr-2024 22:30:02.503 INFO [localhost-startStop-1] org.apache.catalina.startup.HostConfig.deployDirectory Deploying web application directory [D:\JavaSQL\Java8\apache-tomcat-8.5.24\webapps\Pract8]
03-Apr-2024 22:30:02.532 INFO [localhost-startStop-1] org.apache.jasper.servlet.TldScanner.scanJars At least one JAR was scanned for TLDs yet contained no TLDs. Enable debug logging for this logger for a complete list of JARs that were scanned but no TLDs were found in them. Skipping unneeded JARs during scanning can improve startup time and JSP compilation time.
03-Apr-2024 22:30:02.532 INFO [localhost-startStop-1] org.apache.catalina.startup.HostConfig.deployDirectory Deployment of web application directory [D:\JavaSQL\Java8\apache-tomcat-8.5.24\webapps\Pract8] has finished in [29] ms
03-Apr-2024 22:30:02.532 INFO [localhost-startStop-1] org.apache.catalina.startup.HostConfig.deployDirectory Deploying web application directory [D:\JavaSQL\Java8\apache-tomcat-8.5.24\webapps\Entrega]
03-Apr-2024 22:30:02.559 INFO [localhost-startStop-1] org.apache.jasper.servlet.TldScanner.scanJars At least one JAR was scanned for TLDs yet contained no TLDs. Enable debug logging for this logger for a complete list of JARs that were scanned but no TLDs were found in them. Skipping unneeded JARs during scanning can improve startup time and JSP compilation time.
03-Apr-2024 22:30:02.559 INFO [localhost-startStop-1] org.apache.catalina.startup.HostConfig.deployDirectory Deployment of web application directory [D:\JavaSQL\Java8\apache-tomcat-8.5.24\webapps\Entrega] has finished in [27] ms
03-Apr-2024 22:30:02.559 INFO [localhost-startStop-1] org.apache.catalina.startup.HostConfig.deployDirectory Deploying web application directory [D:\JavaSQL\Java8\apache-tomcat-8.5.24\webapps\matrices8]
03-Apr-2024 22:30:02.588 INFO [localhost-startStop-1] org.apache.jasper.servlet.TldScanner.scanJars At least one JAR was scanned for TLDs yet contained no TLDs. Enable debug logging for this logger for a complete list of JARs that were scanned but no TLDs were found in them. Skipping unneeded JARs during scanning can improve startup time and JSP compilation time.
03-Apr-2024 22:30:02.588 INFO [localhost-startStop-1] org.apache.catalina.startup.HostConfig.deployDirectory Deployment of web application directory [D:\JavaSQL\Java8\apache-tomcat-8.5.24\webapps\matrices8] has finished in [29] ms
03-Apr-2024 22:30:02.588 INFO [localhost-startStop-1] org.apache.catalina.startup.HostConfig.deployDirectory Deploying web application directory [D:\JavaSQL\Java8\apache-tomcat-8.5.24\webapps\TD_E18]
03-Apr-2024 22:30:02.619 INFO [localhost-startStop-1] org.apache.jasper.servlet.TldScanner.scanJars At least one JAR was scanned for TLDs yet contained no TLDs. Enable debug logging for this logger for a complete list of JARs that were scanned but no TLDs were found in them. Skipping unneeded JARs during scanning can improve startup time and JSP compilation time.
03-Apr-2024 22:30:02.619 INFO [localhost-startStop-1] org.apache.catalina.startup.HostConfig.deployDirectory Deployment of web application directory [D:\JavaSQL\Java8\apache-tomcat-8.5.24\webapps\TD_E18] has finished in [31] ms
03-Apr-2024 22:30:02.619 INFO [localhost-startStop-1] org.apache.catalina.startup.HostConfig.deployDirectory Deploying web application directory [D:\JavaSQL\Java8\apache-tomcat-8.5.24\webapps\TD_E30]
03-Apr-2024 22:30:02.635 INFO [localhost-startStop-1] org.apache.jasper.servlet.TldScanner.scanJars At least one JAR was scanned for TLDs yet contained no TLDs. Enable debug logging for this logger for a complete list of JARs that were scanned but no TLDs were found in them. Skipping unneeded JARs during scanning can improve startup time and JSP compilation time.
03-Apr-2024 22:30:02.649 INFO [localhost-startStop-1] org.apache.catalina.startup.HostConfig.deployDirectory Deployment of web application directory [D:\JavaSQL\Java8\apache-tomcat-8.5.24\webapps\TD_E30] has finished in [30] ms
03-Apr-2024 22:30:02.649 INFO [localhost-startStop-1] org.apache.catalina.startup.HostConfig.deployDirectory Deploying web application directory [D:\JavaSQL\Java8\apache-tomcat-8.5.24\webapps\TD_E31]
03-Apr-2024 22:30:02.760 INFO [localhost-startStop-1] org.apache.jasper.servlet.TldScanner.scanJars At least one JAR was scanned for TLDs yet contained no TLDs. Enable debug logging for this logger for a complete list of JARs that were scanned but no TLDs were found in them. Skipping unneeded JARs during scanning can improve startup time and JSP compilation time.
03-Apr-2024 22:30:02.776 INFO [localhost-startStop-1] org.apache.catalina.startup.HostConfig.deployDirectory Deployment of web application directory [D:\JavaSQL\Java8\apache-tomcat-8.5.24\webapps\TD_E31] has finished in [127] ms
03-Apr-2024 22:30:02.776 INFO [main] org.apache.coyote.AbstractProtocol.start Starting ProtocolHandler ["http-nio-8082"]
03-Apr-2024 22:30:02.792 INFO [main] org.apache.coyote.AbstractProtocol.start Starting ProtocolHandler ["ajp-nio-8009"]
03-Apr-2024 22:30:02.792 INFO [main] org.apache.catalina.startup.Catalina.start Server startup in 1015 ms
03-Apr-2024 22:32:44.591 INFO [main] org.apache.catalina.core.StandardServer.await A valid shutdown command was received via the shutdown port. Stopping the Server instance.
03-Apr-2024 22:32:44.591 INFO [main] org.apache.coyote.AbstractProtocol.pause Pausing ProtocolHandler ["http-nio-8082"]
03-Apr-2024 22:32:45.077 INFO [main] org.apache.coyote.AbstractProtocol.pause Pausing ProtocolHandler ["ajp-nio-8009"]
03-Apr-2024 22:32:45.550 INFO [main] org.apache.catalina.core.StandardService.stopInternal Stopping service [Catalina]
03-Apr-2024 22:32:45.634 INFO [main] org.apache.coyote.AbstractProtocol.stop Stopping ProtocolHandler ["http-nio-8082"]
03-Apr-2024 22:32:45.637 INFO [main] org.apache.coyote.AbstractProtocol.stop Stopping ProtocolHandler ["ajp-nio-8009"]
03-Apr-2024 22:32:45.637 INFO [main] org.apache.coyote.AbstractProtocol.destroy Destroying ProtocolHandler ["http-nio-8082"]
03-Apr-2024 22:32:45.637 INFO [main] org.apache.coyote.AbstractProtocol.destroy Destroying ProtocolHandler ["ajp-nio-8009"]
03-Apr-2024 22:32:48.139 INFO [main] org.apache.catalina.startup.VersionLoggerListener.log Server version:        Apache Tomcat/8.5.24
03-Apr-2024 22:32:48.148 INFO [main] org.apache.catalina.startup.VersionLoggerListener.log Server built:          Nov 27 2017 13:05:30 UTC
03-Apr-2024 22:32:48.148 INFO [main] org.apache.catalina.startup.VersionLoggerListener.log Server number:         8.5.24.0
03-Apr-2024 22:32:48.148 INFO [main] org.apache.catalina.startup.VersionLoggerListener.log OS Name:               Windows 10
03-Apr-2024 22:32:48.148 INFO [main] org.apache.catalina.startup.VersionLoggerListener.log OS Version:            10.0
03-Apr-2024 22:32:48.148 INFO [main] org.apache.catalina.startup.VersionLoggerListener.log Architecture:          x86
03-Apr-2024 22:32:48.148 INFO [main] org.apache.catalina.startup.VersionLoggerListener.log Java Home:             D:\JavaSQL\Java8\jdk1.8.0_131\jre
03-Apr-2024 22:32:48.148 INFO [main] org.apache.catalina.startup.VersionLoggerListener.log JVM Version:           1.8.0_131-b11
03-Apr-2024 22:32:48.148 INFO [main] org.apache.catalina.startup.VersionLoggerListener.log JVM Vendor:            Oracle Corporation
03-Apr-2024 22:32:48.148 INFO [main] org.apache.catalina.startup.VersionLoggerListener.log CATALINA_BASE:         D:\JavaSQL\Java8\apache-tomcat-8.5.24
03-Apr-2024 22:32:48.148 INFO [main] org.apache.catalina.startup.VersionLoggerListener.log CATALINA_HOME:         D:\JavaSQL\Java8\apache-tomcat-8.5.24
03-Apr-2024 22:32:48.148 INFO [main] org.apache.catalina.startup.VersionLoggerListener.log Command line argument: -Djava.util.logging.config.file=D:\JavaSQL\Java8\apache-tomcat-8.5.24\conf\logging.properties
03-Apr-2024 22:32:48.150 INFO [main] org.apache.catalina.startup.VersionLoggerListener.log Command line argument: -Djava.util.logging.manager=org.apache.juli.ClassLoaderLogManager
03-Apr-2024 22:32:48.150 INFO [main] org.apache.catalina.startup.VersionLoggerListener.log Command line argument: -Djdk.tls.ephemeralDHKeySize=2048
03-Apr-2024 22:32:48.151 INFO [main] org.apache.catalina.startup.VersionLoggerListener.log Command line argument: -Djava.protocol.handler.pkgs=org.apache.catalina.webresources
03-Apr-2024 22:32:48.151 INFO [main] org.apache.catalina.startup.VersionLoggerListener.log Command line argument: -Dignore.endorsed.dirs=
03-Apr-2024 22:32:48.151 INFO [main] org.apache.catalina.startup.VersionLoggerListener.log Command line argument: -Dcatalina.base=D:\JavaSQL\Java8\apache-tomcat-8.5.24
03-Apr-2024 22:32:48.151 INFO [main] org.apache.catalina.startup.VersionLoggerListener.log Command line argument: -Dcatalina.home=D:\JavaSQL\Java8\apache-tomcat-8.5.24
03-Apr-2024 22:32:48.151 INFO [main] org.apache.catalina.startup.VersionLoggerListener.log Command line argument: -Djava.io.tmpdir=D:\JavaSQL\Java8\apache-tomcat-8.5.24\temp
03-Apr-2024 22:32:48.151 INFO [main] org.apache.catalina.core.AprLifecycleListener.lifecycleEvent The APR based Apache Tomcat Native library which allows optimal performance in production environments was not found on the java.library.path: [D:\JavaSQL\Java8\jdk1.8.0_131\bin;C:\WINDOWS\Sun\Java\bin;C:\WINDOWS\system32;C:\WINDOWS;D:\JavaSQL\Java8\jdk1.8.0_131\bin;D:\JavaSQL\Java8\jdk1.8.0_131\db\bin;D:\JavaSQL\Java8\squirrelsql-4.0.0-standard;D:\JavaSQL\Java8\apache-tomcat-8.5.24\bin;C:\WINDOWS\system32;C:\WINDOWS;C:\WINDOWS\System32\Wbem;C:\WINDOWS\System32\WindowsPowerShell\v1.0\;C:\WINDOWS\System32\OpenSSH\;C:\Program Files\dotnet\;C:\Users\Aldoa\Desktop\Infor\bin;C:\Users\Aldoa\AppData\Local\Microsoft\WindowsApps;;.]
03-Apr-2024 22:32:48.251 INFO [main] org.apache.coyote.AbstractProtocol.init Initializing ProtocolHandler ["http-nio-8082"]
03-Apr-2024 22:32:48.529 INFO [main] org.apache.tomcat.util.net.NioSelectorPool.getSharedSelector Using a shared selector for servlet write/read
03-Apr-2024 22:32:48.541 INFO [main] org.apache.coyote.AbstractProtocol.init Initializing ProtocolHandler ["ajp-nio-8009"]
03-Apr-2024 22:32:48.542 INFO [main] org.apache.tomcat.util.net.NioSelectorPool.getSharedSelector Using a shared selector for servlet write/read
03-Apr-2024 22:32:48.543 INFO [main] org.apache.catalina.startup.Catalina.load Initialization processed in 694 ms
03-Apr-2024 22:32:48.572 INFO [main] org.apache.catalina.core.StandardService.startInternal Starting service [Catalina]
03-Apr-2024 22:32:48.572 INFO [main] org.apache.catalina.core.StandardEngine.startInternal Starting Servlet Engine: Apache Tomcat/8.5.24
03-Apr-2024 22:32:48.579 INFO [localhost-startStop-1] org.apache.catalina.startup.HostConfig.deployDirectory Deploying web application directory [D:\JavaSQL\Java8\apache-tomcat-8.5.24\webapps\docs]
03-Apr-2024 22:32:48.836 INFO [localhost-startStop-1] org.apache.jasper.servlet.TldScanner.scanJars At least one JAR was scanned for TLDs yet contained no TLDs. Enable debug logging for this logger for a complete list of JARs that were scanned but no TLDs were found in them. Skipping unneeded JARs during scanning can improve startup time and JSP compilation time.
03-Apr-2024 22:32:48.894 INFO [localhost-startStop-1] org.apache.catalina.startup.HostConfig.deployDirectory Deployment of web application directory [D:\JavaSQL\Java8\apache-tomcat-8.5.24\webapps\docs] has finished in [315] ms
03-Apr-2024 22:32:48.894 INFO [localhost-startStop-1] org.apache.catalina.startup.HostConfig.deployDirectory Deploying web application directory [D:\JavaSQL\Java8\apache-tomcat-8.5.24\webapps\examples]
03-Apr-2024 22:32:49.174 INFO [localhost-startStop-1] org.apache.jasper.servlet.TldScanner.scanJars At least one JAR was scanned for TLDs yet contained no TLDs. Enable debug logging for this logger for a complete list of JARs that were scanned but no TLDs were found in them. Skipping unneeded JARs during scanning can improve startup time and JSP compilation time.
03-Apr-2024 22:32:49.218 INFO [localhost-startStop-1] org.apache.catalina.startup.HostConfig.deployDirectory Deployment of web application directory [D:\JavaSQL\Java8\apache-tomcat-8.5.24\webapps\examples] has finished in [324] ms
03-Apr-2024 22:32:49.218 INFO [localhost-startStop-1] org.apache.catalina.startup.HostConfig.deployDirectory Deploying web application directory [D:\JavaSQL\Java8\apache-tomcat-8.5.24\webapps\host-manager]
03-Apr-2024 22:32:49.233 INFO [localhost-startStop-1] org.apache.jasper.servlet.TldScanner.scanJars At least one JAR was scanned for TLDs yet contained no TLDs. Enable debug logging for this logger for a complete list of JARs that were scanned but no TLDs were found in them. Skipping unneeded JARs during scanning can improve startup time and JSP compilation time.
03-Apr-2024 22:32:49.250 INFO [localhost-startStop-1] org.apache.catalina.startup.HostConfig.deployDirectory Deployment of web application directory [D:\JavaSQL\Java8\apache-tomcat-8.5.24\webapps\host-manager] has finished in [32] ms
03-Apr-2024 22:32:49.250 INFO [localhost-startStop-1] org.apache.catalina.startup.HostConfig.deployDirectory Deploying web application directory [D:\JavaSQL\Java8\apache-tomcat-8.5.24\webapps\ROOT]
03-Apr-2024 22:32:49.265 INFO [localhost-startStop-1] org.apache.jasper.servlet.TldScanner.scanJars At least one JAR was scanned for TLDs yet contained no TLDs. Enable debug logging for this logger for a complete list of JARs that were scanned but no TLDs were found in them. Skipping unneeded JARs during scanning can improve startup time and JSP compilation time.
03-Apr-2024 22:32:49.265 INFO [localhost-startStop-1] org.apache.catalina.startup.HostConfig.deployDirectory Deployment of web application directory [D:\JavaSQL\Java8\apache-tomcat-8.5.24\webapps\ROOT] has finished in [15] ms
03-Apr-2024 22:32:49.265 INFO [localhost-startStop-1] org.apache.catalina.startup.HostConfig.deployDirectory Deploying web application directory [D:\JavaSQL\Java8\apache-tomcat-8.5.24\webapps\SQLServer]
03-Apr-2024 22:32:49.297 INFO [localhost-startStop-1] org.apache.jasper.servlet.TldScanner.scanJars At least one JAR was scanned for TLDs yet contained no TLDs. Enable debug logging for this logger for a complete list of JARs that were scanned but no TLDs were found in them. Skipping unneeded JARs during scanning can improve startup time and JSP compilation time.
03-Apr-2024 22:32:49.297 INFO [localhost-startStop-1] org.apache.catalina.startup.HostConfig.deployDirectory Deployment of web application directory [D:\JavaSQL\Java8\apache-tomcat-8.5.24\webapps\SQLServer] has finished in [32] ms
03-Apr-2024 22:32:49.297 INFO [localhost-startStop-1] org.apache.catalina.startup.HostConfig.deployDirectory Deploying web application directory [D:\JavaSQL\Java8\apache-tomcat-8.5.24\webapps\Servlet1]
03-Apr-2024 22:32:49.328 INFO [localhost-startStop-1] org.apache.jasper.servlet.TldScanner.scanJars At least one JAR was scanned for TLDs yet contained no TLDs. Enable debug logging for this logger for a complete list of JARs that were scanned but no TLDs were found in them. Skipping unneeded JARs during scanning can improve startup time and JSP compilation time.
03-Apr-2024 22:32:49.328 INFO [localhost-startStop-1] org.apache.catalina.startup.HostConfig.deployDirectory Deployment of web application directory [D:\JavaSQL\Java8\apache-tomcat-8.5.24\webapps\Servlet1] has finished in [31] ms
03-Apr-2024 22:32:49.328 INFO [localhost-startStop-1] org.apache.catalina.startup.HostConfig.deployDirectory Deploying web application directory [D:\JavaSQL\Java8\apache-tomcat-8.5.24\webapps\Servlet2]
03-Apr-2024 22:32:49.360 INFO [localhost-startStop-1] org.apache.jasper.servlet.TldScanner.scanJars At least one JAR was scanned for TLDs yet contained no TLDs. Enable debug logging for this logger for a complete list of JARs that were scanned but no TLDs were found in them. Skipping unneeded JARs during scanning can improve startup time and JSP compilation time.
03-Apr-2024 22:32:49.360 INFO [localhost-startStop-1] org.apache.catalina.startup.HostConfig.deployDirectory Deployment of web application directory [D:\JavaSQL\Java8\apache-tomcat-8.5.24\webapps\Servlet2] has finished in [32] ms
03-Apr-2024 22:32:49.360 INFO [localhost-startStop-1] org.apache.catalina.startup.HostConfig.deployDirectory Deploying web application directory [D:\JavaSQL\Java8\apache-tomcat-8.5.24\webapps\Servlet3]
03-Apr-2024 22:32:49.397 INFO [localhost-startStop-1] org.apache.jasper.servlet.TldScanner.scanJars At least one JAR was scanned for TLDs yet contained no TLDs. Enable debug logging for this logger for a complete list of JARs that were scanned but no TLDs were found in them. Skipping unneeded JARs during scanning can improve startup time and JSP compilation time.
03-Apr-2024 22:32:49.397 INFO [localhost-startStop-1] org.apache.catalina.startup.HostConfig.deployDirectory Deployment of web application directory [D:\JavaSQL\Java8\apache-tomcat-8.5.24\webapps\Servlet3] has finished in [37] ms
03-Apr-2024 22:32:49.397 INFO [localhost-startStop-1] org.apache.catalina.startup.HostConfig.deployDirectory Deploying web application directory [D:\JavaSQL\Java8\apache-tomcat-8.5.24\webapps\Servlet4]
03-Apr-2024 22:32:49.424 INFO [localhost-startStop-1] org.apache.jasper.servlet.TldScanner.scanJars At least one JAR was scanned for TLDs yet contained no TLDs. Enable debug logging for this logger for a complete list of JARs that were scanned but no TLDs were found in them. Skipping unneeded JARs during scanning can improve startup time and JSP compilation time.
03-Apr-2024 22:32:49.424 INFO [localhost-startStop-1] org.apache.catalina.startup.HostConfig.deployDirectory Deployment of web application directory [D:\JavaSQL\Java8\apache-tomcat-8.5.24\webapps\Servlet4] has finished in [27] ms
03-Apr-2024 22:32:49.424 INFO [localhost-startStop-1] org.apache.catalina.startup.HostConfig.deployDirectory Deploying web application directory [D:\JavaSQL\Java8\apache-tomcat-8.5.24\webapps\Pract8]
03-Apr-2024 22:32:49.456 INFO [localhost-startStop-1] org.apache.jasper.servlet.TldScanner.scanJars At least one JAR was scanned for TLDs yet contained no TLDs. Enable debug logging for this logger for a complete list of JARs that were scanned but no TLDs were found in them. Skipping unneeded JARs during scanning can improve startup time and JSP compilation time.
03-Apr-2024 22:32:49.456 INFO [localhost-startStop-1] org.apache.catalina.startup.HostConfig.deployDirectory Deployment of web application directory [D:\JavaSQL\Java8\apache-tomcat-8.5.24\webapps\Pract8] has finished in [32] ms
03-Apr-2024 22:32:49.456 INFO [localhost-startStop-1] org.apache.catalina.startup.HostConfig.deployDirectory Deploying web application directory [D:\JavaSQL\Java8\apache-tomcat-8.5.24\webapps\Entrega]
03-Apr-2024 22:32:49.514 INFO [localhost-startStop-1] org.apache.jasper.servlet.TldScanner.scanJars At least one JAR was scanned for TLDs yet contained no TLDs. Enable debug logging for this logger for a complete list of JARs that were scanned but no TLDs were found in them. Skipping unneeded JARs during scanning can improve startup time and JSP compilation time.
03-Apr-2024 22:32:49.518 INFO [localhost-startStop-1] org.apache.catalina.startup.HostConfig.deployDirectory Deployment of web application directory [D:\JavaSQL\Java8\apache-tomcat-8.5.24\webapps\Entrega] has finished in [62] ms
03-Apr-2024 22:32:49.518 INFO [localhost-startStop-1] org.apache.catalina.startup.HostConfig.deployDirectory Deploying web application directory [D:\JavaSQL\Java8\apache-tomcat-8.5.24\webapps\matrices8]
03-Apr-2024 22:32:49.539 INFO [localhost-startStop-1] org.apache.jasper.servlet.TldScanner.scanJars At least one JAR was scanned for TLDs yet contained no TLDs. Enable debug logging for this logger for a complete list of JARs that were scanned but no TLDs were found in them. Skipping unneeded JARs during scanning can improve startup time and JSP compilation time.
03-Apr-2024 22:32:49.550 INFO [localhost-startStop-1] org.apache.catalina.startup.HostConfig.deployDirectory Deployment of web application directory [D:\JavaSQL\Java8\apache-tomcat-8.5.24\webapps\matrices8] has finished in [32] ms
03-Apr-2024 22:32:49.550 INFO [localhost-startStop-1] org.apache.catalina.startup.HostConfig.deployDirectory Deploying web application directory [D:\JavaSQL\Java8\apache-tomcat-8.5.24\webapps\TD_E18]
03-Apr-2024 22:32:49.590 INFO [localhost-startStop-1] org.apache.jasper.servlet.TldScanner.scanJars At least one JAR was scanned for TLDs yet contained no TLDs. Enable debug logging for this logger for a complete list of JARs that were scanned but no TLDs were found in them. Skipping unneeded JARs during scanning can improve startup time and JSP compilation time.
03-Apr-2024 22:32:49.599 INFO [localhost-startStop-1] org.apache.catalina.startup.HostConfig.deployDirectory Deployment of web application directory [D:\JavaSQL\Java8\apache-tomcat-8.5.24\webapps\TD_E18] has finished in [47] ms
03-Apr-2024 22:32:49.599 INFO [localhost-startStop-1] org.apache.catalina.startup.HostConfig.deployDirectory Deploying web application directory [D:\JavaSQL\Java8\apache-tomcat-8.5.24\webapps\TD_E30]
03-Apr-2024 22:32:49.637 INFO [localhost-startStop-1] org.apache.jasper.servlet.TldScanner.scanJars At least one JAR was scanned for TLDs yet contained no TLDs. Enable debug logging for this logger for a complete list of JARs that were scanned but no TLDs were found in them. Skipping unneeded JARs during scanning can improve startup time and JSP compilation time.
03-Apr-2024 22:32:49.637 INFO [localhost-startStop-1] org.apache.catalina.startup.HostConfig.deployDirectory Deployment of web application directory [D:\JavaSQL\Java8\apache-tomcat-8.5.24\webapps\TD_E30] has finished in [38] ms
03-Apr-2024 22:32:49.637 INFO [localhost-startStop-1] org.apache.catalina.startup.HostConfig.deployDirectory Deploying web application directory [D:\JavaSQL\Java8\apache-tomcat-8.5.24\webapps\TD_E31]
03-Apr-2024 22:32:49.767 INFO [localhost-startStop-1] org.apache.jasper.servlet.TldScanner.scanJars At least one JAR was scanned for TLDs yet contained no TLDs. Enable debug logging for this logger for a complete list of JARs that were scanned but no TLDs were found in them. Skipping unneeded JARs during scanning can improve startup time and JSP compilation time.
03-Apr-2024 22:32:49.779 INFO [localhost-startStop-1] org.apache.catalina.startup.HostConfig.deployDirectory Deployment of web application directory [D:\JavaSQL\Java8\apache-tomcat-8.5.24\webapps\TD_E31] has finished in [142] ms
03-Apr-2024 22:32:49.784 INFO [main] org.apache.coyote.AbstractProtocol.start Starting ProtocolHandler ["http-nio-8082"]
03-Apr-2024 22:32:49.797 INFO [main] org.apache.coyote.AbstractProtocol.start Starting ProtocolHandler ["ajp-nio-8009"]
03-Apr-2024 22:32:49.802 INFO [main] org.apache.catalina.startup.Catalina.start Server startup in 1258 ms
03-Apr-2024 22:33:39.934 INFO [main] org.apache.catalina.core.StandardServer.await A valid shutdown command was received via the shutdown port. Stopping the Server instance.
03-Apr-2024 22:33:39.950 INFO [main] org.apache.coyote.AbstractProtocol.pause Pausing ProtocolHandler ["http-nio-8082"]
03-Apr-2024 22:33:40.409 INFO [main] org.apache.coyote.AbstractProtocol.pause Pausing ProtocolHandler ["ajp-nio-8009"]
03-Apr-2024 22:33:40.841 INFO [main] org.apache.catalina.core.StandardService.stopInternal Stopping service [Catalina]
03-Apr-2024 22:33:40.905 INFO [main] org.apache.coyote.AbstractProtocol.stop Stopping ProtocolHandler ["http-nio-8082"]
03-Apr-2024 22:33:40.905 INFO [main] org.apache.coyote.AbstractProtocol.stop Stopping ProtocolHandler ["ajp-nio-8009"]
03-Apr-2024 22:33:40.905 INFO [main] org.apache.coyote.AbstractProtocol.destroy Destroying ProtocolHandler ["http-nio-8082"]
03-Apr-2024 22:33:40.905 INFO [main] org.apache.coyote.AbstractProtocol.destroy Destroying ProtocolHandler ["ajp-nio-8009"]
03-Apr-2024 22:33:42.884 INFO [main] org.apache.catalina.startup.VersionLoggerListener.log Server version:        Apache Tomcat/8.5.24
03-Apr-2024 22:33:42.884 INFO [main] org.apache.catalina.startup.VersionLoggerListener.log Server built:          Nov 27 2017 13:05:30 UTC
03-Apr-2024 22:33:42.884 INFO [main] org.apache.catalina.startup.VersionLoggerListener.log Server number:         8.5.24.0
03-Apr-2024 22:33:42.884 INFO [main] org.apache.catalina.startup.VersionLoggerListener.log OS Name:               Windows 10
03-Apr-2024 22:33:42.884 INFO [main] org.apache.catalina.startup.VersionLoggerListener.log OS Version:            10.0
03-Apr-2024 22:33:42.884 INFO [main] org.apache.catalina.startup.VersionLoggerListener.log Architecture:          x86
03-Apr-2024 22:33:42.884 INFO [main] org.apache.catalina.startup.VersionLoggerListener.log Java Home:             D:\JavaSQL\Java8\jdk1.8.0_131\jre
03-Apr-2024 22:33:42.884 INFO [main] org.apache.catalina.startup.VersionLoggerListener.log JVM Version:           1.8.0_131-b11
03-Apr-2024 22:33:42.884 INFO [main] org.apache.catalina.startup.VersionLoggerListener.log JVM Vendor:            Oracle Corporation
03-Apr-2024 22:33:42.884 INFO [main] org.apache.catalina.startup.VersionLoggerListener.log CATALINA_BASE:         D:\JavaSQL\Java8\apache-tomcat-8.5.24
03-Apr-2024 22:33:42.884 INFO [main] org.apache.catalina.startup.VersionLoggerListener.log CATALINA_HOME:         D:\JavaSQL\Java8\apache-tomcat-8.5.24
03-Apr-2024 22:33:42.884 INFO [main] org.apache.catalina.startup.VersionLoggerListener.log Command line argument: -Djava.util.logging.config.file=D:\JavaSQL\Java8\apache-tomcat-8.5.24\conf\logging.properties
03-Apr-2024 22:33:42.884 INFO [main] org.apache.catalina.startup.VersionLoggerListener.log Command line argument: -Djava.util.logging.manager=org.apache.juli.ClassLoaderLogManager
03-Apr-2024 22:33:42.884 INFO [main] org.apache.catalina.startup.VersionLoggerListener.log Command line argument: -Djdk.tls.ephemeralDHKeySize=2048
03-Apr-2024 22:33:42.884 INFO [main] org.apache.catalina.startup.VersionLoggerListener.log Command line argument: -Djava.protocol.handler.pkgs=org.apache.catalina.webresources
03-Apr-2024 22:33:42.884 INFO [main] org.apache.catalina.startup.VersionLoggerListener.log Command line argument: -Dignore.endorsed.dirs=
03-Apr-2024 22:33:42.884 INFO [main] org.apache.catalina.startup.VersionLoggerListener.log Command line argument: -Dcatalina.base=D:\JavaSQL\Java8\apache-tomcat-8.5.24
03-Apr-2024 22:33:42.884 INFO [main] org.apache.catalina.startup.VersionLoggerListener.log Command line argument: -Dcatalina.home=D:\JavaSQL\Java8\apache-tomcat-8.5.24
03-Apr-2024 22:33:42.892 INFO [main] org.apache.catalina.startup.VersionLoggerListener.log Command line argument: -Djava.io.tmpdir=D:\JavaSQL\Java8\apache-tomcat-8.5.24\temp
03-Apr-2024 22:33:42.892 INFO [main] org.apache.catalina.core.AprLifecycleListener.lifecycleEvent The APR based Apache Tomcat Native library which allows optimal performance in production environments was not found on the java.library.path: [D:\JavaSQL\Java8\jdk1.8.0_131\bin;C:\WINDOWS\Sun\Java\bin;C:\WINDOWS\system32;C:\WINDOWS;D:\JavaSQL\Java8\jdk1.8.0_131\bin;D:\JavaSQL\Java8\jdk1.8.0_131\db\bin;D:\JavaSQL\Java8\squirrelsql-4.0.0-standard;D:\JavaSQL\Java8\apache-tomcat-8.5.24\bin;C:\WINDOWS\system32;C:\WINDOWS;C:\WINDOWS\System32\Wbem;C:\WINDOWS\System32\WindowsPowerShell\v1.0\;C:\WINDOWS\System32\OpenSSH\;C:\Program Files\dotnet\;C:\Users\Aldoa\Desktop\Infor\bin;C:\Users\Aldoa\AppData\Local\Microsoft\WindowsApps;;.]
03-Apr-2024 22:33:42.979 INFO [main] org.apache.coyote.AbstractProtocol.init Initializing ProtocolHandler ["http-nio-8082"]
03-Apr-2024 22:33:43.215 INFO [main] org.apache.tomcat.util.net.NioSelectorPool.getSharedSelector Using a shared selector for servlet write/read
03-Apr-2024 22:33:43.231 INFO [main] org.apache.coyote.AbstractProtocol.init Initializing ProtocolHandler ["ajp-nio-8009"]
03-Apr-2024 22:33:43.231 INFO [main] org.apache.tomcat.util.net.NioSelectorPool.getSharedSelector Using a shared selector for servlet write/read
03-Apr-2024 22:33:43.231 INFO [main] org.apache.catalina.startup.Catalina.load Initialization processed in 594 ms
03-Apr-2024 22:33:43.262 INFO [main] org.apache.catalina.core.StandardService.startInternal Starting service [Catalina]
03-Apr-2024 22:33:43.262 INFO [main] org.apache.catalina.core.StandardEngine.startInternal Starting Servlet Engine: Apache Tomcat/8.5.24
03-Apr-2024 22:33:43.278 INFO [localhost-startStop-1] org.apache.catalina.startup.HostConfig.deployDirectory Deploying web application directory [D:\JavaSQL\Java8\apache-tomcat-8.5.24\webapps\docs]
03-Apr-2024 22:33:43.467 INFO [localhost-startStop-1] org.apache.jasper.servlet.TldScanner.scanJars At least one JAR was scanned for TLDs yet contained no TLDs. Enable debug logging for this logger for a complete list of JARs that were scanned but no TLDs were found in them. Skipping unneeded JARs during scanning can improve startup time and JSP compilation time.
03-Apr-2024 22:33:43.514 INFO [localhost-startStop-1] org.apache.catalina.startup.HostConfig.deployDirectory Deployment of web application directory [D:\JavaSQL\Java8\apache-tomcat-8.5.24\webapps\docs] has finished in [236] ms
03-Apr-2024 22:33:43.514 INFO [localhost-startStop-1] org.apache.catalina.startup.HostConfig.deployDirectory Deploying web application directory [D:\JavaSQL\Java8\apache-tomcat-8.5.24\webapps\examples]
03-Apr-2024 22:33:43.738 INFO [localhost-startStop-1] org.apache.jasper.servlet.TldScanner.scanJars At least one JAR was scanned for TLDs yet contained no TLDs. Enable debug logging for this logger for a complete list of JARs that were scanned but no TLDs were found in them. Skipping unneeded JARs during scanning can improve startup time and JSP compilation time.
03-Apr-2024 22:33:43.769 INFO [localhost-startStop-1] org.apache.catalina.startup.HostConfig.deployDirectory Deployment of web application directory [D:\JavaSQL\Java8\apache-tomcat-8.5.24\webapps\examples] has finished in [255] ms
03-Apr-2024 22:33:43.769 INFO [localhost-startStop-1] org.apache.catalina.startup.HostConfig.deployDirectory Deploying web application directory [D:\JavaSQL\Java8\apache-tomcat-8.5.24\webapps\host-manager]
03-Apr-2024 22:33:43.809 INFO [localhost-startStop-1] org.apache.jasper.servlet.TldScanner.scanJars At least one JAR was scanned for TLDs yet contained no TLDs. Enable debug logging for this logger for a complete list of JARs that were scanned but no TLDs were found in them. Skipping unneeded JARs during scanning can improve startup time and JSP compilation time.
03-Apr-2024 22:33:43.813 INFO [localhost-startStop-1] org.apache.catalina.startup.HostConfig.deployDirectory Deployment of web application directory [D:\JavaSQL\Java8\apache-tomcat-8.5.24\webapps\host-manager] has finished in [44] ms
03-Apr-2024 22:33:43.813 INFO [localhost-startStop-1] org.apache.catalina.startup.HostConfig.deployDirectory Deploying web application directory [D:\JavaSQL\Java8\apache-tomcat-8.5.24\webapps\ROOT]
03-Apr-2024 22:33:43.836 INFO [localhost-startStop-1] org.apache.jasper.servlet.TldScanner.scanJars At least one JAR was scanned for TLDs yet contained no TLDs. Enable debug logging for this logger for a complete list of JARs that were scanned but no TLDs were found in them. Skipping unneeded JARs during scanning can improve startup time and JSP compilation time.
03-Apr-2024 22:33:43.836 INFO [localhost-startStop-1] org.apache.catalina.startup.HostConfig.deployDirectory Deployment of web application directory [D:\JavaSQL\Java8\apache-tomcat-8.5.24\webapps\ROOT] has finished in [23] ms
03-Apr-2024 22:33:43.836 INFO [localhost-startStop-1] org.apache.catalina.startup.HostConfig.deployDirectory Deploying web application directory [D:\JavaSQL\Java8\apache-tomcat-8.5.24\webapps\SQLServer]
03-Apr-2024 22:33:43.873 INFO [localhost-startStop-1] org.apache.jasper.servlet.TldScanner.scanJars At least one JAR was scanned for TLDs yet contained no TLDs. Enable debug logging for this logger for a complete list of JARs that were scanned but no TLDs were found in them. Skipping unneeded JARs during scanning can improve startup time and JSP compilation time.
03-Apr-2024 22:33:43.882 INFO [localhost-startStop-1] org.apache.catalina.startup.HostConfig.deployDirectory Deployment of web application directory [D:\JavaSQL\Java8\apache-tomcat-8.5.24\webapps\SQLServer] has finished in [46] ms
03-Apr-2024 22:33:43.882 INFO [localhost-startStop-1] org.apache.catalina.startup.HostConfig.deployDirectory Deploying web application directory [D:\JavaSQL\Java8\apache-tomcat-8.5.24\webapps\Servlet1]
03-Apr-2024 22:33:43.940 INFO [localhost-startStop-1] org.apache.jasper.servlet.TldScanner.scanJars At least one JAR was scanned for TLDs yet contained no TLDs. Enable debug logging for this logger for a complete list of JARs that were scanned but no TLDs were found in them. Skipping unneeded JARs during scanning can improve startup time and JSP compilation time.
03-Apr-2024 22:33:43.943 INFO [localhost-startStop-1] org.apache.catalina.startup.HostConfig.deployDirectory Deployment of web application directory [D:\JavaSQL\Java8\apache-tomcat-8.5.24\webapps\Servlet1] has finished in [61] ms
03-Apr-2024 22:33:43.943 INFO [localhost-startStop-1] org.apache.catalina.startup.HostConfig.deployDirectory Deploying web application directory [D:\JavaSQL\Java8\apache-tomcat-8.5.24\webapps\Servlet2]
03-Apr-2024 22:33:43.968 INFO [localhost-startStop-1] org.apache.jasper.servlet.TldScanner.scanJars At least one JAR was scanned for TLDs yet contained no TLDs. Enable debug logging for this logger for a complete list of JARs that were scanned but no TLDs were found in them. Skipping unneeded JARs during scanning can improve startup time and JSP compilation time.
03-Apr-2024 22:33:43.976 INFO [localhost-startStop-1] org.apache.catalina.startup.HostConfig.deployDirectory Deployment of web application directory [D:\JavaSQL\Java8\apache-tomcat-8.5.24\webapps\Servlet2] has finished in [33] ms
03-Apr-2024 22:33:43.976 INFO [localhost-startStop-1] org.apache.catalina.startup.HostConfig.deployDirectory Deploying web application directory [D:\JavaSQL\Java8\apache-tomcat-8.5.24\webapps\Servlet3]
03-Apr-2024 22:33:43.991 INFO [localhost-startStop-1] org.apache.jasper.servlet.TldScanner.scanJars At least one JAR was scanned for TLDs yet contained no TLDs. Enable debug logging for this logger for a complete list of JARs that were scanned but no TLDs were found in them. Skipping unneeded JARs during scanning can improve startup time and JSP compilation time.
03-Apr-2024 22:33:44.001 INFO [localhost-startStop-1] org.apache.catalina.startup.HostConfig.deployDirectory Deployment of web application directory [D:\JavaSQL\Java8\apache-tomcat-8.5.24\webapps\Servlet3] has finished in [25] ms
03-Apr-2024 22:33:44.001 INFO [localhost-startStop-1] org.apache.catalina.startup.HostConfig.deployDirectory Deploying web application directory [D:\JavaSQL\Java8\apache-tomcat-8.5.24\webapps\Servlet4]
03-Apr-2024 22:33:44.023 INFO [localhost-startStop-1] org.apache.jasper.servlet.TldScanner.scanJars At least one JAR was scanned for TLDs yet contained no TLDs. Enable debug logging for this logger for a complete list of JARs that were scanned but no TLDs were found in them. Skipping unneeded JARs during scanning can improve startup time and JSP compilation time.
03-Apr-2024 22:33:44.023 INFO [localhost-startStop-1] org.apache.catalina.startup.HostConfig.deployDirectory Deployment of web application directory [D:\JavaSQL\Java8\apache-tomcat-8.5.24\webapps\Servlet4] has finished in [22] ms
03-Apr-2024 22:33:44.023 INFO [localhost-startStop-1] org.apache.catalina.startup.HostConfig.deployDirectory Deploying web application directory [D:\JavaSQL\Java8\apache-tomcat-8.5.24\webapps\Pract8]
03-Apr-2024 22:33:44.039 INFO [localhost-startStop-1] org.apache.jasper.servlet.TldScanner.scanJars At least one JAR was scanned for TLDs yet contained no TLDs. Enable debug logging for this logger for a complete list of JARs that were scanned but no TLDs were found in them. Skipping unneeded JARs during scanning can improve startup time and JSP compilation time.
03-Apr-2024 22:33:44.039 INFO [localhost-startStop-1] org.apache.catalina.startup.HostConfig.deployDirectory Deployment of web application directory [D:\JavaSQL\Java8\apache-tomcat-8.5.24\webapps\Pract8] has finished in [16] ms
03-Apr-2024 22:33:44.039 INFO [localhost-startStop-1] org.apache.catalina.startup.HostConfig.deployDirectory Deploying web application directory [D:\JavaSQL\Java8\apache-tomcat-8.5.24\webapps\Entrega]
03-Apr-2024 22:33:44.071 INFO [localhost-startStop-1] org.apache.jasper.servlet.TldScanner.scanJars At least one JAR was scanned for TLDs yet contained no TLDs. Enable debug logging for this logger for a complete list of JARs that were scanned but no TLDs were found in them. Skipping unneeded JARs during scanning can improve startup time and JSP compilation time.
03-Apr-2024 22:33:44.071 INFO [localhost-startStop-1] org.apache.catalina.startup.HostConfig.deployDirectory Deployment of web application directory [D:\JavaSQL\Java8\apache-tomcat-8.5.24\webapps\Entrega] has finished in [32] ms
03-Apr-2024 22:33:44.086 INFO [localhost-startStop-1] org.apache.catalina.startup.HostConfig.deployDirectory Deploying web application directory [D:\JavaSQL\Java8\apache-tomcat-8.5.24\webapps\matrices8]
03-Apr-2024 22:33:44.103 INFO [localhost-startStop-1] org.apache.jasper.servlet.TldScanner.scanJars At least one JAR was scanned for TLDs yet contained no TLDs. Enable debug logging for this logger for a complete list of JARs that were scanned but no TLDs were found in them. Skipping unneeded JARs during scanning can improve startup time and JSP compilation time.
03-Apr-2024 22:33:44.119 INFO [localhost-startStop-1] org.apache.catalina.startup.HostConfig.deployDirectory Deployment of web application directory [D:\JavaSQL\Java8\apache-tomcat-8.5.24\webapps\matrices8] has finished in [33] ms
03-Apr-2024 22:33:44.119 INFO [localhost-startStop-1] org.apache.catalina.startup.HostConfig.deployDirectory Deploying web application directory [D:\JavaSQL\Java8\apache-tomcat-8.5.24\webapps\TD_E18]
03-Apr-2024 22:33:44.151 INFO [localhost-startStop-1] org.apache.jasper.servlet.TldScanner.scanJars At least one JAR was scanned for TLDs yet contained no TLDs. Enable debug logging for this logger for a complete list of JARs that were scanned but no TLDs were found in them. Skipping unneeded JARs during scanning can improve startup time and JSP compilation time.
03-Apr-2024 22:33:44.151 INFO [localhost-startStop-1] org.apache.catalina.startup.HostConfig.deployDirectory Deployment of web application directory [D:\JavaSQL\Java8\apache-tomcat-8.5.24\webapps\TD_E18] has finished in [32] ms
03-Apr-2024 22:33:44.151 INFO [localhost-startStop-1] org.apache.catalina.startup.HostConfig.deployDirectory Deploying web application directory [D:\JavaSQL\Java8\apache-tomcat-8.5.24\webapps\TD_E30]
03-Apr-2024 22:33:44.191 INFO [localhost-startStop-1] org.apache.jasper.servlet.TldScanner.scanJars At least one JAR was scanned for TLDs yet contained no TLDs. Enable debug logging for this logger for a complete list of JARs that were scanned but no TLDs were found in them. Skipping unneeded JARs during scanning can improve startup time and JSP compilation time.
03-Apr-2024 22:33:44.197 INFO [localhost-startStop-1] org.apache.catalina.startup.HostConfig.deployDirectory Deployment of web application directory [D:\JavaSQL\Java8\apache-tomcat-8.5.24\webapps\TD_E30] has finished in [46] ms
03-Apr-2024 22:33:44.197 INFO [localhost-startStop-1] org.apache.catalina.startup.HostConfig.deployDirectory Deploying web application directory [D:\JavaSQL\Java8\apache-tomcat-8.5.24\webapps\TD_E31]
03-Apr-2024 22:33:44.324 INFO [localhost-startStop-1] org.apache.jasper.servlet.TldScanner.scanJars At least one JAR was scanned for TLDs yet contained no TLDs. Enable debug logging for this logger for a complete list of JARs that were scanned but no TLDs were found in them. Skipping unneeded JARs during scanning can improve startup time and JSP compilation time.
03-Apr-2024 22:33:44.332 INFO [localhost-startStop-1] org.apache.catalina.startup.HostConfig.deployDirectory Deployment of web application directory [D:\JavaSQL\Java8\apache-tomcat-8.5.24\webapps\TD_E31] has finished in [135] ms
03-Apr-2024 22:33:44.336 INFO [main] org.apache.coyote.AbstractProtocol.start Starting ProtocolHandler ["http-nio-8082"]
03-Apr-2024 22:33:44.341 INFO [main] org.apache.coyote.AbstractProtocol.start Starting ProtocolHandler ["ajp-nio-8009"]
03-Apr-2024 22:33:44.349 INFO [main] org.apache.catalina.startup.Catalina.start Server startup in 1111 ms
03-Apr-2024 22:38:25.832 INFO [main] org.apache.catalina.core.StandardServer.await A valid shutdown command was received via the shutdown port. Stopping the Server instance.
03-Apr-2024 22:38:25.838 INFO [main] org.apache.coyote.AbstractProtocol.pause Pausing ProtocolHandler ["http-nio-8082"]
03-Apr-2024 22:38:26.312 INFO [main] org.apache.coyote.AbstractProtocol.pause Pausing ProtocolHandler ["ajp-nio-8009"]
03-Apr-2024 22:38:26.721 INFO [main] org.apache.catalina.core.StandardService.stopInternal Stopping service [Catalina]
03-Apr-2024 22:38:26.788 INFO [main] org.apache.coyote.AbstractProtocol.stop Stopping ProtocolHandler ["http-nio-8082"]
03-Apr-2024 22:38:26.788 INFO [main] org.apache.coyote.AbstractProtocol.stop Stopping ProtocolHandler ["ajp-nio-8009"]
03-Apr-2024 22:38:26.804 INFO [main] org.apache.coyote.AbstractProtocol.destroy Destroying ProtocolHandler ["http-nio-8082"]
03-Apr-2024 22:38:26.804 INFO [main] org.apache.coyote.AbstractProtocol.destroy Destroying ProtocolHandler ["ajp-nio-8009"]
03-Apr-2024 22:38:35.909 INFO [main] org.apache.catalina.startup.VersionLoggerListener.log Server version:        Apache Tomcat/8.5.24
03-Apr-2024 22:38:35.909 INFO [main] org.apache.catalina.startup.VersionLoggerListener.log Server built:          Nov 27 2017 13:05:30 UTC
03-Apr-2024 22:38:35.909 INFO [main] org.apache.catalina.startup.VersionLoggerListener.log Server number:         8.5.24.0
03-Apr-2024 22:38:35.909 INFO [main] org.apache.catalina.startup.VersionLoggerListener.log OS Name:               Windows 10
03-Apr-2024 22:38:35.909 INFO [main] org.apache.catalina.startup.VersionLoggerListener.log OS Version:            10.0
03-Apr-2024 22:38:35.909 INFO [main] org.apache.catalina.startup.VersionLoggerListener.log Architecture:          x86
03-Apr-2024 22:38:35.909 INFO [main] org.apache.catalina.startup.VersionLoggerListener.log Java Home:             D:\JavaSQL\Java8\jdk1.8.0_131\jre
03-Apr-2024 22:38:35.909 INFO [main] org.apache.catalina.startup.VersionLoggerListener.log JVM Version:           1.8.0_131-b11
03-Apr-2024 22:38:35.909 INFO [main] org.apache.catalina.startup.VersionLoggerListener.log JVM Vendor:            Oracle Corporation
03-Apr-2024 22:38:35.909 INFO [main] org.apache.catalina.startup.VersionLoggerListener.log CATALINA_BASE:         D:\JavaSQL\Java8\apache-tomcat-8.5.24
03-Apr-2024 22:38:35.909 INFO [main] org.apache.catalina.startup.VersionLoggerListener.log CATALINA_HOME:         D:\JavaSQL\Java8\apache-tomcat-8.5.24
03-Apr-2024 22:38:35.909 INFO [main] org.apache.catalina.startup.VersionLoggerListener.log Command line argument: -Djava.util.logging.config.file=D:\JavaSQL\Java8\apache-tomcat-8.5.24\conf\logging.properties
03-Apr-2024 22:38:35.909 INFO [main] org.apache.catalina.startup.VersionLoggerListener.log Command line argument: -Djava.util.logging.manager=org.apache.juli.ClassLoaderLogManager
03-Apr-2024 22:38:35.909 INFO [main] org.apache.catalina.startup.VersionLoggerListener.log Command line argument: -Djdk.tls.ephemeralDHKeySize=2048
03-Apr-2024 22:38:35.909 INFO [main] org.apache.catalina.startup.VersionLoggerListener.log Command line argument: -Djava.protocol.handler.pkgs=org.apache.catalina.webresources
03-Apr-2024 22:38:35.909 INFO [main] org.apache.catalina.startup.VersionLoggerListener.log Command line argument: -Dignore.endorsed.dirs=
03-Apr-2024 22:38:35.909 INFO [main] org.apache.catalina.startup.VersionLoggerListener.log Command line argument: -Dcatalina.base=D:\JavaSQL\Java8\apache-tomcat-8.5.24
03-Apr-2024 22:38:35.909 INFO [main] org.apache.catalina.startup.VersionLoggerListener.log Command line argument: -Dcatalina.home=D:\JavaSQL\Java8\apache-tomcat-8.5.24
03-Apr-2024 22:38:35.909 INFO [main] org.apache.catalina.startup.VersionLoggerListener.log Command line argument: -Djava.io.tmpdir=D:\JavaSQL\Java8\apache-tomcat-8.5.24\temp
03-Apr-2024 22:38:35.909 INFO [main] org.apache.catalina.core.AprLifecycleListener.lifecycleEvent The APR based Apache Tomcat Native library which allows optimal performance in production environments was not found on the java.library.path: [D:\JavaSQL\Java8\jdk1.8.0_131\bin;C:\WINDOWS\Sun\Java\bin;C:\WINDOWS\system32;C:\WINDOWS;D:\JavaSQL\Java8\jdk1.8.0_131\bin;D:\JavaSQL\Java8\jdk1.8.0_131\db\bin;D:\JavaSQL\Java8\squirrelsql-4.0.0-standard;D:\JavaSQL\Java8\apache-tomcat-8.5.24\bin;C:\WINDOWS\system32;C:\WINDOWS;C:\WINDOWS\System32\Wbem;C:\WINDOWS\System32\WindowsPowerShell\v1.0\;C:\WINDOWS\System32\OpenSSH\;C:\Program Files\dotnet\;C:\Users\Aldoa\Desktop\Infor\bin;C:\Users\Aldoa\AppData\Local\Microsoft\WindowsApps;;.]
03-Apr-2024 22:38:36.032 INFO [main] org.apache.coyote.AbstractProtocol.init Initializing ProtocolHandler ["http-nio-8082"]
03-Apr-2024 22:38:36.338 INFO [main] org.apache.tomcat.util.net.NioSelectorPool.getSharedSelector Using a shared selector for servlet write/read
03-Apr-2024 22:38:36.362 INFO [main] org.apache.coyote.AbstractProtocol.init Initializing ProtocolHandler ["ajp-nio-8009"]
03-Apr-2024 22:38:36.366 INFO [main] org.apache.tomcat.util.net.NioSelectorPool.getSharedSelector Using a shared selector for servlet write/read
03-Apr-2024 22:38:36.366 INFO [main] org.apache.catalina.startup.Catalina.load Initialization processed in 726 ms
03-Apr-2024 22:38:36.407 INFO [main] org.apache.catalina.core.StandardService.startInternal Starting service [Catalina]
03-Apr-2024 22:38:36.407 INFO [main] org.apache.catalina.core.StandardEngine.startInternal Starting Servlet Engine: Apache Tomcat/8.5.24
03-Apr-2024 22:38:36.423 INFO [localhost-startStop-1] org.apache.catalina.startup.HostConfig.deployDirectory Deploying web application directory [D:\JavaSQL\Java8\apache-tomcat-8.5.24\webapps\docs]
03-Apr-2024 22:38:36.687 INFO [localhost-startStop-1] org.apache.jasper.servlet.TldScanner.scanJars At least one JAR was scanned for TLDs yet contained no TLDs. Enable debug logging for this logger for a complete list of JARs that were scanned but no TLDs were found in them. Skipping unneeded JARs during scanning can improve startup time and JSP compilation time.
03-Apr-2024 22:38:36.744 INFO [localhost-startStop-1] org.apache.catalina.startup.HostConfig.deployDirectory Deployment of web application directory [D:\JavaSQL\Java8\apache-tomcat-8.5.24\webapps\docs] has finished in [321] ms
03-Apr-2024 22:38:36.744 INFO [localhost-startStop-1] org.apache.catalina.startup.HostConfig.deployDirectory Deploying web application directory [D:\JavaSQL\Java8\apache-tomcat-8.5.24\webapps\examples]
03-Apr-2024 22:38:36.935 INFO [localhost-startStop-1] org.apache.jasper.servlet.TldScanner.scanJars At least one JAR was scanned for TLDs yet contained no TLDs. Enable debug logging for this logger for a complete list of JARs that were scanned but no TLDs were found in them. Skipping unneeded JARs during scanning can improve startup time and JSP compilation time.
03-Apr-2024 22:38:36.982 INFO [localhost-startStop-1] org.apache.catalina.startup.HostConfig.deployDirectory Deployment of web application directory [D:\JavaSQL\Java8\apache-tomcat-8.5.24\webapps\examples] has finished in [238] ms
03-Apr-2024 22:38:36.982 INFO [localhost-startStop-1] org.apache.catalina.startup.HostConfig.deployDirectory Deploying web application directory [D:\JavaSQL\Java8\apache-tomcat-8.5.24\webapps\host-manager]
03-Apr-2024 22:38:37.029 INFO [localhost-startStop-1] org.apache.jasper.servlet.TldScanner.scanJars At least one JAR was scanned for TLDs yet contained no TLDs. Enable debug logging for this logger for a complete list of JARs that were scanned but no TLDs were found in them. Skipping unneeded JARs during scanning can improve startup time and JSP compilation time.
03-Apr-2024 22:38:37.040 INFO [localhost-startStop-1] org.apache.catalina.startup.HostConfig.deployDirectory Deployment of web application directory [D:\JavaSQL\Java8\apache-tomcat-8.5.24\webapps\host-manager] has finished in [58] ms
03-Apr-2024 22:38:37.041 INFO [localhost-startStop-1] org.apache.catalina.startup.HostConfig.deployDirectory Deploying web application directory [D:\JavaSQL\Java8\apache-tomcat-8.5.24\webapps\ROOT]
03-Apr-2024 22:38:37.062 INFO [localhost-startStop-1] org.apache.jasper.servlet.TldScanner.scanJars At least one JAR was scanned for TLDs yet contained no TLDs. Enable debug logging for this logger for a complete list of JARs that were scanned but no TLDs were found in them. Skipping unneeded JARs during scanning can improve startup time and JSP compilation time.
03-Apr-2024 22:38:37.062 INFO [localhost-startStop-1] org.apache.catalina.startup.HostConfig.deployDirectory Deployment of web application directory [D:\JavaSQL\Java8\apache-tomcat-8.5.24\webapps\ROOT] has finished in [21] ms
03-Apr-2024 22:38:37.062 INFO [localhost-startStop-1] org.apache.catalina.startup.HostConfig.deployDirectory Deploying web application directory [D:\JavaSQL\Java8\apache-tomcat-8.5.24\webapps\SQLServer]
03-Apr-2024 22:38:37.085 INFO [localhost-startStop-1] org.apache.jasper.servlet.TldScanner.scanJars At least one JAR was scanned for TLDs yet contained no TLDs. Enable debug logging for this logger for a complete list of JARs that were scanned but no TLDs were found in them. Skipping unneeded JARs during scanning can improve startup time and JSP compilation time.
03-Apr-2024 22:38:37.098 INFO [localhost-startStop-1] org.apache.catalina.startup.HostConfig.deployDirectory Deployment of web application directory [D:\JavaSQL\Java8\apache-tomcat-8.5.24\webapps\SQLServer] has finished in [36] ms
03-Apr-2024 22:38:37.098 INFO [localhost-startStop-1] org.apache.catalina.startup.HostConfig.deployDirectory Deploying web application directory [D:\JavaSQL\Java8\apache-tomcat-8.5.24\webapps\Servlet1]
03-Apr-2024 22:38:37.116 INFO [localhost-startStop-1] org.apache.jasper.servlet.TldScanner.scanJars At least one JAR was scanned for TLDs yet contained no TLDs. Enable debug logging for this logger for a complete list of JARs that were scanned but no TLDs were found in them. Skipping unneeded JARs during scanning can improve startup time and JSP compilation time.
03-Apr-2024 22:38:37.116 INFO [localhost-startStop-1] org.apache.catalina.startup.HostConfig.deployDirectory Deployment of web application directory [D:\JavaSQL\Java8\apache-tomcat-8.5.24\webapps\Servlet1] has finished in [18] ms
03-Apr-2024 22:38:37.116 INFO [localhost-startStop-1] org.apache.catalina.startup.HostConfig.deployDirectory Deploying web application directory [D:\JavaSQL\Java8\apache-tomcat-8.5.24\webapps\Servlet2]
03-Apr-2024 22:38:37.156 INFO [localhost-startStop-1] org.apache.jasper.servlet.TldScanner.scanJars At least one JAR was scanned for TLDs yet contained no TLDs. Enable debug logging for this logger for a complete list of JARs that were scanned but no TLDs were found in them. Skipping unneeded JARs during scanning can improve startup time and JSP compilation time.
03-Apr-2024 22:38:37.160 INFO [localhost-startStop-1] org.apache.catalina.startup.HostConfig.deployDirectory Deployment of web application directory [D:\JavaSQL\Java8\apache-tomcat-8.5.24\webapps\Servlet2] has finished in [44] ms
03-Apr-2024 22:38:37.160 INFO [localhost-startStop-1] org.apache.catalina.startup.HostConfig.deployDirectory Deploying web application directory [D:\JavaSQL\Java8\apache-tomcat-8.5.24\webapps\Servlet3]
03-Apr-2024 22:38:37.176 INFO [localhost-startStop-1] org.apache.jasper.servlet.TldScanner.scanJars At least one JAR was scanned for TLDs yet contained no TLDs. Enable debug logging for this logger for a complete list of JARs that were scanned but no TLDs were found in them. Skipping unneeded JARs during scanning can improve startup time and JSP compilation time.
03-Apr-2024 22:38:37.188 INFO [localhost-startStop-1] org.apache.catalina.startup.HostConfig.deployDirectory Deployment of web application directory [D:\JavaSQL\Java8\apache-tomcat-8.5.24\webapps\Servlet3] has finished in [28] ms
03-Apr-2024 22:38:37.188 INFO [localhost-startStop-1] org.apache.catalina.startup.HostConfig.deployDirectory Deploying web application directory [D:\JavaSQL\Java8\apache-tomcat-8.5.24\webapps\Servlet4]
03-Apr-2024 22:38:37.213 INFO [localhost-startStop-1] org.apache.jasper.servlet.TldScanner.scanJars At least one JAR was scanned for TLDs yet contained no TLDs. Enable debug logging for this logger for a complete list of JARs that were scanned but no TLDs were found in them. Skipping unneeded JARs during scanning can improve startup time and JSP compilation time.
03-Apr-2024 22:38:37.213 INFO [localhost-startStop-1] org.apache.catalina.startup.HostConfig.deployDirectory Deployment of web application directory [D:\JavaSQL\Java8\apache-tomcat-8.5.24\webapps\Servlet4] has finished in [25] ms
03-Apr-2024 22:38:37.213 INFO [localhost-startStop-1] org.apache.catalina.startup.HostConfig.deployDirectory Deploying web application directory [D:\JavaSQL\Java8\apache-tomcat-8.5.24\webapps\Pract8]
03-Apr-2024 22:38:37.260 INFO [localhost-startStop-1] org.apache.jasper.servlet.TldScanner.scanJars At least one JAR was scanned for TLDs yet contained no TLDs. Enable debug logging for this logger for a complete list of JARs that were scanned but no TLDs were found in them. Skipping unneeded JARs during scanning can improve startup time and JSP compilation time.
03-Apr-2024 22:38:37.260 INFO [localhost-startStop-1] org.apache.catalina.startup.HostConfig.deployDirectory Deployment of web application directory [D:\JavaSQL\Java8\apache-tomcat-8.5.24\webapps\Pract8] has finished in [47] ms
03-Apr-2024 22:38:37.260 INFO [localhost-startStop-1] org.apache.catalina.startup.HostConfig.deployDirectory Deploying web application directory [D:\JavaSQL\Java8\apache-tomcat-8.5.24\webapps\Entrega]
03-Apr-2024 22:38:37.299 INFO [localhost-startStop-1] org.apache.jasper.servlet.TldScanner.scanJars At least one JAR was scanned for TLDs yet contained no TLDs. Enable debug logging for this logger for a complete list of JARs that were scanned but no TLDs were found in them. Skipping unneeded JARs during scanning can improve startup time and JSP compilation time.
03-Apr-2024 22:38:37.305 INFO [localhost-startStop-1] org.apache.catalina.startup.HostConfig.deployDirectory Deployment of web application directory [D:\JavaSQL\Java8\apache-tomcat-8.5.24\webapps\Entrega] has finished in [45] ms
03-Apr-2024 22:38:37.305 INFO [localhost-startStop-1] org.apache.catalina.startup.HostConfig.deployDirectory Deploying web application directory [D:\JavaSQL\Java8\apache-tomcat-8.5.24\webapps\matrices8]
03-Apr-2024 22:38:37.329 INFO [localhost-startStop-1] org.apache.jasper.servlet.TldScanner.scanJars At least one JAR was scanned for TLDs yet contained no TLDs. Enable debug logging for this logger for a complete list of JARs that were scanned but no TLDs were found in them. Skipping unneeded JARs during scanning can improve startup time and JSP compilation time.
03-Apr-2024 22:38:37.329 INFO [localhost-startStop-1] org.apache.catalina.startup.HostConfig.deployDirectory Deployment of web application directory [D:\JavaSQL\Java8\apache-tomcat-8.5.24\webapps\matrices8] has finished in [24] ms
03-Apr-2024 22:38:37.329 INFO [localhost-startStop-1] org.apache.catalina.startup.HostConfig.deployDirectory Deploying web application directory [D:\JavaSQL\Java8\apache-tomcat-8.5.24\webapps\TD_E18]
03-Apr-2024 22:38:37.358 INFO [localhost-startStop-1] org.apache.jasper.servlet.TldScanner.scanJars At least one JAR was scanned for TLDs yet contained no TLDs. Enable debug logging for this logger for a complete list of JARs that were scanned but no TLDs were found in them. Skipping unneeded JARs during scanning can improve startup time and JSP compilation time.
03-Apr-2024 22:38:37.369 INFO [localhost-startStop-1] org.apache.catalina.startup.HostConfig.deployDirectory Deployment of web application directory [D:\JavaSQL\Java8\apache-tomcat-8.5.24\webapps\TD_E18] has finished in [40] ms
03-Apr-2024 22:38:37.369 INFO [localhost-startStop-1] org.apache.catalina.startup.HostConfig.deployDirectory Deploying web application directory [D:\JavaSQL\Java8\apache-tomcat-8.5.24\webapps\TD_E30]
03-Apr-2024 22:38:37.407 INFO [localhost-startStop-1] org.apache.jasper.servlet.TldScanner.scanJars At least one JAR was scanned for TLDs yet contained no TLDs. Enable debug logging for this logger for a complete list of JARs that were scanned but no TLDs were found in them. Skipping unneeded JARs during scanning can improve startup time and JSP compilation time.
03-Apr-2024 22:38:37.412 INFO [localhost-startStop-1] org.apache.catalina.startup.HostConfig.deployDirectory Deployment of web application directory [D:\JavaSQL\Java8\apache-tomcat-8.5.24\webapps\TD_E30] has finished in [42] ms
03-Apr-2024 22:38:37.412 INFO [localhost-startStop-1] org.apache.catalina.startup.HostConfig.deployDirectory Deploying web application directory [D:\JavaSQL\Java8\apache-tomcat-8.5.24\webapps\TD_E31]
03-Apr-2024 22:38:37.554 INFO [localhost-startStop-1] org.apache.jasper.servlet.TldScanner.scanJars At least one JAR was scanned for TLDs yet contained no TLDs. Enable debug logging for this logger for a complete list of JARs that were scanned but no TLDs were found in them. Skipping unneeded JARs during scanning can improve startup time and JSP compilation time.
03-Apr-2024 22:38:37.563 INFO [localhost-startStop-1] org.apache.catalina.startup.HostConfig.deployDirectory Deployment of web application directory [D:\JavaSQL\Java8\apache-tomcat-8.5.24\webapps\TD_E31] has finished in [151] ms
03-Apr-2024 22:38:37.566 INFO [main] org.apache.coyote.AbstractProtocol.start Starting ProtocolHandler ["http-nio-8082"]
03-Apr-2024 22:38:37.577 INFO [main] org.apache.coyote.AbstractProtocol.start Starting ProtocolHandler ["ajp-nio-8009"]
03-Apr-2024 22:38:37.577 INFO [main] org.apache.catalina.startup.Catalina.start Server startup in 1216 ms
03-Apr-2024 22:40:22.235 INFO [main] org.apache.catalina.core.StandardServer.await A valid shutdown command was received via the shutdown port. Stopping the Server instance.
03-Apr-2024 22:40:22.250 INFO [main] org.apache.coyote.AbstractProtocol.pause Pausing ProtocolHandler ["http-nio-8082"]
03-Apr-2024 22:40:22.722 INFO [main] org.apache.coyote.AbstractProtocol.pause Pausing ProtocolHandler ["ajp-nio-8009"]
03-Apr-2024 22:40:23.178 INFO [main] org.apache.catalina.core.StandardService.stopInternal Stopping service [Catalina]
03-Apr-2024 22:40:23.256 INFO [main] org.apache.coyote.AbstractProtocol.stop Stopping ProtocolHandler ["http-nio-8082"]
03-Apr-2024 22:40:23.256 INFO [main] org.apache.coyote.AbstractProtocol.stop Stopping ProtocolHandler ["ajp-nio-8009"]
03-Apr-2024 22:40:23.256 INFO [main] org.apache.coyote.AbstractProtocol.destroy Destroying ProtocolHandler ["http-nio-8082"]
03-Apr-2024 22:40:23.256 INFO [main] org.apache.coyote.AbstractProtocol.destroy Destroying ProtocolHandler ["ajp-nio-8009"]
03-Apr-2024 22:40:29.102 INFO [main] org.apache.catalina.startup.VersionLoggerListener.log Server version:        Apache Tomcat/8.5.24
03-Apr-2024 22:40:29.102 INFO [main] org.apache.catalina.startup.VersionLoggerListener.log Server built:          Nov 27 2017 13:05:30 UTC
03-Apr-2024 22:40:29.102 INFO [main] org.apache.catalina.startup.VersionLoggerListener.log Server number:         8.5.24.0
03-Apr-2024 22:40:29.102 INFO [main] org.apache.catalina.startup.VersionLoggerListener.log OS Name:               Windows 10
03-Apr-2024 22:40:29.102 INFO [main] org.apache.catalina.startup.VersionLoggerListener.log OS Version:            10.0
03-Apr-2024 22:40:29.102 INFO [main] org.apache.catalina.startup.VersionLoggerListener.log Architecture:          x86
03-Apr-2024 22:40:29.102 INFO [main] org.apache.catalina.startup.VersionLoggerListener.log Java Home:             D:\JavaSQL\Java8\jdk1.8.0_131\jre
03-Apr-2024 22:40:29.102 INFO [main] org.apache.catalina.startup.VersionLoggerListener.log JVM Version:           1.8.0_131-b11
03-Apr-2024 22:40:29.102 INFO [main] org.apache.catalina.startup.VersionLoggerListener.log JVM Vendor:            Oracle Corporation
03-Apr-2024 22:40:29.102 INFO [main] org.apache.catalina.startup.VersionLoggerListener.log CATALINA_BASE:         D:\JavaSQL\Java8\apache-tomcat-8.5.24
03-Apr-2024 22:40:29.102 INFO [main] org.apache.catalina.startup.VersionLoggerListener.log CATALINA_HOME:         D:\JavaSQL\Java8\apache-tomcat-8.5.24
03-Apr-2024 22:40:29.102 INFO [main] org.apache.catalina.startup.VersionLoggerListener.log Command line argument: -Djava.util.logging.config.file=D:\JavaSQL\Java8\apache-tomcat-8.5.24\conf\logging.properties
03-Apr-2024 22:40:29.102 INFO [main] org.apache.catalina.startup.VersionLoggerListener.log Command line argument: -Djava.util.logging.manager=org.apache.juli.ClassLoaderLogManager
03-Apr-2024 22:40:29.102 INFO [main] org.apache.catalina.startup.VersionLoggerListener.log Command line argument: -Djdk.tls.ephemeralDHKeySize=2048
03-Apr-2024 22:40:29.102 INFO [main] org.apache.catalina.startup.VersionLoggerListener.log Command line argument: -Djava.protocol.handler.pkgs=org.apache.catalina.webresources
03-Apr-2024 22:40:29.102 INFO [main] org.apache.catalina.startup.VersionLoggerListener.log Command line argument: -Dignore.endorsed.dirs=
03-Apr-2024 22:40:29.102 INFO [main] org.apache.catalina.startup.VersionLoggerListener.log Command line argument: -Dcatalina.base=D:\JavaSQL\Java8\apache-tomcat-8.5.24
03-Apr-2024 22:40:29.102 INFO [main] org.apache.catalina.startup.VersionLoggerListener.log Command line argument: -Dcatalina.home=D:\JavaSQL\Java8\apache-tomcat-8.5.24
03-Apr-2024 22:40:29.102 INFO [main] org.apache.catalina.startup.VersionLoggerListener.log Command line argument: -Djava.io.tmpdir=D:\JavaSQL\Java8\apache-tomcat-8.5.24\temp
03-Apr-2024 22:40:29.102 INFO [main] org.apache.catalina.core.AprLifecycleListener.lifecycleEvent The APR based Apache Tomcat Native library which allows optimal performance in production environments was not found on the java.library.path: [D:\JavaSQL\Java8\jdk1.8.0_131\bin;C:\WINDOWS\Sun\Java\bin;C:\WINDOWS\system32;C:\WINDOWS;D:\JavaSQL\Java8\jdk1.8.0_131\bin;D:\JavaSQL\Java8\jdk1.8.0_131\db\bin;D:\JavaSQL\Java8\squirrelsql-4.0.0-standard;D:\JavaSQL\Java8\apache-tomcat-8.5.24\bin;C:\WINDOWS\system32;C:\WINDOWS;C:\WINDOWS\System32\Wbem;C:\WINDOWS\System32\WindowsPowerShell\v1.0\;C:\WINDOWS\System32\OpenSSH\;C:\Program Files\dotnet\;C:\Users\Aldoa\Desktop\Infor\bin;C:\Users\Aldoa\AppData\Local\Microsoft\WindowsApps;;.]
03-Apr-2024 22:40:29.197 INFO [main] org.apache.coyote.AbstractProtocol.init Initializing ProtocolHandler ["http-nio-8082"]
03-Apr-2024 22:40:29.433 INFO [main] org.apache.tomcat.util.net.NioSelectorPool.getSharedSelector Using a shared selector for servlet write/read
03-Apr-2024 22:40:29.433 INFO [main] org.apache.coyote.AbstractProtocol.init Initializing ProtocolHandler ["ajp-nio-8009"]
03-Apr-2024 22:40:29.433 INFO [main] org.apache.tomcat.util.net.NioSelectorPool.getSharedSelector Using a shared selector for servlet write/read
03-Apr-2024 22:40:29.433 INFO [main] org.apache.catalina.startup.Catalina.load Initialization processed in 581 ms
03-Apr-2024 22:40:29.464 INFO [main] org.apache.catalina.core.StandardService.startInternal Starting service [Catalina]
03-Apr-2024 22:40:29.464 INFO [main] org.apache.catalina.core.StandardEngine.startInternal Starting Servlet Engine: Apache Tomcat/8.5.24
03-Apr-2024 22:40:29.464 INFO [localhost-startStop-1] org.apache.catalina.startup.HostConfig.deployDirectory Deploying web application directory [D:\JavaSQL\Java8\apache-tomcat-8.5.24\webapps\docs]
03-Apr-2024 22:40:29.689 INFO [localhost-startStop-1] org.apache.jasper.servlet.TldScanner.scanJars At least one JAR was scanned for TLDs yet contained no TLDs. Enable debug logging for this logger for a complete list of JARs that were scanned but no TLDs were found in them. Skipping unneeded JARs during scanning can improve startup time and JSP compilation time.
03-Apr-2024 22:40:29.738 INFO [localhost-startStop-1] org.apache.catalina.startup.HostConfig.deployDirectory Deployment of web application directory [D:\JavaSQL\Java8\apache-tomcat-8.5.24\webapps\docs] has finished in [274] ms
03-Apr-2024 22:40:29.738 INFO [localhost-startStop-1] org.apache.catalina.startup.HostConfig.deployDirectory Deploying web application directory [D:\JavaSQL\Java8\apache-tomcat-8.5.24\webapps\examples]
03-Apr-2024 22:40:29.971 INFO [localhost-startStop-1] org.apache.jasper.servlet.TldScanner.scanJars At least one JAR was scanned for TLDs yet contained no TLDs. Enable debug logging for this logger for a complete list of JARs that were scanned but no TLDs were found in them. Skipping unneeded JARs during scanning can improve startup time and JSP compilation time.
03-Apr-2024 22:40:30.014 INFO [localhost-startStop-1] org.apache.catalina.startup.HostConfig.deployDirectory Deployment of web application directory [D:\JavaSQL\Java8\apache-tomcat-8.5.24\webapps\examples] has finished in [276] ms
03-Apr-2024 22:40:30.014 INFO [localhost-startStop-1] org.apache.catalina.startup.HostConfig.deployDirectory Deploying web application directory [D:\JavaSQL\Java8\apache-tomcat-8.5.24\webapps\host-manager]
03-Apr-2024 22:40:30.035 INFO [localhost-startStop-1] org.apache.jasper.servlet.TldScanner.scanJars At least one JAR was scanned for TLDs yet contained no TLDs. Enable debug logging for this logger for a complete list of JARs that were scanned but no TLDs were found in them. Skipping unneeded JARs during scanning can improve startup time and JSP compilation time.
03-Apr-2024 22:40:30.035 INFO [localhost-startStop-1] org.apache.catalina.startup.HostConfig.deployDirectory Deployment of web application directory [D:\JavaSQL\Java8\apache-tomcat-8.5.24\webapps\host-manager] has finished in [21] ms
03-Apr-2024 22:40:30.035 INFO [localhost-startStop-1] org.apache.catalina.startup.HostConfig.deployDirectory Deploying web application directory [D:\JavaSQL\Java8\apache-tomcat-8.5.24\webapps\ROOT]
03-Apr-2024 22:40:30.066 INFO [localhost-startStop-1] org.apache.jasper.servlet.TldScanner.scanJars At least one JAR was scanned for TLDs yet contained no TLDs. Enable debug logging for this logger for a complete list of JARs that were scanned but no TLDs were found in them. Skipping unneeded JARs during scanning can improve startup time and JSP compilation time.
03-Apr-2024 22:40:30.066 INFO [localhost-startStop-1] org.apache.catalina.startup.HostConfig.deployDirectory Deployment of web application directory [D:\JavaSQL\Java8\apache-tomcat-8.5.24\webapps\ROOT] has finished in [31] ms
03-Apr-2024 22:40:30.066 INFO [localhost-startStop-1] org.apache.catalina.startup.HostConfig.deployDirectory Deploying web application directory [D:\JavaSQL\Java8\apache-tomcat-8.5.24\webapps\SQLServer]
03-Apr-2024 22:40:30.102 INFO [localhost-startStop-1] org.apache.jasper.servlet.TldScanner.scanJars At least one JAR was scanned for TLDs yet contained no TLDs. Enable debug logging for this logger for a complete list of JARs that were scanned but no TLDs were found in them. Skipping unneeded JARs during scanning can improve startup time and JSP compilation time.
03-Apr-2024 22:40:30.108 INFO [localhost-startStop-1] org.apache.catalina.startup.HostConfig.deployDirectory Deployment of web application directory [D:\JavaSQL\Java8\apache-tomcat-8.5.24\webapps\SQLServer] has finished in [42] ms
03-Apr-2024 22:40:30.108 INFO [localhost-startStop-1] org.apache.catalina.startup.HostConfig.deployDirectory Deploying web application directory [D:\JavaSQL\Java8\apache-tomcat-8.5.24\webapps\Servlet1]
03-Apr-2024 22:40:30.132 INFO [localhost-startStop-1] org.apache.jasper.servlet.TldScanner.scanJars At least one JAR was scanned for TLDs yet contained no TLDs. Enable debug logging for this logger for a complete list of JARs that were scanned but no TLDs were found in them. Skipping unneeded JARs during scanning can improve startup time and JSP compilation time.
03-Apr-2024 22:40:30.137 INFO [localhost-startStop-1] org.apache.catalina.startup.HostConfig.deployDirectory Deployment of web application directory [D:\JavaSQL\Java8\apache-tomcat-8.5.24\webapps\Servlet1] has finished in [29] ms
03-Apr-2024 22:40:30.137 INFO [localhost-startStop-1] org.apache.catalina.startup.HostConfig.deployDirectory Deploying web application directory [D:\JavaSQL\Java8\apache-tomcat-8.5.24\webapps\Servlet2]
03-Apr-2024 22:40:30.172 INFO [localhost-startStop-1] org.apache.jasper.servlet.TldScanner.scanJars At least one JAR was scanned for TLDs yet contained no TLDs. Enable debug logging for this logger for a complete list of JARs that were scanned but no TLDs were found in them. Skipping unneeded JARs during scanning can improve startup time and JSP compilation time.
03-Apr-2024 22:40:30.172 INFO [localhost-startStop-1] org.apache.catalina.startup.HostConfig.deployDirectory Deployment of web application directory [D:\JavaSQL\Java8\apache-tomcat-8.5.24\webapps\Servlet2] has finished in [35] ms
03-Apr-2024 22:40:30.172 INFO [localhost-startStop-1] org.apache.catalina.startup.HostConfig.deployDirectory Deploying web application directory [D:\JavaSQL\Java8\apache-tomcat-8.5.24\webapps\Servlet3]
03-Apr-2024 22:40:30.207 INFO [localhost-startStop-1] org.apache.jasper.servlet.TldScanner.scanJars At least one JAR was scanned for TLDs yet contained no TLDs. Enable debug logging for this logger for a complete list of JARs that were scanned but no TLDs were found in them. Skipping unneeded JARs during scanning can improve startup time and JSP compilation time.
03-Apr-2024 22:40:30.211 INFO [localhost-startStop-1] org.apache.catalina.startup.HostConfig.deployDirectory Deployment of web application directory [D:\JavaSQL\Java8\apache-tomcat-8.5.24\webapps\Servlet3] has finished in [39] ms
03-Apr-2024 22:40:30.213 INFO [localhost-startStop-1] org.apache.catalina.startup.HostConfig.deployDirectory Deploying web application directory [D:\JavaSQL\Java8\apache-tomcat-8.5.24\webapps\Servlet4]
03-Apr-2024 22:40:30.238 INFO [localhost-startStop-1] org.apache.jasper.servlet.TldScanner.scanJars At least one JAR was scanned for TLDs yet contained no TLDs. Enable debug logging for this logger for a complete list of JARs that were scanned but no TLDs were found in them. Skipping unneeded JARs during scanning can improve startup time and JSP compilation time.
03-Apr-2024 22:40:30.238 INFO [localhost-startStop-1] org.apache.catalina.startup.HostConfig.deployDirectory Deployment of web application directory [D:\JavaSQL\Java8\apache-tomcat-8.5.24\webapps\Servlet4] has finished in [25] ms
03-Apr-2024 22:40:30.244 INFO [localhost-startStop-1] org.apache.catalina.startup.HostConfig.deployDirectory Deploying web application directory [D:\JavaSQL\Java8\apache-tomcat-8.5.24\webapps\Pract8]
03-Apr-2024 22:40:30.271 INFO [localhost-startStop-1] org.apache.jasper.servlet.TldScanner.scanJars At least one JAR was scanned for TLDs yet contained no TLDs. Enable debug logging for this logger for a complete list of JARs that were scanned but no TLDs were found in them. Skipping unneeded JARs during scanning can improve startup time and JSP compilation time.
03-Apr-2024 22:40:30.271 INFO [localhost-startStop-1] org.apache.catalina.startup.HostConfig.deployDirectory Deployment of web application directory [D:\JavaSQL\Java8\apache-tomcat-8.5.24\webapps\Pract8] has finished in [27] ms
03-Apr-2024 22:40:30.271 INFO [localhost-startStop-1] org.apache.catalina.startup.HostConfig.deployDirectory Deploying web application directory [D:\JavaSQL\Java8\apache-tomcat-8.5.24\webapps\Entrega]
03-Apr-2024 22:40:30.310 INFO [localhost-startStop-1] org.apache.jasper.servlet.TldScanner.scanJars At least one JAR was scanned for TLDs yet contained no TLDs. Enable debug logging for this logger for a complete list of JARs that were scanned but no TLDs were found in them. Skipping unneeded JARs during scanning can improve startup time and JSP compilation time.
03-Apr-2024 22:40:30.310 INFO [localhost-startStop-1] org.apache.catalina.startup.HostConfig.deployDirectory Deployment of web application directory [D:\JavaSQL\Java8\apache-tomcat-8.5.24\webapps\Entrega] has finished in [39] ms
03-Apr-2024 22:40:30.314 INFO [localhost-startStop-1] org.apache.catalina.startup.HostConfig.deployDirectory Deploying web application directory [D:\JavaSQL\Java8\apache-tomcat-8.5.24\webapps\matrices8]
03-Apr-2024 22:40:30.341 INFO [localhost-startStop-1] org.apache.jasper.servlet.TldScanner.scanJars At least one JAR was scanned for TLDs yet contained no TLDs. Enable debug logging for this logger for a complete list of JARs that were scanned but no TLDs were found in them. Skipping unneeded JARs during scanning can improve startup time and JSP compilation time.
03-Apr-2024 22:40:30.341 INFO [localhost-startStop-1] org.apache.catalina.startup.HostConfig.deployDirectory Deployment of web application directory [D:\JavaSQL\Java8\apache-tomcat-8.5.24\webapps\matrices8] has finished in [27] ms
03-Apr-2024 22:40:30.341 INFO [localhost-startStop-1] org.apache.catalina.startup.HostConfig.deployDirectory Deploying web application directory [D:\JavaSQL\Java8\apache-tomcat-8.5.24\webapps\TD_E18]
03-Apr-2024 22:40:30.373 INFO [localhost-startStop-1] org.apache.jasper.servlet.TldScanner.scanJars At least one JAR was scanned for TLDs yet contained no TLDs. Enable debug logging for this logger for a complete list of JARs that were scanned but no TLDs were found in them. Skipping unneeded JARs during scanning can improve startup time and JSP compilation time.
03-Apr-2024 22:40:30.373 INFO [localhost-startStop-1] org.apache.catalina.startup.HostConfig.deployDirectory Deployment of web application directory [D:\JavaSQL\Java8\apache-tomcat-8.5.24\webapps\TD_E18] has finished in [32] ms
03-Apr-2024 22:40:30.373 INFO [localhost-startStop-1] org.apache.catalina.startup.HostConfig.deployDirectory Deploying web application directory [D:\JavaSQL\Java8\apache-tomcat-8.5.24\webapps\TD_E30]
03-Apr-2024 22:40:30.405 INFO [localhost-startStop-1] org.apache.jasper.servlet.TldScanner.scanJars At least one JAR was scanned for TLDs yet contained no TLDs. Enable debug logging for this logger for a complete list of JARs that were scanned but no TLDs were found in them. Skipping unneeded JARs during scanning can improve startup time and JSP compilation time.
03-Apr-2024 22:40:30.411 INFO [localhost-startStop-1] org.apache.catalina.startup.HostConfig.deployDirectory Deployment of web application directory [D:\JavaSQL\Java8\apache-tomcat-8.5.24\webapps\TD_E30] has finished in [38] ms
03-Apr-2024 22:40:30.411 INFO [localhost-startStop-1] org.apache.catalina.startup.HostConfig.deployDirectory Deploying web application directory [D:\JavaSQL\Java8\apache-tomcat-8.5.24\webapps\TD_E31]
03-Apr-2024 22:40:30.546 INFO [localhost-startStop-1] org.apache.jasper.servlet.TldScanner.scanJars At least one JAR was scanned for TLDs yet contained no TLDs. Enable debug logging for this logger for a complete list of JARs that were scanned but no TLDs were found in them. Skipping unneeded JARs during scanning can improve startup time and JSP compilation time.
03-Apr-2024 22:40:30.555 INFO [localhost-startStop-1] org.apache.catalina.startup.HostConfig.deployDirectory Deployment of web application directory [D:\JavaSQL\Java8\apache-tomcat-8.5.24\webapps\TD_E31] has finished in [144] ms
03-Apr-2024 22:40:30.563 INFO [main] org.apache.coyote.AbstractProtocol.start Starting ProtocolHandler ["http-nio-8082"]
03-Apr-2024 22:40:30.572 INFO [main] org.apache.coyote.AbstractProtocol.start Starting ProtocolHandler ["ajp-nio-8009"]
03-Apr-2024 22:40:30.580 INFO [main] org.apache.catalina.startup.Catalina.start Server startup in 1136 ms
03-Apr-2024 22:41:41.207 INFO [main] org.apache.catalina.core.StandardServer.await A valid shutdown command was received via the shutdown port. Stopping the Server instance.
03-Apr-2024 22:41:41.207 INFO [main] org.apache.coyote.AbstractProtocol.pause Pausing ProtocolHandler ["http-nio-8082"]
03-Apr-2024 22:41:41.725 INFO [main] org.apache.coyote.AbstractProtocol.pause Pausing ProtocolHandler ["ajp-nio-8009"]
03-Apr-2024 22:41:42.310 INFO [main] org.apache.catalina.core.StandardService.stopInternal Stopping service [Catalina]
03-Apr-2024 22:41:42.373 INFO [main] org.apache.coyote.AbstractProtocol.stop Stopping ProtocolHandler ["http-nio-8082"]
03-Apr-2024 22:41:42.390 INFO [main] org.apache.coyote.AbstractProtocol.stop Stopping ProtocolHandler ["ajp-nio-8009"]
03-Apr-2024 22:41:42.390 INFO [main] org.apache.coyote.AbstractProtocol.destroy Destroying ProtocolHandler ["http-nio-8082"]
03-Apr-2024 22:41:42.392 INFO [main] org.apache.coyote.AbstractProtocol.destroy Destroying ProtocolHandler ["ajp-nio-8009"]
03-Apr-2024 22:41:56.810 INFO [main] org.apache.catalina.startup.VersionLoggerListener.log Server version:        Apache Tomcat/8.5.24
03-Apr-2024 22:41:56.810 INFO [main] org.apache.catalina.startup.VersionLoggerListener.log Server built:          Nov 27 2017 13:05:30 UTC
03-Apr-2024 22:41:56.810 INFO [main] org.apache.catalina.startup.VersionLoggerListener.log Server number:         8.5.24.0
03-Apr-2024 22:41:56.810 INFO [main] org.apache.catalina.startup.VersionLoggerListener.log OS Name:               Windows 10
03-Apr-2024 22:41:56.810 INFO [main] org.apache.catalina.startup.VersionLoggerListener.log OS Version:            10.0
03-Apr-2024 22:41:56.810 INFO [main] org.apache.catalina.startup.VersionLoggerListener.log Architecture:          x86
03-Apr-2024 22:41:56.812 INFO [main] org.apache.catalina.startup.VersionLoggerListener.log Java Home:             D:\JavaSQL\Java8\jdk1.8.0_131\jre
03-Apr-2024 22:41:56.812 INFO [main] org.apache.catalina.startup.VersionLoggerListener.log JVM Version:           1.8.0_131-b11
03-Apr-2024 22:41:56.812 INFO [main] org.apache.catalina.startup.VersionLoggerListener.log JVM Vendor:            Oracle Corporation
03-Apr-2024 22:41:56.812 INFO [main] org.apache.catalina.startup.VersionLoggerListener.log CATALINA_BASE:         D:\JavaSQL\Java8\apache-tomcat-8.5.24
03-Apr-2024 22:41:56.812 INFO [main] org.apache.catalina.startup.VersionLoggerListener.log CATALINA_HOME:         D:\JavaSQL\Java8\apache-tomcat-8.5.24
03-Apr-2024 22:41:56.812 INFO [main] org.apache.catalina.startup.VersionLoggerListener.log Command line argument: -Djava.util.logging.config.file=D:\JavaSQL\Java8\apache-tomcat-8.5.24\conf\logging.properties
03-Apr-2024 22:41:56.812 INFO [main] org.apache.catalina.startup.VersionLoggerListener.log Command line argument: -Djava.util.logging.manager=org.apache.juli.ClassLoaderLogManager
03-Apr-2024 22:41:56.812 INFO [main] org.apache.catalina.startup.VersionLoggerListener.log Command line argument: -Djdk.tls.ephemeralDHKeySize=2048
03-Apr-2024 22:41:56.812 INFO [main] org.apache.catalina.startup.VersionLoggerListener.log Command line argument: -Djava.protocol.handler.pkgs=org.apache.catalina.webresources
03-Apr-2024 22:41:56.812 INFO [main] org.apache.catalina.startup.VersionLoggerListener.log Command line argument: -Dignore.endorsed.dirs=
03-Apr-2024 22:41:56.812 INFO [main] org.apache.catalina.startup.VersionLoggerListener.log Command line argument: -Dcatalina.base=D:\JavaSQL\Java8\apache-tomcat-8.5.24
03-Apr-2024 22:41:56.817 INFO [main] org.apache.catalina.startup.VersionLoggerListener.log Command line argument: -Dcatalina.home=D:\JavaSQL\Java8\apache-tomcat-8.5.24
03-Apr-2024 22:41:56.817 INFO [main] org.apache.catalina.startup.VersionLoggerListener.log Command line argument: -Djava.io.tmpdir=D:\JavaSQL\Java8\apache-tomcat-8.5.24\temp
03-Apr-2024 22:41:56.817 INFO [main] org.apache.catalina.core.AprLifecycleListener.lifecycleEvent The APR based Apache Tomcat Native library which allows optimal performance in production environments was not found on the java.library.path: [D:\JavaSQL\Java8\jdk1.8.0_131\bin;C:\WINDOWS\Sun\Java\bin;C:\WINDOWS\system32;C:\WINDOWS;D:\JavaSQL\Java8\jdk1.8.0_131\bin;D:\JavaSQL\Java8\jdk1.8.0_131\db\bin;D:\JavaSQL\Java8\squirrelsql-4.0.0-standard;D:\JavaSQL\Java8\apache-tomcat-8.5.24\bin;C:\WINDOWS\system32;C:\WINDOWS;C:\WINDOWS\System32\Wbem;C:\WINDOWS\System32\WindowsPowerShell\v1.0\;C:\WINDOWS\System32\OpenSSH\;C:\Program Files\dotnet\;C:\Users\Aldoa\Desktop\Infor\bin;C:\Users\Aldoa\AppData\Local\Microsoft\WindowsApps;;.]
03-Apr-2024 22:41:56.933 INFO [main] org.apache.coyote.AbstractProtocol.init Initializing ProtocolHandler ["http-nio-8082"]
03-Apr-2024 22:41:57.193 INFO [main] org.apache.tomcat.util.net.NioSelectorPool.getSharedSelector Using a shared selector for servlet write/read
03-Apr-2024 22:41:57.193 INFO [main] org.apache.coyote.AbstractProtocol.init Initializing ProtocolHandler ["ajp-nio-8009"]
03-Apr-2024 22:41:57.208 INFO [main] org.apache.tomcat.util.net.NioSelectorPool.getSharedSelector Using a shared selector for servlet write/read
03-Apr-2024 22:41:57.210 INFO [main] org.apache.catalina.startup.Catalina.load Initialization processed in 680 ms
03-Apr-2024 22:41:57.240 INFO [main] org.apache.catalina.core.StandardService.startInternal Starting service [Catalina]
03-Apr-2024 22:41:57.240 INFO [main] org.apache.catalina.core.StandardEngine.startInternal Starting Servlet Engine: Apache Tomcat/8.5.24
03-Apr-2024 22:41:57.248 INFO [localhost-startStop-1] org.apache.catalina.startup.HostConfig.deployDirectory Deploying web application directory [D:\JavaSQL\Java8\apache-tomcat-8.5.24\webapps\docs]
03-Apr-2024 22:41:57.484 INFO [localhost-startStop-1] org.apache.jasper.servlet.TldScanner.scanJars At least one JAR was scanned for TLDs yet contained no TLDs. Enable debug logging for this logger for a complete list of JARs that were scanned but no TLDs were found in them. Skipping unneeded JARs during scanning can improve startup time and JSP compilation time.
03-Apr-2024 22:41:57.532 INFO [localhost-startStop-1] org.apache.catalina.startup.HostConfig.deployDirectory Deployment of web application directory [D:\JavaSQL\Java8\apache-tomcat-8.5.24\webapps\docs] has finished in [284] ms
03-Apr-2024 22:41:57.532 INFO [localhost-startStop-1] org.apache.catalina.startup.HostConfig.deployDirectory Deploying web application directory [D:\JavaSQL\Java8\apache-tomcat-8.5.24\webapps\examples]
03-Apr-2024 22:41:57.755 INFO [localhost-startStop-1] org.apache.jasper.servlet.TldScanner.scanJars At least one JAR was scanned for TLDs yet contained no TLDs. Enable debug logging for this logger for a complete list of JARs that were scanned but no TLDs were found in them. Skipping unneeded JARs during scanning can improve startup time and JSP compilation time.
03-Apr-2024 22:41:57.796 INFO [localhost-startStop-1] org.apache.catalina.startup.HostConfig.deployDirectory Deployment of web application directory [D:\JavaSQL\Java8\apache-tomcat-8.5.24\webapps\examples] has finished in [264] ms
03-Apr-2024 22:41:57.796 INFO [localhost-startStop-1] org.apache.catalina.startup.HostConfig.deployDirectory Deploying web application directory [D:\JavaSQL\Java8\apache-tomcat-8.5.24\webapps\host-manager]
03-Apr-2024 22:41:57.830 INFO [localhost-startStop-1] org.apache.jasper.servlet.TldScanner.scanJars At least one JAR was scanned for TLDs yet contained no TLDs. Enable debug logging for this logger for a complete list of JARs that were scanned but no TLDs were found in them. Skipping unneeded JARs during scanning can improve startup time and JSP compilation time.
03-Apr-2024 22:41:57.830 INFO [localhost-startStop-1] org.apache.catalina.startup.HostConfig.deployDirectory Deployment of web application directory [D:\JavaSQL\Java8\apache-tomcat-8.5.24\webapps\host-manager] has finished in [34] ms
03-Apr-2024 22:41:57.830 INFO [localhost-startStop-1] org.apache.catalina.startup.HostConfig.deployDirectory Deploying web application directory [D:\JavaSQL\Java8\apache-tomcat-8.5.24\webapps\ROOT]
03-Apr-2024 22:41:57.847 INFO [localhost-startStop-1] org.apache.jasper.servlet.TldScanner.scanJars At least one JAR was scanned for TLDs yet contained no TLDs. Enable debug logging for this logger for a complete list of JARs that were scanned but no TLDs were found in them. Skipping unneeded JARs during scanning can improve startup time and JSP compilation time.
03-Apr-2024 22:41:57.859 INFO [localhost-startStop-1] org.apache.catalina.startup.HostConfig.deployDirectory Deployment of web application directory [D:\JavaSQL\Java8\apache-tomcat-8.5.24\webapps\ROOT] has finished in [29] ms
03-Apr-2024 22:41:57.859 INFO [localhost-startStop-1] org.apache.catalina.startup.HostConfig.deployDirectory Deploying web application directory [D:\JavaSQL\Java8\apache-tomcat-8.5.24\webapps\SQLServer]
03-Apr-2024 22:41:57.891 INFO [localhost-startStop-1] org.apache.jasper.servlet.TldScanner.scanJars At least one JAR was scanned for TLDs yet contained no TLDs. Enable debug logging for this logger for a complete list of JARs that were scanned but no TLDs were found in them. Skipping unneeded JARs during scanning can improve startup time and JSP compilation time.
03-Apr-2024 22:41:57.895 INFO [localhost-startStop-1] org.apache.catalina.startup.HostConfig.deployDirectory Deployment of web application directory [D:\JavaSQL\Java8\apache-tomcat-8.5.24\webapps\SQLServer] has finished in [36] ms
03-Apr-2024 22:41:57.898 INFO [localhost-startStop-1] org.apache.catalina.startup.HostConfig.deployDirectory Deploying web application directory [D:\JavaSQL\Java8\apache-tomcat-8.5.24\webapps\Servlet1]
03-Apr-2024 22:41:57.922 INFO [localhost-startStop-1] org.apache.jasper.servlet.TldScanner.scanJars At least one JAR was scanned for TLDs yet contained no TLDs. Enable debug logging for this logger for a complete list of JARs that were scanned but no TLDs were found in them. Skipping unneeded JARs during scanning can improve startup time and JSP compilation time.
03-Apr-2024 22:41:57.931 INFO [localhost-startStop-1] org.apache.catalina.startup.HostConfig.deployDirectory Deployment of web application directory [D:\JavaSQL\Java8\apache-tomcat-8.5.24\webapps\Servlet1] has finished in [33] ms
03-Apr-2024 22:41:57.933 INFO [localhost-startStop-1] org.apache.catalina.startup.HostConfig.deployDirectory Deploying web application directory [D:\JavaSQL\Java8\apache-tomcat-8.5.24\webapps\Servlet2]
03-Apr-2024 22:41:57.948 INFO [localhost-startStop-1] org.apache.jasper.servlet.TldScanner.scanJars At least one JAR was scanned for TLDs yet contained no TLDs. Enable debug logging for this logger for a complete list of JARs that were scanned but no TLDs were found in them. Skipping unneeded JARs during scanning can improve startup time and JSP compilation time.
03-Apr-2024 22:41:57.962 INFO [localhost-startStop-1] org.apache.catalina.startup.HostConfig.deployDirectory Deployment of web application directory [D:\JavaSQL\Java8\apache-tomcat-8.5.24\webapps\Servlet2] has finished in [29] ms
03-Apr-2024 22:41:57.963 INFO [localhost-startStop-1] org.apache.catalina.startup.HostConfig.deployDirectory Deploying web application directory [D:\JavaSQL\Java8\apache-tomcat-8.5.24\webapps\Servlet3]
03-Apr-2024 22:41:57.980 INFO [localhost-startStop-1] org.apache.jasper.servlet.TldScanner.scanJars At least one JAR was scanned for TLDs yet contained no TLDs. Enable debug logging for this logger for a complete list of JARs that were scanned but no TLDs were found in them. Skipping unneeded JARs during scanning can improve startup time and JSP compilation time.
03-Apr-2024 22:41:57.980 INFO [localhost-startStop-1] org.apache.catalina.startup.HostConfig.deployDirectory Deployment of web application directory [D:\JavaSQL\Java8\apache-tomcat-8.5.24\webapps\Servlet3] has finished in [17] ms
03-Apr-2024 22:41:57.980 INFO [localhost-startStop-1] org.apache.catalina.startup.HostConfig.deployDirectory Deploying web application directory [D:\JavaSQL\Java8\apache-tomcat-8.5.24\webapps\Servlet4]
03-Apr-2024 22:41:57.996 INFO [localhost-startStop-1] org.apache.jasper.servlet.TldScanner.scanJars At least one JAR was scanned for TLDs yet contained no TLDs. Enable debug logging for this logger for a complete list of JARs that were scanned but no TLDs were found in them. Skipping unneeded JARs during scanning can improve startup time and JSP compilation time.
03-Apr-2024 22:41:58.010 INFO [localhost-startStop-1] org.apache.catalina.startup.HostConfig.deployDirectory Deployment of web application directory [D:\JavaSQL\Java8\apache-tomcat-8.5.24\webapps\Servlet4] has finished in [30] ms
03-Apr-2024 22:41:58.010 INFO [localhost-startStop-1] org.apache.catalina.startup.HostConfig.deployDirectory Deploying web application directory [D:\JavaSQL\Java8\apache-tomcat-8.5.24\webapps\Pract8]
03-Apr-2024 22:41:58.031 INFO [localhost-startStop-1] org.apache.jasper.servlet.TldScanner.scanJars At least one JAR was scanned for TLDs yet contained no TLDs. Enable debug logging for this logger for a complete list of JARs that were scanned but no TLDs were found in them. Skipping unneeded JARs during scanning can improve startup time and JSP compilation time.
03-Apr-2024 22:41:58.041 INFO [localhost-startStop-1] org.apache.catalina.startup.HostConfig.deployDirectory Deployment of web application directory [D:\JavaSQL\Java8\apache-tomcat-8.5.24\webapps\Pract8] has finished in [31] ms
03-Apr-2024 22:41:58.041 INFO [localhost-startStop-1] org.apache.catalina.startup.HostConfig.deployDirectory Deploying web application directory [D:\JavaSQL\Java8\apache-tomcat-8.5.24\webapps\Entrega]
03-Apr-2024 22:41:58.068 INFO [localhost-startStop-1] org.apache.jasper.servlet.TldScanner.scanJars At least one JAR was scanned for TLDs yet contained no TLDs. Enable debug logging for this logger for a complete list of JARs that were scanned but no TLDs were found in them. Skipping unneeded JARs during scanning can improve startup time and JSP compilation time.
03-Apr-2024 22:41:58.080 INFO [localhost-startStop-1] org.apache.catalina.startup.HostConfig.deployDirectory Deployment of web application directory [D:\JavaSQL\Java8\apache-tomcat-8.5.24\webapps\Entrega] has finished in [39] ms
03-Apr-2024 22:41:58.080 INFO [localhost-startStop-1] org.apache.catalina.startup.HostConfig.deployDirectory Deploying web application directory [D:\JavaSQL\Java8\apache-tomcat-8.5.24\webapps\matrices8]
03-Apr-2024 22:41:58.099 INFO [localhost-startStop-1] org.apache.jasper.servlet.TldScanner.scanJars At least one JAR was scanned for TLDs yet contained no TLDs. Enable debug logging for this logger for a complete list of JARs that were scanned but no TLDs were found in them. Skipping unneeded JARs during scanning can improve startup time and JSP compilation time.
03-Apr-2024 22:41:58.112 INFO [localhost-startStop-1] org.apache.catalina.startup.HostConfig.deployDirectory Deployment of web application directory [D:\JavaSQL\Java8\apache-tomcat-8.5.24\webapps\matrices8] has finished in [32] ms
03-Apr-2024 22:41:58.113 INFO [localhost-startStop-1] org.apache.catalina.startup.HostConfig.deployDirectory Deploying web application directory [D:\JavaSQL\Java8\apache-tomcat-8.5.24\webapps\TD_E18]
03-Apr-2024 22:41:58.131 INFO [localhost-startStop-1] org.apache.jasper.servlet.TldScanner.scanJars At least one JAR was scanned for TLDs yet contained no TLDs. Enable debug logging for this logger for a complete list of JARs that were scanned but no TLDs were found in them. Skipping unneeded JARs during scanning can improve startup time and JSP compilation time.
03-Apr-2024 22:41:58.144 INFO [localhost-startStop-1] org.apache.catalina.startup.HostConfig.deployDirectory Deployment of web application directory [D:\JavaSQL\Java8\apache-tomcat-8.5.24\webapps\TD_E18] has finished in [31] ms
03-Apr-2024 22:41:58.144 INFO [localhost-startStop-1] org.apache.catalina.startup.HostConfig.deployDirectory Deploying web application directory [D:\JavaSQL\Java8\apache-tomcat-8.5.24\webapps\TD_E30]
03-Apr-2024 22:41:58.175 INFO [localhost-startStop-1] org.apache.jasper.servlet.TldScanner.scanJars At least one JAR was scanned for TLDs yet contained no TLDs. Enable debug logging for this logger for a complete list of JARs that were scanned but no TLDs were found in them. Skipping unneeded JARs during scanning can improve startup time and JSP compilation time.
03-Apr-2024 22:41:58.179 INFO [localhost-startStop-1] org.apache.catalina.startup.HostConfig.deployDirectory Deployment of web application directory [D:\JavaSQL\Java8\apache-tomcat-8.5.24\webapps\TD_E30] has finished in [35] ms
03-Apr-2024 22:41:58.182 INFO [localhost-startStop-1] org.apache.catalina.startup.HostConfig.deployDirectory Deploying web application directory [D:\JavaSQL\Java8\apache-tomcat-8.5.24\webapps\TD_E31]
03-Apr-2024 22:41:58.328 INFO [localhost-startStop-1] org.apache.jasper.servlet.TldScanner.scanJars At least one JAR was scanned for TLDs yet contained no TLDs. Enable debug logging for this logger for a complete list of JARs that were scanned but no TLDs were found in them. Skipping unneeded JARs during scanning can improve startup time and JSP compilation time.
03-Apr-2024 22:41:58.330 INFO [localhost-startStop-1] org.apache.catalina.startup.HostConfig.deployDirectory Deployment of web application directory [D:\JavaSQL\Java8\apache-tomcat-8.5.24\webapps\TD_E31] has finished in [148] ms
03-Apr-2024 22:41:58.330 INFO [main] org.apache.coyote.AbstractProtocol.start Starting ProtocolHandler ["http-nio-8082"]
03-Apr-2024 22:41:58.350 INFO [main] org.apache.coyote.AbstractProtocol.start Starting ProtocolHandler ["ajp-nio-8009"]
03-Apr-2024 22:41:58.350 INFO [main] org.apache.catalina.startup.Catalina.start Server startup in 1145 ms
03-Apr-2024 22:42:18.626 INFO [main] org.apache.catalina.core.StandardServer.await A valid shutdown command was received via the shutdown port. Stopping the Server instance.
03-Apr-2024 22:42:18.626 INFO [main] org.apache.coyote.AbstractProtocol.pause Pausing ProtocolHandler ["http-nio-8082"]
03-Apr-2024 22:42:19.019 INFO [main] org.apache.coyote.AbstractProtocol.pause Pausing ProtocolHandler ["ajp-nio-8009"]
03-Apr-2024 22:42:19.490 INFO [main] org.apache.catalina.core.StandardService.stopInternal Stopping service [Catalina]
03-Apr-2024 22:42:19.553 INFO [main] org.apache.coyote.AbstractProtocol.stop Stopping ProtocolHandler ["http-nio-8082"]
03-Apr-2024 22:42:19.553 INFO [main] org.apache.coyote.AbstractProtocol.stop Stopping ProtocolHandler ["ajp-nio-8009"]
03-Apr-2024 22:42:19.553 INFO [main] org.apache.coyote.AbstractProtocol.destroy Destroying ProtocolHandler ["http-nio-8082"]
03-Apr-2024 22:42:19.569 INFO [main] org.apache.coyote.AbstractProtocol.destroy Destroying ProtocolHandler ["ajp-nio-8009"]
03-Apr-2024 22:42:23.614 INFO [main] org.apache.catalina.startup.VersionLoggerListener.log Server version:        Apache Tomcat/8.5.24
03-Apr-2024 22:42:23.618 INFO [main] org.apache.catalina.startup.VersionLoggerListener.log Server built:          Nov 27 2017 13:05:30 UTC
03-Apr-2024 22:42:23.618 INFO [main] org.apache.catalina.startup.VersionLoggerListener.log Server number:         8.5.24.0
03-Apr-2024 22:42:23.618 INFO [main] org.apache.catalina.startup.VersionLoggerListener.log OS Name:               Windows 10
03-Apr-2024 22:42:23.618 INFO [main] org.apache.catalina.startup.VersionLoggerListener.log OS Version:            10.0
03-Apr-2024 22:42:23.619 INFO [main] org.apache.catalina.startup.VersionLoggerListener.log Architecture:          x86
03-Apr-2024 22:42:23.619 INFO [main] org.apache.catalina.startup.VersionLoggerListener.log Java Home:             D:\JavaSQL\Java8\jdk1.8.0_131\jre
03-Apr-2024 22:42:23.619 INFO [main] org.apache.catalina.startup.VersionLoggerListener.log JVM Version:           1.8.0_131-b11
03-Apr-2024 22:42:23.619 INFO [main] org.apache.catalina.startup.VersionLoggerListener.log JVM Vendor:            Oracle Corporation
03-Apr-2024 22:42:23.619 INFO [main] org.apache.catalina.startup.VersionLoggerListener.log CATALINA_BASE:         D:\JavaSQL\Java8\apache-tomcat-8.5.24
03-Apr-2024 22:42:23.619 INFO [main] org.apache.catalina.startup.VersionLoggerListener.log CATALINA_HOME:         D:\JavaSQL\Java8\apache-tomcat-8.5.24
03-Apr-2024 22:42:23.619 INFO [main] org.apache.catalina.startup.VersionLoggerListener.log Command line argument: -Djava.util.logging.config.file=D:\JavaSQL\Java8\apache-tomcat-8.5.24\conf\logging.properties
03-Apr-2024 22:42:23.619 INFO [main] org.apache.catalina.startup.VersionLoggerListener.log Command line argument: -Djava.util.logging.manager=org.apache.juli.ClassLoaderLogManager
03-Apr-2024 22:42:23.619 INFO [main] org.apache.catalina.startup.VersionLoggerListener.log Command line argument: -Djdk.tls.ephemeralDHKeySize=2048
03-Apr-2024 22:42:23.619 INFO [main] org.apache.catalina.startup.VersionLoggerListener.log Command line argument: -Djava.protocol.handler.pkgs=org.apache.catalina.webresources
03-Apr-2024 22:42:23.619 INFO [main] org.apache.catalina.startup.VersionLoggerListener.log Command line argument: -Dignore.endorsed.dirs=
03-Apr-2024 22:42:23.623 INFO [main] org.apache.catalina.startup.VersionLoggerListener.log Command line argument: -Dcatalina.base=D:\JavaSQL\Java8\apache-tomcat-8.5.24
03-Apr-2024 22:42:23.623 INFO [main] org.apache.catalina.startup.VersionLoggerListener.log Command line argument: -Dcatalina.home=D:\JavaSQL\Java8\apache-tomcat-8.5.24
03-Apr-2024 22:42:23.623 INFO [main] org.apache.catalina.startup.VersionLoggerListener.log Command line argument: -Djava.io.tmpdir=D:\JavaSQL\Java8\apache-tomcat-8.5.24\temp
03-Apr-2024 22:42:23.623 INFO [main] org.apache.catalina.core.AprLifecycleListener.lifecycleEvent The APR based Apache Tomcat Native library which allows optimal performance in production environments was not found on the java.library.path: [D:\JavaSQL\Java8\jdk1.8.0_131\bin;C:\WINDOWS\Sun\Java\bin;C:\WINDOWS\system32;C:\WINDOWS;D:\JavaSQL\Java8\jdk1.8.0_131\bin;D:\JavaSQL\Java8\jdk1.8.0_131\db\bin;D:\JavaSQL\Java8\squirrelsql-4.0.0-standard;D:\JavaSQL\Java8\apache-tomcat-8.5.24\bin;C:\WINDOWS\system32;C:\WINDOWS;C:\WINDOWS\System32\Wbem;C:\WINDOWS\System32\WindowsPowerShell\v1.0\;C:\WINDOWS\System32\OpenSSH\;C:\Program Files\dotnet\;C:\Users\Aldoa\Desktop\Infor\bin;C:\Users\Aldoa\AppData\Local\Microsoft\WindowsApps;;.]
03-Apr-2024 22:42:23.729 INFO [main] org.apache.coyote.AbstractProtocol.init Initializing ProtocolHandler ["http-nio-8082"]
03-Apr-2024 22:42:23.974 INFO [main] org.apache.tomcat.util.net.NioSelectorPool.getSharedSelector Using a shared selector for servlet write/read
03-Apr-2024 22:42:23.974 INFO [main] org.apache.coyote.AbstractProtocol.init Initializing ProtocolHandler ["ajp-nio-8009"]
03-Apr-2024 22:42:23.974 INFO [main] org.apache.tomcat.util.net.NioSelectorPool.getSharedSelector Using a shared selector for servlet write/read
03-Apr-2024 22:42:23.974 INFO [main] org.apache.catalina.startup.Catalina.load Initialization processed in 608 ms
03-Apr-2024 22:42:24.005 INFO [main] org.apache.catalina.core.StandardService.startInternal Starting service [Catalina]
03-Apr-2024 22:42:24.005 INFO [main] org.apache.catalina.core.StandardEngine.startInternal Starting Servlet Engine: Apache Tomcat/8.5.24
03-Apr-2024 22:42:24.014 INFO [localhost-startStop-1] org.apache.catalina.startup.HostConfig.deployDirectory Deploying web application directory [D:\JavaSQL\Java8\apache-tomcat-8.5.24\webapps\docs]
03-Apr-2024 22:42:24.243 INFO [localhost-startStop-1] org.apache.jasper.servlet.TldScanner.scanJars At least one JAR was scanned for TLDs yet contained no TLDs. Enable debug logging for this logger for a complete list of JARs that were scanned but no TLDs were found in them. Skipping unneeded JARs during scanning can improve startup time and JSP compilation time.
03-Apr-2024 22:42:24.290 INFO [localhost-startStop-1] org.apache.catalina.startup.HostConfig.deployDirectory Deployment of web application directory [D:\JavaSQL\Java8\apache-tomcat-8.5.24\webapps\docs] has finished in [276] ms
03-Apr-2024 22:42:24.290 INFO [localhost-startStop-1] org.apache.catalina.startup.HostConfig.deployDirectory Deploying web application directory [D:\JavaSQL\Java8\apache-tomcat-8.5.24\webapps\examples]
03-Apr-2024 22:42:24.484 INFO [localhost-startStop-1] org.apache.jasper.servlet.TldScanner.scanJars At least one JAR was scanned for TLDs yet contained no TLDs. Enable debug logging for this logger for a complete list of JARs that were scanned but no TLDs were found in them. Skipping unneeded JARs during scanning can improve startup time and JSP compilation time.
03-Apr-2024 22:42:24.532 INFO [localhost-startStop-1] org.apache.catalina.startup.HostConfig.deployDirectory Deployment of web application directory [D:\JavaSQL\Java8\apache-tomcat-8.5.24\webapps\examples] has finished in [242] ms
03-Apr-2024 22:42:24.532 INFO [localhost-startStop-1] org.apache.catalina.startup.HostConfig.deployDirectory Deploying web application directory [D:\JavaSQL\Java8\apache-tomcat-8.5.24\webapps\host-manager]
03-Apr-2024 22:42:24.567 INFO [localhost-startStop-1] org.apache.jasper.servlet.TldScanner.scanJars At least one JAR was scanned for TLDs yet contained no TLDs. Enable debug logging for this logger for a complete list of JARs that were scanned but no TLDs were found in them. Skipping unneeded JARs during scanning can improve startup time and JSP compilation time.
03-Apr-2024 22:42:24.567 INFO [localhost-startStop-1] org.apache.catalina.startup.HostConfig.deployDirectory Deployment of web application directory [D:\JavaSQL\Java8\apache-tomcat-8.5.24\webapps\host-manager] has finished in [35] ms
03-Apr-2024 22:42:24.567 INFO [localhost-startStop-1] org.apache.catalina.startup.HostConfig.deployDirectory Deploying web application directory [D:\JavaSQL\Java8\apache-tomcat-8.5.24\webapps\ROOT]
03-Apr-2024 22:42:24.584 INFO [localhost-startStop-1] org.apache.jasper.servlet.TldScanner.scanJars At least one JAR was scanned for TLDs yet contained no TLDs. Enable debug logging for this logger for a complete list of JARs that were scanned but no TLDs were found in them. Skipping unneeded JARs during scanning can improve startup time and JSP compilation time.
03-Apr-2024 22:42:24.595 INFO [localhost-startStop-1] org.apache.catalina.startup.HostConfig.deployDirectory Deployment of web application directory [D:\JavaSQL\Java8\apache-tomcat-8.5.24\webapps\ROOT] has finished in [28] ms
03-Apr-2024 22:42:24.597 INFO [localhost-startStop-1] org.apache.catalina.startup.HostConfig.deployDirectory Deploying web application directory [D:\JavaSQL\Java8\apache-tomcat-8.5.24\webapps\SQLServer]
03-Apr-2024 22:42:24.617 INFO [localhost-startStop-1] org.apache.jasper.servlet.TldScanner.scanJars At least one JAR was scanned for TLDs yet contained no TLDs. Enable debug logging for this logger for a complete list of JARs that were scanned but no TLDs were found in them. Skipping unneeded JARs during scanning can improve startup time and JSP compilation time.
03-Apr-2024 22:42:24.627 INFO [localhost-startStop-1] org.apache.catalina.startup.HostConfig.deployDirectory Deployment of web application directory [D:\JavaSQL\Java8\apache-tomcat-8.5.24\webapps\SQLServer] has finished in [30] ms
03-Apr-2024 22:42:24.627 INFO [localhost-startStop-1] org.apache.catalina.startup.HostConfig.deployDirectory Deploying web application directory [D:\JavaSQL\Java8\apache-tomcat-8.5.24\webapps\Servlet1]
03-Apr-2024 22:42:24.651 INFO [localhost-startStop-1] org.apache.jasper.servlet.TldScanner.scanJars At least one JAR was scanned for TLDs yet contained no TLDs. Enable debug logging for this logger for a complete list of JARs that were scanned but no TLDs were found in them. Skipping unneeded JARs during scanning can improve startup time and JSP compilation time.
03-Apr-2024 22:42:24.651 INFO [localhost-startStop-1] org.apache.catalina.startup.HostConfig.deployDirectory Deployment of web application directory [D:\JavaSQL\Java8\apache-tomcat-8.5.24\webapps\Servlet1] has finished in [24] ms
03-Apr-2024 22:42:24.651 INFO [localhost-startStop-1] org.apache.catalina.startup.HostConfig.deployDirectory Deploying web application directory [D:\JavaSQL\Java8\apache-tomcat-8.5.24\webapps\Servlet2]
03-Apr-2024 22:42:24.669 INFO [localhost-startStop-1] org.apache.jasper.servlet.TldScanner.scanJars At least one JAR was scanned for TLDs yet contained no TLDs. Enable debug logging for this logger for a complete list of JARs that were scanned but no TLDs were found in them. Skipping unneeded JARs during scanning can improve startup time and JSP compilation time.
03-Apr-2024 22:42:24.680 INFO [localhost-startStop-1] org.apache.catalina.startup.HostConfig.deployDirectory Deployment of web application directory [D:\JavaSQL\Java8\apache-tomcat-8.5.24\webapps\Servlet2] has finished in [29] ms
03-Apr-2024 22:42:24.681 INFO [localhost-startStop-1] org.apache.catalina.startup.HostConfig.deployDirectory Deploying web application directory [D:\JavaSQL\Java8\apache-tomcat-8.5.24\webapps\Servlet3]
03-Apr-2024 22:42:24.701 INFO [localhost-startStop-1] org.apache.jasper.servlet.TldScanner.scanJars At least one JAR was scanned for TLDs yet contained no TLDs. Enable debug logging for this logger for a complete list of JARs that were scanned but no TLDs were found in them. Skipping unneeded JARs during scanning can improve startup time and JSP compilation time.
03-Apr-2024 22:42:24.701 INFO [localhost-startStop-1] org.apache.catalina.startup.HostConfig.deployDirectory Deployment of web application directory [D:\JavaSQL\Java8\apache-tomcat-8.5.24\webapps\Servlet3] has finished in [20] ms
03-Apr-2024 22:42:24.701 INFO [localhost-startStop-1] org.apache.catalina.startup.HostConfig.deployDirectory Deploying web application directory [D:\JavaSQL\Java8\apache-tomcat-8.5.24\webapps\Servlet4]
03-Apr-2024 22:42:24.734 INFO [localhost-startStop-1] org.apache.jasper.servlet.TldScanner.scanJars At least one JAR was scanned for TLDs yet contained no TLDs. Enable debug logging for this logger for a complete list of JARs that were scanned but no TLDs were found in them. Skipping unneeded JARs during scanning can improve startup time and JSP compilation time.
03-Apr-2024 22:42:24.734 INFO [localhost-startStop-1] org.apache.catalina.startup.HostConfig.deployDirectory Deployment of web application directory [D:\JavaSQL\Java8\apache-tomcat-8.5.24\webapps\Servlet4] has finished in [33] ms
03-Apr-2024 22:42:24.734 INFO [localhost-startStop-1] org.apache.catalina.startup.HostConfig.deployDirectory Deploying web application directory [D:\JavaSQL\Java8\apache-tomcat-8.5.24\webapps\Pract8]
03-Apr-2024 22:42:24.760 INFO [localhost-startStop-1] org.apache.jasper.servlet.TldScanner.scanJars At least one JAR was scanned for TLDs yet contained no TLDs. Enable debug logging for this logger for a complete list of JARs that were scanned but no TLDs were found in them. Skipping unneeded JARs during scanning can improve startup time and JSP compilation time.
03-Apr-2024 22:42:24.760 INFO [localhost-startStop-1] org.apache.catalina.startup.HostConfig.deployDirectory Deployment of web application directory [D:\JavaSQL\Java8\apache-tomcat-8.5.24\webapps\Pract8] has finished in [26] ms
03-Apr-2024 22:42:24.760 INFO [localhost-startStop-1] org.apache.catalina.startup.HostConfig.deployDirectory Deploying web application directory [D:\JavaSQL\Java8\apache-tomcat-8.5.24\webapps\Entrega]
03-Apr-2024 22:42:24.791 INFO [localhost-startStop-1] org.apache.jasper.servlet.TldScanner.scanJars At least one JAR was scanned for TLDs yet contained no TLDs. Enable debug logging for this logger for a complete list of JARs that were scanned but no TLDs were found in them. Skipping unneeded JARs during scanning can improve startup time and JSP compilation time.
03-Apr-2024 22:42:24.799 INFO [localhost-startStop-1] org.apache.catalina.startup.HostConfig.deployDirectory Deployment of web application directory [D:\JavaSQL\Java8\apache-tomcat-8.5.24\webapps\Entrega] has finished in [39] ms
03-Apr-2024 22:42:24.799 INFO [localhost-startStop-1] org.apache.catalina.startup.HostConfig.deployDirectory Deploying web application directory [D:\JavaSQL\Java8\apache-tomcat-8.5.24\webapps\matrices8]
03-Apr-2024 22:42:24.818 INFO [localhost-startStop-1] org.apache.jasper.servlet.TldScanner.scanJars At least one JAR was scanned for TLDs yet contained no TLDs. Enable debug logging for this logger for a complete list of JARs that were scanned but no TLDs were found in them. Skipping unneeded JARs during scanning can improve startup time and JSP compilation time.
03-Apr-2024 22:42:24.818 INFO [localhost-startStop-1] org.apache.catalina.startup.HostConfig.deployDirectory Deployment of web application directory [D:\JavaSQL\Java8\apache-tomcat-8.5.24\webapps\matrices8] has finished in [19] ms
03-Apr-2024 22:42:24.818 INFO [localhost-startStop-1] org.apache.catalina.startup.HostConfig.deployDirectory Deploying web application directory [D:\JavaSQL\Java8\apache-tomcat-8.5.24\webapps\TD_E18]
03-Apr-2024 22:42:24.851 INFO [localhost-startStop-1] org.apache.jasper.servlet.TldScanner.scanJars At least one JAR was scanned for TLDs yet contained no TLDs. Enable debug logging for this logger for a complete list of JARs that were scanned but no TLDs were found in them. Skipping unneeded JARs during scanning can improve startup time and JSP compilation time.
03-Apr-2024 22:42:24.851 INFO [localhost-startStop-1] org.apache.catalina.startup.HostConfig.deployDirectory Deployment of web application directory [D:\JavaSQL\Java8\apache-tomcat-8.5.24\webapps\TD_E18] has finished in [33] ms
03-Apr-2024 22:42:24.851 INFO [localhost-startStop-1] org.apache.catalina.startup.HostConfig.deployDirectory Deploying web application directory [D:\JavaSQL\Java8\apache-tomcat-8.5.24\webapps\TD_E30]
03-Apr-2024 22:42:24.884 INFO [localhost-startStop-1] org.apache.jasper.servlet.TldScanner.scanJars At least one JAR was scanned for TLDs yet contained no TLDs. Enable debug logging for this logger for a complete list of JARs that were scanned but no TLDs were found in them. Skipping unneeded JARs during scanning can improve startup time and JSP compilation time.
03-Apr-2024 22:42:24.884 INFO [localhost-startStop-1] org.apache.catalina.startup.HostConfig.deployDirectory Deployment of web application directory [D:\JavaSQL\Java8\apache-tomcat-8.5.24\webapps\TD_E30] has finished in [33] ms
03-Apr-2024 22:42:24.884 INFO [localhost-startStop-1] org.apache.catalina.startup.HostConfig.deployDirectory Deploying web application directory [D:\JavaSQL\Java8\apache-tomcat-8.5.24\webapps\TD_E31]
03-Apr-2024 22:42:24.999 INFO [localhost-startStop-1] org.apache.jasper.servlet.TldScanner.scanJars At least one JAR was scanned for TLDs yet contained no TLDs. Enable debug logging for this logger for a complete list of JARs that were scanned but no TLDs were found in them. Skipping unneeded JARs during scanning can improve startup time and JSP compilation time.
03-Apr-2024 22:42:25.003 INFO [localhost-startStop-1] org.apache.catalina.startup.HostConfig.deployDirectory Deployment of web application directory [D:\JavaSQL\Java8\apache-tomcat-8.5.24\webapps\TD_E31] has finished in [119] ms
03-Apr-2024 22:42:25.011 INFO [main] org.apache.coyote.AbstractProtocol.start Starting ProtocolHandler ["http-nio-8082"]
03-Apr-2024 22:42:25.020 INFO [main] org.apache.coyote.AbstractProtocol.start Starting ProtocolHandler ["ajp-nio-8009"]
03-Apr-2024 22:42:25.020 INFO [main] org.apache.catalina.startup.Catalina.start Server startup in 1041 ms
03-Apr-2024 22:43:24.261 INFO [main] org.apache.catalina.core.StandardServer.await A valid shutdown command was received via the shutdown port. Stopping the Server instance.
03-Apr-2024 22:43:24.262 INFO [main] org.apache.coyote.AbstractProtocol.pause Pausing ProtocolHandler ["http-nio-8082"]
03-Apr-2024 22:43:24.721 INFO [main] org.apache.coyote.AbstractProtocol.pause Pausing ProtocolHandler ["ajp-nio-8009"]
03-Apr-2024 22:43:25.161 INFO [main] org.apache.catalina.core.StandardService.stopInternal Stopping service [Catalina]
03-Apr-2024 22:43:25.230 INFO [main] org.apache.coyote.AbstractProtocol.stop Stopping ProtocolHandler ["http-nio-8082"]
03-Apr-2024 22:43:25.239 INFO [main] org.apache.coyote.AbstractProtocol.stop Stopping ProtocolHandler ["ajp-nio-8009"]
03-Apr-2024 22:43:25.242 INFO [main] org.apache.coyote.AbstractProtocol.destroy Destroying ProtocolHandler ["http-nio-8082"]
03-Apr-2024 22:43:25.243 INFO [main] org.apache.coyote.AbstractProtocol.destroy Destroying ProtocolHandler ["ajp-nio-8009"]
03-Apr-2024 22:43:32.698 INFO [main] org.apache.catalina.startup.VersionLoggerListener.log Server version:        Apache Tomcat/8.5.24
03-Apr-2024 22:43:32.714 INFO [main] org.apache.catalina.startup.VersionLoggerListener.log Server built:          Nov 27 2017 13:05:30 UTC
03-Apr-2024 22:43:32.714 INFO [main] org.apache.catalina.startup.VersionLoggerListener.log Server number:         8.5.24.0
03-Apr-2024 22:43:32.714 INFO [main] org.apache.catalina.startup.VersionLoggerListener.log OS Name:               Windows 10
03-Apr-2024 22:43:32.714 INFO [main] org.apache.catalina.startup.VersionLoggerListener.log OS Version:            10.0
03-Apr-2024 22:43:32.714 INFO [main] org.apache.catalina.startup.VersionLoggerListener.log Architecture:          x86
03-Apr-2024 22:43:32.714 INFO [main] org.apache.catalina.startup.VersionLoggerListener.log Java Home:             D:\JavaSQL\Java8\jdk1.8.0_131\jre
03-Apr-2024 22:43:32.714 INFO [main] org.apache.catalina.startup.VersionLoggerListener.log JVM Version:           1.8.0_131-b11
03-Apr-2024 22:43:32.714 INFO [main] org.apache.catalina.startup.VersionLoggerListener.log JVM Vendor:            Oracle Corporation
03-Apr-2024 22:43:32.714 INFO [main] org.apache.catalina.startup.VersionLoggerListener.log CATALINA_BASE:         D:\JavaSQL\Java8\apache-tomcat-8.5.24
03-Apr-2024 22:43:32.714 INFO [main] org.apache.catalina.startup.VersionLoggerListener.log CATALINA_HOME:         D:\JavaSQL\Java8\apache-tomcat-8.5.24
03-Apr-2024 22:43:32.714 INFO [main] org.apache.catalina.startup.VersionLoggerListener.log Command line argument: -Djava.util.logging.config.file=D:\JavaSQL\Java8\apache-tomcat-8.5.24\conf\logging.properties
03-Apr-2024 22:43:32.714 INFO [main] org.apache.catalina.startup.VersionLoggerListener.log Command line argument: -Djava.util.logging.manager=org.apache.juli.ClassLoaderLogManager
03-Apr-2024 22:43:32.714 INFO [main] org.apache.catalina.startup.VersionLoggerListener.log Command line argument: -Djdk.tls.ephemeralDHKeySize=2048
03-Apr-2024 22:43:32.714 INFO [main] org.apache.catalina.startup.VersionLoggerListener.log Command line argument: -Djava.protocol.handler.pkgs=org.apache.catalina.webresources
03-Apr-2024 22:43:32.714 INFO [main] org.apache.catalina.startup.VersionLoggerListener.log Command line argument: -Dignore.endorsed.dirs=
03-Apr-2024 22:43:32.714 INFO [main] org.apache.catalina.startup.VersionLoggerListener.log Command line argument: -Dcatalina.base=D:\JavaSQL\Java8\apache-tomcat-8.5.24
03-Apr-2024 22:43:32.714 INFO [main] org.apache.catalina.startup.VersionLoggerListener.log Command line argument: -Dcatalina.home=D:\JavaSQL\Java8\apache-tomcat-8.5.24
03-Apr-2024 22:43:32.714 INFO [main] org.apache.catalina.startup.VersionLoggerListener.log Command line argument: -Djava.io.tmpdir=D:\JavaSQL\Java8\apache-tomcat-8.5.24\temp
03-Apr-2024 22:43:32.714 INFO [main] org.apache.catalina.core.AprLifecycleListener.lifecycleEvent The APR based Apache Tomcat Native library which allows optimal performance in production environments was not found on the java.library.path: [D:\JavaSQL\Java8\jdk1.8.0_131\bin;C:\WINDOWS\Sun\Java\bin;C:\WINDOWS\system32;C:\WINDOWS;D:\JavaSQL\Java8\jdk1.8.0_131\bin;D:\JavaSQL\Java8\jdk1.8.0_131\db\bin;D:\JavaSQL\Java8\squirrelsql-4.0.0-standard;D:\JavaSQL\Java8\apache-tomcat-8.5.24\bin;C:\WINDOWS\system32;C:\WINDOWS;C:\WINDOWS\System32\Wbem;C:\WINDOWS\System32\WindowsPowerShell\v1.0\;C:\WINDOWS\System32\OpenSSH\;C:\Program Files\dotnet\;C:\Users\Aldoa\Desktop\Infor\bin;C:\Users\Aldoa\AppData\Local\Microsoft\WindowsApps;;.]
03-Apr-2024 22:43:32.809 INFO [main] org.apache.coyote.AbstractProtocol.init Initializing ProtocolHandler ["http-nio-8082"]
03-Apr-2024 22:43:33.066 INFO [main] org.apache.tomcat.util.net.NioSelectorPool.getSharedSelector Using a shared selector for servlet write/read
03-Apr-2024 22:43:33.066 INFO [main] org.apache.coyote.AbstractProtocol.init Initializing ProtocolHandler ["ajp-nio-8009"]
03-Apr-2024 22:43:33.066 INFO [main] org.apache.tomcat.util.net.NioSelectorPool.getSharedSelector Using a shared selector for servlet write/read
03-Apr-2024 22:43:33.066 INFO [main] org.apache.catalina.startup.Catalina.load Initialization processed in 610 ms
03-Apr-2024 22:43:33.098 INFO [main] org.apache.catalina.core.StandardService.startInternal Starting service [Catalina]
03-Apr-2024 22:43:33.098 INFO [main] org.apache.catalina.core.StandardEngine.startInternal Starting Servlet Engine: Apache Tomcat/8.5.24
03-Apr-2024 22:43:33.113 INFO [localhost-startStop-1] org.apache.catalina.startup.HostConfig.deployDirectory Deploying web application directory [D:\JavaSQL\Java8\apache-tomcat-8.5.24\webapps\docs]
03-Apr-2024 22:43:33.343 INFO [localhost-startStop-1] org.apache.jasper.servlet.TldScanner.scanJars At least one JAR was scanned for TLDs yet contained no TLDs. Enable debug logging for this logger for a complete list of JARs that were scanned but no TLDs were found in them. Skipping unneeded JARs during scanning can improve startup time and JSP compilation time.
03-Apr-2024 22:43:33.405 INFO [localhost-startStop-1] org.apache.catalina.startup.HostConfig.deployDirectory Deployment of web application directory [D:\JavaSQL\Java8\apache-tomcat-8.5.24\webapps\docs] has finished in [292] ms
03-Apr-2024 22:43:33.405 INFO [localhost-startStop-1] org.apache.catalina.startup.HostConfig.deployDirectory Deploying web application directory [D:\JavaSQL\Java8\apache-tomcat-8.5.24\webapps\examples]
03-Apr-2024 22:43:33.600 INFO [localhost-startStop-1] org.apache.jasper.servlet.TldScanner.scanJars At least one JAR was scanned for TLDs yet contained no TLDs. Enable debug logging for this logger for a complete list of JARs that were scanned but no TLDs were found in them. Skipping unneeded JARs during scanning can improve startup time and JSP compilation time.
03-Apr-2024 22:43:33.641 INFO [localhost-startStop-1] org.apache.catalina.startup.HostConfig.deployDirectory Deployment of web application directory [D:\JavaSQL\Java8\apache-tomcat-8.5.24\webapps\examples] has finished in [236] ms
03-Apr-2024 22:43:33.641 INFO [localhost-startStop-1] org.apache.catalina.startup.HostConfig.deployDirectory Deploying web application directory [D:\JavaSQL\Java8\apache-tomcat-8.5.24\webapps\host-manager]
03-Apr-2024 22:43:33.659 INFO [localhost-startStop-1] org.apache.jasper.servlet.TldScanner.scanJars At least one JAR was scanned for TLDs yet contained no TLDs. Enable debug logging for this logger for a complete list of JARs that were scanned but no TLDs were found in them. Skipping unneeded JARs during scanning can improve startup time and JSP compilation time.
03-Apr-2024 22:43:33.673 INFO [localhost-startStop-1] org.apache.catalina.startup.HostConfig.deployDirectory Deployment of web application directory [D:\JavaSQL\Java8\apache-tomcat-8.5.24\webapps\host-manager] has finished in [32] ms
03-Apr-2024 22:43:33.673 INFO [localhost-startStop-1] org.apache.catalina.startup.HostConfig.deployDirectory Deploying web application directory [D:\JavaSQL\Java8\apache-tomcat-8.5.24\webapps\ROOT]
03-Apr-2024 22:43:33.689 INFO [localhost-startStop-1] org.apache.jasper.servlet.TldScanner.scanJars At least one JAR was scanned for TLDs yet contained no TLDs. Enable debug logging for this logger for a complete list of JARs that were scanned but no TLDs were found in them. Skipping unneeded JARs during scanning can improve startup time and JSP compilation time.
03-Apr-2024 22:43:33.692 INFO [localhost-startStop-1] org.apache.catalina.startup.HostConfig.deployDirectory Deployment of web application directory [D:\JavaSQL\Java8\apache-tomcat-8.5.24\webapps\ROOT] has finished in [16] ms
03-Apr-2024 22:43:33.693 INFO [localhost-startStop-1] org.apache.catalina.startup.HostConfig.deployDirectory Deploying web application directory [D:\JavaSQL\Java8\apache-tomcat-8.5.24\webapps\SQLServer]
03-Apr-2024 22:43:33.723 INFO [localhost-startStop-1] org.apache.jasper.servlet.TldScanner.scanJars At least one JAR was scanned for TLDs yet contained no TLDs. Enable debug logging for this logger for a complete list of JARs that were scanned but no TLDs were found in them. Skipping unneeded JARs during scanning can improve startup time and JSP compilation time.
03-Apr-2024 22:43:33.726 INFO [localhost-startStop-1] org.apache.catalina.startup.HostConfig.deployDirectory Deployment of web application directory [D:\JavaSQL\Java8\apache-tomcat-8.5.24\webapps\SQLServer] has finished in [34] ms
03-Apr-2024 22:43:33.726 INFO [localhost-startStop-1] org.apache.catalina.startup.HostConfig.deployDirectory Deploying web application directory [D:\JavaSQL\Java8\apache-tomcat-8.5.24\webapps\Servlet1]
03-Apr-2024 22:43:33.748 INFO [localhost-startStop-1] org.apache.jasper.servlet.TldScanner.scanJars At least one JAR was scanned for TLDs yet contained no TLDs. Enable debug logging for this logger for a complete list of JARs that were scanned but no TLDs were found in them. Skipping unneeded JARs during scanning can improve startup time and JSP compilation time.
03-Apr-2024 22:43:33.756 INFO [localhost-startStop-1] org.apache.catalina.startup.HostConfig.deployDirectory Deployment of web application directory [D:\JavaSQL\Java8\apache-tomcat-8.5.24\webapps\Servlet1] has finished in [30] ms
03-Apr-2024 22:43:33.756 INFO [localhost-startStop-1] org.apache.catalina.startup.HostConfig.deployDirectory Deploying web application directory [D:\JavaSQL\Java8\apache-tomcat-8.5.24\webapps\Servlet2]
03-Apr-2024 22:43:33.772 INFO [localhost-startStop-1] org.apache.jasper.servlet.TldScanner.scanJars At least one JAR was scanned for TLDs yet contained no TLDs. Enable debug logging for this logger for a complete list of JARs that were scanned but no TLDs were found in them. Skipping unneeded JARs during scanning can improve startup time and JSP compilation time.
03-Apr-2024 22:43:33.788 INFO [localhost-startStop-1] org.apache.catalina.startup.HostConfig.deployDirectory Deployment of web application directory [D:\JavaSQL\Java8\apache-tomcat-8.5.24\webapps\Servlet2] has finished in [32] ms
03-Apr-2024 22:43:33.788 INFO [localhost-startStop-1] org.apache.catalina.startup.HostConfig.deployDirectory Deploying web application directory [D:\JavaSQL\Java8\apache-tomcat-8.5.24\webapps\Servlet3]
03-Apr-2024 22:43:33.804 INFO [localhost-startStop-1] org.apache.jasper.servlet.TldScanner.scanJars At least one JAR was scanned for TLDs yet contained no TLDs. Enable debug logging for this logger for a complete list of JARs that were scanned but no TLDs were found in them. Skipping unneeded JARs during scanning can improve startup time and JSP compilation time.
03-Apr-2024 22:43:33.804 INFO [localhost-startStop-1] org.apache.catalina.startup.HostConfig.deployDirectory Deployment of web application directory [D:\JavaSQL\Java8\apache-tomcat-8.5.24\webapps\Servlet3] has finished in [16] ms
03-Apr-2024 22:43:33.804 INFO [localhost-startStop-1] org.apache.catalina.startup.HostConfig.deployDirectory Deploying web application directory [D:\JavaSQL\Java8\apache-tomcat-8.5.24\webapps\Servlet4]
03-Apr-2024 22:43:33.836 INFO [localhost-startStop-1] org.apache.jasper.servlet.TldScanner.scanJars At least one JAR was scanned for TLDs yet contained no TLDs. Enable debug logging for this logger for a complete list of JARs that were scanned but no TLDs were found in them. Skipping unneeded JARs during scanning can improve startup time and JSP compilation time.
03-Apr-2024 22:43:33.843 INFO [localhost-startStop-1] org.apache.catalina.startup.HostConfig.deployDirectory Deployment of web application directory [D:\JavaSQL\Java8\apache-tomcat-8.5.24\webapps\Servlet4] has finished in [39] ms
03-Apr-2024 22:43:33.843 INFO [localhost-startStop-1] org.apache.catalina.startup.HostConfig.deployDirectory Deploying web application directory [D:\JavaSQL\Java8\apache-tomcat-8.5.24\webapps\Pract8]
03-Apr-2024 22:43:33.864 INFO [localhost-startStop-1] org.apache.jasper.servlet.TldScanner.scanJars At least one JAR was scanned for TLDs yet contained no TLDs. Enable debug logging for this logger for a complete list of JARs that were scanned but no TLDs were found in them. Skipping unneeded JARs during scanning can improve startup time and JSP compilation time.
03-Apr-2024 22:43:33.864 INFO [localhost-startStop-1] org.apache.catalina.startup.HostConfig.deployDirectory Deployment of web application directory [D:\JavaSQL\Java8\apache-tomcat-8.5.24\webapps\Pract8] has finished in [21] ms
03-Apr-2024 22:43:33.864 INFO [localhost-startStop-1] org.apache.catalina.startup.HostConfig.deployDirectory Deploying web application directory [D:\JavaSQL\Java8\apache-tomcat-8.5.24\webapps\Entrega]
03-Apr-2024 22:43:33.907 INFO [localhost-startStop-1] org.apache.jasper.servlet.TldScanner.scanJars At least one JAR was scanned for TLDs yet contained no TLDs. Enable debug logging for this logger for a complete list of JARs that were scanned but no TLDs were found in them. Skipping unneeded JARs during scanning can improve startup time and JSP compilation time.
03-Apr-2024 22:43:33.909 INFO [localhost-startStop-1] org.apache.catalina.startup.HostConfig.deployDirectory Deployment of web application directory [D:\JavaSQL\Java8\apache-tomcat-8.5.24\webapps\Entrega] has finished in [45] ms
03-Apr-2024 22:43:33.909 INFO [localhost-startStop-1] org.apache.catalina.startup.HostConfig.deployDirectory Deploying web application directory [D:\JavaSQL\Java8\apache-tomcat-8.5.24\webapps\matrices8]
03-Apr-2024 22:43:33.926 INFO [localhost-startStop-1] org.apache.jasper.servlet.TldScanner.scanJars At least one JAR was scanned for TLDs yet contained no TLDs. Enable debug logging for this logger for a complete list of JARs that were scanned but no TLDs were found in them. Skipping unneeded JARs during scanning can improve startup time and JSP compilation time.
03-Apr-2024 22:43:33.938 INFO [localhost-startStop-1] org.apache.catalina.startup.HostConfig.deployDirectory Deployment of web application directory [D:\JavaSQL\Java8\apache-tomcat-8.5.24\webapps\matrices8] has finished in [29] ms
03-Apr-2024 22:43:33.938 INFO [localhost-startStop-1] org.apache.catalina.startup.HostConfig.deployDirectory Deploying web application directory [D:\JavaSQL\Java8\apache-tomcat-8.5.24\webapps\TD_E18]
03-Apr-2024 22:43:33.970 INFO [localhost-startStop-1] org.apache.jasper.servlet.TldScanner.scanJars At least one JAR was scanned for TLDs yet contained no TLDs. Enable debug logging for this logger for a complete list of JARs that were scanned but no TLDs were found in them. Skipping unneeded JARs during scanning can improve startup time and JSP compilation time.
03-Apr-2024 22:43:33.970 INFO [localhost-startStop-1] org.apache.catalina.startup.HostConfig.deployDirectory Deployment of web application directory [D:\JavaSQL\Java8\apache-tomcat-8.5.24\webapps\TD_E18] has finished in [32] ms
03-Apr-2024 22:43:33.970 INFO [localhost-startStop-1] org.apache.catalina.startup.HostConfig.deployDirectory Deploying web application directory [D:\JavaSQL\Java8\apache-tomcat-8.5.24\webapps\TD_E30]
03-Apr-2024 22:43:34.002 INFO [localhost-startStop-1] org.apache.jasper.servlet.TldScanner.scanJars At least one JAR was scanned for TLDs yet contained no TLDs. Enable debug logging for this logger for a complete list of JARs that were scanned but no TLDs were found in them. Skipping unneeded JARs during scanning can improve startup time and JSP compilation time.
03-Apr-2024 22:43:34.009 INFO [localhost-startStop-1] org.apache.catalina.startup.HostConfig.deployDirectory Deployment of web application directory [D:\JavaSQL\Java8\apache-tomcat-8.5.24\webapps\TD_E30] has finished in [39] ms
03-Apr-2024 22:43:34.009 INFO [localhost-startStop-1] org.apache.catalina.startup.HostConfig.deployDirectory Deploying web application directory [D:\JavaSQL\Java8\apache-tomcat-8.5.24\webapps\TD_E31]
03-Apr-2024 22:43:34.115 INFO [localhost-startStop-1] org.apache.jasper.servlet.TldScanner.scanJars At least one JAR was scanned for TLDs yet contained no TLDs. Enable debug logging for this logger for a complete list of JARs that were scanned but no TLDs were found in them. Skipping unneeded JARs during scanning can improve startup time and JSP compilation time.
03-Apr-2024 22:43:34.115 INFO [localhost-startStop-1] org.apache.catalina.startup.HostConfig.deployDirectory Deployment of web application directory [D:\JavaSQL\Java8\apache-tomcat-8.5.24\webapps\TD_E31] has finished in [106] ms
03-Apr-2024 22:43:34.123 INFO [main] org.apache.coyote.AbstractProtocol.start Starting ProtocolHandler ["http-nio-8082"]
03-Apr-2024 22:43:34.126 INFO [main] org.apache.coyote.AbstractProtocol.start Starting ProtocolHandler ["ajp-nio-8009"]
03-Apr-2024 22:43:34.126 INFO [main] org.apache.catalina.startup.Catalina.start Server startup in 1055 ms
03-Apr-2024 22:44:50.278 INFO [main] org.apache.catalina.core.StandardServer.await A valid shutdown command was received via the shutdown port. Stopping the Server instance.
03-Apr-2024 22:44:50.294 INFO [main] org.apache.coyote.AbstractProtocol.pause Pausing ProtocolHandler ["http-nio-8082"]
03-Apr-2024 22:44:50.897 INFO [main] org.apache.coyote.AbstractProtocol.pause Pausing ProtocolHandler ["ajp-nio-8009"]
03-Apr-2024 22:44:51.495 INFO [main] org.apache.catalina.core.StandardService.stopInternal Stopping service [Catalina]
03-Apr-2024 22:44:51.558 INFO [main] org.apache.coyote.AbstractProtocol.stop Stopping ProtocolHandler ["http-nio-8082"]
03-Apr-2024 22:44:51.573 INFO [main] org.apache.coyote.AbstractProtocol.stop Stopping ProtocolHandler ["ajp-nio-8009"]
03-Apr-2024 22:44:51.575 INFO [main] org.apache.coyote.AbstractProtocol.destroy Destroying ProtocolHandler ["http-nio-8082"]
03-Apr-2024 22:44:51.575 INFO [main] org.apache.coyote.AbstractProtocol.destroy Destroying ProtocolHandler ["ajp-nio-8009"]
03-Apr-2024 22:44:54.326 INFO [main] org.apache.catalina.startup.VersionLoggerListener.log Server version:        Apache Tomcat/8.5.24
03-Apr-2024 22:44:54.326 INFO [main] org.apache.catalina.startup.VersionLoggerListener.log Server built:          Nov 27 2017 13:05:30 UTC
03-Apr-2024 22:44:54.331 INFO [main] org.apache.catalina.startup.VersionLoggerListener.log Server number:         8.5.24.0
03-Apr-2024 22:44:54.332 INFO [main] org.apache.catalina.startup.VersionLoggerListener.log OS Name:               Windows 10
03-Apr-2024 22:44:54.332 INFO [main] org.apache.catalina.startup.VersionLoggerListener.log OS Version:            10.0
03-Apr-2024 22:44:54.332 INFO [main] org.apache.catalina.startup.VersionLoggerListener.log Architecture:          x86
03-Apr-2024 22:44:54.332 INFO [main] org.apache.catalina.startup.VersionLoggerListener.log Java Home:             D:\JavaSQL\Java8\jdk1.8.0_131\jre
03-Apr-2024 22:44:54.332 INFO [main] org.apache.catalina.startup.VersionLoggerListener.log JVM Version:           1.8.0_131-b11
03-Apr-2024 22:44:54.332 INFO [main] org.apache.catalina.startup.VersionLoggerListener.log JVM Vendor:            Oracle Corporation
03-Apr-2024 22:44:54.332 INFO [main] org.apache.catalina.startup.VersionLoggerListener.log CATALINA_BASE:         D:\JavaSQL\Java8\apache-tomcat-8.5.24
03-Apr-2024 22:44:54.332 INFO [main] org.apache.catalina.startup.VersionLoggerListener.log CATALINA_HOME:         D:\JavaSQL\Java8\apache-tomcat-8.5.24
03-Apr-2024 22:44:54.334 INFO [main] org.apache.catalina.startup.VersionLoggerListener.log Command line argument: -Djava.util.logging.config.file=D:\JavaSQL\Java8\apache-tomcat-8.5.24\conf\logging.properties
03-Apr-2024 22:44:54.334 INFO [main] org.apache.catalina.startup.VersionLoggerListener.log Command line argument: -Djava.util.logging.manager=org.apache.juli.ClassLoaderLogManager
03-Apr-2024 22:44:54.334 INFO [main] org.apache.catalina.startup.VersionLoggerListener.log Command line argument: -Djdk.tls.ephemeralDHKeySize=2048
03-Apr-2024 22:44:54.334 INFO [main] org.apache.catalina.startup.VersionLoggerListener.log Command line argument: -Djava.protocol.handler.pkgs=org.apache.catalina.webresources
03-Apr-2024 22:44:54.334 INFO [main] org.apache.catalina.startup.VersionLoggerListener.log Command line argument: -Dignore.endorsed.dirs=
03-Apr-2024 22:44:54.334 INFO [main] org.apache.catalina.startup.VersionLoggerListener.log Command line argument: -Dcatalina.base=D:\JavaSQL\Java8\apache-tomcat-8.5.24
03-Apr-2024 22:44:54.334 INFO [main] org.apache.catalina.startup.VersionLoggerListener.log Command line argument: -Dcatalina.home=D:\JavaSQL\Java8\apache-tomcat-8.5.24
03-Apr-2024 22:44:54.334 INFO [main] org.apache.catalina.startup.VersionLoggerListener.log Command line argument: -Djava.io.tmpdir=D:\JavaSQL\Java8\apache-tomcat-8.5.24\temp
03-Apr-2024 22:44:54.334 INFO [main] org.apache.catalina.core.AprLifecycleListener.lifecycleEvent The APR based Apache Tomcat Native library which allows optimal performance in production environments was not found on the java.library.path: [D:\JavaSQL\Java8\jdk1.8.0_131\bin;C:\WINDOWS\Sun\Java\bin;C:\WINDOWS\system32;C:\WINDOWS;D:\JavaSQL\Java8\jdk1.8.0_131\bin;D:\JavaSQL\Java8\jdk1.8.0_131\db\bin;D:\JavaSQL\Java8\squirrelsql-4.0.0-standard;D:\JavaSQL\Java8\apache-tomcat-8.5.24\bin;C:\WINDOWS\system32;C:\WINDOWS;C:\WINDOWS\System32\Wbem;C:\WINDOWS\System32\WindowsPowerShell\v1.0\;C:\WINDOWS\System32\OpenSSH\;C:\Program Files\dotnet\;C:\Users\Aldoa\Desktop\Infor\bin;C:\Users\Aldoa\AppData\Local\Microsoft\WindowsApps;;.]
03-Apr-2024 22:44:54.449 INFO [main] org.apache.coyote.AbstractProtocol.init Initializing ProtocolHandler ["http-nio-8082"]
03-Apr-2024 22:44:54.729 INFO [main] org.apache.tomcat.util.net.NioSelectorPool.getSharedSelector Using a shared selector for servlet write/read
03-Apr-2024 22:44:54.729 INFO [main] org.apache.coyote.AbstractProtocol.init Initializing ProtocolHandler ["ajp-nio-8009"]
03-Apr-2024 22:44:54.729 INFO [main] org.apache.tomcat.util.net.NioSelectorPool.getSharedSelector Using a shared selector for servlet write/read
03-Apr-2024 22:44:54.745 INFO [main] org.apache.catalina.startup.Catalina.load Initialization processed in 746 ms
03-Apr-2024 22:44:54.801 INFO [main] org.apache.catalina.core.StandardService.startInternal Starting service [Catalina]
03-Apr-2024 22:44:54.801 INFO [main] org.apache.catalina.core.StandardEngine.startInternal Starting Servlet Engine: Apache Tomcat/8.5.24
03-Apr-2024 22:44:54.808 INFO [localhost-startStop-1] org.apache.catalina.startup.HostConfig.deployDirectory Deploying web application directory [D:\JavaSQL\Java8\apache-tomcat-8.5.24\webapps\docs]
03-Apr-2024 22:44:55.062 INFO [localhost-startStop-1] org.apache.jasper.servlet.TldScanner.scanJars At least one JAR was scanned for TLDs yet contained no TLDs. Enable debug logging for this logger for a complete list of JARs that were scanned but no TLDs were found in them. Skipping unneeded JARs during scanning can improve startup time and JSP compilation time.
03-Apr-2024 22:44:55.127 INFO [localhost-startStop-1] org.apache.catalina.startup.HostConfig.deployDirectory Deployment of web application directory [D:\JavaSQL\Java8\apache-tomcat-8.5.24\webapps\docs] has finished in [317] ms
03-Apr-2024 22:44:55.127 INFO [localhost-startStop-1] org.apache.catalina.startup.HostConfig.deployDirectory Deploying web application directory [D:\JavaSQL\Java8\apache-tomcat-8.5.24\webapps\examples]
03-Apr-2024 22:44:55.364 INFO [localhost-startStop-1] org.apache.jasper.servlet.TldScanner.scanJars At least one JAR was scanned for TLDs yet contained no TLDs. Enable debug logging for this logger for a complete list of JARs that were scanned but no TLDs were found in them. Skipping unneeded JARs during scanning can improve startup time and JSP compilation time.
03-Apr-2024 22:44:55.408 INFO [localhost-startStop-1] org.apache.catalina.startup.HostConfig.deployDirectory Deployment of web application directory [D:\JavaSQL\Java8\apache-tomcat-8.5.24\webapps\examples] has finished in [281] ms
03-Apr-2024 22:44:55.408 INFO [localhost-startStop-1] org.apache.catalina.startup.HostConfig.deployDirectory Deploying web application directory [D:\JavaSQL\Java8\apache-tomcat-8.5.24\webapps\host-manager]
03-Apr-2024 22:44:55.444 INFO [localhost-startStop-1] org.apache.jasper.servlet.TldScanner.scanJars At least one JAR was scanned for TLDs yet contained no TLDs. Enable debug logging for this logger for a complete list of JARs that were scanned but no TLDs were found in them. Skipping unneeded JARs during scanning can improve startup time and JSP compilation time.
03-Apr-2024 22:44:55.452 INFO [localhost-startStop-1] org.apache.catalina.startup.HostConfig.deployDirectory Deployment of web application directory [D:\JavaSQL\Java8\apache-tomcat-8.5.24\webapps\host-manager] has finished in [44] ms
03-Apr-2024 22:44:55.452 INFO [localhost-startStop-1] org.apache.catalina.startup.HostConfig.deployDirectory Deploying web application directory [D:\JavaSQL\Java8\apache-tomcat-8.5.24\webapps\ROOT]
03-Apr-2024 22:44:55.480 INFO [localhost-startStop-1] org.apache.jasper.servlet.TldScanner.scanJars At least one JAR was scanned for TLDs yet contained no TLDs. Enable debug logging for this logger for a complete list of JARs that were scanned but no TLDs were found in them. Skipping unneeded JARs during scanning can improve startup time and JSP compilation time.
03-Apr-2024 22:44:55.485 INFO [localhost-startStop-1] org.apache.catalina.startup.HostConfig.deployDirectory Deployment of web application directory [D:\JavaSQL\Java8\apache-tomcat-8.5.24\webapps\ROOT] has finished in [33] ms
03-Apr-2024 22:44:55.485 INFO [localhost-startStop-1] org.apache.catalina.startup.HostConfig.deployDirectory Deploying web application directory [D:\JavaSQL\Java8\apache-tomcat-8.5.24\webapps\SQLServer]
03-Apr-2024 22:44:55.521 INFO [localhost-startStop-1] org.apache.jasper.servlet.TldScanner.scanJars At least one JAR was scanned for TLDs yet contained no TLDs. Enable debug logging for this logger for a complete list of JARs that were scanned but no TLDs were found in them. Skipping unneeded JARs during scanning can improve startup time and JSP compilation time.
03-Apr-2024 22:44:55.531 INFO [localhost-startStop-1] org.apache.catalina.startup.HostConfig.deployDirectory Deployment of web application directory [D:\JavaSQL\Java8\apache-tomcat-8.5.24\webapps\SQLServer] has finished in [46] ms
03-Apr-2024 22:44:55.531 INFO [localhost-startStop-1] org.apache.catalina.startup.HostConfig.deployDirectory Deploying web application directory [D:\JavaSQL\Java8\apache-tomcat-8.5.24\webapps\Servlet1]
03-Apr-2024 22:44:55.560 INFO [localhost-startStop-1] org.apache.jasper.servlet.TldScanner.scanJars At least one JAR was scanned for TLDs yet contained no TLDs. Enable debug logging for this logger for a complete list of JARs that were scanned but no TLDs were found in them. Skipping unneeded JARs during scanning can improve startup time and JSP compilation time.
03-Apr-2024 22:44:55.564 INFO [localhost-startStop-1] org.apache.catalina.startup.HostConfig.deployDirectory Deployment of web application directory [D:\JavaSQL\Java8\apache-tomcat-8.5.24\webapps\Servlet1] has finished in [33] ms
03-Apr-2024 22:44:55.564 INFO [localhost-startStop-1] org.apache.catalina.startup.HostConfig.deployDirectory Deploying web application directory [D:\JavaSQL\Java8\apache-tomcat-8.5.24\webapps\Servlet2]
03-Apr-2024 22:44:55.592 INFO [localhost-startStop-1] org.apache.jasper.servlet.TldScanner.scanJars At least one JAR was scanned for TLDs yet contained no TLDs. Enable debug logging for this logger for a complete list of JARs that were scanned but no TLDs were found in them. Skipping unneeded JARs during scanning can improve startup time and JSP compilation time.
03-Apr-2024 22:44:55.597 INFO [localhost-startStop-1] org.apache.catalina.startup.HostConfig.deployDirectory Deployment of web application directory [D:\JavaSQL\Java8\apache-tomcat-8.5.24\webapps\Servlet2] has finished in [33] ms
03-Apr-2024 22:44:55.597 INFO [localhost-startStop-1] org.apache.catalina.startup.HostConfig.deployDirectory Deploying web application directory [D:\JavaSQL\Java8\apache-tomcat-8.5.24\webapps\Servlet3]
03-Apr-2024 22:44:55.625 INFO [localhost-startStop-1] org.apache.jasper.servlet.TldScanner.scanJars At least one JAR was scanned for TLDs yet contained no TLDs. Enable debug logging for this logger for a complete list of JARs that were scanned but no TLDs were found in them. Skipping unneeded JARs during scanning can improve startup time and JSP compilation time.
03-Apr-2024 22:44:55.625 INFO [localhost-startStop-1] org.apache.catalina.startup.HostConfig.deployDirectory Deployment of web application directory [D:\JavaSQL\Java8\apache-tomcat-8.5.24\webapps\Servlet3] has finished in [28] ms
03-Apr-2024 22:44:55.625 INFO [localhost-startStop-1] org.apache.catalina.startup.HostConfig.deployDirectory Deploying web application directory [D:\JavaSQL\Java8\apache-tomcat-8.5.24\webapps\Servlet4]
03-Apr-2024 22:44:55.649 INFO [localhost-startStop-1] org.apache.jasper.servlet.TldScanner.scanJars At least one JAR was scanned for TLDs yet contained no TLDs. Enable debug logging for this logger for a complete list of JARs that were scanned but no TLDs were found in them. Skipping unneeded JARs during scanning can improve startup time and JSP compilation time.
03-Apr-2024 22:44:55.649 INFO [localhost-startStop-1] org.apache.catalina.startup.HostConfig.deployDirectory Deployment of web application directory [D:\JavaSQL\Java8\apache-tomcat-8.5.24\webapps\Servlet4] has finished in [24] ms
03-Apr-2024 22:44:55.649 INFO [localhost-startStop-1] org.apache.catalina.startup.HostConfig.deployDirectory Deploying web application directory [D:\JavaSQL\Java8\apache-tomcat-8.5.24\webapps\Pract8]
03-Apr-2024 22:44:55.699 INFO [localhost-startStop-1] org.apache.jasper.servlet.TldScanner.scanJars At least one JAR was scanned for TLDs yet contained no TLDs. Enable debug logging for this logger for a complete list of JARs that were scanned but no TLDs were found in them. Skipping unneeded JARs during scanning can improve startup time and JSP compilation time.
03-Apr-2024 22:44:55.702 INFO [localhost-startStop-1] org.apache.catalina.startup.HostConfig.deployDirectory Deployment of web application directory [D:\JavaSQL\Java8\apache-tomcat-8.5.24\webapps\Pract8] has finished in [53] ms
03-Apr-2024 22:44:55.702 INFO [localhost-startStop-1] org.apache.catalina.startup.HostConfig.deployDirectory Deploying web application directory [D:\JavaSQL\Java8\apache-tomcat-8.5.24\webapps\Entrega]
03-Apr-2024 22:44:55.747 INFO [localhost-startStop-1] org.apache.jasper.servlet.TldScanner.scanJars At least one JAR was scanned for TLDs yet contained no TLDs. Enable debug logging for this logger for a complete list of JARs that were scanned but no TLDs were found in them. Skipping unneeded JARs during scanning can improve startup time and JSP compilation time.
03-Apr-2024 22:44:55.747 INFO [localhost-startStop-1] org.apache.catalina.startup.HostConfig.deployDirectory Deployment of web application directory [D:\JavaSQL\Java8\apache-tomcat-8.5.24\webapps\Entrega] has finished in [45] ms
03-Apr-2024 22:44:55.747 INFO [localhost-startStop-1] org.apache.catalina.startup.HostConfig.deployDirectory Deploying web application directory [D:\JavaSQL\Java8\apache-tomcat-8.5.24\webapps\matrices8]
03-Apr-2024 22:44:55.776 INFO [localhost-startStop-1] org.apache.jasper.servlet.TldScanner.scanJars At least one JAR was scanned for TLDs yet contained no TLDs. Enable debug logging for this logger for a complete list of JARs that were scanned but no TLDs were found in them. Skipping unneeded JARs during scanning can improve startup time and JSP compilation time.
03-Apr-2024 22:44:55.788 INFO [localhost-startStop-1] org.apache.catalina.startup.HostConfig.deployDirectory Deployment of web application directory [D:\JavaSQL\Java8\apache-tomcat-8.5.24\webapps\matrices8] has finished in [41] ms
03-Apr-2024 22:44:55.788 INFO [localhost-startStop-1] org.apache.catalina.startup.HostConfig.deployDirectory Deploying web application directory [D:\JavaSQL\Java8\apache-tomcat-8.5.24\webapps\TD_E18]
03-Apr-2024 22:44:55.828 INFO [localhost-startStop-1] org.apache.jasper.servlet.TldScanner.scanJars At least one JAR was scanned for TLDs yet contained no TLDs. Enable debug logging for this logger for a complete list of JARs that were scanned but no TLDs were found in them. Skipping unneeded JARs during scanning can improve startup time and JSP compilation time.
03-Apr-2024 22:44:55.828 INFO [localhost-startStop-1] org.apache.catalina.startup.HostConfig.deployDirectory Deployment of web application directory [D:\JavaSQL\Java8\apache-tomcat-8.5.24\webapps\TD_E18] has finished in [40] ms
03-Apr-2024 22:44:55.828 INFO [localhost-startStop-1] org.apache.catalina.startup.HostConfig.deployDirectory Deploying web application directory [D:\JavaSQL\Java8\apache-tomcat-8.5.24\webapps\TD_E30]
03-Apr-2024 22:44:55.871 INFO [localhost-startStop-1] org.apache.jasper.servlet.TldScanner.scanJars At least one JAR was scanned for TLDs yet contained no TLDs. Enable debug logging for this logger for a complete list of JARs that were scanned but no TLDs were found in them. Skipping unneeded JARs during scanning can improve startup time and JSP compilation time.
03-Apr-2024 22:44:55.871 INFO [localhost-startStop-1] org.apache.catalina.startup.HostConfig.deployDirectory Deployment of web application directory [D:\JavaSQL\Java8\apache-tomcat-8.5.24\webapps\TD_E30] has finished in [43] ms
03-Apr-2024 22:44:55.871 INFO [localhost-startStop-1] org.apache.catalina.startup.HostConfig.deployDirectory Deploying web application directory [D:\JavaSQL\Java8\apache-tomcat-8.5.24\webapps\TD_E31]
03-Apr-2024 22:44:55.997 INFO [localhost-startStop-1] org.apache.jasper.servlet.TldScanner.scanJars At least one JAR was scanned for TLDs yet contained no TLDs. Enable debug logging for this logger for a complete list of JARs that were scanned but no TLDs were found in them. Skipping unneeded JARs during scanning can improve startup time and JSP compilation time.
03-Apr-2024 22:44:56.003 INFO [localhost-startStop-1] org.apache.catalina.startup.HostConfig.deployDirectory Deployment of web application directory [D:\JavaSQL\Java8\apache-tomcat-8.5.24\webapps\TD_E31] has finished in [132] ms
03-Apr-2024 22:44:56.008 INFO [main] org.apache.coyote.AbstractProtocol.start Starting ProtocolHandler ["http-nio-8082"]
03-Apr-2024 22:44:56.022 INFO [main] org.apache.coyote.AbstractProtocol.start Starting ProtocolHandler ["ajp-nio-8009"]
03-Apr-2024 22:44:56.024 INFO [main] org.apache.catalina.startup.Catalina.start Server startup in 1281 ms
03-Apr-2024 22:46:41.050 INFO [main] org.apache.catalina.core.StandardServer.await A valid shutdown command was received via the shutdown port. Stopping the Server instance.
03-Apr-2024 22:46:41.050 INFO [main] org.apache.coyote.AbstractProtocol.pause Pausing ProtocolHandler ["http-nio-8082"]
03-Apr-2024 22:46:41.475 INFO [main] org.apache.coyote.AbstractProtocol.pause Pausing ProtocolHandler ["ajp-nio-8009"]
03-Apr-2024 22:46:41.943 INFO [main] org.apache.catalina.core.StandardService.stopInternal Stopping service [Catalina]
03-Apr-2024 22:46:42.006 INFO [main] org.apache.coyote.AbstractProtocol.stop Stopping ProtocolHandler ["http-nio-8082"]
03-Apr-2024 22:46:42.006 INFO [main] org.apache.coyote.AbstractProtocol.stop Stopping ProtocolHandler ["ajp-nio-8009"]
03-Apr-2024 22:46:42.015 INFO [main] org.apache.coyote.AbstractProtocol.destroy Destroying ProtocolHandler ["http-nio-8082"]
03-Apr-2024 22:46:42.015 INFO [main] org.apache.coyote.AbstractProtocol.destroy Destroying ProtocolHandler ["ajp-nio-8009"]
03-Apr-2024 22:46:45.827 INFO [main] org.apache.catalina.startup.VersionLoggerListener.log Server version:        Apache Tomcat/8.5.24
03-Apr-2024 22:46:45.827 INFO [main] org.apache.catalina.startup.VersionLoggerListener.log Server built:          Nov 27 2017 13:05:30 UTC
03-Apr-2024 22:46:45.827 INFO [main] org.apache.catalina.startup.VersionLoggerListener.log Server number:         8.5.24.0
03-Apr-2024 22:46:45.827 INFO [main] org.apache.catalina.startup.VersionLoggerListener.log OS Name:               Windows 10
03-Apr-2024 22:46:45.827 INFO [main] org.apache.catalina.startup.VersionLoggerListener.log OS Version:            10.0
03-Apr-2024 22:46:45.827 INFO [main] org.apache.catalina.startup.VersionLoggerListener.log Architecture:          x86
03-Apr-2024 22:46:45.827 INFO [main] org.apache.catalina.startup.VersionLoggerListener.log Java Home:             D:\JavaSQL\Java8\jdk1.8.0_131\jre
03-Apr-2024 22:46:45.827 INFO [main] org.apache.catalina.startup.VersionLoggerListener.log JVM Version:           1.8.0_131-b11
03-Apr-2024 22:46:45.827 INFO [main] org.apache.catalina.startup.VersionLoggerListener.log JVM Vendor:            Oracle Corporation
03-Apr-2024 22:46:45.827 INFO [main] org.apache.catalina.startup.VersionLoggerListener.log CATALINA_BASE:         D:\JavaSQL\Java8\apache-tomcat-8.5.24
03-Apr-2024 22:46:45.827 INFO [main] org.apache.catalina.startup.VersionLoggerListener.log CATALINA_HOME:         D:\JavaSQL\Java8\apache-tomcat-8.5.24
03-Apr-2024 22:46:45.827 INFO [main] org.apache.catalina.startup.VersionLoggerListener.log Command line argument: -Djava.util.logging.config.file=D:\JavaSQL\Java8\apache-tomcat-8.5.24\conf\logging.properties
03-Apr-2024 22:46:45.827 INFO [main] org.apache.catalina.startup.VersionLoggerListener.log Command line argument: -Djava.util.logging.manager=org.apache.juli.ClassLoaderLogManager
03-Apr-2024 22:46:45.827 INFO [main] org.apache.catalina.startup.VersionLoggerListener.log Command line argument: -Djdk.tls.ephemeralDHKeySize=2048
03-Apr-2024 22:46:45.827 INFO [main] org.apache.catalina.startup.VersionLoggerListener.log Command line argument: -Djava.protocol.handler.pkgs=org.apache.catalina.webresources
03-Apr-2024 22:46:45.827 INFO [main] org.apache.catalina.startup.VersionLoggerListener.log Command line argument: -Dignore.endorsed.dirs=
03-Apr-2024 22:46:45.827 INFO [main] org.apache.catalina.startup.VersionLoggerListener.log Command line argument: -Dcatalina.base=D:\JavaSQL\Java8\apache-tomcat-8.5.24
03-Apr-2024 22:46:45.827 INFO [main] org.apache.catalina.startup.VersionLoggerListener.log Command line argument: -Dcatalina.home=D:\JavaSQL\Java8\apache-tomcat-8.5.24
03-Apr-2024 22:46:45.835 INFO [main] org.apache.catalina.startup.VersionLoggerListener.log Command line argument: -Djava.io.tmpdir=D:\JavaSQL\Java8\apache-tomcat-8.5.24\temp
03-Apr-2024 22:46:45.835 INFO [main] org.apache.catalina.core.AprLifecycleListener.lifecycleEvent The APR based Apache Tomcat Native library which allows optimal performance in production environments was not found on the java.library.path: [D:\JavaSQL\Java8\jdk1.8.0_131\bin;C:\WINDOWS\Sun\Java\bin;C:\WINDOWS\system32;C:\WINDOWS;D:\JavaSQL\Java8\jdk1.8.0_131\bin;D:\JavaSQL\Java8\jdk1.8.0_131\db\bin;D:\JavaSQL\Java8\squirrelsql-4.0.0-standard;D:\JavaSQL\Java8\apache-tomcat-8.5.24\bin;C:\WINDOWS\system32;C:\WINDOWS;C:\WINDOWS\System32\Wbem;C:\WINDOWS\System32\WindowsPowerShell\v1.0\;C:\WINDOWS\System32\OpenSSH\;C:\Program Files\dotnet\;C:\Users\Aldoa\Desktop\Infor\bin;C:\Users\Aldoa\AppData\Local\Microsoft\WindowsApps;;.]
03-Apr-2024 22:46:45.936 INFO [main] org.apache.coyote.AbstractProtocol.init Initializing ProtocolHandler ["http-nio-8082"]
03-Apr-2024 22:46:46.187 INFO [main] org.apache.tomcat.util.net.NioSelectorPool.getSharedSelector Using a shared selector for servlet write/read
03-Apr-2024 22:46:46.206 INFO [main] org.apache.coyote.AbstractProtocol.init Initializing ProtocolHandler ["ajp-nio-8009"]
03-Apr-2024 22:46:46.213 INFO [main] org.apache.tomcat.util.net.NioSelectorPool.getSharedSelector Using a shared selector for servlet write/read
03-Apr-2024 22:46:46.213 INFO [main] org.apache.catalina.startup.Catalina.load Initialization processed in 652 ms
03-Apr-2024 22:46:46.252 INFO [main] org.apache.catalina.core.StandardService.startInternal Starting service [Catalina]
03-Apr-2024 22:46:46.252 INFO [main] org.apache.catalina.core.StandardEngine.startInternal Starting Servlet Engine: Apache Tomcat/8.5.24
03-Apr-2024 22:46:46.260 INFO [localhost-startStop-1] org.apache.catalina.startup.HostConfig.deployDirectory Deploying web application directory [D:\JavaSQL\Java8\apache-tomcat-8.5.24\webapps\docs]
03-Apr-2024 22:46:46.459 INFO [localhost-startStop-1] org.apache.jasper.servlet.TldScanner.scanJars At least one JAR was scanned for TLDs yet contained no TLDs. Enable debug logging for this logger for a complete list of JARs that were scanned but no TLDs were found in them. Skipping unneeded JARs during scanning can improve startup time and JSP compilation time.
03-Apr-2024 22:46:46.522 INFO [localhost-startStop-1] org.apache.catalina.startup.HostConfig.deployDirectory Deployment of web application directory [D:\JavaSQL\Java8\apache-tomcat-8.5.24\webapps\docs] has finished in [262] ms
03-Apr-2024 22:46:46.523 INFO [localhost-startStop-1] org.apache.catalina.startup.HostConfig.deployDirectory Deploying web application directory [D:\JavaSQL\Java8\apache-tomcat-8.5.24\webapps\examples]
03-Apr-2024 22:46:46.713 INFO [localhost-startStop-1] org.apache.jasper.servlet.TldScanner.scanJars At least one JAR was scanned for TLDs yet contained no TLDs. Enable debug logging for this logger for a complete list of JARs that were scanned but no TLDs were found in them. Skipping unneeded JARs during scanning can improve startup time and JSP compilation time.
03-Apr-2024 22:46:46.754 INFO [localhost-startStop-1] org.apache.catalina.startup.HostConfig.deployDirectory Deployment of web application directory [D:\JavaSQL\Java8\apache-tomcat-8.5.24\webapps\examples] has finished in [231] ms
03-Apr-2024 22:46:46.754 INFO [localhost-startStop-1] org.apache.catalina.startup.HostConfig.deployDirectory Deploying web application directory [D:\JavaSQL\Java8\apache-tomcat-8.5.24\webapps\host-manager]
03-Apr-2024 22:46:46.788 INFO [localhost-startStop-1] org.apache.jasper.servlet.TldScanner.scanJars At least one JAR was scanned for TLDs yet contained no TLDs. Enable debug logging for this logger for a complete list of JARs that were scanned but no TLDs were found in them. Skipping unneeded JARs during scanning can improve startup time and JSP compilation time.
03-Apr-2024 22:46:46.803 INFO [localhost-startStop-1] org.apache.catalina.startup.HostConfig.deployDirectory Deployment of web application directory [D:\JavaSQL\Java8\apache-tomcat-8.5.24\webapps\host-manager] has finished in [49] ms
03-Apr-2024 22:46:46.803 INFO [localhost-startStop-1] org.apache.catalina.startup.HostConfig.deployDirectory Deploying web application directory [D:\JavaSQL\Java8\apache-tomcat-8.5.24\webapps\ROOT]
03-Apr-2024 22:46:46.820 INFO [localhost-startStop-1] org.apache.jasper.servlet.TldScanner.scanJars At least one JAR was scanned for TLDs yet contained no TLDs. Enable debug logging for this logger for a complete list of JARs that were scanned but no TLDs were found in them. Skipping unneeded JARs during scanning can improve startup time and JSP compilation time.
03-Apr-2024 22:46:46.820 INFO [localhost-startStop-1] org.apache.catalina.startup.HostConfig.deployDirectory Deployment of web application directory [D:\JavaSQL\Java8\apache-tomcat-8.5.24\webapps\ROOT] has finished in [17] ms
03-Apr-2024 22:46:46.820 INFO [localhost-startStop-1] org.apache.catalina.startup.HostConfig.deployDirectory Deploying web application directory [D:\JavaSQL\Java8\apache-tomcat-8.5.24\webapps\SQLServer]
03-Apr-2024 22:46:46.853 INFO [localhost-startStop-1] org.apache.jasper.servlet.TldScanner.scanJars At least one JAR was scanned for TLDs yet contained no TLDs. Enable debug logging for this logger for a complete list of JARs that were scanned but no TLDs were found in them. Skipping unneeded JARs during scanning can improve startup time and JSP compilation time.
03-Apr-2024 22:46:46.863 INFO [localhost-startStop-1] org.apache.catalina.startup.HostConfig.deployDirectory Deployment of web application directory [D:\JavaSQL\Java8\apache-tomcat-8.5.24\webapps\SQLServer] has finished in [43] ms
03-Apr-2024 22:46:46.863 INFO [localhost-startStop-1] org.apache.catalina.startup.HostConfig.deployDirectory Deploying web application directory [D:\JavaSQL\Java8\apache-tomcat-8.5.24\webapps\Servlet1]
03-Apr-2024 22:46:46.895 INFO [localhost-startStop-1] org.apache.jasper.servlet.TldScanner.scanJars At least one JAR was scanned for TLDs yet contained no TLDs. Enable debug logging for this logger for a complete list of JARs that were scanned but no TLDs were found in them. Skipping unneeded JARs during scanning can improve startup time and JSP compilation time.
03-Apr-2024 22:46:46.895 INFO [localhost-startStop-1] org.apache.catalina.startup.HostConfig.deployDirectory Deployment of web application directory [D:\JavaSQL\Java8\apache-tomcat-8.5.24\webapps\Servlet1] has finished in [32] ms
03-Apr-2024 22:46:46.895 INFO [localhost-startStop-1] org.apache.catalina.startup.HostConfig.deployDirectory Deploying web application directory [D:\JavaSQL\Java8\apache-tomcat-8.5.24\webapps\Servlet2]
03-Apr-2024 22:46:46.925 INFO [localhost-startStop-1] org.apache.jasper.servlet.TldScanner.scanJars At least one JAR was scanned for TLDs yet contained no TLDs. Enable debug logging for this logger for a complete list of JARs that were scanned but no TLDs were found in them. Skipping unneeded JARs during scanning can improve startup time and JSP compilation time.
03-Apr-2024 22:46:46.925 INFO [localhost-startStop-1] org.apache.catalina.startup.HostConfig.deployDirectory Deployment of web application directory [D:\JavaSQL\Java8\apache-tomcat-8.5.24\webapps\Servlet2] has finished in [30] ms
03-Apr-2024 22:46:46.925 INFO [localhost-startStop-1] org.apache.catalina.startup.HostConfig.deployDirectory Deploying web application directory [D:\JavaSQL\Java8\apache-tomcat-8.5.24\webapps\Servlet3]
03-Apr-2024 22:46:46.956 INFO [localhost-startStop-1] org.apache.jasper.servlet.TldScanner.scanJars At least one JAR was scanned for TLDs yet contained no TLDs. Enable debug logging for this logger for a complete list of JARs that were scanned but no TLDs were found in them. Skipping unneeded JARs during scanning can improve startup time and JSP compilation time.
03-Apr-2024 22:46:46.956 INFO [localhost-startStop-1] org.apache.catalina.startup.HostConfig.deployDirectory Deployment of web application directory [D:\JavaSQL\Java8\apache-tomcat-8.5.24\webapps\Servlet3] has finished in [31] ms
03-Apr-2024 22:46:46.956 INFO [localhost-startStop-1] org.apache.catalina.startup.HostConfig.deployDirectory Deploying web application directory [D:\JavaSQL\Java8\apache-tomcat-8.5.24\webapps\Servlet4]
03-Apr-2024 22:46:46.969 INFO [localhost-startStop-1] org.apache.jasper.servlet.TldScanner.scanJars At least one JAR was scanned for TLDs yet contained no TLDs. Enable debug logging for this logger for a complete list of JARs that were scanned but no TLDs were found in them. Skipping unneeded JARs during scanning can improve startup time and JSP compilation time.
03-Apr-2024 22:46:46.969 INFO [localhost-startStop-1] org.apache.catalina.startup.HostConfig.deployDirectory Deployment of web application directory [D:\JavaSQL\Java8\apache-tomcat-8.5.24\webapps\Servlet4] has finished in [13] ms
03-Apr-2024 22:46:46.969 INFO [localhost-startStop-1] org.apache.catalina.startup.HostConfig.deployDirectory Deploying web application directory [D:\JavaSQL\Java8\apache-tomcat-8.5.24\webapps\Pract8]
03-Apr-2024 22:46:47.002 INFO [localhost-startStop-1] org.apache.jasper.servlet.TldScanner.scanJars At least one JAR was scanned for TLDs yet contained no TLDs. Enable debug logging for this logger for a complete list of JARs that were scanned but no TLDs were found in them. Skipping unneeded JARs during scanning can improve startup time and JSP compilation time.
03-Apr-2024 22:46:47.007 INFO [localhost-startStop-1] org.apache.catalina.startup.HostConfig.deployDirectory Deployment of web application directory [D:\JavaSQL\Java8\apache-tomcat-8.5.24\webapps\Pract8] has finished in [38] ms
03-Apr-2024 22:46:47.007 INFO [localhost-startStop-1] org.apache.catalina.startup.HostConfig.deployDirectory Deploying web application directory [D:\JavaSQL\Java8\apache-tomcat-8.5.24\webapps\Entrega]
03-Apr-2024 22:46:47.031 INFO [localhost-startStop-1] org.apache.jasper.servlet.TldScanner.scanJars At least one JAR was scanned for TLDs yet contained no TLDs. Enable debug logging for this logger for a complete list of JARs that were scanned but no TLDs were found in them. Skipping unneeded JARs during scanning can improve startup time and JSP compilation time.
03-Apr-2024 22:46:47.031 INFO [localhost-startStop-1] org.apache.catalina.startup.HostConfig.deployDirectory Deployment of web application directory [D:\JavaSQL\Java8\apache-tomcat-8.5.24\webapps\Entrega] has finished in [24] ms
03-Apr-2024 22:46:47.031 INFO [localhost-startStop-1] org.apache.catalina.startup.HostConfig.deployDirectory Deploying web application directory [D:\JavaSQL\Java8\apache-tomcat-8.5.24\webapps\matrices8]
03-Apr-2024 22:46:47.062 INFO [localhost-startStop-1] org.apache.jasper.servlet.TldScanner.scanJars At least one JAR was scanned for TLDs yet contained no TLDs. Enable debug logging for this logger for a complete list of JARs that were scanned but no TLDs were found in them. Skipping unneeded JARs during scanning can improve startup time and JSP compilation time.
03-Apr-2024 22:46:47.062 INFO [localhost-startStop-1] org.apache.catalina.startup.HostConfig.deployDirectory Deployment of web application directory [D:\JavaSQL\Java8\apache-tomcat-8.5.24\webapps\matrices8] has finished in [31] ms
03-Apr-2024 22:46:47.062 INFO [localhost-startStop-1] org.apache.catalina.startup.HostConfig.deployDirectory Deploying web application directory [D:\JavaSQL\Java8\apache-tomcat-8.5.24\webapps\TD_E18]
03-Apr-2024 22:46:47.095 INFO [localhost-startStop-1] org.apache.jasper.servlet.TldScanner.scanJars At least one JAR was scanned for TLDs yet contained no TLDs. Enable debug logging for this logger for a complete list of JARs that were scanned but no TLDs were found in them. Skipping unneeded JARs during scanning can improve startup time and JSP compilation time.
03-Apr-2024 22:46:47.095 INFO [localhost-startStop-1] org.apache.catalina.startup.HostConfig.deployDirectory Deployment of web application directory [D:\JavaSQL\Java8\apache-tomcat-8.5.24\webapps\TD_E18] has finished in [33] ms
03-Apr-2024 22:46:47.095 INFO [localhost-startStop-1] org.apache.catalina.startup.HostConfig.deployDirectory Deploying web application directory [D:\JavaSQL\Java8\apache-tomcat-8.5.24\webapps\TD_E30]
03-Apr-2024 22:46:47.125 INFO [localhost-startStop-1] org.apache.jasper.servlet.TldScanner.scanJars At least one JAR was scanned for TLDs yet contained no TLDs. Enable debug logging for this logger for a complete list of JARs that were scanned but no TLDs were found in them. Skipping unneeded JARs during scanning can improve startup time and JSP compilation time.
03-Apr-2024 22:46:47.125 INFO [localhost-startStop-1] org.apache.catalina.startup.HostConfig.deployDirectory Deployment of web application directory [D:\JavaSQL\Java8\apache-tomcat-8.5.24\webapps\TD_E30] has finished in [30] ms
03-Apr-2024 22:46:47.125 INFO [localhost-startStop-1] org.apache.catalina.startup.HostConfig.deployDirectory Deploying web application directory [D:\JavaSQL\Java8\apache-tomcat-8.5.24\webapps\TD_E31]
03-Apr-2024 22:46:47.238 INFO [localhost-startStop-1] org.apache.jasper.servlet.TldScanner.scanJars At least one JAR was scanned for TLDs yet contained no TLDs. Enable debug logging for this logger for a complete list of JARs that were scanned but no TLDs were found in them. Skipping unneeded JARs during scanning can improve startup time and JSP compilation time.
03-Apr-2024 22:46:47.238 INFO [localhost-startStop-1] org.apache.catalina.startup.HostConfig.deployDirectory Deployment of web application directory [D:\JavaSQL\Java8\apache-tomcat-8.5.24\webapps\TD_E31] has finished in [113] ms
03-Apr-2024 22:46:47.238 INFO [main] org.apache.coyote.AbstractProtocol.start Starting ProtocolHandler ["http-nio-8082"]
03-Apr-2024 22:46:47.259 INFO [main] org.apache.coyote.AbstractProtocol.start Starting ProtocolHandler ["ajp-nio-8009"]
03-Apr-2024 22:46:47.265 INFO [main] org.apache.catalina.startup.Catalina.start Server startup in 1050 ms
03-Apr-2024 22:47:19.798 INFO [main] org.apache.catalina.core.StandardServer.await A valid shutdown command was received via the shutdown port. Stopping the Server instance.
03-Apr-2024 22:47:19.798 INFO [main] org.apache.coyote.AbstractProtocol.pause Pausing ProtocolHandler ["http-nio-8082"]
03-Apr-2024 22:47:20.201 INFO [main] org.apache.coyote.AbstractProtocol.pause Pausing ProtocolHandler ["ajp-nio-8009"]
03-Apr-2024 22:47:20.642 INFO [main] org.apache.catalina.core.StandardService.stopInternal Stopping service [Catalina]
03-Apr-2024 22:47:20.705 INFO [main] org.apache.coyote.AbstractProtocol.stop Stopping ProtocolHandler ["http-nio-8082"]
03-Apr-2024 22:47:20.715 INFO [main] org.apache.coyote.AbstractProtocol.stop Stopping ProtocolHandler ["ajp-nio-8009"]
03-Apr-2024 22:47:20.717 INFO [main] org.apache.coyote.AbstractProtocol.destroy Destroying ProtocolHandler ["http-nio-8082"]
03-Apr-2024 22:47:20.717 INFO [main] org.apache.coyote.AbstractProtocol.destroy Destroying ProtocolHandler ["ajp-nio-8009"]
03-Apr-2024 22:47:36.686 INFO [main] org.apache.catalina.startup.VersionLoggerListener.log Server version:        Apache Tomcat/8.5.24
03-Apr-2024 22:47:36.686 INFO [main] org.apache.catalina.startup.VersionLoggerListener.log Server built:          Nov 27 2017 13:05:30 UTC
03-Apr-2024 22:47:36.686 INFO [main] org.apache.catalina.startup.VersionLoggerListener.log Server number:         8.5.24.0
03-Apr-2024 22:47:36.686 INFO [main] org.apache.catalina.startup.VersionLoggerListener.log OS Name:               Windows 10
03-Apr-2024 22:47:36.686 INFO [main] org.apache.catalina.startup.VersionLoggerListener.log OS Version:            10.0
03-Apr-2024 22:47:36.686 INFO [main] org.apache.catalina.startup.VersionLoggerListener.log Architecture:          x86
03-Apr-2024 22:47:36.686 INFO [main] org.apache.catalina.startup.VersionLoggerListener.log Java Home:             D:\JavaSQL\Java8\jdk1.8.0_131\jre
03-Apr-2024 22:47:36.686 INFO [main] org.apache.catalina.startup.VersionLoggerListener.log JVM Version:           1.8.0_131-b11
03-Apr-2024 22:47:36.686 INFO [main] org.apache.catalina.startup.VersionLoggerListener.log JVM Vendor:            Oracle Corporation
03-Apr-2024 22:47:36.686 INFO [main] org.apache.catalina.startup.VersionLoggerListener.log CATALINA_BASE:         D:\JavaSQL\Java8\apache-tomcat-8.5.24
03-Apr-2024 22:47:36.686 INFO [main] org.apache.catalina.startup.VersionLoggerListener.log CATALINA_HOME:         D:\JavaSQL\Java8\apache-tomcat-8.5.24
03-Apr-2024 22:47:36.686 INFO [main] org.apache.catalina.startup.VersionLoggerListener.log Command line argument: -Djava.util.logging.config.file=D:\JavaSQL\Java8\apache-tomcat-8.5.24\conf\logging.properties
03-Apr-2024 22:47:36.686 INFO [main] org.apache.catalina.startup.VersionLoggerListener.log Command line argument: -Djava.util.logging.manager=org.apache.juli.ClassLoaderLogManager
03-Apr-2024 22:47:36.686 INFO [main] org.apache.catalina.startup.VersionLoggerListener.log Command line argument: -Djdk.tls.ephemeralDHKeySize=2048
03-Apr-2024 22:47:36.686 INFO [main] org.apache.catalina.startup.VersionLoggerListener.log Command line argument: -Djava.protocol.handler.pkgs=org.apache.catalina.webresources
03-Apr-2024 22:47:36.686 INFO [main] org.apache.catalina.startup.VersionLoggerListener.log Command line argument: -Dignore.endorsed.dirs=
03-Apr-2024 22:47:36.686 INFO [main] org.apache.catalina.startup.VersionLoggerListener.log Command line argument: -Dcatalina.base=D:\JavaSQL\Java8\apache-tomcat-8.5.24
03-Apr-2024 22:47:36.686 INFO [main] org.apache.catalina.startup.VersionLoggerListener.log Command line argument: -Dcatalina.home=D:\JavaSQL\Java8\apache-tomcat-8.5.24
03-Apr-2024 22:47:36.686 INFO [main] org.apache.catalina.startup.VersionLoggerListener.log Command line argument: -Djava.io.tmpdir=D:\JavaSQL\Java8\apache-tomcat-8.5.24\temp
03-Apr-2024 22:47:36.686 INFO [main] org.apache.catalina.core.AprLifecycleListener.lifecycleEvent The APR based Apache Tomcat Native library which allows optimal performance in production environments was not found on the java.library.path: [D:\JavaSQL\Java8\jdk1.8.0_131\bin;C:\WINDOWS\Sun\Java\bin;C:\WINDOWS\system32;C:\WINDOWS;D:\JavaSQL\Java8\jdk1.8.0_131\bin;D:\JavaSQL\Java8\jdk1.8.0_131\db\bin;D:\JavaSQL\Java8\squirrelsql-4.0.0-standard;D:\JavaSQL\Java8\apache-tomcat-8.5.24\bin;C:\WINDOWS\system32;C:\WINDOWS;C:\WINDOWS\System32\Wbem;C:\WINDOWS\System32\WindowsPowerShell\v1.0\;C:\WINDOWS\System32\OpenSSH\;C:\Program Files\dotnet\;C:\Users\Aldoa\Desktop\Infor\bin;C:\Users\Aldoa\AppData\Local\Microsoft\WindowsApps;;.]
03-Apr-2024 22:47:36.782 INFO [main] org.apache.coyote.AbstractProtocol.init Initializing ProtocolHandler ["http-nio-8082"]
03-Apr-2024 22:47:37.029 INFO [main] org.apache.tomcat.util.net.NioSelectorPool.getSharedSelector Using a shared selector for servlet write/read
03-Apr-2024 22:47:37.046 INFO [main] org.apache.coyote.AbstractProtocol.init Initializing ProtocolHandler ["ajp-nio-8009"]
03-Apr-2024 22:47:37.046 INFO [main] org.apache.tomcat.util.net.NioSelectorPool.getSharedSelector Using a shared selector for servlet write/read
03-Apr-2024 22:47:37.046 INFO [main] org.apache.catalina.startup.Catalina.load Initialization processed in 617 ms
03-Apr-2024 22:47:37.076 INFO [main] org.apache.catalina.core.StandardService.startInternal Starting service [Catalina]
03-Apr-2024 22:47:37.076 INFO [main] org.apache.catalina.core.StandardEngine.startInternal Starting Servlet Engine: Apache Tomcat/8.5.24
03-Apr-2024 22:47:37.083 INFO [localhost-startStop-1] org.apache.catalina.startup.HostConfig.deployDirectory Deploying web application directory [D:\JavaSQL\Java8\apache-tomcat-8.5.24\webapps\docs]
03-Apr-2024 22:47:37.324 INFO [localhost-startStop-1] org.apache.jasper.servlet.TldScanner.scanJars At least one JAR was scanned for TLDs yet contained no TLDs. Enable debug logging for this logger for a complete list of JARs that were scanned but no TLDs were found in them. Skipping unneeded JARs during scanning can improve startup time and JSP compilation time.
03-Apr-2024 22:47:37.371 INFO [localhost-startStop-1] org.apache.catalina.startup.HostConfig.deployDirectory Deployment of web application directory [D:\JavaSQL\Java8\apache-tomcat-8.5.24\webapps\docs] has finished in [288] ms
03-Apr-2024 22:47:37.371 INFO [localhost-startStop-1] org.apache.catalina.startup.HostConfig.deployDirectory Deploying web application directory [D:\JavaSQL\Java8\apache-tomcat-8.5.24\webapps\examples]
03-Apr-2024 22:47:37.567 INFO [localhost-startStop-1] org.apache.jasper.servlet.TldScanner.scanJars At least one JAR was scanned for TLDs yet contained no TLDs. Enable debug logging for this logger for a complete list of JARs that were scanned but no TLDs were found in them. Skipping unneeded JARs during scanning can improve startup time and JSP compilation time.
03-Apr-2024 22:47:37.609 INFO [localhost-startStop-1] org.apache.catalina.startup.HostConfig.deployDirectory Deployment of web application directory [D:\JavaSQL\Java8\apache-tomcat-8.5.24\webapps\examples] has finished in [238] ms
03-Apr-2024 22:47:37.609 INFO [localhost-startStop-1] org.apache.catalina.startup.HostConfig.deployDirectory Deploying web application directory [D:\JavaSQL\Java8\apache-tomcat-8.5.24\webapps\host-manager]
03-Apr-2024 22:47:37.632 INFO [localhost-startStop-1] org.apache.jasper.servlet.TldScanner.scanJars At least one JAR was scanned for TLDs yet contained no TLDs. Enable debug logging for this logger for a complete list of JARs that were scanned but no TLDs were found in them. Skipping unneeded JARs during scanning can improve startup time and JSP compilation time.
03-Apr-2024 22:47:37.645 INFO [localhost-startStop-1] org.apache.catalina.startup.HostConfig.deployDirectory Deployment of web application directory [D:\JavaSQL\Java8\apache-tomcat-8.5.24\webapps\host-manager] has finished in [36] ms
03-Apr-2024 22:47:37.645 INFO [localhost-startStop-1] org.apache.catalina.startup.HostConfig.deployDirectory Deploying web application directory [D:\JavaSQL\Java8\apache-tomcat-8.5.24\webapps\ROOT]
03-Apr-2024 22:47:37.666 INFO [localhost-startStop-1] org.apache.jasper.servlet.TldScanner.scanJars At least one JAR was scanned for TLDs yet contained no TLDs. Enable debug logging for this logger for a complete list of JARs that were scanned but no TLDs were found in them. Skipping unneeded JARs during scanning can improve startup time and JSP compilation time.
03-Apr-2024 22:47:37.666 INFO [localhost-startStop-1] org.apache.catalina.startup.HostConfig.deployDirectory Deployment of web application directory [D:\JavaSQL\Java8\apache-tomcat-8.5.24\webapps\ROOT] has finished in [21] ms
03-Apr-2024 22:47:37.666 INFO [localhost-startStop-1] org.apache.catalina.startup.HostConfig.deployDirectory Deploying web application directory [D:\JavaSQL\Java8\apache-tomcat-8.5.24\webapps\SQLServer]
03-Apr-2024 22:47:37.697 INFO [localhost-startStop-1] org.apache.jasper.servlet.TldScanner.scanJars At least one JAR was scanned for TLDs yet contained no TLDs. Enable debug logging for this logger for a complete list of JARs that were scanned but no TLDs were found in them. Skipping unneeded JARs during scanning can improve startup time and JSP compilation time.
03-Apr-2024 22:47:37.705 INFO [localhost-startStop-1] org.apache.catalina.startup.HostConfig.deployDirectory Deployment of web application directory [D:\JavaSQL\Java8\apache-tomcat-8.5.24\webapps\SQLServer] has finished in [39] ms
03-Apr-2024 22:47:37.705 INFO [localhost-startStop-1] org.apache.catalina.startup.HostConfig.deployDirectory Deploying web application directory [D:\JavaSQL\Java8\apache-tomcat-8.5.24\webapps\Servlet1]
03-Apr-2024 22:47:37.730 INFO [localhost-startStop-1] org.apache.jasper.servlet.TldScanner.scanJars At least one JAR was scanned for TLDs yet contained no TLDs. Enable debug logging for this logger for a complete list of JARs that were scanned but no TLDs were found in them. Skipping unneeded JARs during scanning can improve startup time and JSP compilation time.
03-Apr-2024 22:47:37.730 INFO [localhost-startStop-1] org.apache.catalina.startup.HostConfig.deployDirectory Deployment of web application directory [D:\JavaSQL\Java8\apache-tomcat-8.5.24\webapps\Servlet1] has finished in [25] ms
03-Apr-2024 22:47:37.730 INFO [localhost-startStop-1] org.apache.catalina.startup.HostConfig.deployDirectory Deploying web application directory [D:\JavaSQL\Java8\apache-tomcat-8.5.24\webapps\Servlet2]
03-Apr-2024 22:47:37.762 INFO [localhost-startStop-1] org.apache.jasper.servlet.TldScanner.scanJars At least one JAR was scanned for TLDs yet contained no TLDs. Enable debug logging for this logger for a complete list of JARs that were scanned but no TLDs were found in them. Skipping unneeded JARs during scanning can improve startup time and JSP compilation time.
03-Apr-2024 22:47:37.762 INFO [localhost-startStop-1] org.apache.catalina.startup.HostConfig.deployDirectory Deployment of web application directory [D:\JavaSQL\Java8\apache-tomcat-8.5.24\webapps\Servlet2] has finished in [32] ms
03-Apr-2024 22:47:37.762 INFO [localhost-startStop-1] org.apache.catalina.startup.HostConfig.deployDirectory Deploying web application directory [D:\JavaSQL\Java8\apache-tomcat-8.5.24\webapps\Servlet3]
03-Apr-2024 22:47:37.787 INFO [localhost-startStop-1] org.apache.jasper.servlet.TldScanner.scanJars At least one JAR was scanned for TLDs yet contained no TLDs. Enable debug logging for this logger for a complete list of JARs that were scanned but no TLDs were found in them. Skipping unneeded JARs during scanning can improve startup time and JSP compilation time.
03-Apr-2024 22:47:37.790 INFO [localhost-startStop-1] org.apache.catalina.startup.HostConfig.deployDirectory Deployment of web application directory [D:\JavaSQL\Java8\apache-tomcat-8.5.24\webapps\Servlet3] has finished in [28] ms
03-Apr-2024 22:47:37.790 INFO [localhost-startStop-1] org.apache.catalina.startup.HostConfig.deployDirectory Deploying web application directory [D:\JavaSQL\Java8\apache-tomcat-8.5.24\webapps\Servlet4]
03-Apr-2024 22:47:37.803 INFO [localhost-startStop-1] org.apache.jasper.servlet.TldScanner.scanJars At least one JAR was scanned for TLDs yet contained no TLDs. Enable debug logging for this logger for a complete list of JARs that were scanned but no TLDs were found in them. Skipping unneeded JARs during scanning can improve startup time and JSP compilation time.
03-Apr-2024 22:47:37.803 INFO [localhost-startStop-1] org.apache.catalina.startup.HostConfig.deployDirectory Deployment of web application directory [D:\JavaSQL\Java8\apache-tomcat-8.5.24\webapps\Servlet4] has finished in [13] ms
03-Apr-2024 22:47:37.803 INFO [localhost-startStop-1] org.apache.catalina.startup.HostConfig.deployDirectory Deploying web application directory [D:\JavaSQL\Java8\apache-tomcat-8.5.24\webapps\Pract8]
03-Apr-2024 22:47:37.834 INFO [localhost-startStop-1] org.apache.jasper.servlet.TldScanner.scanJars At least one JAR was scanned for TLDs yet contained no TLDs. Enable debug logging for this logger for a complete list of JARs that were scanned but no TLDs were found in them. Skipping unneeded JARs during scanning can improve startup time and JSP compilation time.
03-Apr-2024 22:47:37.834 INFO [localhost-startStop-1] org.apache.catalina.startup.HostConfig.deployDirectory Deployment of web application directory [D:\JavaSQL\Java8\apache-tomcat-8.5.24\webapps\Pract8] has finished in [31] ms
03-Apr-2024 22:47:37.834 INFO [localhost-startStop-1] org.apache.catalina.startup.HostConfig.deployDirectory Deploying web application directory [D:\JavaSQL\Java8\apache-tomcat-8.5.24\webapps\Entrega]
03-Apr-2024 22:47:37.875 INFO [localhost-startStop-1] org.apache.jasper.servlet.TldScanner.scanJars At least one JAR was scanned for TLDs yet contained no TLDs. Enable debug logging for this logger for a complete list of JARs that were scanned but no TLDs were found in them. Skipping unneeded JARs during scanning can improve startup time and JSP compilation time.
03-Apr-2024 22:47:37.884 INFO [localhost-startStop-1] org.apache.catalina.startup.HostConfig.deployDirectory Deployment of web application directory [D:\JavaSQL\Java8\apache-tomcat-8.5.24\webapps\Entrega] has finished in [50] ms
03-Apr-2024 22:47:37.884 INFO [localhost-startStop-1] org.apache.catalina.startup.HostConfig.deployDirectory Deploying web application directory [D:\JavaSQL\Java8\apache-tomcat-8.5.24\webapps\matrices8]
03-Apr-2024 22:47:37.907 INFO [localhost-startStop-1] org.apache.jasper.servlet.TldScanner.scanJars At least one JAR was scanned for TLDs yet contained no TLDs. Enable debug logging for this logger for a complete list of JARs that were scanned but no TLDs were found in them. Skipping unneeded JARs during scanning can improve startup time and JSP compilation time.
03-Apr-2024 22:47:37.907 INFO [localhost-startStop-1] org.apache.catalina.startup.HostConfig.deployDirectory Deployment of web application directory [D:\JavaSQL\Java8\apache-tomcat-8.5.24\webapps\matrices8] has finished in [23] ms
03-Apr-2024 22:47:37.907 INFO [localhost-startStop-1] org.apache.catalina.startup.HostConfig.deployDirectory Deploying web application directory [D:\JavaSQL\Java8\apache-tomcat-8.5.24\webapps\TD_E18]
03-Apr-2024 22:47:37.941 INFO [localhost-startStop-1] org.apache.jasper.servlet.TldScanner.scanJars At least one JAR was scanned for TLDs yet contained no TLDs. Enable debug logging for this logger for a complete list of JARs that were scanned but no TLDs were found in them. Skipping unneeded JARs during scanning can improve startup time and JSP compilation time.
03-Apr-2024 22:47:37.954 INFO [localhost-startStop-1] org.apache.catalina.startup.HostConfig.deployDirectory Deployment of web application directory [D:\JavaSQL\Java8\apache-tomcat-8.5.24\webapps\TD_E18] has finished in [47] ms
03-Apr-2024 22:47:37.954 INFO [localhost-startStop-1] org.apache.catalina.startup.HostConfig.deployDirectory Deploying web application directory [D:\JavaSQL\Java8\apache-tomcat-8.5.24\webapps\TD_E30]
03-Apr-2024 22:47:37.986 INFO [localhost-startStop-1] org.apache.jasper.servlet.TldScanner.scanJars At least one JAR was scanned for TLDs yet contained no TLDs. Enable debug logging for this logger for a complete list of JARs that were scanned but no TLDs were found in them. Skipping unneeded JARs during scanning can improve startup time and JSP compilation time.
03-Apr-2024 22:47:37.991 INFO [localhost-startStop-1] org.apache.catalina.startup.HostConfig.deployDirectory Deployment of web application directory [D:\JavaSQL\Java8\apache-tomcat-8.5.24\webapps\TD_E30] has finished in [37] ms
03-Apr-2024 22:47:37.991 INFO [localhost-startStop-1] org.apache.catalina.startup.HostConfig.deployDirectory Deploying web application directory [D:\JavaSQL\Java8\apache-tomcat-8.5.24\webapps\TD_E31]
03-Apr-2024 22:47:38.091 INFO [localhost-startStop-1] org.apache.jasper.servlet.TldScanner.scanJars At least one JAR was scanned for TLDs yet contained no TLDs. Enable debug logging for this logger for a complete list of JARs that were scanned but no TLDs were found in them. Skipping unneeded JARs during scanning can improve startup time and JSP compilation time.
03-Apr-2024 22:47:38.108 INFO [localhost-startStop-1] org.apache.catalina.startup.HostConfig.deployDirectory Deployment of web application directory [D:\JavaSQL\Java8\apache-tomcat-8.5.24\webapps\TD_E31] has finished in [117] ms
03-Apr-2024 22:47:38.108 INFO [main] org.apache.coyote.AbstractProtocol.start Starting ProtocolHandler ["http-nio-8082"]
03-Apr-2024 22:47:38.121 INFO [main] org.apache.coyote.AbstractProtocol.start Starting ProtocolHandler ["ajp-nio-8009"]
03-Apr-2024 22:47:38.125 INFO [main] org.apache.catalina.startup.Catalina.start Server startup in 1073 ms
03-Apr-2024 22:47:51.051 INFO [main] org.apache.catalina.core.StandardServer.await A valid shutdown command was received via the shutdown port. Stopping the Server instance.
03-Apr-2024 22:47:51.052 INFO [main] org.apache.coyote.AbstractProtocol.pause Pausing ProtocolHandler ["http-nio-8082"]
03-Apr-2024 22:47:51.539 INFO [main] org.apache.coyote.AbstractProtocol.pause Pausing ProtocolHandler ["ajp-nio-8009"]
03-Apr-2024 22:47:51.926 INFO [main] org.apache.catalina.core.StandardService.stopInternal Stopping service [Catalina]
03-Apr-2024 22:47:51.996 INFO [main] org.apache.coyote.AbstractProtocol.stop Stopping ProtocolHandler ["http-nio-8082"]
03-Apr-2024 22:47:52.008 INFO [main] org.apache.coyote.AbstractProtocol.stop Stopping ProtocolHandler ["ajp-nio-8009"]
03-Apr-2024 22:47:52.008 INFO [main] org.apache.coyote.AbstractProtocol.destroy Destroying ProtocolHandler ["http-nio-8082"]
03-Apr-2024 22:47:52.012 INFO [main] org.apache.coyote.AbstractProtocol.destroy Destroying ProtocolHandler ["ajp-nio-8009"]
03-Apr-2024 22:47:55.867 INFO [main] org.apache.catalina.startup.VersionLoggerListener.log Server version:        Apache Tomcat/8.5.24
03-Apr-2024 22:47:55.867 INFO [main] org.apache.catalina.startup.VersionLoggerListener.log Server built:          Nov 27 2017 13:05:30 UTC
03-Apr-2024 22:47:55.867 INFO [main] org.apache.catalina.startup.VersionLoggerListener.log Server number:         8.5.24.0
03-Apr-2024 22:47:55.867 INFO [main] org.apache.catalina.startup.VersionLoggerListener.log OS Name:               Windows 10
03-Apr-2024 22:47:55.867 INFO [main] org.apache.catalina.startup.VersionLoggerListener.log OS Version:            10.0
03-Apr-2024 22:47:55.867 INFO [main] org.apache.catalina.startup.VersionLoggerListener.log Architecture:          x86
03-Apr-2024 22:47:55.867 INFO [main] org.apache.catalina.startup.VersionLoggerListener.log Java Home:             D:\JavaSQL\Java8\jdk1.8.0_131\jre
03-Apr-2024 22:47:55.867 INFO [main] org.apache.catalina.startup.VersionLoggerListener.log JVM Version:           1.8.0_131-b11
03-Apr-2024 22:47:55.867 INFO [main] org.apache.catalina.startup.VersionLoggerListener.log JVM Vendor:            Oracle Corporation
03-Apr-2024 22:47:55.867 INFO [main] org.apache.catalina.startup.VersionLoggerListener.log CATALINA_BASE:         D:\JavaSQL\Java8\apache-tomcat-8.5.24
03-Apr-2024 22:47:55.867 INFO [main] org.apache.catalina.startup.VersionLoggerListener.log CATALINA_HOME:         D:\JavaSQL\Java8\apache-tomcat-8.5.24
03-Apr-2024 22:47:55.867 INFO [main] org.apache.catalina.startup.VersionLoggerListener.log Command line argument: -Djava.util.logging.config.file=D:\JavaSQL\Java8\apache-tomcat-8.5.24\conf\logging.properties
03-Apr-2024 22:47:55.867 INFO [main] org.apache.catalina.startup.VersionLoggerListener.log Command line argument: -Djava.util.logging.manager=org.apache.juli.ClassLoaderLogManager
03-Apr-2024 22:47:55.867 INFO [main] org.apache.catalina.startup.VersionLoggerListener.log Command line argument: -Djdk.tls.ephemeralDHKeySize=2048
03-Apr-2024 22:47:55.867 INFO [main] org.apache.catalina.startup.VersionLoggerListener.log Command line argument: -Djava.protocol.handler.pkgs=org.apache.catalina.webresources
03-Apr-2024 22:47:55.867 INFO [main] org.apache.catalina.startup.VersionLoggerListener.log Command line argument: -Dignore.endorsed.dirs=
03-Apr-2024 22:47:55.867 INFO [main] org.apache.catalina.startup.VersionLoggerListener.log Command line argument: -Dcatalina.base=D:\JavaSQL\Java8\apache-tomcat-8.5.24
03-Apr-2024 22:47:55.867 INFO [main] org.apache.catalina.startup.VersionLoggerListener.log Command line argument: -Dcatalina.home=D:\JavaSQL\Java8\apache-tomcat-8.5.24
03-Apr-2024 22:47:55.867 INFO [main] org.apache.catalina.startup.VersionLoggerListener.log Command line argument: -Djava.io.tmpdir=D:\JavaSQL\Java8\apache-tomcat-8.5.24\temp
03-Apr-2024 22:47:55.867 INFO [main] org.apache.catalina.core.AprLifecycleListener.lifecycleEvent The APR based Apache Tomcat Native library which allows optimal performance in production environments was not found on the java.library.path: [D:\JavaSQL\Java8\jdk1.8.0_131\bin;C:\WINDOWS\Sun\Java\bin;C:\WINDOWS\system32;C:\WINDOWS;D:\JavaSQL\Java8\jdk1.8.0_131\bin;D:\JavaSQL\Java8\jdk1.8.0_131\db\bin;D:\JavaSQL\Java8\squirrelsql-4.0.0-standard;D:\JavaSQL\Java8\apache-tomcat-8.5.24\bin;C:\WINDOWS\system32;C:\WINDOWS;C:\WINDOWS\System32\Wbem;C:\WINDOWS\System32\WindowsPowerShell\v1.0\;C:\WINDOWS\System32\OpenSSH\;C:\Program Files\dotnet\;C:\Users\Aldoa\Desktop\Infor\bin;C:\Users\Aldoa\AppData\Local\Microsoft\WindowsApps;;.]
03-Apr-2024 22:47:55.955 INFO [main] org.apache.coyote.AbstractProtocol.init Initializing ProtocolHandler ["http-nio-8082"]
03-Apr-2024 22:47:56.220 INFO [main] org.apache.tomcat.util.net.NioSelectorPool.getSharedSelector Using a shared selector for servlet write/read
03-Apr-2024 22:47:56.224 INFO [main] org.apache.coyote.AbstractProtocol.init Initializing ProtocolHandler ["ajp-nio-8009"]
03-Apr-2024 22:47:56.224 INFO [main] org.apache.tomcat.util.net.NioSelectorPool.getSharedSelector Using a shared selector for servlet write/read
03-Apr-2024 22:47:56.224 INFO [main] org.apache.catalina.startup.Catalina.load Initialization processed in 619 ms
03-Apr-2024 22:47:56.255 INFO [main] org.apache.catalina.core.StandardService.startInternal Starting service [Catalina]
03-Apr-2024 22:47:56.255 INFO [main] org.apache.catalina.core.StandardEngine.startInternal Starting Servlet Engine: Apache Tomcat/8.5.24
03-Apr-2024 22:47:56.255 INFO [localhost-startStop-1] org.apache.catalina.startup.HostConfig.deployDirectory Deploying web application directory [D:\JavaSQL\Java8\apache-tomcat-8.5.24\webapps\docs]
03-Apr-2024 22:47:56.501 INFO [localhost-startStop-1] org.apache.jasper.servlet.TldScanner.scanJars At least one JAR was scanned for TLDs yet contained no TLDs. Enable debug logging for this logger for a complete list of JARs that were scanned but no TLDs were found in them. Skipping unneeded JARs during scanning can improve startup time and JSP compilation time.
03-Apr-2024 22:47:56.549 INFO [localhost-startStop-1] org.apache.catalina.startup.HostConfig.deployDirectory Deployment of web application directory [D:\JavaSQL\Java8\apache-tomcat-8.5.24\webapps\docs] has finished in [294] ms
03-Apr-2024 22:47:56.549 INFO [localhost-startStop-1] org.apache.catalina.startup.HostConfig.deployDirectory Deploying web application directory [D:\JavaSQL\Java8\apache-tomcat-8.5.24\webapps\examples]
03-Apr-2024 22:47:56.736 INFO [localhost-startStop-1] org.apache.jasper.servlet.TldScanner.scanJars At least one JAR was scanned for TLDs yet contained no TLDs. Enable debug logging for this logger for a complete list of JARs that were scanned but no TLDs were found in them. Skipping unneeded JARs during scanning can improve startup time and JSP compilation time.
03-Apr-2024 22:47:56.768 INFO [localhost-startStop-1] org.apache.catalina.startup.HostConfig.deployDirectory Deployment of web application directory [D:\JavaSQL\Java8\apache-tomcat-8.5.24\webapps\examples] has finished in [219] ms
03-Apr-2024 22:47:56.768 INFO [localhost-startStop-1] org.apache.catalina.startup.HostConfig.deployDirectory Deploying web application directory [D:\JavaSQL\Java8\apache-tomcat-8.5.24\webapps\host-manager]
03-Apr-2024 22:47:56.801 INFO [localhost-startStop-1] org.apache.jasper.servlet.TldScanner.scanJars At least one JAR was scanned for TLDs yet contained no TLDs. Enable debug logging for this logger for a complete list of JARs that were scanned but no TLDs were found in them. Skipping unneeded JARs during scanning can improve startup time and JSP compilation time.
03-Apr-2024 22:47:56.808 INFO [localhost-startStop-1] org.apache.catalina.startup.HostConfig.deployDirectory Deployment of web application directory [D:\JavaSQL\Java8\apache-tomcat-8.5.24\webapps\host-manager] has finished in [40] ms
03-Apr-2024 22:47:56.808 INFO [localhost-startStop-1] org.apache.catalina.startup.HostConfig.deployDirectory Deploying web application directory [D:\JavaSQL\Java8\apache-tomcat-8.5.24\webapps\ROOT]
03-Apr-2024 22:47:56.823 INFO [localhost-startStop-1] org.apache.jasper.servlet.TldScanner.scanJars At least one JAR was scanned for TLDs yet contained no TLDs. Enable debug logging for this logger for a complete list of JARs that were scanned but no TLDs were found in them. Skipping unneeded JARs during scanning can improve startup time and JSP compilation time.
03-Apr-2024 22:47:56.827 INFO [localhost-startStop-1] org.apache.catalina.startup.HostConfig.deployDirectory Deployment of web application directory [D:\JavaSQL\Java8\apache-tomcat-8.5.24\webapps\ROOT] has finished in [19] ms
03-Apr-2024 22:47:56.827 INFO [localhost-startStop-1] org.apache.catalina.startup.HostConfig.deployDirectory Deploying web application directory [D:\JavaSQL\Java8\apache-tomcat-8.5.24\webapps\SQLServer]
03-Apr-2024 22:47:56.848 INFO [localhost-startStop-1] org.apache.jasper.servlet.TldScanner.scanJars At least one JAR was scanned for TLDs yet contained no TLDs. Enable debug logging for this logger for a complete list of JARs that were scanned but no TLDs were found in them. Skipping unneeded JARs during scanning can improve startup time and JSP compilation time.
03-Apr-2024 22:47:56.857 INFO [localhost-startStop-1] org.apache.catalina.startup.HostConfig.deployDirectory Deployment of web application directory [D:\JavaSQL\Java8\apache-tomcat-8.5.24\webapps\SQLServer] has finished in [30] ms
03-Apr-2024 22:47:56.857 INFO [localhost-startStop-1] org.apache.catalina.startup.HostConfig.deployDirectory Deploying web application directory [D:\JavaSQL\Java8\apache-tomcat-8.5.24\webapps\Servlet1]
03-Apr-2024 22:47:56.881 INFO [localhost-startStop-1] org.apache.jasper.servlet.TldScanner.scanJars At least one JAR was scanned for TLDs yet contained no TLDs. Enable debug logging for this logger for a complete list of JARs that were scanned but no TLDs were found in them. Skipping unneeded JARs during scanning can improve startup time and JSP compilation time.
03-Apr-2024 22:47:56.884 INFO [localhost-startStop-1] org.apache.catalina.startup.HostConfig.deployDirectory Deployment of web application directory [D:\JavaSQL\Java8\apache-tomcat-8.5.24\webapps\Servlet1] has finished in [27] ms
03-Apr-2024 22:47:56.884 INFO [localhost-startStop-1] org.apache.catalina.startup.HostConfig.deployDirectory Deploying web application directory [D:\JavaSQL\Java8\apache-tomcat-8.5.24\webapps\Servlet2]
03-Apr-2024 22:47:56.906 INFO [localhost-startStop-1] org.apache.jasper.servlet.TldScanner.scanJars At least one JAR was scanned for TLDs yet contained no TLDs. Enable debug logging for this logger for a complete list of JARs that were scanned but no TLDs were found in them. Skipping unneeded JARs during scanning can improve startup time and JSP compilation time.
03-Apr-2024 22:47:56.913 INFO [localhost-startStop-1] org.apache.catalina.startup.HostConfig.deployDirectory Deployment of web application directory [D:\JavaSQL\Java8\apache-tomcat-8.5.24\webapps\Servlet2] has finished in [29] ms
03-Apr-2024 22:47:56.913 INFO [localhost-startStop-1] org.apache.catalina.startup.HostConfig.deployDirectory Deploying web application directory [D:\JavaSQL\Java8\apache-tomcat-8.5.24\webapps\Servlet3]
03-Apr-2024 22:47:56.936 INFO [localhost-startStop-1] org.apache.jasper.servlet.TldScanner.scanJars At least one JAR was scanned for TLDs yet contained no TLDs. Enable debug logging for this logger for a complete list of JARs that were scanned but no TLDs were found in them. Skipping unneeded JARs during scanning can improve startup time and JSP compilation time.
03-Apr-2024 22:47:56.936 INFO [localhost-startStop-1] org.apache.catalina.startup.HostConfig.deployDirectory Deployment of web application directory [D:\JavaSQL\Java8\apache-tomcat-8.5.24\webapps\Servlet3] has finished in [23] ms
03-Apr-2024 22:47:56.936 INFO [localhost-startStop-1] org.apache.catalina.startup.HostConfig.deployDirectory Deploying web application directory [D:\JavaSQL\Java8\apache-tomcat-8.5.24\webapps\Servlet4]
03-Apr-2024 22:47:56.956 INFO [localhost-startStop-1] org.apache.jasper.servlet.TldScanner.scanJars At least one JAR was scanned for TLDs yet contained no TLDs. Enable debug logging for this logger for a complete list of JARs that were scanned but no TLDs were found in them. Skipping unneeded JARs during scanning can improve startup time and JSP compilation time.
03-Apr-2024 22:47:56.963 INFO [localhost-startStop-1] org.apache.catalina.startup.HostConfig.deployDirectory Deployment of web application directory [D:\JavaSQL\Java8\apache-tomcat-8.5.24\webapps\Servlet4] has finished in [27] ms
03-Apr-2024 22:47:56.963 INFO [localhost-startStop-1] org.apache.catalina.startup.HostConfig.deployDirectory Deploying web application directory [D:\JavaSQL\Java8\apache-tomcat-8.5.24\webapps\Pract8]
03-Apr-2024 22:47:56.990 INFO [localhost-startStop-1] org.apache.jasper.servlet.TldScanner.scanJars At least one JAR was scanned for TLDs yet contained no TLDs. Enable debug logging for this logger for a complete list of JARs that were scanned but no TLDs were found in them. Skipping unneeded JARs during scanning can improve startup time and JSP compilation time.
03-Apr-2024 22:47:56.993 INFO [localhost-startStop-1] org.apache.catalina.startup.HostConfig.deployDirectory Deployment of web application directory [D:\JavaSQL\Java8\apache-tomcat-8.5.24\webapps\Pract8] has finished in [30] ms
03-Apr-2024 22:47:56.993 INFO [localhost-startStop-1] org.apache.catalina.startup.HostConfig.deployDirectory Deploying web application directory [D:\JavaSQL\Java8\apache-tomcat-8.5.24\webapps\Entrega]
03-Apr-2024 22:47:57.021 INFO [localhost-startStop-1] org.apache.jasper.servlet.TldScanner.scanJars At least one JAR was scanned for TLDs yet contained no TLDs. Enable debug logging for this logger for a complete list of JARs that were scanned but no TLDs were found in them. Skipping unneeded JARs during scanning can improve startup time and JSP compilation time.
03-Apr-2024 22:47:57.026 INFO [localhost-startStop-1] org.apache.catalina.startup.HostConfig.deployDirectory Deployment of web application directory [D:\JavaSQL\Java8\apache-tomcat-8.5.24\webapps\Entrega] has finished in [33] ms
03-Apr-2024 22:47:57.026 INFO [localhost-startStop-1] org.apache.catalina.startup.HostConfig.deployDirectory Deploying web application directory [D:\JavaSQL\Java8\apache-tomcat-8.5.24\webapps\matrices8]
03-Apr-2024 22:47:57.042 INFO [localhost-startStop-1] org.apache.jasper.servlet.TldScanner.scanJars At least one JAR was scanned for TLDs yet contained no TLDs. Enable debug logging for this logger for a complete list of JARs that were scanned but no TLDs were found in them. Skipping unneeded JARs during scanning can improve startup time and JSP compilation time.
03-Apr-2024 22:47:57.042 INFO [localhost-startStop-1] org.apache.catalina.startup.HostConfig.deployDirectory Deployment of web application directory [D:\JavaSQL\Java8\apache-tomcat-8.5.24\webapps\matrices8] has finished in [16] ms
03-Apr-2024 22:47:57.042 INFO [localhost-startStop-1] org.apache.catalina.startup.HostConfig.deployDirectory Deploying web application directory [D:\JavaSQL\Java8\apache-tomcat-8.5.24\webapps\TD_E18]
03-Apr-2024 22:47:57.083 INFO [localhost-startStop-1] org.apache.jasper.servlet.TldScanner.scanJars At least one JAR was scanned for TLDs yet contained no TLDs. Enable debug logging for this logger for a complete list of JARs that were scanned but no TLDs were found in them. Skipping unneeded JARs during scanning can improve startup time and JSP compilation time.
03-Apr-2024 22:47:57.083 INFO [localhost-startStop-1] org.apache.catalina.startup.HostConfig.deployDirectory Deployment of web application directory [D:\JavaSQL\Java8\apache-tomcat-8.5.24\webapps\TD_E18] has finished in [41] ms
03-Apr-2024 22:47:57.083 INFO [localhost-startStop-1] org.apache.catalina.startup.HostConfig.deployDirectory Deploying web application directory [D:\JavaSQL\Java8\apache-tomcat-8.5.24\webapps\TD_E30]
03-Apr-2024 22:47:57.121 INFO [localhost-startStop-1] org.apache.jasper.servlet.TldScanner.scanJars At least one JAR was scanned for TLDs yet contained no TLDs. Enable debug logging for this logger for a complete list of JARs that were scanned but no TLDs were found in them. Skipping unneeded JARs during scanning can improve startup time and JSP compilation time.
03-Apr-2024 22:47:57.121 INFO [localhost-startStop-1] org.apache.catalina.startup.HostConfig.deployDirectory Deployment of web application directory [D:\JavaSQL\Java8\apache-tomcat-8.5.24\webapps\TD_E30] has finished in [38] ms
03-Apr-2024 22:47:57.121 INFO [localhost-startStop-1] org.apache.catalina.startup.HostConfig.deployDirectory Deploying web application directory [D:\JavaSQL\Java8\apache-tomcat-8.5.24\webapps\TD_E31]
03-Apr-2024 22:47:57.224 INFO [localhost-startStop-1] org.apache.jasper.servlet.TldScanner.scanJars At least one JAR was scanned for TLDs yet contained no TLDs. Enable debug logging for this logger for a complete list of JARs that were scanned but no TLDs were found in them. Skipping unneeded JARs during scanning can improve startup time and JSP compilation time.
03-Apr-2024 22:47:57.231 INFO [localhost-startStop-1] org.apache.catalina.startup.HostConfig.deployDirectory Deployment of web application directory [D:\JavaSQL\Java8\apache-tomcat-8.5.24\webapps\TD_E31] has finished in [110] ms
03-Apr-2024 22:47:57.231 INFO [main] org.apache.coyote.AbstractProtocol.start Starting ProtocolHandler ["http-nio-8082"]
03-Apr-2024 22:47:57.249 INFO [main] org.apache.coyote.AbstractProtocol.start Starting ProtocolHandler ["ajp-nio-8009"]
03-Apr-2024 22:47:57.249 INFO [main] org.apache.catalina.startup.Catalina.start Server startup in 1020 ms
03-Apr-2024 22:48:07.848 INFO [main] org.apache.catalina.core.StandardServer.await A valid shutdown command was received via the shutdown port. Stopping the Server instance.
03-Apr-2024 22:48:07.848 INFO [main] org.apache.coyote.AbstractProtocol.pause Pausing ProtocolHandler ["http-nio-8082"]
03-Apr-2024 22:48:08.310 INFO [main] org.apache.coyote.AbstractProtocol.pause Pausing ProtocolHandler ["ajp-nio-8009"]
03-Apr-2024 22:48:08.799 INFO [main] org.apache.catalina.core.StandardService.stopInternal Stopping service [Catalina]
03-Apr-2024 22:48:08.895 INFO [main] org.apache.coyote.AbstractProtocol.stop Stopping ProtocolHandler ["http-nio-8082"]
03-Apr-2024 22:48:08.895 INFO [main] org.apache.coyote.AbstractProtocol.stop Stopping ProtocolHandler ["ajp-nio-8009"]
03-Apr-2024 22:48:08.906 INFO [main] org.apache.coyote.AbstractProtocol.destroy Destroying ProtocolHandler ["http-nio-8082"]
03-Apr-2024 22:48:08.906 INFO [main] org.apache.coyote.AbstractProtocol.destroy Destroying ProtocolHandler ["ajp-nio-8009"]
03-Apr-2024 22:48:10.528 INFO [main] org.apache.catalina.startup.VersionLoggerListener.log Server version:        Apache Tomcat/8.5.24
03-Apr-2024 22:48:10.528 INFO [main] org.apache.catalina.startup.VersionLoggerListener.log Server built:          Nov 27 2017 13:05:30 UTC
03-Apr-2024 22:48:10.528 INFO [main] org.apache.catalina.startup.VersionLoggerListener.log Server number:         8.5.24.0
03-Apr-2024 22:48:10.528 INFO [main] org.apache.catalina.startup.VersionLoggerListener.log OS Name:               Windows 10
03-Apr-2024 22:48:10.528 INFO [main] org.apache.catalina.startup.VersionLoggerListener.log OS Version:            10.0
03-Apr-2024 22:48:10.528 INFO [main] org.apache.catalina.startup.VersionLoggerListener.log Architecture:          x86
03-Apr-2024 22:48:10.528 INFO [main] org.apache.catalina.startup.VersionLoggerListener.log Java Home:             D:\JavaSQL\Java8\jdk1.8.0_131\jre
03-Apr-2024 22:48:10.528 INFO [main] org.apache.catalina.startup.VersionLoggerListener.log JVM Version:           1.8.0_131-b11
03-Apr-2024 22:48:10.528 INFO [main] org.apache.catalina.startup.VersionLoggerListener.log JVM Vendor:            Oracle Corporation
03-Apr-2024 22:48:10.528 INFO [main] org.apache.catalina.startup.VersionLoggerListener.log CATALINA_BASE:         D:\JavaSQL\Java8\apache-tomcat-8.5.24
03-Apr-2024 22:48:10.528 INFO [main] org.apache.catalina.startup.VersionLoggerListener.log CATALINA_HOME:         D:\JavaSQL\Java8\apache-tomcat-8.5.24
03-Apr-2024 22:48:10.528 INFO [main] org.apache.catalina.startup.VersionLoggerListener.log Command line argument: -Djava.util.logging.config.file=D:\JavaSQL\Java8\apache-tomcat-8.5.24\conf\logging.properties
03-Apr-2024 22:48:10.528 INFO [main] org.apache.catalina.startup.VersionLoggerListener.log Command line argument: -Djava.util.logging.manager=org.apache.juli.ClassLoaderLogManager
03-Apr-2024 22:48:10.528 INFO [main] org.apache.catalina.startup.VersionLoggerListener.log Command line argument: -Djdk.tls.ephemeralDHKeySize=2048
03-Apr-2024 22:48:10.528 INFO [main] org.apache.catalina.startup.VersionLoggerListener.log Command line argument: -Djava.protocol.handler.pkgs=org.apache.catalina.webresources
03-Apr-2024 22:48:10.528 INFO [main] org.apache.catalina.startup.VersionLoggerListener.log Command line argument: -Dignore.endorsed.dirs=
03-Apr-2024 22:48:10.528 INFO [main] org.apache.catalina.startup.VersionLoggerListener.log Command line argument: -Dcatalina.base=D:\JavaSQL\Java8\apache-tomcat-8.5.24
03-Apr-2024 22:48:10.528 INFO [main] org.apache.catalina.startup.VersionLoggerListener.log Command line argument: -Dcatalina.home=D:\JavaSQL\Java8\apache-tomcat-8.5.24
03-Apr-2024 22:48:10.528 INFO [main] org.apache.catalina.startup.VersionLoggerListener.log Command line argument: -Djava.io.tmpdir=D:\JavaSQL\Java8\apache-tomcat-8.5.24\temp
03-Apr-2024 22:48:10.528 INFO [main] org.apache.catalina.core.AprLifecycleListener.lifecycleEvent The APR based Apache Tomcat Native library which allows optimal performance in production environments was not found on the java.library.path: [D:\JavaSQL\Java8\jdk1.8.0_131\bin;C:\WINDOWS\Sun\Java\bin;C:\WINDOWS\system32;C:\WINDOWS;D:\JavaSQL\Java8\jdk1.8.0_131\bin;D:\JavaSQL\Java8\jdk1.8.0_131\db\bin;D:\JavaSQL\Java8\squirrelsql-4.0.0-standard;D:\JavaSQL\Java8\apache-tomcat-8.5.24\bin;C:\WINDOWS\system32;C:\WINDOWS;C:\WINDOWS\System32\Wbem;C:\WINDOWS\System32\WindowsPowerShell\v1.0\;C:\WINDOWS\System32\OpenSSH\;C:\Program Files\dotnet\;C:\Users\Aldoa\Desktop\Infor\bin;C:\Users\Aldoa\AppData\Local\Microsoft\WindowsApps;;.]
03-Apr-2024 22:48:10.622 INFO [main] org.apache.coyote.AbstractProtocol.init Initializing ProtocolHandler ["http-nio-8082"]
03-Apr-2024 22:48:10.882 INFO [main] org.apache.tomcat.util.net.NioSelectorPool.getSharedSelector Using a shared selector for servlet write/read
03-Apr-2024 22:48:10.882 INFO [main] org.apache.coyote.AbstractProtocol.init Initializing ProtocolHandler ["ajp-nio-8009"]
03-Apr-2024 22:48:10.882 INFO [main] org.apache.tomcat.util.net.NioSelectorPool.getSharedSelector Using a shared selector for servlet write/read
03-Apr-2024 22:48:10.882 INFO [main] org.apache.catalina.startup.Catalina.load Initialization processed in 611 ms
03-Apr-2024 22:48:10.914 INFO [main] org.apache.catalina.core.StandardService.startInternal Starting service [Catalina]
03-Apr-2024 22:48:10.914 INFO [main] org.apache.catalina.core.StandardEngine.startInternal Starting Servlet Engine: Apache Tomcat/8.5.24
03-Apr-2024 22:48:10.935 INFO [localhost-startStop-1] org.apache.catalina.startup.HostConfig.deployDirectory Deploying web application directory [D:\JavaSQL\Java8\apache-tomcat-8.5.24\webapps\docs]
03-Apr-2024 22:48:11.145 INFO [localhost-startStop-1] org.apache.jasper.servlet.TldScanner.scanJars At least one JAR was scanned for TLDs yet contained no TLDs. Enable debug logging for this logger for a complete list of JARs that were scanned but no TLDs were found in them. Skipping unneeded JARs during scanning can improve startup time and JSP compilation time.
03-Apr-2024 22:48:11.207 INFO [localhost-startStop-1] org.apache.catalina.startup.HostConfig.deployDirectory Deployment of web application directory [D:\JavaSQL\Java8\apache-tomcat-8.5.24\webapps\docs] has finished in [272] ms
03-Apr-2024 22:48:11.210 INFO [localhost-startStop-1] org.apache.catalina.startup.HostConfig.deployDirectory Deploying web application directory [D:\JavaSQL\Java8\apache-tomcat-8.5.24\webapps\examples]
03-Apr-2024 22:48:11.406 INFO [localhost-startStop-1] org.apache.jasper.servlet.TldScanner.scanJars At least one JAR was scanned for TLDs yet contained no TLDs. Enable debug logging for this logger for a complete list of JARs that were scanned but no TLDs were found in them. Skipping unneeded JARs during scanning can improve startup time and JSP compilation time.
03-Apr-2024 22:48:11.440 INFO [localhost-startStop-1] org.apache.catalina.startup.HostConfig.deployDirectory Deployment of web application directory [D:\JavaSQL\Java8\apache-tomcat-8.5.24\webapps\examples] has finished in [230] ms
03-Apr-2024 22:48:11.440 INFO [localhost-startStop-1] org.apache.catalina.startup.HostConfig.deployDirectory Deploying web application directory [D:\JavaSQL\Java8\apache-tomcat-8.5.24\webapps\host-manager]
03-Apr-2024 22:48:11.473 INFO [localhost-startStop-1] org.apache.jasper.servlet.TldScanner.scanJars At least one JAR was scanned for TLDs yet contained no TLDs. Enable debug logging for this logger for a complete list of JARs that were scanned but no TLDs were found in them. Skipping unneeded JARs during scanning can improve startup time and JSP compilation time.
03-Apr-2024 22:48:11.473 INFO [localhost-startStop-1] org.apache.catalina.startup.HostConfig.deployDirectory Deployment of web application directory [D:\JavaSQL\Java8\apache-tomcat-8.5.24\webapps\host-manager] has finished in [33] ms
03-Apr-2024 22:48:11.473 INFO [localhost-startStop-1] org.apache.catalina.startup.HostConfig.deployDirectory Deploying web application directory [D:\JavaSQL\Java8\apache-tomcat-8.5.24\webapps\ROOT]
03-Apr-2024 22:48:11.489 INFO [localhost-startStop-1] org.apache.jasper.servlet.TldScanner.scanJars At least one JAR was scanned for TLDs yet contained no TLDs. Enable debug logging for this logger for a complete list of JARs that were scanned but no TLDs were found in them. Skipping unneeded JARs during scanning can improve startup time and JSP compilation time.
03-Apr-2024 22:48:11.502 INFO [localhost-startStop-1] org.apache.catalina.startup.HostConfig.deployDirectory Deployment of web application directory [D:\JavaSQL\Java8\apache-tomcat-8.5.24\webapps\ROOT] has finished in [29] ms
03-Apr-2024 22:48:11.502 INFO [localhost-startStop-1] org.apache.catalina.startup.HostConfig.deployDirectory Deploying web application directory [D:\JavaSQL\Java8\apache-tomcat-8.5.24\webapps\SQLServer]
03-Apr-2024 22:48:11.522 INFO [localhost-startStop-1] org.apache.jasper.servlet.TldScanner.scanJars At least one JAR was scanned for TLDs yet contained no TLDs. Enable debug logging for this logger for a complete list of JARs that were scanned but no TLDs were found in them. Skipping unneeded JARs during scanning can improve startup time and JSP compilation time.
03-Apr-2024 22:48:11.533 INFO [localhost-startStop-1] org.apache.catalina.startup.HostConfig.deployDirectory Deployment of web application directory [D:\JavaSQL\Java8\apache-tomcat-8.5.24\webapps\SQLServer] has finished in [31] ms
03-Apr-2024 22:48:11.533 INFO [localhost-startStop-1] org.apache.catalina.startup.HostConfig.deployDirectory Deploying web application directory [D:\JavaSQL\Java8\apache-tomcat-8.5.24\webapps\Servlet1]
03-Apr-2024 22:48:11.556 INFO [localhost-startStop-1] org.apache.jasper.servlet.TldScanner.scanJars At least one JAR was scanned for TLDs yet contained no TLDs. Enable debug logging for this logger for a complete list of JARs that were scanned but no TLDs were found in them. Skipping unneeded JARs during scanning can improve startup time and JSP compilation time.
03-Apr-2024 22:48:11.556 INFO [localhost-startStop-1] org.apache.catalina.startup.HostConfig.deployDirectory Deployment of web application directory [D:\JavaSQL\Java8\apache-tomcat-8.5.24\webapps\Servlet1] has finished in [23] ms
03-Apr-2024 22:48:11.556 INFO [localhost-startStop-1] org.apache.catalina.startup.HostConfig.deployDirectory Deploying web application directory [D:\JavaSQL\Java8\apache-tomcat-8.5.24\webapps\Servlet2]
03-Apr-2024 22:48:11.589 INFO [localhost-startStop-1] org.apache.jasper.servlet.TldScanner.scanJars At least one JAR was scanned for TLDs yet contained no TLDs. Enable debug logging for this logger for a complete list of JARs that were scanned but no TLDs were found in them. Skipping unneeded JARs during scanning can improve startup time and JSP compilation time.
03-Apr-2024 22:48:11.589 INFO [localhost-startStop-1] org.apache.catalina.startup.HostConfig.deployDirectory Deployment of web application directory [D:\JavaSQL\Java8\apache-tomcat-8.5.24\webapps\Servlet2] has finished in [33] ms
03-Apr-2024 22:48:11.589 INFO [localhost-startStop-1] org.apache.catalina.startup.HostConfig.deployDirectory Deploying web application directory [D:\JavaSQL\Java8\apache-tomcat-8.5.24\webapps\Servlet3]
03-Apr-2024 22:48:11.606 INFO [localhost-startStop-1] org.apache.jasper.servlet.TldScanner.scanJars At least one JAR was scanned for TLDs yet contained no TLDs. Enable debug logging for this logger for a complete list of JARs that were scanned but no TLDs were found in them. Skipping unneeded JARs during scanning can improve startup time and JSP compilation time.
03-Apr-2024 22:48:11.606 INFO [localhost-startStop-1] org.apache.catalina.startup.HostConfig.deployDirectory Deployment of web application directory [D:\JavaSQL\Java8\apache-tomcat-8.5.24\webapps\Servlet3] has finished in [17] ms
03-Apr-2024 22:48:11.606 INFO [localhost-startStop-1] org.apache.catalina.startup.HostConfig.deployDirectory Deploying web application directory [D:\JavaSQL\Java8\apache-tomcat-8.5.24\webapps\Servlet4]
03-Apr-2024 22:48:11.622 INFO [localhost-startStop-1] org.apache.jasper.servlet.TldScanner.scanJars At least one JAR was scanned for TLDs yet contained no TLDs. Enable debug logging for this logger for a complete list of JARs that were scanned but no TLDs were found in them. Skipping unneeded JARs during scanning can improve startup time and JSP compilation time.
03-Apr-2024 22:48:11.641 INFO [localhost-startStop-1] org.apache.catalina.startup.HostConfig.deployDirectory Deployment of web application directory [D:\JavaSQL\Java8\apache-tomcat-8.5.24\webapps\Servlet4] has finished in [35] ms
03-Apr-2024 22:48:11.641 INFO [localhost-startStop-1] org.apache.catalina.startup.HostConfig.deployDirectory Deploying web application directory [D:\JavaSQL\Java8\apache-tomcat-8.5.24\webapps\Pract8]
03-Apr-2024 22:48:11.658 INFO [localhost-startStop-1] org.apache.jasper.servlet.TldScanner.scanJars At least one JAR was scanned for TLDs yet contained no TLDs. Enable debug logging for this logger for a complete list of JARs that were scanned but no TLDs were found in them. Skipping unneeded JARs during scanning can improve startup time and JSP compilation time.
03-Apr-2024 22:48:11.668 INFO [localhost-startStop-1] org.apache.catalina.startup.HostConfig.deployDirectory Deployment of web application directory [D:\JavaSQL\Java8\apache-tomcat-8.5.24\webapps\Pract8] has finished in [27] ms
03-Apr-2024 22:48:11.668 INFO [localhost-startStop-1] org.apache.catalina.startup.HostConfig.deployDirectory Deploying web application directory [D:\JavaSQL\Java8\apache-tomcat-8.5.24\webapps\Entrega]
03-Apr-2024 22:48:11.700 INFO [localhost-startStop-1] org.apache.jasper.servlet.TldScanner.scanJars At least one JAR was scanned for TLDs yet contained no TLDs. Enable debug logging for this logger for a complete list of JARs that were scanned but no TLDs were found in them. Skipping unneeded JARs during scanning can improve startup time and JSP compilation time.
03-Apr-2024 22:48:11.700 INFO [localhost-startStop-1] org.apache.catalina.startup.HostConfig.deployDirectory Deployment of web application directory [D:\JavaSQL\Java8\apache-tomcat-8.5.24\webapps\Entrega] has finished in [32] ms
03-Apr-2024 22:48:11.700 INFO [localhost-startStop-1] org.apache.catalina.startup.HostConfig.deployDirectory Deploying web application directory [D:\JavaSQL\Java8\apache-tomcat-8.5.24\webapps\matrices8]
03-Apr-2024 22:48:11.722 INFO [localhost-startStop-1] org.apache.jasper.servlet.TldScanner.scanJars At least one JAR was scanned for TLDs yet contained no TLDs. Enable debug logging for this logger for a complete list of JARs that were scanned but no TLDs were found in them. Skipping unneeded JARs during scanning can improve startup time and JSP compilation time.
03-Apr-2024 22:48:11.722 INFO [localhost-startStop-1] org.apache.catalina.startup.HostConfig.deployDirectory Deployment of web application directory [D:\JavaSQL\Java8\apache-tomcat-8.5.24\webapps\matrices8] has finished in [22] ms
03-Apr-2024 22:48:11.722 INFO [localhost-startStop-1] org.apache.catalina.startup.HostConfig.deployDirectory Deploying web application directory [D:\JavaSQL\Java8\apache-tomcat-8.5.24\webapps\TD_E18]
03-Apr-2024 22:48:11.756 INFO [localhost-startStop-1] org.apache.jasper.servlet.TldScanner.scanJars At least one JAR was scanned for TLDs yet contained no TLDs. Enable debug logging for this logger for a complete list of JARs that were scanned but no TLDs were found in them. Skipping unneeded JARs during scanning can improve startup time and JSP compilation time.
03-Apr-2024 22:48:11.756 INFO [localhost-startStop-1] org.apache.catalina.startup.HostConfig.deployDirectory Deployment of web application directory [D:\JavaSQL\Java8\apache-tomcat-8.5.24\webapps\TD_E18] has finished in [34] ms
03-Apr-2024 22:48:11.764 INFO [localhost-startStop-1] org.apache.catalina.startup.HostConfig.deployDirectory Deploying web application directory [D:\JavaSQL\Java8\apache-tomcat-8.5.24\webapps\TD_E30]
03-Apr-2024 22:48:11.791 INFO [localhost-startStop-1] org.apache.jasper.servlet.TldScanner.scanJars At least one JAR was scanned for TLDs yet contained no TLDs. Enable debug logging for this logger for a complete list of JARs that were scanned but no TLDs were found in them. Skipping unneeded JARs during scanning can improve startup time and JSP compilation time.
03-Apr-2024 22:48:11.791 INFO [localhost-startStop-1] org.apache.catalina.startup.HostConfig.deployDirectory Deployment of web application directory [D:\JavaSQL\Java8\apache-tomcat-8.5.24\webapps\TD_E30] has finished in [27] ms
03-Apr-2024 22:48:11.791 INFO [localhost-startStop-1] org.apache.catalina.startup.HostConfig.deployDirectory Deploying web application directory [D:\JavaSQL\Java8\apache-tomcat-8.5.24\webapps\TD_E31]
03-Apr-2024 22:48:11.907 INFO [localhost-startStop-1] org.apache.jasper.servlet.TldScanner.scanJars At least one JAR was scanned for TLDs yet contained no TLDs. Enable debug logging for this logger for a complete list of JARs that were scanned but no TLDs were found in them. Skipping unneeded JARs during scanning can improve startup time and JSP compilation time.
03-Apr-2024 22:48:11.916 INFO [localhost-startStop-1] org.apache.catalina.startup.HostConfig.deployDirectory Deployment of web application directory [D:\JavaSQL\Java8\apache-tomcat-8.5.24\webapps\TD_E31] has finished in [125] ms
03-Apr-2024 22:48:11.916 INFO [main] org.apache.coyote.AbstractProtocol.start Starting ProtocolHandler ["http-nio-8082"]
03-Apr-2024 22:48:11.925 INFO [main] org.apache.coyote.AbstractProtocol.start Starting ProtocolHandler ["ajp-nio-8009"]
03-Apr-2024 22:48:11.933 INFO [main] org.apache.catalina.startup.Catalina.start Server startup in 1041 ms
03-Apr-2024 22:50:02.570 INFO [main] org.apache.catalina.core.StandardServer.await A valid shutdown command was received via the shutdown port. Stopping the Server instance.
03-Apr-2024 22:50:02.570 INFO [main] org.apache.coyote.AbstractProtocol.pause Pausing ProtocolHandler ["http-nio-8082"]
03-Apr-2024 22:50:02.979 INFO [main] org.apache.coyote.AbstractProtocol.pause Pausing ProtocolHandler ["ajp-nio-8009"]
03-Apr-2024 22:50:03.362 INFO [main] org.apache.catalina.core.StandardService.stopInternal Stopping service [Catalina]
03-Apr-2024 22:50:03.435 INFO [main] org.apache.coyote.AbstractProtocol.stop Stopping ProtocolHandler ["http-nio-8082"]
03-Apr-2024 22:50:03.435 INFO [main] org.apache.coyote.AbstractProtocol.stop Stopping ProtocolHandler ["ajp-nio-8009"]
03-Apr-2024 22:50:03.451 INFO [main] org.apache.coyote.AbstractProtocol.destroy Destroying ProtocolHandler ["http-nio-8082"]
03-Apr-2024 22:50:03.451 INFO [main] org.apache.coyote.AbstractProtocol.destroy Destroying ProtocolHandler ["ajp-nio-8009"]
03-Apr-2024 22:50:23.124 INFO [main] org.apache.catalina.startup.VersionLoggerListener.log Server version:        Apache Tomcat/8.5.24
03-Apr-2024 22:50:23.124 INFO [main] org.apache.catalina.startup.VersionLoggerListener.log Server built:          Nov 27 2017 13:05:30 UTC
03-Apr-2024 22:50:23.124 INFO [main] org.apache.catalina.startup.VersionLoggerListener.log Server number:         8.5.24.0
03-Apr-2024 22:50:23.124 INFO [main] org.apache.catalina.startup.VersionLoggerListener.log OS Name:               Windows 10
03-Apr-2024 22:50:23.124 INFO [main] org.apache.catalina.startup.VersionLoggerListener.log OS Version:            10.0
03-Apr-2024 22:50:23.124 INFO [main] org.apache.catalina.startup.VersionLoggerListener.log Architecture:          x86
03-Apr-2024 22:50:23.124 INFO [main] org.apache.catalina.startup.VersionLoggerListener.log Java Home:             D:\JavaSQL\Java8\jdk1.8.0_131\jre
03-Apr-2024 22:50:23.124 INFO [main] org.apache.catalina.startup.VersionLoggerListener.log JVM Version:           1.8.0_131-b11
03-Apr-2024 22:50:23.124 INFO [main] org.apache.catalina.startup.VersionLoggerListener.log JVM Vendor:            Oracle Corporation
03-Apr-2024 22:50:23.124 INFO [main] org.apache.catalina.startup.VersionLoggerListener.log CATALINA_BASE:         D:\JavaSQL\Java8\apache-tomcat-8.5.24
03-Apr-2024 22:50:23.140 INFO [main] org.apache.catalina.startup.VersionLoggerListener.log CATALINA_HOME:         D:\JavaSQL\Java8\apache-tomcat-8.5.24
03-Apr-2024 22:50:23.140 INFO [main] org.apache.catalina.startup.VersionLoggerListener.log Command line argument: -Djava.util.logging.config.file=D:\JavaSQL\Java8\apache-tomcat-8.5.24\conf\logging.properties
03-Apr-2024 22:50:23.140 INFO [main] org.apache.catalina.startup.VersionLoggerListener.log Command line argument: -Djava.util.logging.manager=org.apache.juli.ClassLoaderLogManager
03-Apr-2024 22:50:23.140 INFO [main] org.apache.catalina.startup.VersionLoggerListener.log Command line argument: -Djdk.tls.ephemeralDHKeySize=2048
03-Apr-2024 22:50:23.140 INFO [main] org.apache.catalina.startup.VersionLoggerListener.log Command line argument: -Djava.protocol.handler.pkgs=org.apache.catalina.webresources
03-Apr-2024 22:50:23.140 INFO [main] org.apache.catalina.startup.VersionLoggerListener.log Command line argument: -Dignore.endorsed.dirs=
03-Apr-2024 22:50:23.140 INFO [main] org.apache.catalina.startup.VersionLoggerListener.log Command line argument: -Dcatalina.base=D:\JavaSQL\Java8\apache-tomcat-8.5.24
03-Apr-2024 22:50:23.140 INFO [main] org.apache.catalina.startup.VersionLoggerListener.log Command line argument: -Dcatalina.home=D:\JavaSQL\Java8\apache-tomcat-8.5.24
03-Apr-2024 22:50:23.140 INFO [main] org.apache.catalina.startup.VersionLoggerListener.log Command line argument: -Djava.io.tmpdir=D:\JavaSQL\Java8\apache-tomcat-8.5.24\temp
03-Apr-2024 22:50:23.142 INFO [main] org.apache.catalina.core.AprLifecycleListener.lifecycleEvent The APR based Apache Tomcat Native library which allows optimal performance in production environments was not found on the java.library.path: [D:\JavaSQL\Java8\jdk1.8.0_131\bin;C:\WINDOWS\Sun\Java\bin;C:\WINDOWS\system32;C:\WINDOWS;D:\JavaSQL\Java8\jdk1.8.0_131\bin;D:\JavaSQL\Java8\jdk1.8.0_131\db\bin;D:\JavaSQL\Java8\squirrelsql-4.0.0-standard;D:\JavaSQL\Java8\apache-tomcat-8.5.24\bin;C:\WINDOWS\system32;C:\WINDOWS;C:\WINDOWS\System32\Wbem;C:\WINDOWS\System32\WindowsPowerShell\v1.0\;C:\WINDOWS\System32\OpenSSH\;C:\Program Files\dotnet\;C:\Users\Aldoa\Desktop\Infor\bin;C:\Users\Aldoa\AppData\Local\Microsoft\WindowsApps;;.]
03-Apr-2024 22:50:23.235 INFO [main] org.apache.coyote.AbstractProtocol.init Initializing ProtocolHandler ["http-nio-8082"]
03-Apr-2024 22:50:23.475 INFO [main] org.apache.tomcat.util.net.NioSelectorPool.getSharedSelector Using a shared selector for servlet write/read
03-Apr-2024 22:50:23.483 INFO [main] org.apache.coyote.AbstractProtocol.init Initializing ProtocolHandler ["ajp-nio-8009"]
03-Apr-2024 22:50:23.483 INFO [main] org.apache.tomcat.util.net.NioSelectorPool.getSharedSelector Using a shared selector for servlet write/read
03-Apr-2024 22:50:23.483 INFO [main] org.apache.catalina.startup.Catalina.load Initialization processed in 610 ms
03-Apr-2024 22:50:23.504 INFO [main] org.apache.catalina.core.StandardService.startInternal Starting service [Catalina]
03-Apr-2024 22:50:23.504 INFO [main] org.apache.catalina.core.StandardEngine.startInternal Starting Servlet Engine: Apache Tomcat/8.5.24
03-Apr-2024 22:50:23.515 INFO [localhost-startStop-1] org.apache.catalina.startup.HostConfig.deployDirectory Deploying web application directory [D:\JavaSQL\Java8\apache-tomcat-8.5.24\webapps\docs]
03-Apr-2024 22:50:23.754 INFO [localhost-startStop-1] org.apache.jasper.servlet.TldScanner.scanJars At least one JAR was scanned for TLDs yet contained no TLDs. Enable debug logging for this logger for a complete list of JARs that were scanned but no TLDs were found in them. Skipping unneeded JARs during scanning can improve startup time and JSP compilation time.
03-Apr-2024 22:50:23.802 INFO [localhost-startStop-1] org.apache.catalina.startup.HostConfig.deployDirectory Deployment of web application directory [D:\JavaSQL\Java8\apache-tomcat-8.5.24\webapps\docs] has finished in [287] ms
03-Apr-2024 22:50:23.802 INFO [localhost-startStop-1] org.apache.catalina.startup.HostConfig.deployDirectory Deploying web application directory [D:\JavaSQL\Java8\apache-tomcat-8.5.24\webapps\examples]
03-Apr-2024 22:50:23.990 INFO [localhost-startStop-1] org.apache.jasper.servlet.TldScanner.scanJars At least one JAR was scanned for TLDs yet contained no TLDs. Enable debug logging for this logger for a complete list of JARs that were scanned but no TLDs were found in them. Skipping unneeded JARs during scanning can improve startup time and JSP compilation time.
03-Apr-2024 22:50:24.047 INFO [localhost-startStop-1] org.apache.catalina.startup.HostConfig.deployDirectory Deployment of web application directory [D:\JavaSQL\Java8\apache-tomcat-8.5.24\webapps\examples] has finished in [245] ms
03-Apr-2024 22:50:24.047 INFO [localhost-startStop-1] org.apache.catalina.startup.HostConfig.deployDirectory Deploying web application directory [D:\JavaSQL\Java8\apache-tomcat-8.5.24\webapps\host-manager]
03-Apr-2024 22:50:24.072 INFO [localhost-startStop-1] org.apache.jasper.servlet.TldScanner.scanJars At least one JAR was scanned for TLDs yet contained no TLDs. Enable debug logging for this logger for a complete list of JARs that were scanned but no TLDs were found in them. Skipping unneeded JARs during scanning can improve startup time and JSP compilation time.
03-Apr-2024 22:50:24.081 INFO [localhost-startStop-1] org.apache.catalina.startup.HostConfig.deployDirectory Deployment of web application directory [D:\JavaSQL\Java8\apache-tomcat-8.5.24\webapps\host-manager] has finished in [34] ms
03-Apr-2024 22:50:24.081 INFO [localhost-startStop-1] org.apache.catalina.startup.HostConfig.deployDirectory Deploying web application directory [D:\JavaSQL\Java8\apache-tomcat-8.5.24\webapps\ROOT]
03-Apr-2024 22:50:24.098 INFO [localhost-startStop-1] org.apache.jasper.servlet.TldScanner.scanJars At least one JAR was scanned for TLDs yet contained no TLDs. Enable debug logging for this logger for a complete list of JARs that were scanned but no TLDs were found in them. Skipping unneeded JARs during scanning can improve startup time and JSP compilation time.
03-Apr-2024 22:50:24.105 INFO [localhost-startStop-1] org.apache.catalina.startup.HostConfig.deployDirectory Deployment of web application directory [D:\JavaSQL\Java8\apache-tomcat-8.5.24\webapps\ROOT] has finished in [24] ms
03-Apr-2024 22:50:24.105 INFO [localhost-startStop-1] org.apache.catalina.startup.HostConfig.deployDirectory Deploying web application directory [D:\JavaSQL\Java8\apache-tomcat-8.5.24\webapps\SQLServer]
03-Apr-2024 22:50:24.121 INFO [localhost-startStop-1] org.apache.jasper.servlet.TldScanner.scanJars At least one JAR was scanned for TLDs yet contained no TLDs. Enable debug logging for this logger for a complete list of JARs that were scanned but no TLDs were found in them. Skipping unneeded JARs during scanning can improve startup time and JSP compilation time.
03-Apr-2024 22:50:24.132 INFO [localhost-startStop-1] org.apache.catalina.startup.HostConfig.deployDirectory Deployment of web application directory [D:\JavaSQL\Java8\apache-tomcat-8.5.24\webapps\SQLServer] has finished in [27] ms
03-Apr-2024 22:50:24.132 INFO [localhost-startStop-1] org.apache.catalina.startup.HostConfig.deployDirectory Deploying web application directory [D:\JavaSQL\Java8\apache-tomcat-8.5.24\webapps\Servlet1]
03-Apr-2024 22:50:24.145 INFO [localhost-startStop-1] org.apache.jasper.servlet.TldScanner.scanJars At least one JAR was scanned for TLDs yet contained no TLDs. Enable debug logging for this logger for a complete list of JARs that were scanned but no TLDs were found in them. Skipping unneeded JARs during scanning can improve startup time and JSP compilation time.
03-Apr-2024 22:50:24.145 INFO [localhost-startStop-1] org.apache.catalina.startup.HostConfig.deployDirectory Deployment of web application directory [D:\JavaSQL\Java8\apache-tomcat-8.5.24\webapps\Servlet1] has finished in [13] ms
03-Apr-2024 22:50:24.145 INFO [localhost-startStop-1] org.apache.catalina.startup.HostConfig.deployDirectory Deploying web application directory [D:\JavaSQL\Java8\apache-tomcat-8.5.24\webapps\Servlet2]
03-Apr-2024 22:50:24.188 INFO [localhost-startStop-1] org.apache.jasper.servlet.TldScanner.scanJars At least one JAR was scanned for TLDs yet contained no TLDs. Enable debug logging for this logger for a complete list of JARs that were scanned but no TLDs were found in them. Skipping unneeded JARs during scanning can improve startup time and JSP compilation time.
03-Apr-2024 22:50:24.188 INFO [localhost-startStop-1] org.apache.catalina.startup.HostConfig.deployDirectory Deployment of web application directory [D:\JavaSQL\Java8\apache-tomcat-8.5.24\webapps\Servlet2] has finished in [43] ms
03-Apr-2024 22:50:24.188 INFO [localhost-startStop-1] org.apache.catalina.startup.HostConfig.deployDirectory Deploying web application directory [D:\JavaSQL\Java8\apache-tomcat-8.5.24\webapps\Servlet3]
03-Apr-2024 22:50:24.210 INFO [localhost-startStop-1] org.apache.jasper.servlet.TldScanner.scanJars At least one JAR was scanned for TLDs yet contained no TLDs. Enable debug logging for this logger for a complete list of JARs that were scanned but no TLDs were found in them. Skipping unneeded JARs during scanning can improve startup time and JSP compilation time.
03-Apr-2024 22:50:24.210 INFO [localhost-startStop-1] org.apache.catalina.startup.HostConfig.deployDirectory Deployment of web application directory [D:\JavaSQL\Java8\apache-tomcat-8.5.24\webapps\Servlet3] has finished in [22] ms
03-Apr-2024 22:50:24.210 INFO [localhost-startStop-1] org.apache.catalina.startup.HostConfig.deployDirectory Deploying web application directory [D:\JavaSQL\Java8\apache-tomcat-8.5.24\webapps\Servlet4]
03-Apr-2024 22:50:24.234 INFO [localhost-startStop-1] org.apache.jasper.servlet.TldScanner.scanJars At least one JAR was scanned for TLDs yet contained no TLDs. Enable debug logging for this logger for a complete list of JARs that were scanned but no TLDs were found in them. Skipping unneeded JARs during scanning can improve startup time and JSP compilation time.
03-Apr-2024 22:50:24.240 INFO [localhost-startStop-1] org.apache.catalina.startup.HostConfig.deployDirectory Deployment of web application directory [D:\JavaSQL\Java8\apache-tomcat-8.5.24\webapps\Servlet4] has finished in [30] ms
03-Apr-2024 22:50:24.241 INFO [localhost-startStop-1] org.apache.catalina.startup.HostConfig.deployDirectory Deploying web application directory [D:\JavaSQL\Java8\apache-tomcat-8.5.24\webapps\Pract8]
03-Apr-2024 22:50:24.260 INFO [localhost-startStop-1] org.apache.jasper.servlet.TldScanner.scanJars At least one JAR was scanned for TLDs yet contained no TLDs. Enable debug logging for this logger for a complete list of JARs that were scanned but no TLDs were found in them. Skipping unneeded JARs during scanning can improve startup time and JSP compilation time.
03-Apr-2024 22:50:24.267 INFO [localhost-startStop-1] org.apache.catalina.startup.HostConfig.deployDirectory Deployment of web application directory [D:\JavaSQL\Java8\apache-tomcat-8.5.24\webapps\Pract8] has finished in [26] ms
03-Apr-2024 22:50:24.268 INFO [localhost-startStop-1] org.apache.catalina.startup.HostConfig.deployDirectory Deploying web application directory [D:\JavaSQL\Java8\apache-tomcat-8.5.24\webapps\Entrega]
03-Apr-2024 22:50:24.300 INFO [localhost-startStop-1] org.apache.jasper.servlet.TldScanner.scanJars At least one JAR was scanned for TLDs yet contained no TLDs. Enable debug logging for this logger for a complete list of JARs that were scanned but no TLDs were found in them. Skipping unneeded JARs during scanning can improve startup time and JSP compilation time.
03-Apr-2024 22:50:24.303 INFO [localhost-startStop-1] org.apache.catalina.startup.HostConfig.deployDirectory Deployment of web application directory [D:\JavaSQL\Java8\apache-tomcat-8.5.24\webapps\Entrega] has finished in [35] ms
03-Apr-2024 22:50:24.303 INFO [localhost-startStop-1] org.apache.catalina.startup.HostConfig.deployDirectory Deploying web application directory [D:\JavaSQL\Java8\apache-tomcat-8.5.24\webapps\matrices8]
03-Apr-2024 22:50:24.324 INFO [localhost-startStop-1] org.apache.jasper.servlet.TldScanner.scanJars At least one JAR was scanned for TLDs yet contained no TLDs. Enable debug logging for this logger for a complete list of JARs that were scanned but no TLDs were found in them. Skipping unneeded JARs during scanning can improve startup time and JSP compilation time.
03-Apr-2024 22:50:24.324 INFO [localhost-startStop-1] org.apache.catalina.startup.HostConfig.deployDirectory Deployment of web application directory [D:\JavaSQL\Java8\apache-tomcat-8.5.24\webapps\matrices8] has finished in [21] ms
03-Apr-2024 22:50:24.324 INFO [localhost-startStop-1] org.apache.catalina.startup.HostConfig.deployDirectory Deploying web application directory [D:\JavaSQL\Java8\apache-tomcat-8.5.24\webapps\TD_E18]
03-Apr-2024 22:50:24.356 INFO [localhost-startStop-1] org.apache.jasper.servlet.TldScanner.scanJars At least one JAR was scanned for TLDs yet contained no TLDs. Enable debug logging for this logger for a complete list of JARs that were scanned but no TLDs were found in them. Skipping unneeded JARs during scanning can improve startup time and JSP compilation time.
03-Apr-2024 22:50:24.356 INFO [localhost-startStop-1] org.apache.catalina.startup.HostConfig.deployDirectory Deployment of web application directory [D:\JavaSQL\Java8\apache-tomcat-8.5.24\webapps\TD_E18] has finished in [32] ms
03-Apr-2024 22:50:24.356 INFO [localhost-startStop-1] org.apache.catalina.startup.HostConfig.deployDirectory Deploying web application directory [D:\JavaSQL\Java8\apache-tomcat-8.5.24\webapps\TD_E30]
03-Apr-2024 22:50:24.389 INFO [localhost-startStop-1] org.apache.jasper.servlet.TldScanner.scanJars At least one JAR was scanned for TLDs yet contained no TLDs. Enable debug logging for this logger for a complete list of JARs that were scanned but no TLDs were found in them. Skipping unneeded JARs during scanning can improve startup time and JSP compilation time.
03-Apr-2024 22:50:24.398 INFO [localhost-startStop-1] org.apache.catalina.startup.HostConfig.deployDirectory Deployment of web application directory [D:\JavaSQL\Java8\apache-tomcat-8.5.24\webapps\TD_E30] has finished in [42] ms
03-Apr-2024 22:50:24.398 INFO [localhost-startStop-1] org.apache.catalina.startup.HostConfig.deployDirectory Deploying web application directory [D:\JavaSQL\Java8\apache-tomcat-8.5.24\webapps\TD_E31]
03-Apr-2024 22:50:24.499 INFO [localhost-startStop-1] org.apache.jasper.servlet.TldScanner.scanJars At least one JAR was scanned for TLDs yet contained no TLDs. Enable debug logging for this logger for a complete list of JARs that were scanned but no TLDs were found in them. Skipping unneeded JARs during scanning can improve startup time and JSP compilation time.
03-Apr-2024 22:50:24.504 INFO [localhost-startStop-1] org.apache.catalina.startup.HostConfig.deployDirectory Deployment of web application directory [D:\JavaSQL\Java8\apache-tomcat-8.5.24\webapps\TD_E31] has finished in [106] ms
03-Apr-2024 22:50:24.510 INFO [main] org.apache.coyote.AbstractProtocol.start Starting ProtocolHandler ["http-nio-8082"]
03-Apr-2024 22:50:24.518 INFO [main] org.apache.coyote.AbstractProtocol.start Starting ProtocolHandler ["ajp-nio-8009"]
03-Apr-2024 22:50:24.518 INFO [main] org.apache.catalina.startup.Catalina.start Server startup in 1034 ms
03-Apr-2024 22:52:23.109 INFO [main] org.apache.catalina.core.StandardServer.await A valid shutdown command was received via the shutdown port. Stopping the Server instance.
03-Apr-2024 22:52:23.109 INFO [main] org.apache.coyote.AbstractProtocol.pause Pausing ProtocolHandler ["http-nio-8082"]
03-Apr-2024 22:52:23.535 INFO [main] org.apache.coyote.AbstractProtocol.pause Pausing ProtocolHandler ["ajp-nio-8009"]
03-Apr-2024 22:52:24.011 INFO [main] org.apache.catalina.core.StandardService.stopInternal Stopping service [Catalina]
03-Apr-2024 22:52:24.217 INFO [main] org.apache.coyote.AbstractProtocol.stop Stopping ProtocolHandler ["http-nio-8082"]
03-Apr-2024 22:52:24.217 INFO [main] org.apache.coyote.AbstractProtocol.stop Stopping ProtocolHandler ["ajp-nio-8009"]
03-Apr-2024 22:52:24.217 INFO [main] org.apache.coyote.AbstractProtocol.destroy Destroying ProtocolHandler ["http-nio-8082"]
03-Apr-2024 22:52:24.226 INFO [main] org.apache.coyote.AbstractProtocol.destroy Destroying ProtocolHandler ["ajp-nio-8009"]
03-Apr-2024 23:06:49.729 INFO [main] org.apache.catalina.startup.VersionLoggerListener.log Server version:        Apache Tomcat/8.5.24
03-Apr-2024 23:06:49.729 INFO [main] org.apache.catalina.startup.VersionLoggerListener.log Server built:          Nov 27 2017 13:05:30 UTC
03-Apr-2024 23:06:49.729 INFO [main] org.apache.catalina.startup.VersionLoggerListener.log Server number:         8.5.24.0
03-Apr-2024 23:06:49.729 INFO [main] org.apache.catalina.startup.VersionLoggerListener.log OS Name:               Windows 10
03-Apr-2024 23:06:49.729 INFO [main] org.apache.catalina.startup.VersionLoggerListener.log OS Version:            10.0
03-Apr-2024 23:06:49.729 INFO [main] org.apache.catalina.startup.VersionLoggerListener.log Architecture:          x86
03-Apr-2024 23:06:49.729 INFO [main] org.apache.catalina.startup.VersionLoggerListener.log Java Home:             D:\JavaSQL\Java8\jdk1.8.0_131\jre
03-Apr-2024 23:06:49.729 INFO [main] org.apache.catalina.startup.VersionLoggerListener.log JVM Version:           1.8.0_131-b11
03-Apr-2024 23:06:49.729 INFO [main] org.apache.catalina.startup.VersionLoggerListener.log JVM Vendor:            Oracle Corporation
03-Apr-2024 23:06:49.729 INFO [main] org.apache.catalina.startup.VersionLoggerListener.log CATALINA_BASE:         D:\JavaSQL\Java8\apache-tomcat-8.5.24
03-Apr-2024 23:06:49.729 INFO [main] org.apache.catalina.startup.VersionLoggerListener.log CATALINA_HOME:         D:\JavaSQL\Java8\apache-tomcat-8.5.24
03-Apr-2024 23:06:49.729 INFO [main] org.apache.catalina.startup.VersionLoggerListener.log Command line argument: -Djava.util.logging.config.file=D:\JavaSQL\Java8\apache-tomcat-8.5.24\conf\logging.properties
03-Apr-2024 23:06:49.729 INFO [main] org.apache.catalina.startup.VersionLoggerListener.log Command line argument: -Djava.util.logging.manager=org.apache.juli.ClassLoaderLogManager
03-Apr-2024 23:06:49.729 INFO [main] org.apache.catalina.startup.VersionLoggerListener.log Command line argument: -Djdk.tls.ephemeralDHKeySize=2048
03-Apr-2024 23:06:49.729 INFO [main] org.apache.catalina.startup.VersionLoggerListener.log Command line argument: -Djava.protocol.handler.pkgs=org.apache.catalina.webresources
03-Apr-2024 23:06:49.729 INFO [main] org.apache.catalina.startup.VersionLoggerListener.log Command line argument: -Dignore.endorsed.dirs=
03-Apr-2024 23:06:49.745 INFO [main] org.apache.catalina.startup.VersionLoggerListener.log Command line argument: -Dcatalina.base=D:\JavaSQL\Java8\apache-tomcat-8.5.24
03-Apr-2024 23:06:49.745 INFO [main] org.apache.catalina.startup.VersionLoggerListener.log Command line argument: -Dcatalina.home=D:\JavaSQL\Java8\apache-tomcat-8.5.24
03-Apr-2024 23:06:49.745 INFO [main] org.apache.catalina.startup.VersionLoggerListener.log Command line argument: -Djava.io.tmpdir=D:\JavaSQL\Java8\apache-tomcat-8.5.24\temp
03-Apr-2024 23:06:49.745 INFO [main] org.apache.catalina.core.AprLifecycleListener.lifecycleEvent The APR based Apache Tomcat Native library which allows optimal performance in production environments was not found on the java.library.path: [D:\JavaSQL\Java8\jdk1.8.0_131\bin;C:\WINDOWS\Sun\Java\bin;C:\WINDOWS\system32;C:\WINDOWS;D:\JavaSQL\Java8\jdk1.8.0_131\bin;D:\JavaSQL\Java8\jdk1.8.0_131\db\bin;D:\JavaSQL\Java8\squirrelsql-4.0.0-standard;D:\JavaSQL\Java8\apache-tomcat-8.5.24\bin;C:\WINDOWS\system32;C:\WINDOWS;C:\WINDOWS\System32\Wbem;C:\WINDOWS\System32\WindowsPowerShell\v1.0\;C:\WINDOWS\System32\OpenSSH\;C:\Program Files\dotnet\;C:\Users\Aldoa\Desktop\Infor\bin;C:\Users\Aldoa\AppData\Local\Microsoft\WindowsApps;;.]
03-Apr-2024 23:06:49.919 INFO [main] org.apache.coyote.AbstractProtocol.init Initializing ProtocolHandler ["http-nio-8082"]
03-Apr-2024 23:06:50.320 INFO [main] org.apache.tomcat.util.net.NioSelectorPool.getSharedSelector Using a shared selector for servlet write/read
03-Apr-2024 23:06:50.336 INFO [main] org.apache.coyote.AbstractProtocol.init Initializing ProtocolHandler ["ajp-nio-8009"]
03-Apr-2024 23:06:50.336 INFO [main] org.apache.tomcat.util.net.NioSelectorPool.getSharedSelector Using a shared selector for servlet write/read
03-Apr-2024 23:06:50.336 INFO [main] org.apache.catalina.startup.Catalina.load Initialization processed in 1085 ms
03-Apr-2024 23:06:50.390 INFO [main] org.apache.catalina.core.StandardService.startInternal Starting service [Catalina]
03-Apr-2024 23:06:50.390 INFO [main] org.apache.catalina.core.StandardEngine.startInternal Starting Servlet Engine: Apache Tomcat/8.5.24
03-Apr-2024 23:06:50.409 INFO [localhost-startStop-1] org.apache.catalina.startup.HostConfig.deployDirectory Deploying web application directory [D:\JavaSQL\Java8\apache-tomcat-8.5.24\webapps\docs]
03-Apr-2024 23:06:50.739 INFO [localhost-startStop-1] org.apache.jasper.servlet.TldScanner.scanJars At least one JAR was scanned for TLDs yet contained no TLDs. Enable debug logging for this logger for a complete list of JARs that were scanned but no TLDs were found in them. Skipping unneeded JARs during scanning can improve startup time and JSP compilation time.
03-Apr-2024 23:06:50.819 INFO [localhost-startStop-1] org.apache.catalina.startup.HostConfig.deployDirectory Deployment of web application directory [D:\JavaSQL\Java8\apache-tomcat-8.5.24\webapps\docs] has finished in [410] ms
03-Apr-2024 23:06:50.819 INFO [localhost-startStop-1] org.apache.catalina.startup.HostConfig.deployDirectory Deploying web application directory [D:\JavaSQL\Java8\apache-tomcat-8.5.24\webapps\examples]
03-Apr-2024 23:06:51.217 INFO [localhost-startStop-1] org.apache.jasper.servlet.TldScanner.scanJars At least one JAR was scanned for TLDs yet contained no TLDs. Enable debug logging for this logger for a complete list of JARs that were scanned but no TLDs were found in them. Skipping unneeded JARs during scanning can improve startup time and JSP compilation time.
03-Apr-2024 23:06:51.317 INFO [localhost-startStop-1] org.apache.catalina.startup.HostConfig.deployDirectory Deployment of web application directory [D:\JavaSQL\Java8\apache-tomcat-8.5.24\webapps\examples] has finished in [498] ms
03-Apr-2024 23:06:51.317 INFO [localhost-startStop-1] org.apache.catalina.startup.HostConfig.deployDirectory Deploying web application directory [D:\JavaSQL\Java8\apache-tomcat-8.5.24\webapps\host-manager]
03-Apr-2024 23:06:51.390 INFO [localhost-startStop-1] org.apache.jasper.servlet.TldScanner.scanJars At least one JAR was scanned for TLDs yet contained no TLDs. Enable debug logging for this logger for a complete list of JARs that were scanned but no TLDs were found in them. Skipping unneeded JARs during scanning can improve startup time and JSP compilation time.
03-Apr-2024 23:06:51.390 INFO [localhost-startStop-1] org.apache.catalina.startup.HostConfig.deployDirectory Deployment of web application directory [D:\JavaSQL\Java8\apache-tomcat-8.5.24\webapps\host-manager] has finished in [73] ms
03-Apr-2024 23:06:51.390 INFO [localhost-startStop-1] org.apache.catalina.startup.HostConfig.deployDirectory Deploying web application directory [D:\JavaSQL\Java8\apache-tomcat-8.5.24\webapps\ROOT]
03-Apr-2024 23:06:51.422 INFO [localhost-startStop-1] org.apache.jasper.servlet.TldScanner.scanJars At least one JAR was scanned for TLDs yet contained no TLDs. Enable debug logging for this logger for a complete list of JARs that were scanned but no TLDs were found in them. Skipping unneeded JARs during scanning can improve startup time and JSP compilation time.
03-Apr-2024 23:06:51.422 INFO [localhost-startStop-1] org.apache.catalina.startup.HostConfig.deployDirectory Deployment of web application directory [D:\JavaSQL\Java8\apache-tomcat-8.5.24\webapps\ROOT] has finished in [32] ms
03-Apr-2024 23:06:51.438 INFO [localhost-startStop-1] org.apache.catalina.startup.HostConfig.deployDirectory Deploying web application directory [D:\JavaSQL\Java8\apache-tomcat-8.5.24\webapps\SQLServer]
03-Apr-2024 23:06:51.502 INFO [localhost-startStop-1] org.apache.jasper.servlet.TldScanner.scanJars At least one JAR was scanned for TLDs yet contained no TLDs. Enable debug logging for this logger for a complete list of JARs that were scanned but no TLDs were found in them. Skipping unneeded JARs during scanning can improve startup time and JSP compilation time.
03-Apr-2024 23:06:51.504 INFO [localhost-startStop-1] org.apache.catalina.startup.HostConfig.deployDirectory Deployment of web application directory [D:\JavaSQL\Java8\apache-tomcat-8.5.24\webapps\SQLServer] has finished in [66] ms
03-Apr-2024 23:06:51.504 INFO [localhost-startStop-1] org.apache.catalina.startup.HostConfig.deployDirectory Deploying web application directory [D:\JavaSQL\Java8\apache-tomcat-8.5.24\webapps\Servlet1]
03-Apr-2024 23:06:51.551 INFO [localhost-startStop-1] org.apache.jasper.servlet.TldScanner.scanJars At least one JAR was scanned for TLDs yet contained no TLDs. Enable debug logging for this logger for a complete list of JARs that were scanned but no TLDs were found in them. Skipping unneeded JARs during scanning can improve startup time and JSP compilation time.
03-Apr-2024 23:06:51.551 INFO [localhost-startStop-1] org.apache.catalina.startup.HostConfig.deployDirectory Deployment of web application directory [D:\JavaSQL\Java8\apache-tomcat-8.5.24\webapps\Servlet1] has finished in [47] ms
03-Apr-2024 23:06:51.566 INFO [localhost-startStop-1] org.apache.catalina.startup.HostConfig.deployDirectory Deploying web application directory [D:\JavaSQL\Java8\apache-tomcat-8.5.24\webapps\Servlet2]
03-Apr-2024 23:06:51.629 INFO [localhost-startStop-1] org.apache.jasper.servlet.TldScanner.scanJars At least one JAR was scanned for TLDs yet contained no TLDs. Enable debug logging for this logger for a complete list of JARs that were scanned but no TLDs were found in them. Skipping unneeded JARs during scanning can improve startup time and JSP compilation time.
03-Apr-2024 23:06:51.632 INFO [localhost-startStop-1] org.apache.catalina.startup.HostConfig.deployDirectory Deployment of web application directory [D:\JavaSQL\Java8\apache-tomcat-8.5.24\webapps\Servlet2] has finished in [66] ms
03-Apr-2024 23:06:51.632 INFO [localhost-startStop-1] org.apache.catalina.startup.HostConfig.deployDirectory Deploying web application directory [D:\JavaSQL\Java8\apache-tomcat-8.5.24\webapps\Servlet3]
03-Apr-2024 23:06:51.677 INFO [localhost-startStop-1] org.apache.jasper.servlet.TldScanner.scanJars At least one JAR was scanned for TLDs yet contained no TLDs. Enable debug logging for this logger for a complete list of JARs that were scanned but no TLDs were found in them. Skipping unneeded JARs during scanning can improve startup time and JSP compilation time.
03-Apr-2024 23:06:51.677 INFO [localhost-startStop-1] org.apache.catalina.startup.HostConfig.deployDirectory Deployment of web application directory [D:\JavaSQL\Java8\apache-tomcat-8.5.24\webapps\Servlet3] has finished in [45] ms
03-Apr-2024 23:06:51.677 INFO [localhost-startStop-1] org.apache.catalina.startup.HostConfig.deployDirectory Deploying web application directory [D:\JavaSQL\Java8\apache-tomcat-8.5.24\webapps\Servlet4]
03-Apr-2024 23:06:51.726 INFO [localhost-startStop-1] org.apache.jasper.servlet.TldScanner.scanJars At least one JAR was scanned for TLDs yet contained no TLDs. Enable debug logging for this logger for a complete list of JARs that were scanned but no TLDs were found in them. Skipping unneeded JARs during scanning can improve startup time and JSP compilation time.
03-Apr-2024 23:06:51.732 INFO [localhost-startStop-1] org.apache.catalina.startup.HostConfig.deployDirectory Deployment of web application directory [D:\JavaSQL\Java8\apache-tomcat-8.5.24\webapps\Servlet4] has finished in [54] ms
03-Apr-2024 23:06:51.732 INFO [localhost-startStop-1] org.apache.catalina.startup.HostConfig.deployDirectory Deploying web application directory [D:\JavaSQL\Java8\apache-tomcat-8.5.24\webapps\Pract8]
03-Apr-2024 23:06:51.776 INFO [localhost-startStop-1] org.apache.jasper.servlet.TldScanner.scanJars At least one JAR was scanned for TLDs yet contained no TLDs. Enable debug logging for this logger for a complete list of JARs that were scanned but no TLDs were found in them. Skipping unneeded JARs during scanning can improve startup time and JSP compilation time.
03-Apr-2024 23:06:51.776 INFO [localhost-startStop-1] org.apache.catalina.startup.HostConfig.deployDirectory Deployment of web application directory [D:\JavaSQL\Java8\apache-tomcat-8.5.24\webapps\Pract8] has finished in [44] ms
03-Apr-2024 23:06:51.776 INFO [localhost-startStop-1] org.apache.catalina.startup.HostConfig.deployDirectory Deploying web application directory [D:\JavaSQL\Java8\apache-tomcat-8.5.24\webapps\Entrega]
03-Apr-2024 23:06:51.852 INFO [localhost-startStop-1] org.apache.jasper.servlet.TldScanner.scanJars At least one JAR was scanned for TLDs yet contained no TLDs. Enable debug logging for this logger for a complete list of JARs that were scanned but no TLDs were found in them. Skipping unneeded JARs during scanning can improve startup time and JSP compilation time.
03-Apr-2024 23:06:51.852 INFO [localhost-startStop-1] org.apache.catalina.startup.HostConfig.deployDirectory Deployment of web application directory [D:\JavaSQL\Java8\apache-tomcat-8.5.24\webapps\Entrega] has finished in [76] ms
03-Apr-2024 23:06:51.852 INFO [localhost-startStop-1] org.apache.catalina.startup.HostConfig.deployDirectory Deploying web application directory [D:\JavaSQL\Java8\apache-tomcat-8.5.24\webapps\matrices8]
03-Apr-2024 23:06:51.899 INFO [localhost-startStop-1] org.apache.jasper.servlet.TldScanner.scanJars At least one JAR was scanned for TLDs yet contained no TLDs. Enable debug logging for this logger for a complete list of JARs that were scanned but no TLDs were found in them. Skipping unneeded JARs during scanning can improve startup time and JSP compilation time.
03-Apr-2024 23:06:51.919 INFO [localhost-startStop-1] org.apache.catalina.startup.HostConfig.deployDirectory Deployment of web application directory [D:\JavaSQL\Java8\apache-tomcat-8.5.24\webapps\matrices8] has finished in [67] ms
03-Apr-2024 23:06:51.919 INFO [localhost-startStop-1] org.apache.catalina.startup.HostConfig.deployDirectory Deploying web application directory [D:\JavaSQL\Java8\apache-tomcat-8.5.24\webapps\TD_E18]
03-Apr-2024 23:06:51.979 INFO [localhost-startStop-1] org.apache.jasper.servlet.TldScanner.scanJars At least one JAR was scanned for TLDs yet contained no TLDs. Enable debug logging for this logger for a complete list of JARs that were scanned but no TLDs were found in them. Skipping unneeded JARs during scanning can improve startup time and JSP compilation time.
03-Apr-2024 23:06:51.986 INFO [localhost-startStop-1] org.apache.catalina.startup.HostConfig.deployDirectory Deployment of web application directory [D:\JavaSQL\Java8\apache-tomcat-8.5.24\webapps\TD_E18] has finished in [67] ms
03-Apr-2024 23:06:51.986 INFO [localhost-startStop-1] org.apache.catalina.startup.HostConfig.deployDirectory Deploying web application directory [D:\JavaSQL\Java8\apache-tomcat-8.5.24\webapps\TD_E30]
03-Apr-2024 23:06:52.042 INFO [localhost-startStop-1] org.apache.jasper.servlet.TldScanner.scanJars At least one JAR was scanned for TLDs yet contained no TLDs. Enable debug logging for this logger for a complete list of JARs that were scanned but no TLDs were found in them. Skipping unneeded JARs during scanning can improve startup time and JSP compilation time.
03-Apr-2024 23:06:52.042 INFO [localhost-startStop-1] org.apache.catalina.startup.HostConfig.deployDirectory Deployment of web application directory [D:\JavaSQL\Java8\apache-tomcat-8.5.24\webapps\TD_E30] has finished in [56] ms
03-Apr-2024 23:06:52.042 INFO [localhost-startStop-1] org.apache.catalina.startup.HostConfig.deployDirectory Deploying web application directory [D:\JavaSQL\Java8\apache-tomcat-8.5.24\webapps\TD_E31]
03-Apr-2024 23:06:52.233 INFO [localhost-startStop-1] org.apache.jasper.servlet.TldScanner.scanJars At least one JAR was scanned for TLDs yet contained no TLDs. Enable debug logging for this logger for a complete list of JARs that were scanned but no TLDs were found in them. Skipping unneeded JARs during scanning can improve startup time and JSP compilation time.
03-Apr-2024 23:06:52.249 INFO [localhost-startStop-1] org.apache.catalina.startup.HostConfig.deployDirectory Deployment of web application directory [D:\JavaSQL\Java8\apache-tomcat-8.5.24\webapps\TD_E31] has finished in [207] ms
03-Apr-2024 23:06:52.249 INFO [main] org.apache.coyote.AbstractProtocol.start Starting ProtocolHandler ["http-nio-8082"]
03-Apr-2024 23:06:52.268 INFO [main] org.apache.coyote.AbstractProtocol.start Starting ProtocolHandler ["ajp-nio-8009"]
03-Apr-2024 23:06:52.279 INFO [main] org.apache.catalina.startup.Catalina.start Server startup in 1933 ms
