10-Apr-2024 15:10:32.099 INFO [main] org.apache.catalina.startup.VersionLoggerListener.log Server version:        Apache Tomcat/8.5.24
10-Apr-2024 15:10:32.109 INFO [main] org.apache.catalina.startup.VersionLoggerListener.log Server built:          Nov 27 2017 13:05:30 UTC
10-Apr-2024 15:10:32.109 INFO [main] org.apache.catalina.startup.VersionLoggerListener.log Server number:         8.5.24.0
10-Apr-2024 15:10:32.109 INFO [main] org.apache.catalina.startup.VersionLoggerListener.log OS Name:               Windows 10
10-Apr-2024 15:10:32.109 INFO [main] org.apache.catalina.startup.VersionLoggerListener.log OS Version:            10.0
10-Apr-2024 15:10:32.109 INFO [main] org.apache.catalina.startup.VersionLoggerListener.log Architecture:          x86
10-Apr-2024 15:10:32.109 INFO [main] org.apache.catalina.startup.VersionLoggerListener.log Java Home:             D:\JavaSQL\Java8\jdk1.8.0_131\jre
10-Apr-2024 15:10:32.109 INFO [main] org.apache.catalina.startup.VersionLoggerListener.log JVM Version:           1.8.0_131-b11
10-Apr-2024 15:10:32.109 INFO [main] org.apache.catalina.startup.VersionLoggerListener.log JVM Vendor:            Oracle Corporation
10-Apr-2024 15:10:32.109 INFO [main] org.apache.catalina.startup.VersionLoggerListener.log CATALINA_BASE:         D:\JavaSQL\Java8\apache-tomcat-8.5.24
10-Apr-2024 15:10:32.109 INFO [main] org.apache.catalina.startup.VersionLoggerListener.log CATALINA_HOME:         D:\JavaSQL\Java8\apache-tomcat-8.5.24
10-Apr-2024 15:10:32.109 INFO [main] org.apache.catalina.startup.VersionLoggerListener.log Command line argument: -Djava.util.logging.config.file=D:\JavaSQL\Java8\apache-tomcat-8.5.24\conf\logging.properties
10-Apr-2024 15:10:32.109 INFO [main] org.apache.catalina.startup.VersionLoggerListener.log Command line argument: -Djava.util.logging.manager=org.apache.juli.ClassLoaderLogManager
10-Apr-2024 15:10:32.109 INFO [main] org.apache.catalina.startup.VersionLoggerListener.log Command line argument: -Djdk.tls.ephemeralDHKeySize=2048
10-Apr-2024 15:10:32.109 INFO [main] org.apache.catalina.startup.VersionLoggerListener.log Command line argument: -Djava.protocol.handler.pkgs=org.apache.catalina.webresources
10-Apr-2024 15:10:32.109 INFO [main] org.apache.catalina.startup.VersionLoggerListener.log Command line argument: -Dignore.endorsed.dirs=
10-Apr-2024 15:10:32.109 INFO [main] org.apache.catalina.startup.VersionLoggerListener.log Command line argument: -Dcatalina.base=D:\JavaSQL\Java8\apache-tomcat-8.5.24
10-Apr-2024 15:10:32.109 INFO [main] org.apache.catalina.startup.VersionLoggerListener.log Command line argument: -Dcatalina.home=D:\JavaSQL\Java8\apache-tomcat-8.5.24
10-Apr-2024 15:10:32.109 INFO [main] org.apache.catalina.startup.VersionLoggerListener.log Command line argument: -Djava.io.tmpdir=D:\JavaSQL\Java8\apache-tomcat-8.5.24\temp
10-Apr-2024 15:10:32.109 INFO [main] org.apache.catalina.core.AprLifecycleListener.lifecycleEvent The APR based Apache Tomcat Native library which allows optimal performance in production environments was not found on the java.library.path: [D:\JavaSQL\Java8\jdk1.8.0_131\bin;C:\WINDOWS\Sun\Java\bin;C:\WINDOWS\system32;C:\WINDOWS;D:\JavaSQL\Java8\jdk1.8.0_131\bin;D:\JavaSQL\Java8\jdk1.8.0_131\db\bin;D:\JavaSQL\Java8\squirrelsql-4.0.0-standard;D:\JavaSQL\Java8\apache-tomcat-8.5.24\bin;C:\Program Files\IBM\ILOG\CPLEX_Studio1210\opl\bin\x64_win64;C:\Program Files\IBM\ILOG\CPLEX_Studio1210\opl\oplide\;C:\Program Files\IBM\ILOG\CPLEX_Studio1210\cplex\bin\x64_win64;C:\Program Files\IBM\ILOG\CPLEX_Studio1210\cpoptimizer\bin\x64_win64;C:\Programs\gurobi1001\win64\bin;C:\Program Files (x86)\NVIDIA Corporation\PhysX\Common;C:\Program Files (x86)\VMware\VMware Player\bin\;C:\Program Files\Eclipse Foundation\jdk-16.0.2.7-hotspot\bin;C:\Program Files\Python38\Scripts\;C:\Program Files\Python38\;C:\WINDOWS\system32;C:\WINDOWS;C:\WINDOWS\System32\Wbem;C:\WINDOWS\System32\WindowsPowerShell\v1.0\;C:\WINDOWS\System32\OpenSSH\;C:\Program Files\dotnet\;C:\Program Files\Microsoft SQL Server\130\Tools\Binn\;C:\Program Files (x86)\dotnet\;C:\Program Files\MATLAB\R2023a\runtime\win64;C:\Program Files\MATLAB\R2023a\bin;C:\Program Files\MATLAB\R2019a\bin;C:\Program Files (x86)\National Instruments\Shared\LabVIEW CLI;C:\Program Files (x86)\IVI Foundation\IVI\bin;C:\Program Files\IVI Foundation\IVI\bin;C:\Program Files (x86)\IVI Foundation\VISA\WinNT\Bin\;C:\Program Files\IVI Foundation\VISA\Win64\Bin\;C:\Program Files (x86)\IVI Foundation\VISA\WinNT\Bin;C:\Program Files\Microsoft SQL Server\Client SDK\ODBC\110\Tools\Binn\;C:\Program Files (x86)\Microsoft SQL Server\120\Tools\Binn\;C:\Program Files\Microsoft SQL Server\120\Tools\Binn\;C:\Program Files\Microsoft SQL Server\120\DTS\Binn\;C:\Program Files (x86)\Windows Kits\8.1\Windows Performance Toolkit\;C:\Program Files\Git\cmd;C:\Program Files\PuTTY\;C:\Program Files\Microsoft VS Code\bin;C:\Program Files\MiKTeX\miktex\bin\x64\;C:\Users\aerrigochan\AppData\Local\Microsoft\WindowsApps;;.]
10-Apr-2024 15:10:32.954 INFO [main] org.apache.coyote.AbstractProtocol.init Initializing ProtocolHandler ["http-nio-8082"]
10-Apr-2024 15:10:38.406 INFO [main] org.apache.tomcat.util.net.NioSelectorPool.getSharedSelector Using a shared selector for servlet write/read
10-Apr-2024 15:10:38.426 INFO [main] org.apache.coyote.AbstractProtocol.init Initializing ProtocolHandler ["ajp-nio-8009"]
10-Apr-2024 15:10:38.426 INFO [main] org.apache.tomcat.util.net.NioSelectorPool.getSharedSelector Using a shared selector for servlet write/read
10-Apr-2024 15:10:38.426 INFO [main] org.apache.catalina.startup.Catalina.load Initialization processed in 8531 ms
10-Apr-2024 15:10:38.526 INFO [main] org.apache.catalina.core.StandardService.startInternal Starting service [Catalina]
10-Apr-2024 15:10:38.526 INFO [main] org.apache.catalina.core.StandardEngine.startInternal Starting Servlet Engine: Apache Tomcat/8.5.24
10-Apr-2024 15:10:38.581 INFO [localhost-startStop-1] org.apache.catalina.startup.HostConfig.deployDirectory Deploying web application directory [D:\JavaSQL\Java8\apache-tomcat-8.5.24\webapps\docs]
10-Apr-2024 15:10:39.589 INFO [localhost-startStop-1] org.apache.jasper.servlet.TldScanner.scanJars At least one JAR was scanned for TLDs yet contained no TLDs. Enable debug logging for this logger for a complete list of JARs that were scanned but no TLDs were found in them. Skipping unneeded JARs during scanning can improve startup time and JSP compilation time.
10-Apr-2024 15:10:39.745 INFO [localhost-startStop-1] org.apache.catalina.startup.HostConfig.deployDirectory Deployment of web application directory [D:\JavaSQL\Java8\apache-tomcat-8.5.24\webapps\docs] has finished in [1,164] ms
10-Apr-2024 15:10:39.745 INFO [localhost-startStop-1] org.apache.catalina.startup.HostConfig.deployDirectory Deploying web application directory [D:\JavaSQL\Java8\apache-tomcat-8.5.24\webapps\examples]
10-Apr-2024 15:10:41.453 INFO [localhost-startStop-1] org.apache.jasper.servlet.TldScanner.scanJars At least one JAR was scanned for TLDs yet contained no TLDs. Enable debug logging for this logger for a complete list of JARs that were scanned but no TLDs were found in them. Skipping unneeded JARs during scanning can improve startup time and JSP compilation time.
10-Apr-2024 15:10:41.493 INFO [localhost-startStop-1] org.apache.catalina.startup.HostConfig.deployDirectory Deployment of web application directory [D:\JavaSQL\Java8\apache-tomcat-8.5.24\webapps\examples] has finished in [1,748] ms
10-Apr-2024 15:10:41.493 INFO [localhost-startStop-1] org.apache.catalina.startup.HostConfig.deployDirectory Deploying web application directory [D:\JavaSQL\Java8\apache-tomcat-8.5.24\webapps\host-manager]
10-Apr-2024 15:10:41.543 INFO [localhost-startStop-1] org.apache.jasper.servlet.TldScanner.scanJars At least one JAR was scanned for TLDs yet contained no TLDs. Enable debug logging for this logger for a complete list of JARs that were scanned but no TLDs were found in them. Skipping unneeded JARs during scanning can improve startup time and JSP compilation time.
10-Apr-2024 15:10:41.553 INFO [localhost-startStop-1] org.apache.catalina.startup.HostConfig.deployDirectory Deployment of web application directory [D:\JavaSQL\Java8\apache-tomcat-8.5.24\webapps\host-manager] has finished in [60] ms
10-Apr-2024 15:10:41.553 INFO [localhost-startStop-1] org.apache.catalina.startup.HostConfig.deployDirectory Deploying web application directory [D:\JavaSQL\Java8\apache-tomcat-8.5.24\webapps\ROOT]
10-Apr-2024 15:10:41.593 INFO [localhost-startStop-1] org.apache.jasper.servlet.TldScanner.scanJars At least one JAR was scanned for TLDs yet contained no TLDs. Enable debug logging for this logger for a complete list of JARs that were scanned but no TLDs were found in them. Skipping unneeded JARs during scanning can improve startup time and JSP compilation time.
10-Apr-2024 15:10:41.593 INFO [localhost-startStop-1] org.apache.catalina.startup.HostConfig.deployDirectory Deployment of web application directory [D:\JavaSQL\Java8\apache-tomcat-8.5.24\webapps\ROOT] has finished in [40] ms
10-Apr-2024 15:10:41.593 INFO [localhost-startStop-1] org.apache.catalina.startup.HostConfig.deployDirectory Deploying web application directory [D:\JavaSQL\Java8\apache-tomcat-8.5.24\webapps\SQLServer]
10-Apr-2024 15:10:41.658 INFO [localhost-startStop-1] org.apache.jasper.servlet.TldScanner.scanJars At least one JAR was scanned for TLDs yet contained no TLDs. Enable debug logging for this logger for a complete list of JARs that were scanned but no TLDs were found in them. Skipping unneeded JARs during scanning can improve startup time and JSP compilation time.
10-Apr-2024 15:10:41.688 INFO [localhost-startStop-1] org.apache.catalina.startup.HostConfig.deployDirectory Deployment of web application directory [D:\JavaSQL\Java8\apache-tomcat-8.5.24\webapps\SQLServer] has finished in [95] ms
10-Apr-2024 15:10:41.688 INFO [localhost-startStop-1] org.apache.catalina.startup.HostConfig.deployDirectory Deploying web application directory [D:\JavaSQL\Java8\apache-tomcat-8.5.24\webapps\Servlet1]
10-Apr-2024 15:10:41.728 INFO [localhost-startStop-1] org.apache.jasper.servlet.TldScanner.scanJars At least one JAR was scanned for TLDs yet contained no TLDs. Enable debug logging for this logger for a complete list of JARs that were scanned but no TLDs were found in them. Skipping unneeded JARs during scanning can improve startup time and JSP compilation time.
10-Apr-2024 15:10:41.738 INFO [localhost-startStop-1] org.apache.catalina.startup.HostConfig.deployDirectory Deployment of web application directory [D:\JavaSQL\Java8\apache-tomcat-8.5.24\webapps\Servlet1] has finished in [50] ms
10-Apr-2024 15:10:41.738 INFO [localhost-startStop-1] org.apache.catalina.startup.HostConfig.deployDirectory Deploying web application directory [D:\JavaSQL\Java8\apache-tomcat-8.5.24\webapps\Servlet2]
10-Apr-2024 15:10:41.788 INFO [localhost-startStop-1] org.apache.jasper.servlet.TldScanner.scanJars At least one JAR was scanned for TLDs yet contained no TLDs. Enable debug logging for this logger for a complete list of JARs that were scanned but no TLDs were found in them. Skipping unneeded JARs during scanning can improve startup time and JSP compilation time.
10-Apr-2024 15:10:41.798 INFO [localhost-startStop-1] org.apache.catalina.startup.HostConfig.deployDirectory Deployment of web application directory [D:\JavaSQL\Java8\apache-tomcat-8.5.24\webapps\Servlet2] has finished in [60] ms
10-Apr-2024 15:10:41.798 INFO [localhost-startStop-1] org.apache.catalina.startup.HostConfig.deployDirectory Deploying web application directory [D:\JavaSQL\Java8\apache-tomcat-8.5.24\webapps\Servlet3]
10-Apr-2024 15:10:41.849 INFO [localhost-startStop-1] org.apache.jasper.servlet.TldScanner.scanJars At least one JAR was scanned for TLDs yet contained no TLDs. Enable debug logging for this logger for a complete list of JARs that were scanned but no TLDs were found in them. Skipping unneeded JARs during scanning can improve startup time and JSP compilation time.
10-Apr-2024 15:10:41.849 INFO [localhost-startStop-1] org.apache.catalina.startup.HostConfig.deployDirectory Deployment of web application directory [D:\JavaSQL\Java8\apache-tomcat-8.5.24\webapps\Servlet3] has finished in [51] ms
10-Apr-2024 15:10:41.849 INFO [localhost-startStop-1] org.apache.catalina.startup.HostConfig.deployDirectory Deploying web application directory [D:\JavaSQL\Java8\apache-tomcat-8.5.24\webapps\Servlet4]
10-Apr-2024 15:10:41.899 INFO [localhost-startStop-1] org.apache.jasper.servlet.TldScanner.scanJars At least one JAR was scanned for TLDs yet contained no TLDs. Enable debug logging for this logger for a complete list of JARs that were scanned but no TLDs were found in them. Skipping unneeded JARs during scanning can improve startup time and JSP compilation time.
10-Apr-2024 15:10:41.909 INFO [localhost-startStop-1] org.apache.catalina.startup.HostConfig.deployDirectory Deployment of web application directory [D:\JavaSQL\Java8\apache-tomcat-8.5.24\webapps\Servlet4] has finished in [60] ms
10-Apr-2024 15:10:41.909 INFO [localhost-startStop-1] org.apache.catalina.startup.HostConfig.deployDirectory Deploying web application directory [D:\JavaSQL\Java8\apache-tomcat-8.5.24\webapps\Pract8]
10-Apr-2024 15:10:41.959 INFO [localhost-startStop-1] org.apache.jasper.servlet.TldScanner.scanJars At least one JAR was scanned for TLDs yet contained no TLDs. Enable debug logging for this logger for a complete list of JARs that were scanned but no TLDs were found in them. Skipping unneeded JARs during scanning can improve startup time and JSP compilation time.
10-Apr-2024 15:10:41.969 INFO [localhost-startStop-1] org.apache.catalina.startup.HostConfig.deployDirectory Deployment of web application directory [D:\JavaSQL\Java8\apache-tomcat-8.5.24\webapps\Pract8] has finished in [60] ms
10-Apr-2024 15:10:41.969 INFO [localhost-startStop-1] org.apache.catalina.startup.HostConfig.deployDirectory Deploying web application directory [D:\JavaSQL\Java8\apache-tomcat-8.5.24\webapps\Entrega]
10-Apr-2024 15:10:41.999 INFO [localhost-startStop-1] org.apache.jasper.servlet.TldScanner.scanJars At least one JAR was scanned for TLDs yet contained no TLDs. Enable debug logging for this logger for a complete list of JARs that were scanned but no TLDs were found in them. Skipping unneeded JARs during scanning can improve startup time and JSP compilation time.
10-Apr-2024 15:10:42.009 INFO [localhost-startStop-1] org.apache.catalina.startup.HostConfig.deployDirectory Deployment of web application directory [D:\JavaSQL\Java8\apache-tomcat-8.5.24\webapps\Entrega] has finished in [40] ms
10-Apr-2024 15:10:42.009 INFO [localhost-startStop-1] org.apache.catalina.startup.HostConfig.deployDirectory Deploying web application directory [D:\JavaSQL\Java8\apache-tomcat-8.5.24\webapps\matrices8]
10-Apr-2024 15:10:42.089 INFO [localhost-startStop-1] org.apache.jasper.servlet.TldScanner.scanJars At least one JAR was scanned for TLDs yet contained no TLDs. Enable debug logging for this logger for a complete list of JARs that were scanned but no TLDs were found in them. Skipping unneeded JARs during scanning can improve startup time and JSP compilation time.
10-Apr-2024 15:10:42.099 INFO [localhost-startStop-1] org.apache.catalina.startup.HostConfig.deployDirectory Deployment of web application directory [D:\JavaSQL\Java8\apache-tomcat-8.5.24\webapps\matrices8] has finished in [90] ms
10-Apr-2024 15:10:42.099 INFO [localhost-startStop-1] org.apache.catalina.startup.HostConfig.deployDirectory Deploying web application directory [D:\JavaSQL\Java8\apache-tomcat-8.5.24\webapps\TD_E18]
10-Apr-2024 15:10:42.247 INFO [localhost-startStop-1] org.apache.jasper.servlet.TldScanner.scanJars At least one JAR was scanned for TLDs yet contained no TLDs. Enable debug logging for this logger for a complete list of JARs that were scanned but no TLDs were found in them. Skipping unneeded JARs during scanning can improve startup time and JSP compilation time.
10-Apr-2024 15:10:42.250 INFO [localhost-startStop-1] org.apache.catalina.startup.HostConfig.deployDirectory Deployment of web application directory [D:\JavaSQL\Java8\apache-tomcat-8.5.24\webapps\TD_E18] has finished in [151] ms
10-Apr-2024 15:10:42.250 INFO [localhost-startStop-1] org.apache.catalina.startup.HostConfig.deployDirectory Deploying web application directory [D:\JavaSQL\Java8\apache-tomcat-8.5.24\webapps\TD_E30]
10-Apr-2024 15:10:42.340 INFO [localhost-startStop-1] org.apache.jasper.servlet.TldScanner.scanJars At least one JAR was scanned for TLDs yet contained no TLDs. Enable debug logging for this logger for a complete list of JARs that were scanned but no TLDs were found in them. Skipping unneeded JARs during scanning can improve startup time and JSP compilation time.
10-Apr-2024 15:10:42.350 INFO [localhost-startStop-1] org.apache.catalina.startup.HostConfig.deployDirectory Deployment of web application directory [D:\JavaSQL\Java8\apache-tomcat-8.5.24\webapps\TD_E30] has finished in [100] ms
10-Apr-2024 15:10:42.350 INFO [localhost-startStop-1] org.apache.catalina.startup.HostConfig.deployDirectory Deploying web application directory [D:\JavaSQL\Java8\apache-tomcat-8.5.24\webapps\TB15]
10-Apr-2024 15:10:42.470 INFO [localhost-startStop-1] org.apache.jasper.servlet.TldScanner.scanJars At least one JAR was scanned for TLDs yet contained no TLDs. Enable debug logging for this logger for a complete list of JARs that were scanned but no TLDs were found in them. Skipping unneeded JARs during scanning can improve startup time and JSP compilation time.
10-Apr-2024 15:10:42.470 INFO [localhost-startStop-1] org.apache.catalina.startup.HostConfig.deployDirectory Deployment of web application directory [D:\JavaSQL\Java8\apache-tomcat-8.5.24\webapps\TB15] has finished in [120] ms
10-Apr-2024 15:10:42.470 INFO [localhost-startStop-1] org.apache.catalina.startup.HostConfig.deployDirectory Deploying web application directory [D:\JavaSQL\Java8\apache-tomcat-8.5.24\webapps\Test8]
10-Apr-2024 15:10:42.520 INFO [localhost-startStop-1] org.apache.jasper.servlet.TldScanner.scanJars At least one JAR was scanned for TLDs yet contained no TLDs. Enable debug logging for this logger for a complete list of JARs that were scanned but no TLDs were found in them. Skipping unneeded JARs during scanning can improve startup time and JSP compilation time.
10-Apr-2024 15:10:42.520 INFO [localhost-startStop-1] org.apache.catalina.startup.HostConfig.deployDirectory Deployment of web application directory [D:\JavaSQL\Java8\apache-tomcat-8.5.24\webapps\Test8] has finished in [50] ms
10-Apr-2024 15:10:42.531 INFO [main] org.apache.coyote.AbstractProtocol.start Starting ProtocolHandler ["http-nio-8082"]
10-Apr-2024 15:10:42.540 INFO [main] org.apache.coyote.AbstractProtocol.start Starting ProtocolHandler ["ajp-nio-8009"]
10-Apr-2024 15:10:42.540 INFO [main] org.apache.catalina.startup.Catalina.start Server startup in 4114 ms
10-Apr-2024 15:12:57.219 INFO [main] org.apache.catalina.core.StandardServer.await A valid shutdown command was received via the shutdown port. Stopping the Server instance.
10-Apr-2024 15:12:57.219 INFO [main] org.apache.coyote.AbstractProtocol.pause Pausing ProtocolHandler ["http-nio-8082"]
10-Apr-2024 15:12:57.442 INFO [main] org.apache.coyote.AbstractProtocol.pause Pausing ProtocolHandler ["ajp-nio-8009"]
10-Apr-2024 15:12:57.605 INFO [main] org.apache.catalina.core.StandardService.stopInternal Stopping service [Catalina]
10-Apr-2024 15:12:57.705 INFO [main] org.apache.coyote.AbstractProtocol.stop Stopping ProtocolHandler ["http-nio-8082"]
10-Apr-2024 15:12:57.715 INFO [main] org.apache.coyote.AbstractProtocol.stop Stopping ProtocolHandler ["ajp-nio-8009"]
10-Apr-2024 15:12:57.715 INFO [main] org.apache.coyote.AbstractProtocol.destroy Destroying ProtocolHandler ["http-nio-8082"]
10-Apr-2024 15:12:57.715 INFO [main] org.apache.coyote.AbstractProtocol.destroy Destroying ProtocolHandler ["ajp-nio-8009"]
10-Apr-2024 15:21:45.755 INFO [main] org.apache.catalina.startup.VersionLoggerListener.log Server version:        Apache Tomcat/8.5.24
10-Apr-2024 15:21:45.775 INFO [main] org.apache.catalina.startup.VersionLoggerListener.log Server built:          Nov 27 2017 13:05:30 UTC
10-Apr-2024 15:21:45.776 INFO [main] org.apache.catalina.startup.VersionLoggerListener.log Server number:         8.5.24.0
10-Apr-2024 15:21:45.776 INFO [main] org.apache.catalina.startup.VersionLoggerListener.log OS Name:               Windows 10
10-Apr-2024 15:21:45.776 INFO [main] org.apache.catalina.startup.VersionLoggerListener.log OS Version:            10.0
10-Apr-2024 15:21:45.777 INFO [main] org.apache.catalina.startup.VersionLoggerListener.log Architecture:          x86
10-Apr-2024 15:21:45.777 INFO [main] org.apache.catalina.startup.VersionLoggerListener.log Java Home:             D:\JavaSQL\Java8\jdk1.8.0_131\jre
10-Apr-2024 15:21:45.777 INFO [main] org.apache.catalina.startup.VersionLoggerListener.log JVM Version:           1.8.0_131-b11
10-Apr-2024 15:21:45.777 INFO [main] org.apache.catalina.startup.VersionLoggerListener.log JVM Vendor:            Oracle Corporation
10-Apr-2024 15:21:45.777 INFO [main] org.apache.catalina.startup.VersionLoggerListener.log CATALINA_BASE:         D:\JavaSQL\Java8\apache-tomcat-8.5.24
10-Apr-2024 15:21:45.777 INFO [main] org.apache.catalina.startup.VersionLoggerListener.log CATALINA_HOME:         D:\JavaSQL\Java8\apache-tomcat-8.5.24
10-Apr-2024 15:21:45.778 INFO [main] org.apache.catalina.startup.VersionLoggerListener.log Command line argument: -Djava.util.logging.config.file=D:\JavaSQL\Java8\apache-tomcat-8.5.24\conf\logging.properties
10-Apr-2024 15:21:45.778 INFO [main] org.apache.catalina.startup.VersionLoggerListener.log Command line argument: -Djava.util.logging.manager=org.apache.juli.ClassLoaderLogManager
10-Apr-2024 15:21:45.778 INFO [main] org.apache.catalina.startup.VersionLoggerListener.log Command line argument: -Djdk.tls.ephemeralDHKeySize=2048
10-Apr-2024 15:21:45.778 INFO [main] org.apache.catalina.startup.VersionLoggerListener.log Command line argument: -Djava.protocol.handler.pkgs=org.apache.catalina.webresources
10-Apr-2024 15:21:45.778 INFO [main] org.apache.catalina.startup.VersionLoggerListener.log Command line argument: -Dignore.endorsed.dirs=
10-Apr-2024 15:21:45.778 INFO [main] org.apache.catalina.startup.VersionLoggerListener.log Command line argument: -Dcatalina.base=D:\JavaSQL\Java8\apache-tomcat-8.5.24
10-Apr-2024 15:21:45.779 INFO [main] org.apache.catalina.startup.VersionLoggerListener.log Command line argument: -Dcatalina.home=D:\JavaSQL\Java8\apache-tomcat-8.5.24
10-Apr-2024 15:21:45.780 INFO [main] org.apache.catalina.startup.VersionLoggerListener.log Command line argument: -Djava.io.tmpdir=D:\JavaSQL\Java8\apache-tomcat-8.5.24\temp
10-Apr-2024 15:21:45.780 INFO [main] org.apache.catalina.core.AprLifecycleListener.lifecycleEvent The APR based Apache Tomcat Native library which allows optimal performance in production environments was not found on the java.library.path: [D:\JavaSQL\Java8\jdk1.8.0_131\bin;C:\WINDOWS\Sun\Java\bin;C:\WINDOWS\system32;C:\WINDOWS;D:\JavaSQL\Java8\jdk1.8.0_131\bin;D:\JavaSQL\Java8\jdk1.8.0_131\db\bin;D:\JavaSQL\Java8\squirrelsql-4.0.0-standard;D:\JavaSQL\Java8\apache-tomcat-8.5.24\bin;C:\Program Files\IBM\ILOG\CPLEX_Studio1210\opl\bin\x64_win64;C:\Program Files\IBM\ILOG\CPLEX_Studio1210\opl\oplide\;C:\Program Files\IBM\ILOG\CPLEX_Studio1210\cplex\bin\x64_win64;C:\Program Files\IBM\ILOG\CPLEX_Studio1210\cpoptimizer\bin\x64_win64;C:\Programs\gurobi1001\win64\bin;C:\Program Files (x86)\NVIDIA Corporation\PhysX\Common;C:\Program Files (x86)\VMware\VMware Player\bin\;C:\Program Files\Eclipse Foundation\jdk-16.0.2.7-hotspot\bin;C:\Program Files\Python38\Scripts\;C:\Program Files\Python38\;C:\WINDOWS\system32;C:\WINDOWS;C:\WINDOWS\System32\Wbem;C:\WINDOWS\System32\WindowsPowerShell\v1.0\;C:\WINDOWS\System32\OpenSSH\;C:\Program Files\dotnet\;C:\Program Files\Microsoft SQL Server\130\Tools\Binn\;C:\Program Files (x86)\dotnet\;C:\Program Files\MATLAB\R2023a\runtime\win64;C:\Program Files\MATLAB\R2023a\bin;C:\Program Files\MATLAB\R2019a\bin;C:\Program Files (x86)\National Instruments\Shared\LabVIEW CLI;C:\Program Files (x86)\IVI Foundation\IVI\bin;C:\Program Files\IVI Foundation\IVI\bin;C:\Program Files (x86)\IVI Foundation\VISA\WinNT\Bin\;C:\Program Files\IVI Foundation\VISA\Win64\Bin\;C:\Program Files (x86)\IVI Foundation\VISA\WinNT\Bin;C:\Program Files\Microsoft SQL Server\Client SDK\ODBC\110\Tools\Binn\;C:\Program Files (x86)\Microsoft SQL Server\120\Tools\Binn\;C:\Program Files\Microsoft SQL Server\120\Tools\Binn\;C:\Program Files\Microsoft SQL Server\120\DTS\Binn\;C:\Program Files (x86)\Windows Kits\8.1\Windows Performance Toolkit\;C:\Program Files\Git\cmd;C:\Program Files\PuTTY\;C:\Program Files\Microsoft VS Code\bin;C:\Program Files\MiKTeX\miktex\bin\x64\;C:\Users\aerrigochan\AppData\Local\Microsoft\WindowsApps;;.]
10-Apr-2024 15:21:46.418 INFO [main] org.apache.coyote.AbstractProtocol.init Initializing ProtocolHandler ["http-nio-8082"]
10-Apr-2024 15:21:51.790 INFO [main] org.apache.tomcat.util.net.NioSelectorPool.getSharedSelector Using a shared selector for servlet write/read
10-Apr-2024 15:21:51.806 INFO [main] org.apache.coyote.AbstractProtocol.init Initializing ProtocolHandler ["ajp-nio-8009"]
10-Apr-2024 15:21:51.808 INFO [main] org.apache.tomcat.util.net.NioSelectorPool.getSharedSelector Using a shared selector for servlet write/read
10-Apr-2024 15:21:51.809 INFO [main] org.apache.catalina.startup.Catalina.load Initialization processed in 7272 ms
10-Apr-2024 15:21:51.863 INFO [main] org.apache.catalina.core.StandardService.startInternal Starting service [Catalina]
10-Apr-2024 15:21:51.864 INFO [main] org.apache.catalina.core.StandardEngine.startInternal Starting Servlet Engine: Apache Tomcat/8.5.24
10-Apr-2024 15:21:51.895 INFO [localhost-startStop-1] org.apache.catalina.startup.HostConfig.deployDirectory Deploying web application directory [D:\JavaSQL\Java8\apache-tomcat-8.5.24\webapps\docs]
10-Apr-2024 15:21:52.524 INFO [localhost-startStop-1] org.apache.jasper.servlet.TldScanner.scanJars At least one JAR was scanned for TLDs yet contained no TLDs. Enable debug logging for this logger for a complete list of JARs that were scanned but no TLDs were found in them. Skipping unneeded JARs during scanning can improve startup time and JSP compilation time.
10-Apr-2024 15:21:52.607 INFO [localhost-startStop-1] org.apache.catalina.startup.HostConfig.deployDirectory Deployment of web application directory [D:\JavaSQL\Java8\apache-tomcat-8.5.24\webapps\docs] has finished in [712] ms
10-Apr-2024 15:21:52.607 INFO [localhost-startStop-1] org.apache.catalina.startup.HostConfig.deployDirectory Deploying web application directory [D:\JavaSQL\Java8\apache-tomcat-8.5.24\webapps\examples]
10-Apr-2024 15:21:53.682 INFO [localhost-startStop-1] org.apache.jasper.servlet.TldScanner.scanJars At least one JAR was scanned for TLDs yet contained no TLDs. Enable debug logging for this logger for a complete list of JARs that were scanned but no TLDs were found in them. Skipping unneeded JARs during scanning can improve startup time and JSP compilation time.
10-Apr-2024 15:21:53.718 INFO [localhost-startStop-1] org.apache.catalina.startup.HostConfig.deployDirectory Deployment of web application directory [D:\JavaSQL\Java8\apache-tomcat-8.5.24\webapps\examples] has finished in [1,111] ms
10-Apr-2024 15:21:53.718 INFO [localhost-startStop-1] org.apache.catalina.startup.HostConfig.deployDirectory Deploying web application directory [D:\JavaSQL\Java8\apache-tomcat-8.5.24\webapps\host-manager]
10-Apr-2024 15:21:53.780 INFO [localhost-startStop-1] org.apache.jasper.servlet.TldScanner.scanJars At least one JAR was scanned for TLDs yet contained no TLDs. Enable debug logging for this logger for a complete list of JARs that were scanned but no TLDs were found in them. Skipping unneeded JARs during scanning can improve startup time and JSP compilation time.
10-Apr-2024 15:21:53.785 INFO [localhost-startStop-1] org.apache.catalina.startup.HostConfig.deployDirectory Deployment of web application directory [D:\JavaSQL\Java8\apache-tomcat-8.5.24\webapps\host-manager] has finished in [67] ms
10-Apr-2024 15:21:53.786 INFO [localhost-startStop-1] org.apache.catalina.startup.HostConfig.deployDirectory Deploying web application directory [D:\JavaSQL\Java8\apache-tomcat-8.5.24\webapps\ROOT]
10-Apr-2024 15:21:53.801 INFO [localhost-startStop-1] org.apache.jasper.servlet.TldScanner.scanJars At least one JAR was scanned for TLDs yet contained no TLDs. Enable debug logging for this logger for a complete list of JARs that were scanned but no TLDs were found in them. Skipping unneeded JARs during scanning can improve startup time and JSP compilation time.
10-Apr-2024 15:21:53.808 INFO [localhost-startStop-1] org.apache.catalina.startup.HostConfig.deployDirectory Deployment of web application directory [D:\JavaSQL\Java8\apache-tomcat-8.5.24\webapps\ROOT] has finished in [23] ms
10-Apr-2024 15:21:53.808 INFO [localhost-startStop-1] org.apache.catalina.startup.HostConfig.deployDirectory Deploying web application directory [D:\JavaSQL\Java8\apache-tomcat-8.5.24\webapps\SQLServer]
10-Apr-2024 15:21:53.844 INFO [localhost-startStop-1] org.apache.jasper.servlet.TldScanner.scanJars At least one JAR was scanned for TLDs yet contained no TLDs. Enable debug logging for this logger for a complete list of JARs that were scanned but no TLDs were found in them. Skipping unneeded JARs during scanning can improve startup time and JSP compilation time.
10-Apr-2024 15:21:53.865 INFO [localhost-startStop-1] org.apache.catalina.startup.HostConfig.deployDirectory Deployment of web application directory [D:\JavaSQL\Java8\apache-tomcat-8.5.24\webapps\SQLServer] has finished in [57] ms
10-Apr-2024 15:21:53.866 INFO [localhost-startStop-1] org.apache.catalina.startup.HostConfig.deployDirectory Deploying web application directory [D:\JavaSQL\Java8\apache-tomcat-8.5.24\webapps\Servlet1]
10-Apr-2024 15:21:53.896 INFO [localhost-startStop-1] org.apache.jasper.servlet.TldScanner.scanJars At least one JAR was scanned for TLDs yet contained no TLDs. Enable debug logging for this logger for a complete list of JARs that were scanned but no TLDs were found in them. Skipping unneeded JARs during scanning can improve startup time and JSP compilation time.
10-Apr-2024 15:21:53.896 INFO [localhost-startStop-1] org.apache.catalina.startup.HostConfig.deployDirectory Deployment of web application directory [D:\JavaSQL\Java8\apache-tomcat-8.5.24\webapps\Servlet1] has finished in [30] ms
10-Apr-2024 15:21:53.896 INFO [localhost-startStop-1] org.apache.catalina.startup.HostConfig.deployDirectory Deploying web application directory [D:\JavaSQL\Java8\apache-tomcat-8.5.24\webapps\Servlet2]
10-Apr-2024 15:21:53.936 INFO [localhost-startStop-1] org.apache.jasper.servlet.TldScanner.scanJars At least one JAR was scanned for TLDs yet contained no TLDs. Enable debug logging for this logger for a complete list of JARs that were scanned but no TLDs were found in them. Skipping unneeded JARs during scanning can improve startup time and JSP compilation time.
10-Apr-2024 15:21:53.938 INFO [localhost-startStop-1] org.apache.catalina.startup.HostConfig.deployDirectory Deployment of web application directory [D:\JavaSQL\Java8\apache-tomcat-8.5.24\webapps\Servlet2] has finished in [42] ms
10-Apr-2024 15:21:53.938 INFO [localhost-startStop-1] org.apache.catalina.startup.HostConfig.deployDirectory Deploying web application directory [D:\JavaSQL\Java8\apache-tomcat-8.5.24\webapps\Servlet3]
10-Apr-2024 15:21:53.980 INFO [localhost-startStop-1] org.apache.jasper.servlet.TldScanner.scanJars At least one JAR was scanned for TLDs yet contained no TLDs. Enable debug logging for this logger for a complete list of JARs that were scanned but no TLDs were found in them. Skipping unneeded JARs during scanning can improve startup time and JSP compilation time.
10-Apr-2024 15:21:53.982 INFO [localhost-startStop-1] org.apache.catalina.startup.HostConfig.deployDirectory Deployment of web application directory [D:\JavaSQL\Java8\apache-tomcat-8.5.24\webapps\Servlet3] has finished in [44] ms
10-Apr-2024 15:21:53.983 INFO [localhost-startStop-1] org.apache.catalina.startup.HostConfig.deployDirectory Deploying web application directory [D:\JavaSQL\Java8\apache-tomcat-8.5.24\webapps\Servlet4]
10-Apr-2024 15:21:54.009 INFO [localhost-startStop-1] org.apache.jasper.servlet.TldScanner.scanJars At least one JAR was scanned for TLDs yet contained no TLDs. Enable debug logging for this logger for a complete list of JARs that were scanned but no TLDs were found in them. Skipping unneeded JARs during scanning can improve startup time and JSP compilation time.
10-Apr-2024 15:21:54.019 INFO [localhost-startStop-1] org.apache.catalina.startup.HostConfig.deployDirectory Deployment of web application directory [D:\JavaSQL\Java8\apache-tomcat-8.5.24\webapps\Servlet4] has finished in [26] ms
10-Apr-2024 15:21:54.019 INFO [localhost-startStop-1] org.apache.catalina.startup.HostConfig.deployDirectory Deploying web application directory [D:\JavaSQL\Java8\apache-tomcat-8.5.24\webapps\Pract8]
10-Apr-2024 15:21:54.054 INFO [localhost-startStop-1] org.apache.jasper.servlet.TldScanner.scanJars At least one JAR was scanned for TLDs yet contained no TLDs. Enable debug logging for this logger for a complete list of JARs that were scanned but no TLDs were found in them. Skipping unneeded JARs during scanning can improve startup time and JSP compilation time.
10-Apr-2024 15:21:54.058 INFO [localhost-startStop-1] org.apache.catalina.startup.HostConfig.deployDirectory Deployment of web application directory [D:\JavaSQL\Java8\apache-tomcat-8.5.24\webapps\Pract8] has finished in [39] ms
10-Apr-2024 15:21:54.058 INFO [localhost-startStop-1] org.apache.catalina.startup.HostConfig.deployDirectory Deploying web application directory [D:\JavaSQL\Java8\apache-tomcat-8.5.24\webapps\Entrega]
10-Apr-2024 15:21:54.098 INFO [localhost-startStop-1] org.apache.jasper.servlet.TldScanner.scanJars At least one JAR was scanned for TLDs yet contained no TLDs. Enable debug logging for this logger for a complete list of JARs that were scanned but no TLDs were found in them. Skipping unneeded JARs during scanning can improve startup time and JSP compilation time.
10-Apr-2024 15:21:54.100 INFO [localhost-startStop-1] org.apache.catalina.startup.HostConfig.deployDirectory Deployment of web application directory [D:\JavaSQL\Java8\apache-tomcat-8.5.24\webapps\Entrega] has finished in [42] ms
10-Apr-2024 15:21:54.100 INFO [localhost-startStop-1] org.apache.catalina.startup.HostConfig.deployDirectory Deploying web application directory [D:\JavaSQL\Java8\apache-tomcat-8.5.24\webapps\matrices8]
10-Apr-2024 15:21:54.175 INFO [localhost-startStop-1] org.apache.jasper.servlet.TldScanner.scanJars At least one JAR was scanned for TLDs yet contained no TLDs. Enable debug logging for this logger for a complete list of JARs that were scanned but no TLDs were found in them. Skipping unneeded JARs during scanning can improve startup time and JSP compilation time.
10-Apr-2024 15:21:54.175 INFO [localhost-startStop-1] org.apache.catalina.startup.HostConfig.deployDirectory Deployment of web application directory [D:\JavaSQL\Java8\apache-tomcat-8.5.24\webapps\matrices8] has finished in [75] ms
10-Apr-2024 15:21:54.175 INFO [localhost-startStop-1] org.apache.catalina.startup.HostConfig.deployDirectory Deploying web application directory [D:\JavaSQL\Java8\apache-tomcat-8.5.24\webapps\TD_E18]
10-Apr-2024 15:21:54.242 INFO [localhost-startStop-1] org.apache.jasper.servlet.TldScanner.scanJars At least one JAR was scanned for TLDs yet contained no TLDs. Enable debug logging for this logger for a complete list of JARs that were scanned but no TLDs were found in them. Skipping unneeded JARs during scanning can improve startup time and JSP compilation time.
10-Apr-2024 15:21:54.242 INFO [localhost-startStop-1] org.apache.catalina.startup.HostConfig.deployDirectory Deployment of web application directory [D:\JavaSQL\Java8\apache-tomcat-8.5.24\webapps\TD_E18] has finished in [67] ms
10-Apr-2024 15:21:54.242 INFO [localhost-startStop-1] org.apache.catalina.startup.HostConfig.deployDirectory Deploying web application directory [D:\JavaSQL\Java8\apache-tomcat-8.5.24\webapps\TD_E30]
10-Apr-2024 15:21:54.309 INFO [localhost-startStop-1] org.apache.jasper.servlet.TldScanner.scanJars At least one JAR was scanned for TLDs yet contained no TLDs. Enable debug logging for this logger for a complete list of JARs that were scanned but no TLDs were found in them. Skipping unneeded JARs during scanning can improve startup time and JSP compilation time.
10-Apr-2024 15:21:54.309 INFO [localhost-startStop-1] org.apache.catalina.startup.HostConfig.deployDirectory Deployment of web application directory [D:\JavaSQL\Java8\apache-tomcat-8.5.24\webapps\TD_E30] has finished in [67] ms
10-Apr-2024 15:21:54.309 INFO [localhost-startStop-1] org.apache.catalina.startup.HostConfig.deployDirectory Deploying web application directory [D:\JavaSQL\Java8\apache-tomcat-8.5.24\webapps\TB15]
10-Apr-2024 15:21:54.375 INFO [localhost-startStop-1] org.apache.jasper.servlet.TldScanner.scanJars At least one JAR was scanned for TLDs yet contained no TLDs. Enable debug logging for this logger for a complete list of JARs that were scanned but no TLDs were found in them. Skipping unneeded JARs during scanning can improve startup time and JSP compilation time.
10-Apr-2024 15:21:54.375 INFO [localhost-startStop-1] org.apache.catalina.startup.HostConfig.deployDirectory Deployment of web application directory [D:\JavaSQL\Java8\apache-tomcat-8.5.24\webapps\TB15] has finished in [66] ms
10-Apr-2024 15:21:54.375 INFO [localhost-startStop-1] org.apache.catalina.startup.HostConfig.deployDirectory Deploying web application directory [D:\JavaSQL\Java8\apache-tomcat-8.5.24\webapps\Test8]
10-Apr-2024 15:21:54.418 INFO [localhost-startStop-1] org.apache.jasper.servlet.TldScanner.scanJars At least one JAR was scanned for TLDs yet contained no TLDs. Enable debug logging for this logger for a complete list of JARs that were scanned but no TLDs were found in them. Skipping unneeded JARs during scanning can improve startup time and JSP compilation time.
10-Apr-2024 15:21:54.425 INFO [localhost-startStop-1] org.apache.catalina.startup.HostConfig.deployDirectory Deployment of web application directory [D:\JavaSQL\Java8\apache-tomcat-8.5.24\webapps\Test8] has finished in [50] ms
10-Apr-2024 15:21:54.425 INFO [main] org.apache.coyote.AbstractProtocol.start Starting ProtocolHandler ["http-nio-8082"]
10-Apr-2024 15:21:54.435 INFO [main] org.apache.coyote.AbstractProtocol.start Starting ProtocolHandler ["ajp-nio-8009"]
10-Apr-2024 15:21:54.441 INFO [main] org.apache.catalina.startup.Catalina.start Server startup in 2631 ms
10-Apr-2024 15:38:10.449 INFO [main] org.apache.catalina.core.StandardServer.await A valid shutdown command was received via the shutdown port. Stopping the Server instance.
10-Apr-2024 15:38:10.449 INFO [main] org.apache.coyote.AbstractProtocol.pause Pausing ProtocolHandler ["http-nio-8082"]
10-Apr-2024 15:38:10.650 INFO [main] org.apache.coyote.AbstractProtocol.pause Pausing ProtocolHandler ["ajp-nio-8009"]
10-Apr-2024 15:38:10.790 INFO [main] org.apache.catalina.core.StandardService.stopInternal Stopping service [Catalina]
10-Apr-2024 15:38:10.899 INFO [main] org.apache.coyote.AbstractProtocol.stop Stopping ProtocolHandler ["http-nio-8082"]
10-Apr-2024 15:38:10.899 INFO [main] org.apache.coyote.AbstractProtocol.stop Stopping ProtocolHandler ["ajp-nio-8009"]
10-Apr-2024 15:38:10.899 INFO [main] org.apache.coyote.AbstractProtocol.destroy Destroying ProtocolHandler ["http-nio-8082"]
10-Apr-2024 15:38:10.899 INFO [main] org.apache.coyote.AbstractProtocol.destroy Destroying ProtocolHandler ["ajp-nio-8009"]
10-Apr-2024 15:39:44.613 INFO [main] org.apache.catalina.startup.VersionLoggerListener.log Server version:        Apache Tomcat/8.5.24
10-Apr-2024 15:39:44.623 INFO [main] org.apache.catalina.startup.VersionLoggerListener.log Server built:          Nov 27 2017 13:05:30 UTC
10-Apr-2024 15:39:44.623 INFO [main] org.apache.catalina.startup.VersionLoggerListener.log Server number:         8.5.24.0
10-Apr-2024 15:39:44.623 INFO [main] org.apache.catalina.startup.VersionLoggerListener.log OS Name:               Windows 10
10-Apr-2024 15:39:44.623 INFO [main] org.apache.catalina.startup.VersionLoggerListener.log OS Version:            10.0
10-Apr-2024 15:39:44.623 INFO [main] org.apache.catalina.startup.VersionLoggerListener.log Architecture:          x86
10-Apr-2024 15:39:44.623 INFO [main] org.apache.catalina.startup.VersionLoggerListener.log Java Home:             D:\JavaSQL\Java8\jdk1.8.0_131\jre
10-Apr-2024 15:39:44.623 INFO [main] org.apache.catalina.startup.VersionLoggerListener.log JVM Version:           1.8.0_131-b11
10-Apr-2024 15:39:44.623 INFO [main] org.apache.catalina.startup.VersionLoggerListener.log JVM Vendor:            Oracle Corporation
10-Apr-2024 15:39:44.623 INFO [main] org.apache.catalina.startup.VersionLoggerListener.log CATALINA_BASE:         D:\JavaSQL\Java8\apache-tomcat-8.5.24
10-Apr-2024 15:39:44.623 INFO [main] org.apache.catalina.startup.VersionLoggerListener.log CATALINA_HOME:         D:\JavaSQL\Java8\apache-tomcat-8.5.24
10-Apr-2024 15:39:44.623 INFO [main] org.apache.catalina.startup.VersionLoggerListener.log Command line argument: -Djava.util.logging.config.file=D:\JavaSQL\Java8\apache-tomcat-8.5.24\conf\logging.properties
10-Apr-2024 15:39:44.623 INFO [main] org.apache.catalina.startup.VersionLoggerListener.log Command line argument: -Djava.util.logging.manager=org.apache.juli.ClassLoaderLogManager
10-Apr-2024 15:39:44.623 INFO [main] org.apache.catalina.startup.VersionLoggerListener.log Command line argument: -Djdk.tls.ephemeralDHKeySize=2048
10-Apr-2024 15:39:44.623 INFO [main] org.apache.catalina.startup.VersionLoggerListener.log Command line argument: -Djava.protocol.handler.pkgs=org.apache.catalina.webresources
10-Apr-2024 15:39:44.623 INFO [main] org.apache.catalina.startup.VersionLoggerListener.log Command line argument: -Dignore.endorsed.dirs=
10-Apr-2024 15:39:44.623 INFO [main] org.apache.catalina.startup.VersionLoggerListener.log Command line argument: -Dcatalina.base=D:\JavaSQL\Java8\apache-tomcat-8.5.24
10-Apr-2024 15:39:44.623 INFO [main] org.apache.catalina.startup.VersionLoggerListener.log Command line argument: -Dcatalina.home=D:\JavaSQL\Java8\apache-tomcat-8.5.24
10-Apr-2024 15:39:44.623 INFO [main] org.apache.catalina.startup.VersionLoggerListener.log Command line argument: -Djava.io.tmpdir=D:\JavaSQL\Java8\apache-tomcat-8.5.24\temp
10-Apr-2024 15:39:44.623 INFO [main] org.apache.catalina.core.AprLifecycleListener.lifecycleEvent The APR based Apache Tomcat Native library which allows optimal performance in production environments was not found on the java.library.path: [D:\JavaSQL\Java8\jdk1.8.0_131\bin;C:\WINDOWS\Sun\Java\bin;C:\WINDOWS\system32;C:\WINDOWS;D:\JavaSQL\Java8\jdk1.8.0_131\bin;D:\JavaSQL\Java8\jdk1.8.0_131\db\bin;D:\JavaSQL\Java8\squirrelsql-4.0.0-standard;D:\JavaSQL\Java8\apache-tomcat-8.5.24\bin;C:\Program Files\IBM\ILOG\CPLEX_Studio1210\opl\bin\x64_win64;C:\Program Files\IBM\ILOG\CPLEX_Studio1210\opl\oplide\;C:\Program Files\IBM\ILOG\CPLEX_Studio1210\cplex\bin\x64_win64;C:\Program Files\IBM\ILOG\CPLEX_Studio1210\cpoptimizer\bin\x64_win64;C:\Programs\gurobi1001\win64\bin;C:\Program Files (x86)\NVIDIA Corporation\PhysX\Common;C:\Program Files (x86)\VMware\VMware Player\bin\;C:\Program Files\Eclipse Foundation\jdk-16.0.2.7-hotspot\bin;C:\Program Files\Python38\Scripts\;C:\Program Files\Python38\;C:\WINDOWS\system32;C:\WINDOWS;C:\WINDOWS\System32\Wbem;C:\WINDOWS\System32\WindowsPowerShell\v1.0\;C:\WINDOWS\System32\OpenSSH\;C:\Program Files\dotnet\;C:\Program Files\Microsoft SQL Server\130\Tools\Binn\;C:\Program Files (x86)\dotnet\;C:\Program Files\MATLAB\R2023a\runtime\win64;C:\Program Files\MATLAB\R2023a\bin;C:\Program Files\MATLAB\R2019a\bin;C:\Program Files (x86)\National Instruments\Shared\LabVIEW CLI;C:\Program Files (x86)\IVI Foundation\IVI\bin;C:\Program Files\IVI Foundation\IVI\bin;C:\Program Files (x86)\IVI Foundation\VISA\WinNT\Bin\;C:\Program Files\IVI Foundation\VISA\Win64\Bin\;C:\Program Files (x86)\IVI Foundation\VISA\WinNT\Bin;C:\Program Files\Microsoft SQL Server\Client SDK\ODBC\110\Tools\Binn\;C:\Program Files (x86)\Microsoft SQL Server\120\Tools\Binn\;C:\Program Files\Microsoft SQL Server\120\Tools\Binn\;C:\Program Files\Microsoft SQL Server\120\DTS\Binn\;C:\Program Files (x86)\Windows Kits\8.1\Windows Performance Toolkit\;C:\Program Files\Git\cmd;C:\Program Files\PuTTY\;C:\Program Files\Microsoft VS Code\bin;C:\Program Files\MiKTeX\miktex\bin\x64\;C:\Users\aerrigochan\AppData\Local\Microsoft\WindowsApps;;.]
10-Apr-2024 15:39:44.703 INFO [main] org.apache.coyote.AbstractProtocol.init Initializing ProtocolHandler ["http-nio-8082"]
10-Apr-2024 15:39:49.772 INFO [main] org.apache.tomcat.util.net.NioSelectorPool.getSharedSelector Using a shared selector for servlet write/read
10-Apr-2024 15:39:49.776 INFO [main] org.apache.coyote.AbstractProtocol.init Initializing ProtocolHandler ["ajp-nio-8009"]
10-Apr-2024 15:39:49.776 INFO [main] org.apache.tomcat.util.net.NioSelectorPool.getSharedSelector Using a shared selector for servlet write/read
10-Apr-2024 15:39:49.776 INFO [main] org.apache.catalina.startup.Catalina.load Initialization processed in 5386 ms
10-Apr-2024 15:39:49.801 INFO [main] org.apache.catalina.core.StandardService.startInternal Starting service [Catalina]
10-Apr-2024 15:39:49.801 INFO [main] org.apache.catalina.core.StandardEngine.startInternal Starting Servlet Engine: Apache Tomcat/8.5.24
10-Apr-2024 15:39:49.807 INFO [localhost-startStop-1] org.apache.catalina.startup.HostConfig.deployDirectory Deploying web application directory [D:\JavaSQL\Java8\apache-tomcat-8.5.24\webapps\docs]
10-Apr-2024 15:39:50.002 INFO [localhost-startStop-1] org.apache.jasper.servlet.TldScanner.scanJars At least one JAR was scanned for TLDs yet contained no TLDs. Enable debug logging for this logger for a complete list of JARs that were scanned but no TLDs were found in them. Skipping unneeded JARs during scanning can improve startup time and JSP compilation time.
10-Apr-2024 15:39:50.040 INFO [localhost-startStop-1] org.apache.catalina.startup.HostConfig.deployDirectory Deployment of web application directory [D:\JavaSQL\Java8\apache-tomcat-8.5.24\webapps\docs] has finished in [232] ms
10-Apr-2024 15:39:50.040 INFO [localhost-startStop-1] org.apache.catalina.startup.HostConfig.deployDirectory Deploying web application directory [D:\JavaSQL\Java8\apache-tomcat-8.5.24\webapps\examples]
10-Apr-2024 15:39:50.235 INFO [localhost-startStop-1] org.apache.jasper.servlet.TldScanner.scanJars At least one JAR was scanned for TLDs yet contained no TLDs. Enable debug logging for this logger for a complete list of JARs that were scanned but no TLDs were found in them. Skipping unneeded JARs during scanning can improve startup time and JSP compilation time.
10-Apr-2024 15:39:50.262 INFO [localhost-startStop-1] org.apache.catalina.startup.HostConfig.deployDirectory Deployment of web application directory [D:\JavaSQL\Java8\apache-tomcat-8.5.24\webapps\examples] has finished in [222] ms
10-Apr-2024 15:39:50.262 INFO [localhost-startStop-1] org.apache.catalina.startup.HostConfig.deployDirectory Deploying web application directory [D:\JavaSQL\Java8\apache-tomcat-8.5.24\webapps\host-manager]
10-Apr-2024 15:39:50.300 INFO [localhost-startStop-1] org.apache.jasper.servlet.TldScanner.scanJars At least one JAR was scanned for TLDs yet contained no TLDs. Enable debug logging for this logger for a complete list of JARs that were scanned but no TLDs were found in them. Skipping unneeded JARs during scanning can improve startup time and JSP compilation time.
10-Apr-2024 15:39:50.303 INFO [localhost-startStop-1] org.apache.catalina.startup.HostConfig.deployDirectory Deployment of web application directory [D:\JavaSQL\Java8\apache-tomcat-8.5.24\webapps\host-manager] has finished in [41] ms
10-Apr-2024 15:39:50.303 INFO [localhost-startStop-1] org.apache.catalina.startup.HostConfig.deployDirectory Deploying web application directory [D:\JavaSQL\Java8\apache-tomcat-8.5.24\webapps\ROOT]
10-Apr-2024 15:39:50.313 INFO [localhost-startStop-1] org.apache.jasper.servlet.TldScanner.scanJars At least one JAR was scanned for TLDs yet contained no TLDs. Enable debug logging for this logger for a complete list of JARs that were scanned but no TLDs were found in them. Skipping unneeded JARs during scanning can improve startup time and JSP compilation time.
10-Apr-2024 15:39:50.313 INFO [localhost-startStop-1] org.apache.catalina.startup.HostConfig.deployDirectory Deployment of web application directory [D:\JavaSQL\Java8\apache-tomcat-8.5.24\webapps\ROOT] has finished in [10] ms
10-Apr-2024 15:39:50.313 INFO [localhost-startStop-1] org.apache.catalina.startup.HostConfig.deployDirectory Deploying web application directory [D:\JavaSQL\Java8\apache-tomcat-8.5.24\webapps\SQLServer]
10-Apr-2024 15:39:50.341 INFO [localhost-startStop-1] org.apache.jasper.servlet.TldScanner.scanJars At least one JAR was scanned for TLDs yet contained no TLDs. Enable debug logging for this logger for a complete list of JARs that were scanned but no TLDs were found in them. Skipping unneeded JARs during scanning can improve startup time and JSP compilation time.
10-Apr-2024 15:39:50.344 INFO [localhost-startStop-1] org.apache.catalina.startup.HostConfig.deployDirectory Deployment of web application directory [D:\JavaSQL\Java8\apache-tomcat-8.5.24\webapps\SQLServer] has finished in [31] ms
10-Apr-2024 15:39:50.344 INFO [localhost-startStop-1] org.apache.catalina.startup.HostConfig.deployDirectory Deploying web application directory [D:\JavaSQL\Java8\apache-tomcat-8.5.24\webapps\Servlet1]
10-Apr-2024 15:39:50.359 INFO [localhost-startStop-1] org.apache.jasper.servlet.TldScanner.scanJars At least one JAR was scanned for TLDs yet contained no TLDs. Enable debug logging for this logger for a complete list of JARs that were scanned but no TLDs were found in them. Skipping unneeded JARs during scanning can improve startup time and JSP compilation time.
10-Apr-2024 15:39:50.359 INFO [localhost-startStop-1] org.apache.catalina.startup.HostConfig.deployDirectory Deployment of web application directory [D:\JavaSQL\Java8\apache-tomcat-8.5.24\webapps\Servlet1] has finished in [15] ms
10-Apr-2024 15:39:50.359 INFO [localhost-startStop-1] org.apache.catalina.startup.HostConfig.deployDirectory Deploying web application directory [D:\JavaSQL\Java8\apache-tomcat-8.5.24\webapps\Servlet2]
10-Apr-2024 15:39:50.376 INFO [localhost-startStop-1] org.apache.jasper.servlet.TldScanner.scanJars At least one JAR was scanned for TLDs yet contained no TLDs. Enable debug logging for this logger for a complete list of JARs that were scanned but no TLDs were found in them. Skipping unneeded JARs during scanning can improve startup time and JSP compilation time.
10-Apr-2024 15:39:50.376 INFO [localhost-startStop-1] org.apache.catalina.startup.HostConfig.deployDirectory Deployment of web application directory [D:\JavaSQL\Java8\apache-tomcat-8.5.24\webapps\Servlet2] has finished in [17] ms
10-Apr-2024 15:39:50.376 INFO [localhost-startStop-1] org.apache.catalina.startup.HostConfig.deployDirectory Deploying web application directory [D:\JavaSQL\Java8\apache-tomcat-8.5.24\webapps\Servlet3]
10-Apr-2024 15:39:50.402 INFO [localhost-startStop-1] org.apache.jasper.servlet.TldScanner.scanJars At least one JAR was scanned for TLDs yet contained no TLDs. Enable debug logging for this logger for a complete list of JARs that were scanned but no TLDs were found in them. Skipping unneeded JARs during scanning can improve startup time and JSP compilation time.
10-Apr-2024 15:39:50.404 INFO [localhost-startStop-1] org.apache.catalina.startup.HostConfig.deployDirectory Deployment of web application directory [D:\JavaSQL\Java8\apache-tomcat-8.5.24\webapps\Servlet3] has finished in [28] ms
10-Apr-2024 15:39:50.404 INFO [localhost-startStop-1] org.apache.catalina.startup.HostConfig.deployDirectory Deploying web application directory [D:\JavaSQL\Java8\apache-tomcat-8.5.24\webapps\Servlet4]
10-Apr-2024 15:39:50.421 INFO [localhost-startStop-1] org.apache.jasper.servlet.TldScanner.scanJars At least one JAR was scanned for TLDs yet contained no TLDs. Enable debug logging for this logger for a complete list of JARs that were scanned but no TLDs were found in them. Skipping unneeded JARs during scanning can improve startup time and JSP compilation time.
10-Apr-2024 15:39:50.421 INFO [localhost-startStop-1] org.apache.catalina.startup.HostConfig.deployDirectory Deployment of web application directory [D:\JavaSQL\Java8\apache-tomcat-8.5.24\webapps\Servlet4] has finished in [17] ms
10-Apr-2024 15:39:50.421 INFO [localhost-startStop-1] org.apache.catalina.startup.HostConfig.deployDirectory Deploying web application directory [D:\JavaSQL\Java8\apache-tomcat-8.5.24\webapps\Pract8]
10-Apr-2024 15:39:50.442 INFO [localhost-startStop-1] org.apache.jasper.servlet.TldScanner.scanJars At least one JAR was scanned for TLDs yet contained no TLDs. Enable debug logging for this logger for a complete list of JARs that were scanned but no TLDs were found in them. Skipping unneeded JARs during scanning can improve startup time and JSP compilation time.
10-Apr-2024 15:39:50.444 INFO [localhost-startStop-1] org.apache.catalina.startup.HostConfig.deployDirectory Deployment of web application directory [D:\JavaSQL\Java8\apache-tomcat-8.5.24\webapps\Pract8] has finished in [23] ms
10-Apr-2024 15:39:50.444 INFO [localhost-startStop-1] org.apache.catalina.startup.HostConfig.deployDirectory Deploying web application directory [D:\JavaSQL\Java8\apache-tomcat-8.5.24\webapps\Entrega]
10-Apr-2024 15:39:50.463 INFO [localhost-startStop-1] org.apache.jasper.servlet.TldScanner.scanJars At least one JAR was scanned for TLDs yet contained no TLDs. Enable debug logging for this logger for a complete list of JARs that were scanned but no TLDs were found in them. Skipping unneeded JARs during scanning can improve startup time and JSP compilation time.
10-Apr-2024 15:39:50.463 INFO [localhost-startStop-1] org.apache.catalina.startup.HostConfig.deployDirectory Deployment of web application directory [D:\JavaSQL\Java8\apache-tomcat-8.5.24\webapps\Entrega] has finished in [19] ms
10-Apr-2024 15:39:50.463 INFO [localhost-startStop-1] org.apache.catalina.startup.HostConfig.deployDirectory Deploying web application directory [D:\JavaSQL\Java8\apache-tomcat-8.5.24\webapps\matrices8]
10-Apr-2024 15:39:50.486 INFO [localhost-startStop-1] org.apache.jasper.servlet.TldScanner.scanJars At least one JAR was scanned for TLDs yet contained no TLDs. Enable debug logging for this logger for a complete list of JARs that were scanned but no TLDs were found in them. Skipping unneeded JARs during scanning can improve startup time and JSP compilation time.
10-Apr-2024 15:39:50.486 INFO [localhost-startStop-1] org.apache.catalina.startup.HostConfig.deployDirectory Deployment of web application directory [D:\JavaSQL\Java8\apache-tomcat-8.5.24\webapps\matrices8] has finished in [23] ms
10-Apr-2024 15:39:50.486 INFO [localhost-startStop-1] org.apache.catalina.startup.HostConfig.deployDirectory Deploying web application directory [D:\JavaSQL\Java8\apache-tomcat-8.5.24\webapps\TD_E18]
10-Apr-2024 15:39:50.511 INFO [localhost-startStop-1] org.apache.jasper.servlet.TldScanner.scanJars At least one JAR was scanned for TLDs yet contained no TLDs. Enable debug logging for this logger for a complete list of JARs that were scanned but no TLDs were found in them. Skipping unneeded JARs during scanning can improve startup time and JSP compilation time.
10-Apr-2024 15:39:50.511 INFO [localhost-startStop-1] org.apache.catalina.startup.HostConfig.deployDirectory Deployment of web application directory [D:\JavaSQL\Java8\apache-tomcat-8.5.24\webapps\TD_E18] has finished in [25] ms
10-Apr-2024 15:39:50.511 INFO [localhost-startStop-1] org.apache.catalina.startup.HostConfig.deployDirectory Deploying web application directory [D:\JavaSQL\Java8\apache-tomcat-8.5.24\webapps\TD_E30]
10-Apr-2024 15:39:50.542 INFO [localhost-startStop-1] org.apache.jasper.servlet.TldScanner.scanJars At least one JAR was scanned for TLDs yet contained no TLDs. Enable debug logging for this logger for a complete list of JARs that were scanned but no TLDs were found in them. Skipping unneeded JARs during scanning can improve startup time and JSP compilation time.
10-Apr-2024 15:39:50.543 INFO [localhost-startStop-1] org.apache.catalina.startup.HostConfig.deployDirectory Deployment of web application directory [D:\JavaSQL\Java8\apache-tomcat-8.5.24\webapps\TD_E30] has finished in [32] ms
10-Apr-2024 15:39:50.543 INFO [localhost-startStop-1] org.apache.catalina.startup.HostConfig.deployDirectory Deploying web application directory [D:\JavaSQL\Java8\apache-tomcat-8.5.24\webapps\TB15]
10-Apr-2024 15:39:50.567 INFO [localhost-startStop-1] org.apache.jasper.servlet.TldScanner.scanJars At least one JAR was scanned for TLDs yet contained no TLDs. Enable debug logging for this logger for a complete list of JARs that were scanned but no TLDs were found in them. Skipping unneeded JARs during scanning can improve startup time and JSP compilation time.
10-Apr-2024 15:39:50.568 INFO [localhost-startStop-1] org.apache.catalina.startup.HostConfig.deployDirectory Deployment of web application directory [D:\JavaSQL\Java8\apache-tomcat-8.5.24\webapps\TB15] has finished in [25] ms
10-Apr-2024 15:39:50.568 INFO [localhost-startStop-1] org.apache.catalina.startup.HostConfig.deployDirectory Deploying web application directory [D:\JavaSQL\Java8\apache-tomcat-8.5.24\webapps\Test8]
10-Apr-2024 15:39:50.586 INFO [localhost-startStop-1] org.apache.jasper.servlet.TldScanner.scanJars At least one JAR was scanned for TLDs yet contained no TLDs. Enable debug logging for this logger for a complete list of JARs that were scanned but no TLDs were found in them. Skipping unneeded JARs during scanning can improve startup time and JSP compilation time.
10-Apr-2024 15:39:50.586 INFO [localhost-startStop-1] org.apache.catalina.startup.HostConfig.deployDirectory Deployment of web application directory [D:\JavaSQL\Java8\apache-tomcat-8.5.24\webapps\Test8] has finished in [18] ms
10-Apr-2024 15:39:50.594 INFO [main] org.apache.coyote.AbstractProtocol.start Starting ProtocolHandler ["http-nio-8082"]
10-Apr-2024 15:39:50.601 INFO [main] org.apache.coyote.AbstractProtocol.start Starting ProtocolHandler ["ajp-nio-8009"]
10-Apr-2024 15:39:50.604 INFO [main] org.apache.catalina.startup.Catalina.start Server startup in 823 ms
10-Apr-2024 15:40:51.141 INFO [ContainerBackgroundProcessor[StandardEngine[Catalina]]] org.apache.catalina.startup.HostConfig.undeploy Undeploying context [/Test8]
10-Apr-2024 15:40:51.181 INFO [localhost-startStop-2] org.apache.catalina.startup.HostConfig.deployDirectory Deploying web application directory [D:\JavaSQL\Java8\apache-tomcat-8.5.24\webapps\S2]
10-Apr-2024 15:40:51.241 INFO [localhost-startStop-2] org.apache.jasper.servlet.TldScanner.scanJars At least one JAR was scanned for TLDs yet contained no TLDs. Enable debug logging for this logger for a complete list of JARs that were scanned but no TLDs were found in them. Skipping unneeded JARs during scanning can improve startup time and JSP compilation time.
10-Apr-2024 15:40:51.241 INFO [localhost-startStop-2] org.apache.catalina.startup.HostConfig.deployDirectory Deployment of web application directory [D:\JavaSQL\Java8\apache-tomcat-8.5.24\webapps\S2] has finished in [60] ms
10-Apr-2024 15:42:23.461 INFO [main] org.apache.catalina.core.StandardServer.await A valid shutdown command was received via the shutdown port. Stopping the Server instance.
10-Apr-2024 15:42:23.461 INFO [main] org.apache.coyote.AbstractProtocol.pause Pausing ProtocolHandler ["http-nio-8082"]
10-Apr-2024 15:42:23.671 INFO [main] org.apache.coyote.AbstractProtocol.pause Pausing ProtocolHandler ["ajp-nio-8009"]
10-Apr-2024 15:42:23.821 INFO [main] org.apache.catalina.core.StandardService.stopInternal Stopping service [Catalina]
10-Apr-2024 15:42:23.861 INFO [main] org.apache.coyote.AbstractProtocol.stop Stopping ProtocolHandler ["http-nio-8082"]
10-Apr-2024 15:42:23.861 INFO [main] org.apache.coyote.AbstractProtocol.stop Stopping ProtocolHandler ["ajp-nio-8009"]
10-Apr-2024 15:42:23.861 INFO [main] org.apache.coyote.AbstractProtocol.destroy Destroying ProtocolHandler ["http-nio-8082"]
10-Apr-2024 15:42:23.861 INFO [main] org.apache.coyote.AbstractProtocol.destroy Destroying ProtocolHandler ["ajp-nio-8009"]
10-Apr-2024 15:53:37.863 INFO [main] org.apache.catalina.startup.VersionLoggerListener.log Server version:        Apache Tomcat/8.5.24
10-Apr-2024 15:53:37.869 INFO [main] org.apache.catalina.startup.VersionLoggerListener.log Server built:          Nov 27 2017 13:05:30 UTC
10-Apr-2024 15:53:37.869 INFO [main] org.apache.catalina.startup.VersionLoggerListener.log Server number:         8.5.24.0
10-Apr-2024 15:53:37.869 INFO [main] org.apache.catalina.startup.VersionLoggerListener.log OS Name:               Windows 10
10-Apr-2024 15:53:37.869 INFO [main] org.apache.catalina.startup.VersionLoggerListener.log OS Version:            10.0
10-Apr-2024 15:53:37.870 INFO [main] org.apache.catalina.startup.VersionLoggerListener.log Architecture:          x86
10-Apr-2024 15:53:37.870 INFO [main] org.apache.catalina.startup.VersionLoggerListener.log Java Home:             D:\JavaSQL\Java8\jdk1.8.0_131\jre
10-Apr-2024 15:53:37.870 INFO [main] org.apache.catalina.startup.VersionLoggerListener.log JVM Version:           1.8.0_131-b11
10-Apr-2024 15:53:37.870 INFO [main] org.apache.catalina.startup.VersionLoggerListener.log JVM Vendor:            Oracle Corporation
10-Apr-2024 15:53:37.870 INFO [main] org.apache.catalina.startup.VersionLoggerListener.log CATALINA_BASE:         D:\JavaSQL\Java8\apache-tomcat-8.5.24
10-Apr-2024 15:53:37.870 INFO [main] org.apache.catalina.startup.VersionLoggerListener.log CATALINA_HOME:         D:\JavaSQL\Java8\apache-tomcat-8.5.24
10-Apr-2024 15:53:37.870 INFO [main] org.apache.catalina.startup.VersionLoggerListener.log Command line argument: -Djava.util.logging.config.file=D:\JavaSQL\Java8\apache-tomcat-8.5.24\conf\logging.properties
10-Apr-2024 15:53:37.870 INFO [main] org.apache.catalina.startup.VersionLoggerListener.log Command line argument: -Djava.util.logging.manager=org.apache.juli.ClassLoaderLogManager
10-Apr-2024 15:53:37.870 INFO [main] org.apache.catalina.startup.VersionLoggerListener.log Command line argument: -Djdk.tls.ephemeralDHKeySize=2048
10-Apr-2024 15:53:37.870 INFO [main] org.apache.catalina.startup.VersionLoggerListener.log Command line argument: -Djava.protocol.handler.pkgs=org.apache.catalina.webresources
10-Apr-2024 15:53:37.870 INFO [main] org.apache.catalina.startup.VersionLoggerListener.log Command line argument: -Dignore.endorsed.dirs=
10-Apr-2024 15:53:37.870 INFO [main] org.apache.catalina.startup.VersionLoggerListener.log Command line argument: -Dcatalina.base=D:\JavaSQL\Java8\apache-tomcat-8.5.24
10-Apr-2024 15:53:37.870 INFO [main] org.apache.catalina.startup.VersionLoggerListener.log Command line argument: -Dcatalina.home=D:\JavaSQL\Java8\apache-tomcat-8.5.24
10-Apr-2024 15:53:37.870 INFO [main] org.apache.catalina.startup.VersionLoggerListener.log Command line argument: -Djava.io.tmpdir=D:\JavaSQL\Java8\apache-tomcat-8.5.24\temp
10-Apr-2024 15:53:37.870 INFO [main] org.apache.catalina.core.AprLifecycleListener.lifecycleEvent The APR based Apache Tomcat Native library which allows optimal performance in production environments was not found on the java.library.path: [D:\JavaSQL\Java8\jdk1.8.0_131\bin;C:\WINDOWS\Sun\Java\bin;C:\WINDOWS\system32;C:\WINDOWS;D:\JavaSQL\Java8\jdk1.8.0_131\bin;D:\JavaSQL\Java8\jdk1.8.0_131\db\bin;D:\JavaSQL\Java8\squirrelsql-4.0.0-standard;D:\JavaSQL\Java8\apache-tomcat-8.5.24\bin;C:\Program Files\IBM\ILOG\CPLEX_Studio1210\opl\bin\x64_win64;C:\Program Files\IBM\ILOG\CPLEX_Studio1210\opl\oplide\;C:\Program Files\IBM\ILOG\CPLEX_Studio1210\cplex\bin\x64_win64;C:\Program Files\IBM\ILOG\CPLEX_Studio1210\cpoptimizer\bin\x64_win64;C:\Programs\gurobi1001\win64\bin;C:\Program Files (x86)\NVIDIA Corporation\PhysX\Common;C:\Program Files (x86)\VMware\VMware Player\bin\;C:\Program Files\Eclipse Foundation\jdk-16.0.2.7-hotspot\bin;C:\Program Files\Python38\Scripts\;C:\Program Files\Python38\;C:\WINDOWS\system32;C:\WINDOWS;C:\WINDOWS\System32\Wbem;C:\WINDOWS\System32\WindowsPowerShell\v1.0\;C:\WINDOWS\System32\OpenSSH\;C:\Program Files\dotnet\;C:\Program Files\Microsoft SQL Server\130\Tools\Binn\;C:\Program Files (x86)\dotnet\;C:\Program Files\MATLAB\R2023a\runtime\win64;C:\Program Files\MATLAB\R2023a\bin;C:\Program Files\MATLAB\R2019a\bin;C:\Program Files (x86)\National Instruments\Shared\LabVIEW CLI;C:\Program Files (x86)\IVI Foundation\IVI\bin;C:\Program Files\IVI Foundation\IVI\bin;C:\Program Files (x86)\IVI Foundation\VISA\WinNT\Bin\;C:\Program Files\IVI Foundation\VISA\Win64\Bin\;C:\Program Files (x86)\IVI Foundation\VISA\WinNT\Bin;C:\Program Files\Microsoft SQL Server\Client SDK\ODBC\110\Tools\Binn\;C:\Program Files (x86)\Microsoft SQL Server\120\Tools\Binn\;C:\Program Files\Microsoft SQL Server\120\Tools\Binn\;C:\Program Files\Microsoft SQL Server\120\DTS\Binn\;C:\Program Files (x86)\Windows Kits\8.1\Windows Performance Toolkit\;C:\Program Files\Git\cmd;C:\Program Files\PuTTY\;C:\Program Files\Microsoft VS Code\bin;C:\Program Files\MiKTeX\miktex\bin\x64\;C:\Users\aerrigochan\AppData\Local\Microsoft\WindowsApps;;.]
10-Apr-2024 15:53:37.953 INFO [main] org.apache.coyote.AbstractProtocol.init Initializing ProtocolHandler ["http-nio-8082"]
10-Apr-2024 15:53:43.001 INFO [main] org.apache.tomcat.util.net.NioSelectorPool.getSharedSelector Using a shared selector for servlet write/read
10-Apr-2024 15:53:43.007 INFO [main] org.apache.coyote.AbstractProtocol.init Initializing ProtocolHandler ["ajp-nio-8009"]
10-Apr-2024 15:53:43.007 INFO [main] org.apache.tomcat.util.net.NioSelectorPool.getSharedSelector Using a shared selector for servlet write/read
10-Apr-2024 15:53:43.007 INFO [main] org.apache.catalina.startup.Catalina.load Initialization processed in 5395 ms
10-Apr-2024 15:53:43.024 INFO [main] org.apache.catalina.core.StandardService.startInternal Starting service [Catalina]
10-Apr-2024 15:53:43.024 INFO [main] org.apache.catalina.core.StandardEngine.startInternal Starting Servlet Engine: Apache Tomcat/8.5.24
10-Apr-2024 15:53:43.040 INFO [localhost-startStop-1] org.apache.catalina.startup.HostConfig.deployDirectory Deploying web application directory [D:\JavaSQL\Java8\apache-tomcat-8.5.24\webapps\docs]
10-Apr-2024 15:53:43.224 INFO [localhost-startStop-1] org.apache.jasper.servlet.TldScanner.scanJars At least one JAR was scanned for TLDs yet contained no TLDs. Enable debug logging for this logger for a complete list of JARs that were scanned but no TLDs were found in them. Skipping unneeded JARs during scanning can improve startup time and JSP compilation time.
10-Apr-2024 15:53:43.268 INFO [localhost-startStop-1] org.apache.catalina.startup.HostConfig.deployDirectory Deployment of web application directory [D:\JavaSQL\Java8\apache-tomcat-8.5.24\webapps\docs] has finished in [228] ms
10-Apr-2024 15:53:43.268 INFO [localhost-startStop-1] org.apache.catalina.startup.HostConfig.deployDirectory Deploying web application directory [D:\JavaSQL\Java8\apache-tomcat-8.5.24\webapps\examples]
10-Apr-2024 15:53:43.474 INFO [localhost-startStop-1] org.apache.jasper.servlet.TldScanner.scanJars At least one JAR was scanned for TLDs yet contained no TLDs. Enable debug logging for this logger for a complete list of JARs that were scanned but no TLDs were found in them. Skipping unneeded JARs during scanning can improve startup time and JSP compilation time.
10-Apr-2024 15:53:43.509 INFO [localhost-startStop-1] org.apache.catalina.startup.HostConfig.deployDirectory Deployment of web application directory [D:\JavaSQL\Java8\apache-tomcat-8.5.24\webapps\examples] has finished in [241] ms
10-Apr-2024 15:53:43.509 INFO [localhost-startStop-1] org.apache.catalina.startup.HostConfig.deployDirectory Deploying web application directory [D:\JavaSQL\Java8\apache-tomcat-8.5.24\webapps\host-manager]
10-Apr-2024 15:53:43.542 INFO [localhost-startStop-1] org.apache.jasper.servlet.TldScanner.scanJars At least one JAR was scanned for TLDs yet contained no TLDs. Enable debug logging for this logger for a complete list of JARs that were scanned but no TLDs were found in them. Skipping unneeded JARs during scanning can improve startup time and JSP compilation time.
10-Apr-2024 15:53:43.542 INFO [localhost-startStop-1] org.apache.catalina.startup.HostConfig.deployDirectory Deployment of web application directory [D:\JavaSQL\Java8\apache-tomcat-8.5.24\webapps\host-manager] has finished in [33] ms
10-Apr-2024 15:53:43.542 INFO [localhost-startStop-1] org.apache.catalina.startup.HostConfig.deployDirectory Deploying web application directory [D:\JavaSQL\Java8\apache-tomcat-8.5.24\webapps\ROOT]
10-Apr-2024 15:53:43.559 INFO [localhost-startStop-1] org.apache.jasper.servlet.TldScanner.scanJars At least one JAR was scanned for TLDs yet contained no TLDs. Enable debug logging for this logger for a complete list of JARs that were scanned but no TLDs were found in them. Skipping unneeded JARs during scanning can improve startup time and JSP compilation time.
10-Apr-2024 15:53:43.559 INFO [localhost-startStop-1] org.apache.catalina.startup.HostConfig.deployDirectory Deployment of web application directory [D:\JavaSQL\Java8\apache-tomcat-8.5.24\webapps\ROOT] has finished in [17] ms
10-Apr-2024 15:53:43.559 INFO [localhost-startStop-1] org.apache.catalina.startup.HostConfig.deployDirectory Deploying web application directory [D:\JavaSQL\Java8\apache-tomcat-8.5.24\webapps\SQLServer]
10-Apr-2024 15:53:43.590 INFO [localhost-startStop-1] org.apache.jasper.servlet.TldScanner.scanJars At least one JAR was scanned for TLDs yet contained no TLDs. Enable debug logging for this logger for a complete list of JARs that were scanned but no TLDs were found in them. Skipping unneeded JARs during scanning can improve startup time and JSP compilation time.
10-Apr-2024 15:53:43.593 INFO [localhost-startStop-1] org.apache.catalina.startup.HostConfig.deployDirectory Deployment of web application directory [D:\JavaSQL\Java8\apache-tomcat-8.5.24\webapps\SQLServer] has finished in [34] ms
10-Apr-2024 15:53:43.593 INFO [localhost-startStop-1] org.apache.catalina.startup.HostConfig.deployDirectory Deploying web application directory [D:\JavaSQL\Java8\apache-tomcat-8.5.24\webapps\Servlet1]
10-Apr-2024 15:53:43.609 INFO [localhost-startStop-1] org.apache.jasper.servlet.TldScanner.scanJars At least one JAR was scanned for TLDs yet contained no TLDs. Enable debug logging for this logger for a complete list of JARs that were scanned but no TLDs were found in them. Skipping unneeded JARs during scanning can improve startup time and JSP compilation time.
10-Apr-2024 15:53:43.609 INFO [localhost-startStop-1] org.apache.catalina.startup.HostConfig.deployDirectory Deployment of web application directory [D:\JavaSQL\Java8\apache-tomcat-8.5.24\webapps\Servlet1] has finished in [16] ms
10-Apr-2024 15:53:43.609 INFO [localhost-startStop-1] org.apache.catalina.startup.HostConfig.deployDirectory Deploying web application directory [D:\JavaSQL\Java8\apache-tomcat-8.5.24\webapps\Servlet2]
10-Apr-2024 15:53:43.625 INFO [localhost-startStop-1] org.apache.jasper.servlet.TldScanner.scanJars At least one JAR was scanned for TLDs yet contained no TLDs. Enable debug logging for this logger for a complete list of JARs that were scanned but no TLDs were found in them. Skipping unneeded JARs during scanning can improve startup time and JSP compilation time.
10-Apr-2024 15:53:43.635 INFO [localhost-startStop-1] org.apache.catalina.startup.HostConfig.deployDirectory Deployment of web application directory [D:\JavaSQL\Java8\apache-tomcat-8.5.24\webapps\Servlet2] has finished in [26] ms
10-Apr-2024 15:53:43.635 INFO [localhost-startStop-1] org.apache.catalina.startup.HostConfig.deployDirectory Deploying web application directory [D:\JavaSQL\Java8\apache-tomcat-8.5.24\webapps\Servlet3]
10-Apr-2024 15:53:43.656 INFO [localhost-startStop-1] org.apache.jasper.servlet.TldScanner.scanJars At least one JAR was scanned for TLDs yet contained no TLDs. Enable debug logging for this logger for a complete list of JARs that were scanned but no TLDs were found in them. Skipping unneeded JARs during scanning can improve startup time and JSP compilation time.
10-Apr-2024 15:53:43.659 INFO [localhost-startStop-1] org.apache.catalina.startup.HostConfig.deployDirectory Deployment of web application directory [D:\JavaSQL\Java8\apache-tomcat-8.5.24\webapps\Servlet3] has finished in [24] ms
10-Apr-2024 15:53:43.659 INFO [localhost-startStop-1] org.apache.catalina.startup.HostConfig.deployDirectory Deploying web application directory [D:\JavaSQL\Java8\apache-tomcat-8.5.24\webapps\Servlet4]
10-Apr-2024 15:53:43.675 INFO [localhost-startStop-1] org.apache.jasper.servlet.TldScanner.scanJars At least one JAR was scanned for TLDs yet contained no TLDs. Enable debug logging for this logger for a complete list of JARs that were scanned but no TLDs were found in them. Skipping unneeded JARs during scanning can improve startup time and JSP compilation time.
10-Apr-2024 15:53:43.675 INFO [localhost-startStop-1] org.apache.catalina.startup.HostConfig.deployDirectory Deployment of web application directory [D:\JavaSQL\Java8\apache-tomcat-8.5.24\webapps\Servlet4] has finished in [16] ms
10-Apr-2024 15:53:43.675 INFO [localhost-startStop-1] org.apache.catalina.startup.HostConfig.deployDirectory Deploying web application directory [D:\JavaSQL\Java8\apache-tomcat-8.5.24\webapps\Pract8]
10-Apr-2024 15:53:43.702 INFO [localhost-startStop-1] org.apache.jasper.servlet.TldScanner.scanJars At least one JAR was scanned for TLDs yet contained no TLDs. Enable debug logging for this logger for a complete list of JARs that were scanned but no TLDs were found in them. Skipping unneeded JARs during scanning can improve startup time and JSP compilation time.
10-Apr-2024 15:53:43.702 INFO [localhost-startStop-1] org.apache.catalina.startup.HostConfig.deployDirectory Deployment of web application directory [D:\JavaSQL\Java8\apache-tomcat-8.5.24\webapps\Pract8] has finished in [27] ms
10-Apr-2024 15:53:43.708 INFO [localhost-startStop-1] org.apache.catalina.startup.HostConfig.deployDirectory Deploying web application directory [D:\JavaSQL\Java8\apache-tomcat-8.5.24\webapps\Entrega]
10-Apr-2024 15:53:43.730 INFO [localhost-startStop-1] org.apache.jasper.servlet.TldScanner.scanJars At least one JAR was scanned for TLDs yet contained no TLDs. Enable debug logging for this logger for a complete list of JARs that were scanned but no TLDs were found in them. Skipping unneeded JARs during scanning can improve startup time and JSP compilation time.
10-Apr-2024 15:53:43.731 INFO [localhost-startStop-1] org.apache.catalina.startup.HostConfig.deployDirectory Deployment of web application directory [D:\JavaSQL\Java8\apache-tomcat-8.5.24\webapps\Entrega] has finished in [23] ms
10-Apr-2024 15:53:43.731 INFO [localhost-startStop-1] org.apache.catalina.startup.HostConfig.deployDirectory Deploying web application directory [D:\JavaSQL\Java8\apache-tomcat-8.5.24\webapps\matrices8]
10-Apr-2024 15:53:43.751 INFO [localhost-startStop-1] org.apache.jasper.servlet.TldScanner.scanJars At least one JAR was scanned for TLDs yet contained no TLDs. Enable debug logging for this logger for a complete list of JARs that were scanned but no TLDs were found in them. Skipping unneeded JARs during scanning can improve startup time and JSP compilation time.
10-Apr-2024 15:53:43.751 INFO [localhost-startStop-1] org.apache.catalina.startup.HostConfig.deployDirectory Deployment of web application directory [D:\JavaSQL\Java8\apache-tomcat-8.5.24\webapps\matrices8] has finished in [20] ms
10-Apr-2024 15:53:43.751 INFO [localhost-startStop-1] org.apache.catalina.startup.HostConfig.deployDirectory Deploying web application directory [D:\JavaSQL\Java8\apache-tomcat-8.5.24\webapps\TD_E18]
10-Apr-2024 15:53:43.775 INFO [localhost-startStop-1] org.apache.jasper.servlet.TldScanner.scanJars At least one JAR was scanned for TLDs yet contained no TLDs. Enable debug logging for this logger for a complete list of JARs that were scanned but no TLDs were found in them. Skipping unneeded JARs during scanning can improve startup time and JSP compilation time.
10-Apr-2024 15:53:43.775 INFO [localhost-startStop-1] org.apache.catalina.startup.HostConfig.deployDirectory Deployment of web application directory [D:\JavaSQL\Java8\apache-tomcat-8.5.24\webapps\TD_E18] has finished in [24] ms
10-Apr-2024 15:53:43.775 INFO [localhost-startStop-1] org.apache.catalina.startup.HostConfig.deployDirectory Deploying web application directory [D:\JavaSQL\Java8\apache-tomcat-8.5.24\webapps\TD_E30]
10-Apr-2024 15:53:43.801 INFO [localhost-startStop-1] org.apache.jasper.servlet.TldScanner.scanJars At least one JAR was scanned for TLDs yet contained no TLDs. Enable debug logging for this logger for a complete list of JARs that were scanned but no TLDs were found in them. Skipping unneeded JARs during scanning can improve startup time and JSP compilation time.
10-Apr-2024 15:53:43.808 INFO [localhost-startStop-1] org.apache.catalina.startup.HostConfig.deployDirectory Deployment of web application directory [D:\JavaSQL\Java8\apache-tomcat-8.5.24\webapps\TD_E30] has finished in [33] ms
10-Apr-2024 15:53:43.808 INFO [localhost-startStop-1] org.apache.catalina.startup.HostConfig.deployDirectory Deploying web application directory [D:\JavaSQL\Java8\apache-tomcat-8.5.24\webapps\TB15]
10-Apr-2024 15:53:43.833 INFO [localhost-startStop-1] org.apache.jasper.servlet.TldScanner.scanJars At least one JAR was scanned for TLDs yet contained no TLDs. Enable debug logging for this logger for a complete list of JARs that were scanned but no TLDs were found in them. Skipping unneeded JARs during scanning can improve startup time and JSP compilation time.
10-Apr-2024 15:53:43.835 INFO [localhost-startStop-1] org.apache.catalina.startup.HostConfig.deployDirectory Deployment of web application directory [D:\JavaSQL\Java8\apache-tomcat-8.5.24\webapps\TB15] has finished in [27] ms
10-Apr-2024 15:53:43.836 INFO [localhost-startStop-1] org.apache.catalina.startup.HostConfig.deployDirectory Deploying web application directory [D:\JavaSQL\Java8\apache-tomcat-8.5.24\webapps\S2]
10-Apr-2024 15:53:43.874 INFO [localhost-startStop-1] org.apache.jasper.servlet.TldScanner.scanJars At least one JAR was scanned for TLDs yet contained no TLDs. Enable debug logging for this logger for a complete list of JARs that were scanned but no TLDs were found in them. Skipping unneeded JARs during scanning can improve startup time and JSP compilation time.
10-Apr-2024 15:53:43.875 INFO [localhost-startStop-1] org.apache.catalina.startup.HostConfig.deployDirectory Deployment of web application directory [D:\JavaSQL\Java8\apache-tomcat-8.5.24\webapps\S2] has finished in [39] ms
10-Apr-2024 15:53:43.875 INFO [main] org.apache.coyote.AbstractProtocol.start Starting ProtocolHandler ["http-nio-8082"]
10-Apr-2024 15:53:43.890 INFO [main] org.apache.coyote.AbstractProtocol.start Starting ProtocolHandler ["ajp-nio-8009"]
10-Apr-2024 15:53:43.892 INFO [main] org.apache.catalina.startup.Catalina.start Server startup in 881 ms
10-Apr-2024 15:55:03.929 INFO [ContainerBackgroundProcessor[StandardEngine[Catalina]]] org.apache.catalina.startup.HostConfig.reload Reloading context [/S2]
10-Apr-2024 15:55:03.929 INFO [ContainerBackgroundProcessor[StandardEngine[Catalina]]] org.apache.catalina.core.StandardContext.reload Reloading Context with name [/S2] has started
10-Apr-2024 15:55:03.986 SEVERE [ContainerBackgroundProcessor[StandardEngine[Catalina]]] org.apache.tomcat.util.digester.Digester.fatalError Parse Fatal Error at line 12 column 1: XML document structures must start and end within the same entity.
 org.xml.sax.SAXParseException; systemId: file:/D:/JavaSQL/Java8/apache-tomcat-8.5.24/webapps/S2/WEB-INF/web.xml; lineNumber: 12; columnNumber: 1; XML document structures must start and end within the same entity.
	at com.sun.org.apache.xerces.internal.util.ErrorHandlerWrapper.createSAXParseException(ErrorHandlerWrapper.java:203)
	at com.sun.org.apache.xerces.internal.util.ErrorHandlerWrapper.fatalError(ErrorHandlerWrapper.java:177)
	at com.sun.org.apache.xerces.internal.impl.XMLErrorReporter.reportError(XMLErrorReporter.java:400)
	at com.sun.org.apache.xerces.internal.impl.XMLErrorReporter.reportError(XMLErrorReporter.java:327)
	at com.sun.org.apache.xerces.internal.impl.XMLScanner.reportFatalError(XMLScanner.java:1472)
	at com.sun.org.apache.xerces.internal.impl.XMLDocumentFragmentScannerImpl.endEntity(XMLDocumentFragmentScannerImpl.java:899)
	at com.sun.org.apache.xerces.internal.impl.XMLDocumentScannerImpl.endEntity(XMLDocumentScannerImpl.java:559)
	at com.sun.org.apache.xerces.internal.impl.XMLEntityManager.endEntity(XMLEntityManager.java:1398)
	at com.sun.org.apache.xerces.internal.impl.XMLEntityScanner.load(XMLEntityScanner.java:1916)
	at com.sun.org.apache.xerces.internal.impl.XMLEntityScanner.skipChar(XMLEntityScanner.java:1551)
	at com.sun.org.apache.xerces.internal.impl.XMLDocumentFragmentScannerImpl$FragmentContentDriver.next(XMLDocumentFragmentScannerImpl.java:2821)
	at com.sun.org.apache.xerces.internal.impl.XMLDocumentScannerImpl.next(XMLDocumentScannerImpl.java:602)
	at com.sun.org.apache.xerces.internal.impl.XMLDocumentFragmentScannerImpl.scanDocument(XMLDocumentFragmentScannerImpl.java:505)
	at com.sun.org.apache.xerces.internal.parsers.XML11Configuration.parse(XML11Configuration.java:841)
	at com.sun.org.apache.xerces.internal.parsers.XML11Configuration.parse(XML11Configuration.java:770)
	at com.sun.org.apache.xerces.internal.parsers.XMLParser.parse(XMLParser.java:141)
	at com.sun.org.apache.xerces.internal.parsers.AbstractSAXParser.parse(AbstractSAXParser.java:1213)
	at com.sun.org.apache.xerces.internal.jaxp.SAXParserImpl$JAXPSAXParser.parse(SAXParserImpl.java:643)
	at org.apache.tomcat.util.digester.Digester.parse(Digester.java:1518)
	at org.apache.tomcat.util.descriptor.web.WebXmlParser.parseWebXml(WebXmlParser.java:119)
	at org.apache.catalina.startup.ContextConfig.webConfig(ContextConfig.java:1114)
	at org.apache.catalina.startup.ContextConfig.configureStart(ContextConfig.java:775)
	at org.apache.catalina.startup.ContextConfig.lifecycleEvent(ContextConfig.java:299)
	at org.apache.catalina.util.LifecycleBase.fireLifecycleEvent(LifecycleBase.java:94)
	at org.apache.catalina.core.StandardContext.startInternal(StandardContext.java:5105)
	at org.apache.catalina.util.LifecycleBase.start(LifecycleBase.java:150)
	at org.apache.catalina.core.StandardContext.reload(StandardContext.java:3800)
	at org.apache.catalina.startup.HostConfig.reload(HostConfig.java:1411)
	at org.apache.catalina.startup.HostConfig.checkResources(HostConfig.java:1384)
	at org.apache.catalina.startup.HostConfig.check(HostConfig.java:1620)
	at org.apache.catalina.startup.HostConfig.lifecycleEvent(HostConfig.java:314)
	at org.apache.catalina.util.LifecycleBase.fireLifecycleEvent(LifecycleBase.java:94)
	at org.apache.catalina.core.ContainerBase.backgroundProcess(ContainerBase.java:1164)
	at org.apache.catalina.core.ContainerBase$ContainerBackgroundProcessor.processChildren(ContainerBase.java:1388)
	at org.apache.catalina.core.ContainerBase$ContainerBackgroundProcessor.processChildren(ContainerBase.java:1392)
	at org.apache.catalina.core.ContainerBase$ContainerBackgroundProcessor.run(ContainerBase.java:1360)
	at java.lang.Thread.run(Thread.java:748)

10-Apr-2024 15:55:04.003 SEVERE [ContainerBackgroundProcessor[StandardEngine[Catalina]]] org.apache.tomcat.util.descriptor.web.WebXmlParser.parseWebXml Parse error in application web.xml file at [file:/D:/JavaSQL/Java8/apache-tomcat-8.5.24/webapps/S2/WEB-INF/web.xml]
 org.xml.sax.SAXParseException; systemId: file:/D:/JavaSQL/Java8/apache-tomcat-8.5.24/webapps/S2/WEB-INF/web.xml; lineNumber: 12; columnNumber: 1; XML document structures must start and end within the same entity.
	at com.sun.org.apache.xerces.internal.util.ErrorHandlerWrapper.createSAXParseException(ErrorHandlerWrapper.java:203)
	at com.sun.org.apache.xerces.internal.util.ErrorHandlerWrapper.fatalError(ErrorHandlerWrapper.java:177)
	at com.sun.org.apache.xerces.internal.impl.XMLErrorReporter.reportError(XMLErrorReporter.java:400)
	at com.sun.org.apache.xerces.internal.impl.XMLErrorReporter.reportError(XMLErrorReporter.java:327)
	at com.sun.org.apache.xerces.internal.impl.XMLScanner.reportFatalError(XMLScanner.java:1472)
	at com.sun.org.apache.xerces.internal.impl.XMLDocumentFragmentScannerImpl.endEntity(XMLDocumentFragmentScannerImpl.java:899)
	at com.sun.org.apache.xerces.internal.impl.XMLDocumentScannerImpl.endEntity(XMLDocumentScannerImpl.java:559)
	at com.sun.org.apache.xerces.internal.impl.XMLEntityManager.endEntity(XMLEntityManager.java:1398)
	at com.sun.org.apache.xerces.internal.impl.XMLEntityScanner.load(XMLEntityScanner.java:1916)
	at com.sun.org.apache.xerces.internal.impl.XMLEntityScanner.skipChar(XMLEntityScanner.java:1551)
	at com.sun.org.apache.xerces.internal.impl.XMLDocumentFragmentScannerImpl$FragmentContentDriver.next(XMLDocumentFragmentScannerImpl.java:2821)
	at com.sun.org.apache.xerces.internal.impl.XMLDocumentScannerImpl.next(XMLDocumentScannerImpl.java:602)
	at com.sun.org.apache.xerces.internal.impl.XMLDocumentFragmentScannerImpl.scanDocument(XMLDocumentFragmentScannerImpl.java:505)
	at com.sun.org.apache.xerces.internal.parsers.XML11Configuration.parse(XML11Configuration.java:841)
	at com.sun.org.apache.xerces.internal.parsers.XML11Configuration.parse(XML11Configuration.java:770)
	at com.sun.org.apache.xerces.internal.parsers.XMLParser.parse(XMLParser.java:141)
	at com.sun.org.apache.xerces.internal.parsers.AbstractSAXParser.parse(AbstractSAXParser.java:1213)
	at com.sun.org.apache.xerces.internal.jaxp.SAXParserImpl$JAXPSAXParser.parse(SAXParserImpl.java:643)
	at org.apache.tomcat.util.digester.Digester.parse(Digester.java:1518)
	at org.apache.tomcat.util.descriptor.web.WebXmlParser.parseWebXml(WebXmlParser.java:119)
	at org.apache.catalina.startup.ContextConfig.webConfig(ContextConfig.java:1114)
	at org.apache.catalina.startup.ContextConfig.configureStart(ContextConfig.java:775)
	at org.apache.catalina.startup.ContextConfig.lifecycleEvent(ContextConfig.java:299)
	at org.apache.catalina.util.LifecycleBase.fireLifecycleEvent(LifecycleBase.java:94)
	at org.apache.catalina.core.StandardContext.startInternal(StandardContext.java:5105)
	at org.apache.catalina.util.LifecycleBase.start(LifecycleBase.java:150)
	at org.apache.catalina.core.StandardContext.reload(StandardContext.java:3800)
	at org.apache.catalina.startup.HostConfig.reload(HostConfig.java:1411)
	at org.apache.catalina.startup.HostConfig.checkResources(HostConfig.java:1384)
	at org.apache.catalina.startup.HostConfig.check(HostConfig.java:1620)
	at org.apache.catalina.startup.HostConfig.lifecycleEvent(HostConfig.java:314)
	at org.apache.catalina.util.LifecycleBase.fireLifecycleEvent(LifecycleBase.java:94)
	at org.apache.catalina.core.ContainerBase.backgroundProcess(ContainerBase.java:1164)
	at org.apache.catalina.core.ContainerBase$ContainerBackgroundProcessor.processChildren(ContainerBase.java:1388)
	at org.apache.catalina.core.ContainerBase$ContainerBackgroundProcessor.processChildren(ContainerBase.java:1392)
	at org.apache.catalina.core.ContainerBase$ContainerBackgroundProcessor.run(ContainerBase.java:1360)
	at java.lang.Thread.run(Thread.java:748)

10-Apr-2024 15:55:04.003 SEVERE [ContainerBackgroundProcessor[StandardEngine[Catalina]]] org.apache.tomcat.util.descriptor.web.WebXmlParser.parseWebXml Occurred at line [12] column [1]
10-Apr-2024 15:55:04.003 SEVERE [ContainerBackgroundProcessor[StandardEngine[Catalina]]] org.apache.catalina.startup.ContextConfig.configureStart Marking this application unavailable due to previous error(s)
10-Apr-2024 15:55:04.003 SEVERE [ContainerBackgroundProcessor[StandardEngine[Catalina]]] org.apache.catalina.core.StandardContext.startInternal One or more components marked the context as not correctly configured
10-Apr-2024 15:55:04.013 SEVERE [ContainerBackgroundProcessor[StandardEngine[Catalina]]] org.apache.catalina.core.StandardContext.startInternal Context [/S2] startup failed due to previous errors
10-Apr-2024 15:55:04.014 INFO [ContainerBackgroundProcessor[StandardEngine[Catalina]]] org.apache.catalina.core.StandardContext.reload Reloading Context with name [/S2] is completed
10-Apr-2024 15:55:24.034 INFO [ContainerBackgroundProcessor[StandardEngine[Catalina]]] org.apache.catalina.startup.HostConfig.reload Reloading context [/S2]
10-Apr-2024 15:55:24.053 INFO [ContainerBackgroundProcessor[StandardEngine[Catalina]]] org.apache.jasper.servlet.TldScanner.scanJars At least one JAR was scanned for TLDs yet contained no TLDs. Enable debug logging for this logger for a complete list of JARs that were scanned but no TLDs were found in them. Skipping unneeded JARs during scanning can improve startup time and JSP compilation time.
10-Apr-2024 16:14:38.129 INFO [main] org.apache.catalina.core.StandardServer.await A valid shutdown command was received via the shutdown port. Stopping the Server instance.
10-Apr-2024 16:14:38.129 INFO [main] org.apache.coyote.AbstractProtocol.pause Pausing ProtocolHandler ["http-nio-8082"]
10-Apr-2024 16:14:38.340 INFO [main] org.apache.coyote.AbstractProtocol.pause Pausing ProtocolHandler ["ajp-nio-8009"]
10-Apr-2024 16:14:38.509 INFO [main] org.apache.catalina.core.StandardService.stopInternal Stopping service [Catalina]
10-Apr-2024 16:14:38.546 INFO [main] org.apache.coyote.AbstractProtocol.stop Stopping ProtocolHandler ["http-nio-8082"]
10-Apr-2024 16:14:38.546 INFO [main] org.apache.coyote.AbstractProtocol.stop Stopping ProtocolHandler ["ajp-nio-8009"]
10-Apr-2024 16:14:38.556 INFO [main] org.apache.coyote.AbstractProtocol.destroy Destroying ProtocolHandler ["http-nio-8082"]
10-Apr-2024 16:14:38.556 INFO [main] org.apache.coyote.AbstractProtocol.destroy Destroying ProtocolHandler ["ajp-nio-8009"]
10-Apr-2024 16:14:40.818 INFO [main] org.apache.catalina.startup.VersionLoggerListener.log Server version:        Apache Tomcat/8.5.24
10-Apr-2024 16:14:40.819 INFO [main] org.apache.catalina.startup.VersionLoggerListener.log Server built:          Nov 27 2017 13:05:30 UTC
10-Apr-2024 16:14:40.819 INFO [main] org.apache.catalina.startup.VersionLoggerListener.log Server number:         8.5.24.0
10-Apr-2024 16:14:40.820 INFO [main] org.apache.catalina.startup.VersionLoggerListener.log OS Name:               Windows 10
10-Apr-2024 16:14:40.820 INFO [main] org.apache.catalina.startup.VersionLoggerListener.log OS Version:            10.0
10-Apr-2024 16:14:40.820 INFO [main] org.apache.catalina.startup.VersionLoggerListener.log Architecture:          x86
10-Apr-2024 16:14:40.820 INFO [main] org.apache.catalina.startup.VersionLoggerListener.log Java Home:             D:\JavaSQL\Java8\jdk1.8.0_131\jre
10-Apr-2024 16:14:40.820 INFO [main] org.apache.catalina.startup.VersionLoggerListener.log JVM Version:           1.8.0_131-b11
10-Apr-2024 16:14:40.821 INFO [main] org.apache.catalina.startup.VersionLoggerListener.log JVM Vendor:            Oracle Corporation
10-Apr-2024 16:14:40.821 INFO [main] org.apache.catalina.startup.VersionLoggerListener.log CATALINA_BASE:         D:\JavaSQL\Java8\apache-tomcat-8.5.24
10-Apr-2024 16:14:40.821 INFO [main] org.apache.catalina.startup.VersionLoggerListener.log CATALINA_HOME:         D:\JavaSQL\Java8\apache-tomcat-8.5.24
10-Apr-2024 16:14:40.821 INFO [main] org.apache.catalina.startup.VersionLoggerListener.log Command line argument: -Djava.util.logging.config.file=D:\JavaSQL\Java8\apache-tomcat-8.5.24\conf\logging.properties
10-Apr-2024 16:14:40.822 INFO [main] org.apache.catalina.startup.VersionLoggerListener.log Command line argument: -Djava.util.logging.manager=org.apache.juli.ClassLoaderLogManager
10-Apr-2024 16:14:40.822 INFO [main] org.apache.catalina.startup.VersionLoggerListener.log Command line argument: -Djdk.tls.ephemeralDHKeySize=2048
10-Apr-2024 16:14:40.822 INFO [main] org.apache.catalina.startup.VersionLoggerListener.log Command line argument: -Djava.protocol.handler.pkgs=org.apache.catalina.webresources
10-Apr-2024 16:14:40.822 INFO [main] org.apache.catalina.startup.VersionLoggerListener.log Command line argument: -Dignore.endorsed.dirs=
10-Apr-2024 16:14:40.822 INFO [main] org.apache.catalina.startup.VersionLoggerListener.log Command line argument: -Dcatalina.base=D:\JavaSQL\Java8\apache-tomcat-8.5.24
10-Apr-2024 16:14:40.823 INFO [main] org.apache.catalina.startup.VersionLoggerListener.log Command line argument: -Dcatalina.home=D:\JavaSQL\Java8\apache-tomcat-8.5.24
10-Apr-2024 16:14:40.823 INFO [main] org.apache.catalina.startup.VersionLoggerListener.log Command line argument: -Djava.io.tmpdir=D:\JavaSQL\Java8\apache-tomcat-8.5.24\temp
10-Apr-2024 16:14:40.824 INFO [main] org.apache.catalina.core.AprLifecycleListener.lifecycleEvent The APR based Apache Tomcat Native library which allows optimal performance in production environments was not found on the java.library.path: [D:\JavaSQL\Java8\jdk1.8.0_131\bin;C:\WINDOWS\Sun\Java\bin;C:\WINDOWS\system32;C:\WINDOWS;D:\JavaSQL\Java8\jdk1.8.0_131\bin;D:\JavaSQL\Java8\jdk1.8.0_131\db\bin;D:\JavaSQL\Java8\squirrelsql-4.0.0-standard;D:\JavaSQL\Java8\apache-tomcat-8.5.24\bin;C:\Program Files\IBM\ILOG\CPLEX_Studio1210\opl\bin\x64_win64;C:\Program Files\IBM\ILOG\CPLEX_Studio1210\opl\oplide\;C:\Program Files\IBM\ILOG\CPLEX_Studio1210\cplex\bin\x64_win64;C:\Program Files\IBM\ILOG\CPLEX_Studio1210\cpoptimizer\bin\x64_win64;C:\Programs\gurobi1001\win64\bin;C:\Program Files (x86)\NVIDIA Corporation\PhysX\Common;C:\Program Files (x86)\VMware\VMware Player\bin\;C:\Program Files\Eclipse Foundation\jdk-16.0.2.7-hotspot\bin;C:\Program Files\Python38\Scripts\;C:\Program Files\Python38\;C:\WINDOWS\system32;C:\WINDOWS;C:\WINDOWS\System32\Wbem;C:\WINDOWS\System32\WindowsPowerShell\v1.0\;C:\WINDOWS\System32\OpenSSH\;C:\Program Files\dotnet\;C:\Program Files\Microsoft SQL Server\130\Tools\Binn\;C:\Program Files (x86)\dotnet\;C:\Program Files\MATLAB\R2023a\runtime\win64;C:\Program Files\MATLAB\R2023a\bin;C:\Program Files\MATLAB\R2019a\bin;C:\Program Files (x86)\National Instruments\Shared\LabVIEW CLI;C:\Program Files (x86)\IVI Foundation\IVI\bin;C:\Program Files\IVI Foundation\IVI\bin;C:\Program Files (x86)\IVI Foundation\VISA\WinNT\Bin\;C:\Program Files\IVI Foundation\VISA\Win64\Bin\;C:\Program Files (x86)\IVI Foundation\VISA\WinNT\Bin;C:\Program Files\Microsoft SQL Server\Client SDK\ODBC\110\Tools\Binn\;C:\Program Files (x86)\Microsoft SQL Server\120\Tools\Binn\;C:\Program Files\Microsoft SQL Server\120\Tools\Binn\;C:\Program Files\Microsoft SQL Server\120\DTS\Binn\;C:\Program Files (x86)\Windows Kits\8.1\Windows Performance Toolkit\;C:\Program Files\Git\cmd;C:\Program Files\PuTTY\;C:\Program Files\Microsoft VS Code\bin;C:\Program Files\MiKTeX\miktex\bin\x64\;C:\Users\aerrigochan\AppData\Local\Microsoft\WindowsApps;;.]
10-Apr-2024 16:14:40.898 INFO [main] org.apache.coyote.AbstractProtocol.init Initializing ProtocolHandler ["http-nio-8082"]
10-Apr-2024 16:14:45.962 INFO [main] org.apache.tomcat.util.net.NioSelectorPool.getSharedSelector Using a shared selector for servlet write/read
10-Apr-2024 16:14:45.969 INFO [main] org.apache.coyote.AbstractProtocol.init Initializing ProtocolHandler ["ajp-nio-8009"]
10-Apr-2024 16:14:45.969 INFO [main] org.apache.tomcat.util.net.NioSelectorPool.getSharedSelector Using a shared selector for servlet write/read
10-Apr-2024 16:14:45.969 INFO [main] org.apache.catalina.startup.Catalina.load Initialization processed in 5400 ms
10-Apr-2024 16:14:45.989 INFO [main] org.apache.catalina.core.StandardService.startInternal Starting service [Catalina]
10-Apr-2024 16:14:45.989 INFO [main] org.apache.catalina.core.StandardEngine.startInternal Starting Servlet Engine: Apache Tomcat/8.5.24
10-Apr-2024 16:14:46.004 INFO [localhost-startStop-1] org.apache.catalina.startup.HostConfig.deployDirectory Deploying web application directory [D:\JavaSQL\Java8\apache-tomcat-8.5.24\webapps\docs]
10-Apr-2024 16:14:46.189 INFO [localhost-startStop-1] org.apache.jasper.servlet.TldScanner.scanJars At least one JAR was scanned for TLDs yet contained no TLDs. Enable debug logging for this logger for a complete list of JARs that were scanned but no TLDs were found in them. Skipping unneeded JARs during scanning can improve startup time and JSP compilation time.
10-Apr-2024 16:14:46.235 INFO [localhost-startStop-1] org.apache.catalina.startup.HostConfig.deployDirectory Deployment of web application directory [D:\JavaSQL\Java8\apache-tomcat-8.5.24\webapps\docs] has finished in [231] ms
10-Apr-2024 16:14:46.235 INFO [localhost-startStop-1] org.apache.catalina.startup.HostConfig.deployDirectory Deploying web application directory [D:\JavaSQL\Java8\apache-tomcat-8.5.24\webapps\examples]
10-Apr-2024 16:14:46.439 INFO [localhost-startStop-1] org.apache.jasper.servlet.TldScanner.scanJars At least one JAR was scanned for TLDs yet contained no TLDs. Enable debug logging for this logger for a complete list of JARs that were scanned but no TLDs were found in them. Skipping unneeded JARs during scanning can improve startup time and JSP compilation time.
10-Apr-2024 16:14:46.469 INFO [localhost-startStop-1] org.apache.catalina.startup.HostConfig.deployDirectory Deployment of web application directory [D:\JavaSQL\Java8\apache-tomcat-8.5.24\webapps\examples] has finished in [234] ms
10-Apr-2024 16:14:46.469 INFO [localhost-startStop-1] org.apache.catalina.startup.HostConfig.deployDirectory Deploying web application directory [D:\JavaSQL\Java8\apache-tomcat-8.5.24\webapps\host-manager]
10-Apr-2024 16:14:46.502 INFO [localhost-startStop-1] org.apache.jasper.servlet.TldScanner.scanJars At least one JAR was scanned for TLDs yet contained no TLDs. Enable debug logging for this logger for a complete list of JARs that were scanned but no TLDs were found in them. Skipping unneeded JARs during scanning can improve startup time and JSP compilation time.
10-Apr-2024 16:14:46.512 INFO [localhost-startStop-1] org.apache.catalina.startup.HostConfig.deployDirectory Deployment of web application directory [D:\JavaSQL\Java8\apache-tomcat-8.5.24\webapps\host-manager] has finished in [43] ms
10-Apr-2024 16:14:46.512 INFO [localhost-startStop-1] org.apache.catalina.startup.HostConfig.deployDirectory Deploying web application directory [D:\JavaSQL\Java8\apache-tomcat-8.5.24\webapps\ROOT]
10-Apr-2024 16:14:46.519 INFO [localhost-startStop-1] org.apache.jasper.servlet.TldScanner.scanJars At least one JAR was scanned for TLDs yet contained no TLDs. Enable debug logging for this logger for a complete list of JARs that were scanned but no TLDs were found in them. Skipping unneeded JARs during scanning can improve startup time and JSP compilation time.
10-Apr-2024 16:14:46.529 INFO [localhost-startStop-1] org.apache.catalina.startup.HostConfig.deployDirectory Deployment of web application directory [D:\JavaSQL\Java8\apache-tomcat-8.5.24\webapps\ROOT] has finished in [17] ms
10-Apr-2024 16:14:46.529 INFO [localhost-startStop-1] org.apache.catalina.startup.HostConfig.deployDirectory Deploying web application directory [D:\JavaSQL\Java8\apache-tomcat-8.5.24\webapps\SQLServer]
10-Apr-2024 16:14:46.553 INFO [localhost-startStop-1] org.apache.jasper.servlet.TldScanner.scanJars At least one JAR was scanned for TLDs yet contained no TLDs. Enable debug logging for this logger for a complete list of JARs that were scanned but no TLDs were found in them. Skipping unneeded JARs during scanning can improve startup time and JSP compilation time.
10-Apr-2024 16:14:46.553 INFO [localhost-startStop-1] org.apache.catalina.startup.HostConfig.deployDirectory Deployment of web application directory [D:\JavaSQL\Java8\apache-tomcat-8.5.24\webapps\SQLServer] has finished in [24] ms
10-Apr-2024 16:14:46.553 INFO [localhost-startStop-1] org.apache.catalina.startup.HostConfig.deployDirectory Deploying web application directory [D:\JavaSQL\Java8\apache-tomcat-8.5.24\webapps\Servlet1]
10-Apr-2024 16:14:46.569 INFO [localhost-startStop-1] org.apache.jasper.servlet.TldScanner.scanJars At least one JAR was scanned for TLDs yet contained no TLDs. Enable debug logging for this logger for a complete list of JARs that were scanned but no TLDs were found in them. Skipping unneeded JARs during scanning can improve startup time and JSP compilation time.
10-Apr-2024 16:14:46.569 INFO [localhost-startStop-1] org.apache.catalina.startup.HostConfig.deployDirectory Deployment of web application directory [D:\JavaSQL\Java8\apache-tomcat-8.5.24\webapps\Servlet1] has finished in [16] ms
10-Apr-2024 16:14:46.569 INFO [localhost-startStop-1] org.apache.catalina.startup.HostConfig.deployDirectory Deploying web application directory [D:\JavaSQL\Java8\apache-tomcat-8.5.24\webapps\Servlet2]
10-Apr-2024 16:14:46.590 INFO [localhost-startStop-1] org.apache.jasper.servlet.TldScanner.scanJars At least one JAR was scanned for TLDs yet contained no TLDs. Enable debug logging for this logger for a complete list of JARs that were scanned but no TLDs were found in them. Skipping unneeded JARs during scanning can improve startup time and JSP compilation time.
10-Apr-2024 16:14:46.601 INFO [localhost-startStop-1] org.apache.catalina.startup.HostConfig.deployDirectory Deployment of web application directory [D:\JavaSQL\Java8\apache-tomcat-8.5.24\webapps\Servlet2] has finished in [32] ms
10-Apr-2024 16:14:46.602 INFO [localhost-startStop-1] org.apache.catalina.startup.HostConfig.deployDirectory Deploying web application directory [D:\JavaSQL\Java8\apache-tomcat-8.5.24\webapps\Servlet3]
10-Apr-2024 16:14:46.619 INFO [localhost-startStop-1] org.apache.jasper.servlet.TldScanner.scanJars At least one JAR was scanned for TLDs yet contained no TLDs. Enable debug logging for this logger for a complete list of JARs that were scanned but no TLDs were found in them. Skipping unneeded JARs during scanning can improve startup time and JSP compilation time.
10-Apr-2024 16:14:46.619 INFO [localhost-startStop-1] org.apache.catalina.startup.HostConfig.deployDirectory Deployment of web application directory [D:\JavaSQL\Java8\apache-tomcat-8.5.24\webapps\Servlet3] has finished in [17] ms
10-Apr-2024 16:14:46.619 INFO [localhost-startStop-1] org.apache.catalina.startup.HostConfig.deployDirectory Deploying web application directory [D:\JavaSQL\Java8\apache-tomcat-8.5.24\webapps\Servlet4]
10-Apr-2024 16:14:46.636 INFO [localhost-startStop-1] org.apache.jasper.servlet.TldScanner.scanJars At least one JAR was scanned for TLDs yet contained no TLDs. Enable debug logging for this logger for a complete list of JARs that were scanned but no TLDs were found in them. Skipping unneeded JARs during scanning can improve startup time and JSP compilation time.
10-Apr-2024 16:14:46.636 INFO [localhost-startStop-1] org.apache.catalina.startup.HostConfig.deployDirectory Deployment of web application directory [D:\JavaSQL\Java8\apache-tomcat-8.5.24\webapps\Servlet4] has finished in [17] ms
10-Apr-2024 16:14:46.636 INFO [localhost-startStop-1] org.apache.catalina.startup.HostConfig.deployDirectory Deploying web application directory [D:\JavaSQL\Java8\apache-tomcat-8.5.24\webapps\Pract8]
10-Apr-2024 16:14:46.653 INFO [localhost-startStop-1] org.apache.jasper.servlet.TldScanner.scanJars At least one JAR was scanned for TLDs yet contained no TLDs. Enable debug logging for this logger for a complete list of JARs that were scanned but no TLDs were found in them. Skipping unneeded JARs during scanning can improve startup time and JSP compilation time.
10-Apr-2024 16:14:46.663 INFO [localhost-startStop-1] org.apache.catalina.startup.HostConfig.deployDirectory Deployment of web application directory [D:\JavaSQL\Java8\apache-tomcat-8.5.24\webapps\Pract8] has finished in [27] ms
10-Apr-2024 16:14:46.663 INFO [localhost-startStop-1] org.apache.catalina.startup.HostConfig.deployDirectory Deploying web application directory [D:\JavaSQL\Java8\apache-tomcat-8.5.24\webapps\Entrega]
10-Apr-2024 16:14:46.690 INFO [localhost-startStop-1] org.apache.jasper.servlet.TldScanner.scanJars At least one JAR was scanned for TLDs yet contained no TLDs. Enable debug logging for this logger for a complete list of JARs that were scanned but no TLDs were found in them. Skipping unneeded JARs during scanning can improve startup time and JSP compilation time.
10-Apr-2024 16:14:46.690 INFO [localhost-startStop-1] org.apache.catalina.startup.HostConfig.deployDirectory Deployment of web application directory [D:\JavaSQL\Java8\apache-tomcat-8.5.24\webapps\Entrega] has finished in [27] ms
10-Apr-2024 16:14:46.690 INFO [localhost-startStop-1] org.apache.catalina.startup.HostConfig.deployDirectory Deploying web application directory [D:\JavaSQL\Java8\apache-tomcat-8.5.24\webapps\matrices8]
10-Apr-2024 16:14:46.712 INFO [localhost-startStop-1] org.apache.jasper.servlet.TldScanner.scanJars At least one JAR was scanned for TLDs yet contained no TLDs. Enable debug logging for this logger for a complete list of JARs that were scanned but no TLDs were found in them. Skipping unneeded JARs during scanning can improve startup time and JSP compilation time.
10-Apr-2024 16:14:46.712 INFO [localhost-startStop-1] org.apache.catalina.startup.HostConfig.deployDirectory Deployment of web application directory [D:\JavaSQL\Java8\apache-tomcat-8.5.24\webapps\matrices8] has finished in [22] ms
10-Apr-2024 16:14:46.712 INFO [localhost-startStop-1] org.apache.catalina.startup.HostConfig.deployDirectory Deploying web application directory [D:\JavaSQL\Java8\apache-tomcat-8.5.24\webapps\TD_E18]
10-Apr-2024 16:14:46.740 INFO [localhost-startStop-1] org.apache.jasper.servlet.TldScanner.scanJars At least one JAR was scanned for TLDs yet contained no TLDs. Enable debug logging for this logger for a complete list of JARs that were scanned but no TLDs were found in them. Skipping unneeded JARs during scanning can improve startup time and JSP compilation time.
10-Apr-2024 16:14:46.740 INFO [localhost-startStop-1] org.apache.catalina.startup.HostConfig.deployDirectory Deployment of web application directory [D:\JavaSQL\Java8\apache-tomcat-8.5.24\webapps\TD_E18] has finished in [28] ms
10-Apr-2024 16:14:46.740 INFO [localhost-startStop-1] org.apache.catalina.startup.HostConfig.deployDirectory Deploying web application directory [D:\JavaSQL\Java8\apache-tomcat-8.5.24\webapps\TD_E30]
10-Apr-2024 16:14:46.769 INFO [localhost-startStop-1] org.apache.jasper.servlet.TldScanner.scanJars At least one JAR was scanned for TLDs yet contained no TLDs. Enable debug logging for this logger for a complete list of JARs that were scanned but no TLDs were found in them. Skipping unneeded JARs during scanning can improve startup time and JSP compilation time.
10-Apr-2024 16:14:46.769 INFO [localhost-startStop-1] org.apache.catalina.startup.HostConfig.deployDirectory Deployment of web application directory [D:\JavaSQL\Java8\apache-tomcat-8.5.24\webapps\TD_E30] has finished in [29] ms
10-Apr-2024 16:14:46.769 INFO [localhost-startStop-1] org.apache.catalina.startup.HostConfig.deployDirectory Deploying web application directory [D:\JavaSQL\Java8\apache-tomcat-8.5.24\webapps\TB15]
10-Apr-2024 16:14:46.790 INFO [localhost-startStop-1] org.apache.jasper.servlet.TldScanner.scanJars At least one JAR was scanned for TLDs yet contained no TLDs. Enable debug logging for this logger for a complete list of JARs that were scanned but no TLDs were found in them. Skipping unneeded JARs during scanning can improve startup time and JSP compilation time.
10-Apr-2024 16:14:46.790 INFO [localhost-startStop-1] org.apache.catalina.startup.HostConfig.deployDirectory Deployment of web application directory [D:\JavaSQL\Java8\apache-tomcat-8.5.24\webapps\TB15] has finished in [21] ms
10-Apr-2024 16:14:46.790 INFO [localhost-startStop-1] org.apache.catalina.startup.HostConfig.deployDirectory Deploying web application directory [D:\JavaSQL\Java8\apache-tomcat-8.5.24\webapps\S2]
10-Apr-2024 16:14:46.829 INFO [localhost-startStop-1] org.apache.jasper.servlet.TldScanner.scanJars At least one JAR was scanned for TLDs yet contained no TLDs. Enable debug logging for this logger for a complete list of JARs that were scanned but no TLDs were found in them. Skipping unneeded JARs during scanning can improve startup time and JSP compilation time.
10-Apr-2024 16:14:46.829 INFO [localhost-startStop-1] org.apache.catalina.startup.HostConfig.deployDirectory Deployment of web application directory [D:\JavaSQL\Java8\apache-tomcat-8.5.24\webapps\S2] has finished in [39] ms
10-Apr-2024 16:14:46.840 INFO [main] org.apache.coyote.AbstractProtocol.start Starting ProtocolHandler ["http-nio-8082"]
10-Apr-2024 16:14:46.840 INFO [main] org.apache.coyote.AbstractProtocol.start Starting ProtocolHandler ["ajp-nio-8009"]
10-Apr-2024 16:14:46.840 INFO [main] org.apache.catalina.startup.Catalina.start Server startup in 876 ms
10-Apr-2024 16:37:32.149 INFO [main] org.apache.catalina.core.StandardServer.await A valid shutdown command was received via the shutdown port. Stopping the Server instance.
10-Apr-2024 16:37:32.149 INFO [main] org.apache.coyote.AbstractProtocol.pause Pausing ProtocolHandler ["http-nio-8082"]
10-Apr-2024 16:37:32.350 INFO [main] org.apache.coyote.AbstractProtocol.pause Pausing ProtocolHandler ["ajp-nio-8009"]
10-Apr-2024 16:37:32.489 INFO [main] org.apache.catalina.core.StandardService.stopInternal Stopping service [Catalina]
10-Apr-2024 16:37:32.549 INFO [main] org.apache.coyote.AbstractProtocol.stop Stopping ProtocolHandler ["http-nio-8082"]
10-Apr-2024 16:37:32.549 INFO [main] org.apache.coyote.AbstractProtocol.stop Stopping ProtocolHandler ["ajp-nio-8009"]
10-Apr-2024 16:37:32.549 INFO [main] org.apache.coyote.AbstractProtocol.destroy Destroying ProtocolHandler ["http-nio-8082"]
10-Apr-2024 16:37:32.549 INFO [main] org.apache.coyote.AbstractProtocol.destroy Destroying ProtocolHandler ["ajp-nio-8009"]
10-Apr-2024 16:37:35.475 INFO [main] org.apache.catalina.startup.VersionLoggerListener.log Server version:        Apache Tomcat/8.5.24
10-Apr-2024 16:37:35.485 INFO [main] org.apache.catalina.startup.VersionLoggerListener.log Server built:          Nov 27 2017 13:05:30 UTC
10-Apr-2024 16:37:35.485 INFO [main] org.apache.catalina.startup.VersionLoggerListener.log Server number:         8.5.24.0
10-Apr-2024 16:37:35.485 INFO [main] org.apache.catalina.startup.VersionLoggerListener.log OS Name:               Windows 10
10-Apr-2024 16:37:35.485 INFO [main] org.apache.catalina.startup.VersionLoggerListener.log OS Version:            10.0
10-Apr-2024 16:37:35.485 INFO [main] org.apache.catalina.startup.VersionLoggerListener.log Architecture:          x86
10-Apr-2024 16:37:35.485 INFO [main] org.apache.catalina.startup.VersionLoggerListener.log Java Home:             D:\JavaSQL\Java8\jdk1.8.0_131\jre
10-Apr-2024 16:37:35.485 INFO [main] org.apache.catalina.startup.VersionLoggerListener.log JVM Version:           1.8.0_131-b11
10-Apr-2024 16:37:35.485 INFO [main] org.apache.catalina.startup.VersionLoggerListener.log JVM Vendor:            Oracle Corporation
10-Apr-2024 16:37:35.485 INFO [main] org.apache.catalina.startup.VersionLoggerListener.log CATALINA_BASE:         D:\JavaSQL\Java8\apache-tomcat-8.5.24
10-Apr-2024 16:37:35.485 INFO [main] org.apache.catalina.startup.VersionLoggerListener.log CATALINA_HOME:         D:\JavaSQL\Java8\apache-tomcat-8.5.24
10-Apr-2024 16:37:35.485 INFO [main] org.apache.catalina.startup.VersionLoggerListener.log Command line argument: -Djava.util.logging.config.file=D:\JavaSQL\Java8\apache-tomcat-8.5.24\conf\logging.properties
10-Apr-2024 16:37:35.485 INFO [main] org.apache.catalina.startup.VersionLoggerListener.log Command line argument: -Djava.util.logging.manager=org.apache.juli.ClassLoaderLogManager
10-Apr-2024 16:37:35.485 INFO [main] org.apache.catalina.startup.VersionLoggerListener.log Command line argument: -Djdk.tls.ephemeralDHKeySize=2048
10-Apr-2024 16:37:35.485 INFO [main] org.apache.catalina.startup.VersionLoggerListener.log Command line argument: -Djava.protocol.handler.pkgs=org.apache.catalina.webresources
10-Apr-2024 16:37:35.485 INFO [main] org.apache.catalina.startup.VersionLoggerListener.log Command line argument: -Dignore.endorsed.dirs=
10-Apr-2024 16:37:35.485 INFO [main] org.apache.catalina.startup.VersionLoggerListener.log Command line argument: -Dcatalina.base=D:\JavaSQL\Java8\apache-tomcat-8.5.24
10-Apr-2024 16:37:35.485 INFO [main] org.apache.catalina.startup.VersionLoggerListener.log Command line argument: -Dcatalina.home=D:\JavaSQL\Java8\apache-tomcat-8.5.24
10-Apr-2024 16:37:35.485 INFO [main] org.apache.catalina.startup.VersionLoggerListener.log Command line argument: -Djava.io.tmpdir=D:\JavaSQL\Java8\apache-tomcat-8.5.24\temp
10-Apr-2024 16:37:35.485 INFO [main] org.apache.catalina.core.AprLifecycleListener.lifecycleEvent The APR based Apache Tomcat Native library which allows optimal performance in production environments was not found on the java.library.path: [D:\JavaSQL\Java8\jdk1.8.0_131\bin;C:\WINDOWS\Sun\Java\bin;C:\WINDOWS\system32;C:\WINDOWS;D:\JavaSQL\Java8\jdk1.8.0_131\bin;D:\JavaSQL\Java8\jdk1.8.0_131\db\bin;D:\JavaSQL\Java8\squirrelsql-4.0.0-standard;D:\JavaSQL\Java8\apache-tomcat-8.5.24\bin;C:\Program Files\IBM\ILOG\CPLEX_Studio1210\opl\bin\x64_win64;C:\Program Files\IBM\ILOG\CPLEX_Studio1210\opl\oplide\;C:\Program Files\IBM\ILOG\CPLEX_Studio1210\cplex\bin\x64_win64;C:\Program Files\IBM\ILOG\CPLEX_Studio1210\cpoptimizer\bin\x64_win64;C:\Programs\gurobi1001\win64\bin;C:\Program Files (x86)\NVIDIA Corporation\PhysX\Common;C:\Program Files (x86)\VMware\VMware Player\bin\;C:\Program Files\Eclipse Foundation\jdk-16.0.2.7-hotspot\bin;C:\Program Files\Python38\Scripts\;C:\Program Files\Python38\;C:\WINDOWS\system32;C:\WINDOWS;C:\WINDOWS\System32\Wbem;C:\WINDOWS\System32\WindowsPowerShell\v1.0\;C:\WINDOWS\System32\OpenSSH\;C:\Program Files\dotnet\;C:\Program Files\Microsoft SQL Server\130\Tools\Binn\;C:\Program Files (x86)\dotnet\;C:\Program Files\MATLAB\R2023a\runtime\win64;C:\Program Files\MATLAB\R2023a\bin;C:\Program Files\MATLAB\R2019a\bin;C:\Program Files (x86)\National Instruments\Shared\LabVIEW CLI;C:\Program Files (x86)\IVI Foundation\IVI\bin;C:\Program Files\IVI Foundation\IVI\bin;C:\Program Files (x86)\IVI Foundation\VISA\WinNT\Bin\;C:\Program Files\IVI Foundation\VISA\Win64\Bin\;C:\Program Files (x86)\IVI Foundation\VISA\WinNT\Bin;C:\Program Files\Microsoft SQL Server\Client SDK\ODBC\110\Tools\Binn\;C:\Program Files (x86)\Microsoft SQL Server\120\Tools\Binn\;C:\Program Files\Microsoft SQL Server\120\Tools\Binn\;C:\Program Files\Microsoft SQL Server\120\DTS\Binn\;C:\Program Files (x86)\Windows Kits\8.1\Windows Performance Toolkit\;C:\Program Files\Git\cmd;C:\Program Files\PuTTY\;C:\Program Files\Microsoft VS Code\bin;C:\Program Files\MiKTeX\miktex\bin\x64\;C:\Users\aerrigochan\AppData\Local\Microsoft\WindowsApps;;.]
10-Apr-2024 16:37:35.565 INFO [main] org.apache.coyote.AbstractProtocol.init Initializing ProtocolHandler ["http-nio-8082"]
10-Apr-2024 16:37:40.608 INFO [main] org.apache.tomcat.util.net.NioSelectorPool.getSharedSelector Using a shared selector for servlet write/read
10-Apr-2024 16:37:40.618 INFO [main] org.apache.coyote.AbstractProtocol.init Initializing ProtocolHandler ["ajp-nio-8009"]
10-Apr-2024 16:37:40.618 INFO [main] org.apache.tomcat.util.net.NioSelectorPool.getSharedSelector Using a shared selector for servlet write/read
10-Apr-2024 16:37:40.618 INFO [main] org.apache.catalina.startup.Catalina.load Initialization processed in 5365 ms
10-Apr-2024 16:37:40.638 INFO [main] org.apache.catalina.core.StandardService.startInternal Starting service [Catalina]
10-Apr-2024 16:37:40.638 INFO [main] org.apache.catalina.core.StandardEngine.startInternal Starting Servlet Engine: Apache Tomcat/8.5.24
10-Apr-2024 16:37:40.648 INFO [localhost-startStop-1] org.apache.catalina.startup.HostConfig.deployDirectory Deploying web application directory [D:\JavaSQL\Java8\apache-tomcat-8.5.24\webapps\docs]
10-Apr-2024 16:37:40.837 INFO [localhost-startStop-1] org.apache.jasper.servlet.TldScanner.scanJars At least one JAR was scanned for TLDs yet contained no TLDs. Enable debug logging for this logger for a complete list of JARs that were scanned but no TLDs were found in them. Skipping unneeded JARs during scanning can improve startup time and JSP compilation time.
10-Apr-2024 16:37:40.871 INFO [localhost-startStop-1] org.apache.catalina.startup.HostConfig.deployDirectory Deployment of web application directory [D:\JavaSQL\Java8\apache-tomcat-8.5.24\webapps\docs] has finished in [223] ms
10-Apr-2024 16:37:40.871 INFO [localhost-startStop-1] org.apache.catalina.startup.HostConfig.deployDirectory Deploying web application directory [D:\JavaSQL\Java8\apache-tomcat-8.5.24\webapps\examples]
10-Apr-2024 16:37:41.058 INFO [localhost-startStop-1] org.apache.jasper.servlet.TldScanner.scanJars At least one JAR was scanned for TLDs yet contained no TLDs. Enable debug logging for this logger for a complete list of JARs that were scanned but no TLDs were found in them. Skipping unneeded JARs during scanning can improve startup time and JSP compilation time.
10-Apr-2024 16:37:41.088 INFO [localhost-startStop-1] org.apache.catalina.startup.HostConfig.deployDirectory Deployment of web application directory [D:\JavaSQL\Java8\apache-tomcat-8.5.24\webapps\examples] has finished in [217] ms
10-Apr-2024 16:37:41.088 INFO [localhost-startStop-1] org.apache.catalina.startup.HostConfig.deployDirectory Deploying web application directory [D:\JavaSQL\Java8\apache-tomcat-8.5.24\webapps\host-manager]
10-Apr-2024 16:37:41.121 INFO [localhost-startStop-1] org.apache.jasper.servlet.TldScanner.scanJars At least one JAR was scanned for TLDs yet contained no TLDs. Enable debug logging for this logger for a complete list of JARs that were scanned but no TLDs were found in them. Skipping unneeded JARs during scanning can improve startup time and JSP compilation time.
10-Apr-2024 16:37:41.131 INFO [localhost-startStop-1] org.apache.catalina.startup.HostConfig.deployDirectory Deployment of web application directory [D:\JavaSQL\Java8\apache-tomcat-8.5.24\webapps\host-manager] has finished in [43] ms
10-Apr-2024 16:37:41.131 INFO [localhost-startStop-1] org.apache.catalina.startup.HostConfig.deployDirectory Deploying web application directory [D:\JavaSQL\Java8\apache-tomcat-8.5.24\webapps\ROOT]
10-Apr-2024 16:37:41.138 INFO [localhost-startStop-1] org.apache.jasper.servlet.TldScanner.scanJars At least one JAR was scanned for TLDs yet contained no TLDs. Enable debug logging for this logger for a complete list of JARs that were scanned but no TLDs were found in them. Skipping unneeded JARs during scanning can improve startup time and JSP compilation time.
10-Apr-2024 16:37:41.148 INFO [localhost-startStop-1] org.apache.catalina.startup.HostConfig.deployDirectory Deployment of web application directory [D:\JavaSQL\Java8\apache-tomcat-8.5.24\webapps\ROOT] has finished in [17] ms
10-Apr-2024 16:37:41.148 INFO [localhost-startStop-1] org.apache.catalina.startup.HostConfig.deployDirectory Deploying web application directory [D:\JavaSQL\Java8\apache-tomcat-8.5.24\webapps\SQLServer]
10-Apr-2024 16:37:41.168 INFO [localhost-startStop-1] org.apache.jasper.servlet.TldScanner.scanJars At least one JAR was scanned for TLDs yet contained no TLDs. Enable debug logging for this logger for a complete list of JARs that were scanned but no TLDs were found in them. Skipping unneeded JARs during scanning can improve startup time and JSP compilation time.
10-Apr-2024 16:37:41.171 INFO [localhost-startStop-1] org.apache.catalina.startup.HostConfig.deployDirectory Deployment of web application directory [D:\JavaSQL\Java8\apache-tomcat-8.5.24\webapps\SQLServer] has finished in [23] ms
10-Apr-2024 16:37:41.171 INFO [localhost-startStop-1] org.apache.catalina.startup.HostConfig.deployDirectory Deploying web application directory [D:\JavaSQL\Java8\apache-tomcat-8.5.24\webapps\Servlet1]
10-Apr-2024 16:37:41.188 INFO [localhost-startStop-1] org.apache.jasper.servlet.TldScanner.scanJars At least one JAR was scanned for TLDs yet contained no TLDs. Enable debug logging for this logger for a complete list of JARs that were scanned but no TLDs were found in them. Skipping unneeded JARs during scanning can improve startup time and JSP compilation time.
10-Apr-2024 16:37:41.188 INFO [localhost-startStop-1] org.apache.catalina.startup.HostConfig.deployDirectory Deployment of web application directory [D:\JavaSQL\Java8\apache-tomcat-8.5.24\webapps\Servlet1] has finished in [17] ms
10-Apr-2024 16:37:41.188 INFO [localhost-startStop-1] org.apache.catalina.startup.HostConfig.deployDirectory Deploying web application directory [D:\JavaSQL\Java8\apache-tomcat-8.5.24\webapps\Servlet2]
10-Apr-2024 16:37:41.208 INFO [localhost-startStop-1] org.apache.jasper.servlet.TldScanner.scanJars At least one JAR was scanned for TLDs yet contained no TLDs. Enable debug logging for this logger for a complete list of JARs that were scanned but no TLDs were found in them. Skipping unneeded JARs during scanning can improve startup time and JSP compilation time.
10-Apr-2024 16:37:41.208 INFO [localhost-startStop-1] org.apache.catalina.startup.HostConfig.deployDirectory Deployment of web application directory [D:\JavaSQL\Java8\apache-tomcat-8.5.24\webapps\Servlet2] has finished in [20] ms
10-Apr-2024 16:37:41.208 INFO [localhost-startStop-1] org.apache.catalina.startup.HostConfig.deployDirectory Deploying web application directory [D:\JavaSQL\Java8\apache-tomcat-8.5.24\webapps\Servlet3]
10-Apr-2024 16:37:41.231 INFO [localhost-startStop-1] org.apache.jasper.servlet.TldScanner.scanJars At least one JAR was scanned for TLDs yet contained no TLDs. Enable debug logging for this logger for a complete list of JARs that were scanned but no TLDs were found in them. Skipping unneeded JARs during scanning can improve startup time and JSP compilation time.
10-Apr-2024 16:37:41.231 INFO [localhost-startStop-1] org.apache.catalina.startup.HostConfig.deployDirectory Deployment of web application directory [D:\JavaSQL\Java8\apache-tomcat-8.5.24\webapps\Servlet3] has finished in [23] ms
10-Apr-2024 16:37:41.231 INFO [localhost-startStop-1] org.apache.catalina.startup.HostConfig.deployDirectory Deploying web application directory [D:\JavaSQL\Java8\apache-tomcat-8.5.24\webapps\Servlet4]
10-Apr-2024 16:37:41.248 INFO [localhost-startStop-1] org.apache.jasper.servlet.TldScanner.scanJars At least one JAR was scanned for TLDs yet contained no TLDs. Enable debug logging for this logger for a complete list of JARs that were scanned but no TLDs were found in them. Skipping unneeded JARs during scanning can improve startup time and JSP compilation time.
10-Apr-2024 16:37:41.248 INFO [localhost-startStop-1] org.apache.catalina.startup.HostConfig.deployDirectory Deployment of web application directory [D:\JavaSQL\Java8\apache-tomcat-8.5.24\webapps\Servlet4] has finished in [17] ms
10-Apr-2024 16:37:41.248 INFO [localhost-startStop-1] org.apache.catalina.startup.HostConfig.deployDirectory Deploying web application directory [D:\JavaSQL\Java8\apache-tomcat-8.5.24\webapps\Pract8]
10-Apr-2024 16:37:41.268 INFO [localhost-startStop-1] org.apache.jasper.servlet.TldScanner.scanJars At least one JAR was scanned for TLDs yet contained no TLDs. Enable debug logging for this logger for a complete list of JARs that were scanned but no TLDs were found in them. Skipping unneeded JARs during scanning can improve startup time and JSP compilation time.
10-Apr-2024 16:37:41.271 INFO [localhost-startStop-1] org.apache.catalina.startup.HostConfig.deployDirectory Deployment of web application directory [D:\JavaSQL\Java8\apache-tomcat-8.5.24\webapps\Pract8] has finished in [23] ms
10-Apr-2024 16:37:41.271 INFO [localhost-startStop-1] org.apache.catalina.startup.HostConfig.deployDirectory Deploying web application directory [D:\JavaSQL\Java8\apache-tomcat-8.5.24\webapps\Entrega]
10-Apr-2024 16:37:41.288 INFO [localhost-startStop-1] org.apache.jasper.servlet.TldScanner.scanJars At least one JAR was scanned for TLDs yet contained no TLDs. Enable debug logging for this logger for a complete list of JARs that were scanned but no TLDs were found in them. Skipping unneeded JARs during scanning can improve startup time and JSP compilation time.
10-Apr-2024 16:37:41.288 INFO [localhost-startStop-1] org.apache.catalina.startup.HostConfig.deployDirectory Deployment of web application directory [D:\JavaSQL\Java8\apache-tomcat-8.5.24\webapps\Entrega] has finished in [17] ms
10-Apr-2024 16:37:41.288 INFO [localhost-startStop-1] org.apache.catalina.startup.HostConfig.deployDirectory Deploying web application directory [D:\JavaSQL\Java8\apache-tomcat-8.5.24\webapps\matrices8]
10-Apr-2024 16:37:41.308 INFO [localhost-startStop-1] org.apache.jasper.servlet.TldScanner.scanJars At least one JAR was scanned for TLDs yet contained no TLDs. Enable debug logging for this logger for a complete list of JARs that were scanned but no TLDs were found in them. Skipping unneeded JARs during scanning can improve startup time and JSP compilation time.
10-Apr-2024 16:37:41.318 INFO [localhost-startStop-1] org.apache.catalina.startup.HostConfig.deployDirectory Deployment of web application directory [D:\JavaSQL\Java8\apache-tomcat-8.5.24\webapps\matrices8] has finished in [30] ms
10-Apr-2024 16:37:41.318 INFO [localhost-startStop-1] org.apache.catalina.startup.HostConfig.deployDirectory Deploying web application directory [D:\JavaSQL\Java8\apache-tomcat-8.5.24\webapps\TD_E18]
10-Apr-2024 16:37:41.338 INFO [localhost-startStop-1] org.apache.jasper.servlet.TldScanner.scanJars At least one JAR was scanned for TLDs yet contained no TLDs. Enable debug logging for this logger for a complete list of JARs that were scanned but no TLDs were found in them. Skipping unneeded JARs during scanning can improve startup time and JSP compilation time.
10-Apr-2024 16:37:41.338 INFO [localhost-startStop-1] org.apache.catalina.startup.HostConfig.deployDirectory Deployment of web application directory [D:\JavaSQL\Java8\apache-tomcat-8.5.24\webapps\TD_E18] has finished in [20] ms
10-Apr-2024 16:37:41.338 INFO [localhost-startStop-1] org.apache.catalina.startup.HostConfig.deployDirectory Deploying web application directory [D:\JavaSQL\Java8\apache-tomcat-8.5.24\webapps\TD_E30]
10-Apr-2024 16:37:41.368 INFO [localhost-startStop-1] org.apache.jasper.servlet.TldScanner.scanJars At least one JAR was scanned for TLDs yet contained no TLDs. Enable debug logging for this logger for a complete list of JARs that were scanned but no TLDs were found in them. Skipping unneeded JARs during scanning can improve startup time and JSP compilation time.
10-Apr-2024 16:37:41.368 INFO [localhost-startStop-1] org.apache.catalina.startup.HostConfig.deployDirectory Deployment of web application directory [D:\JavaSQL\Java8\apache-tomcat-8.5.24\webapps\TD_E30] has finished in [30] ms
10-Apr-2024 16:37:41.368 INFO [localhost-startStop-1] org.apache.catalina.startup.HostConfig.deployDirectory Deploying web application directory [D:\JavaSQL\Java8\apache-tomcat-8.5.24\webapps\TB15]
10-Apr-2024 16:37:41.388 INFO [localhost-startStop-1] org.apache.jasper.servlet.TldScanner.scanJars At least one JAR was scanned for TLDs yet contained no TLDs. Enable debug logging for this logger for a complete list of JARs that were scanned but no TLDs were found in them. Skipping unneeded JARs during scanning can improve startup time and JSP compilation time.
10-Apr-2024 16:37:41.388 INFO [localhost-startStop-1] org.apache.catalina.startup.HostConfig.deployDirectory Deployment of web application directory [D:\JavaSQL\Java8\apache-tomcat-8.5.24\webapps\TB15] has finished in [20] ms
10-Apr-2024 16:37:41.388 INFO [localhost-startStop-1] org.apache.catalina.startup.HostConfig.deployDirectory Deploying web application directory [D:\JavaSQL\Java8\apache-tomcat-8.5.24\webapps\S2]
10-Apr-2024 16:37:41.422 INFO [localhost-startStop-1] org.apache.jasper.servlet.TldScanner.scanJars At least one JAR was scanned for TLDs yet contained no TLDs. Enable debug logging for this logger for a complete list of JARs that were scanned but no TLDs were found in them. Skipping unneeded JARs during scanning can improve startup time and JSP compilation time.
10-Apr-2024 16:37:41.422 INFO [localhost-startStop-1] org.apache.catalina.startup.HostConfig.deployDirectory Deployment of web application directory [D:\JavaSQL\Java8\apache-tomcat-8.5.24\webapps\S2] has finished in [34] ms
10-Apr-2024 16:37:41.432 INFO [main] org.apache.coyote.AbstractProtocol.start Starting ProtocolHandler ["http-nio-8082"]
10-Apr-2024 16:37:41.438 INFO [main] org.apache.coyote.AbstractProtocol.start Starting ProtocolHandler ["ajp-nio-8009"]
10-Apr-2024 16:37:41.438 INFO [main] org.apache.catalina.startup.Catalina.start Server startup in 822 ms
10-Apr-2024 16:48:12.298 INFO [main] org.apache.catalina.core.StandardServer.await A valid shutdown command was received via the shutdown port. Stopping the Server instance.
10-Apr-2024 16:48:12.298 INFO [main] org.apache.coyote.AbstractProtocol.pause Pausing ProtocolHandler ["http-nio-8082"]
10-Apr-2024 16:48:12.498 INFO [main] org.apache.coyote.AbstractProtocol.pause Pausing ProtocolHandler ["ajp-nio-8009"]
10-Apr-2024 16:48:12.648 INFO [main] org.apache.catalina.core.StandardService.stopInternal Stopping service [Catalina]
10-Apr-2024 16:48:12.688 INFO [main] org.apache.coyote.AbstractProtocol.stop Stopping ProtocolHandler ["http-nio-8082"]
10-Apr-2024 16:48:12.698 INFO [main] org.apache.coyote.AbstractProtocol.stop Stopping ProtocolHandler ["ajp-nio-8009"]
10-Apr-2024 16:48:12.698 INFO [main] org.apache.coyote.AbstractProtocol.destroy Destroying ProtocolHandler ["http-nio-8082"]
10-Apr-2024 16:48:12.698 INFO [main] org.apache.coyote.AbstractProtocol.destroy Destroying ProtocolHandler ["ajp-nio-8009"]
10-Apr-2024 16:49:23.563 INFO [main] org.apache.catalina.startup.VersionLoggerListener.log Server version:        Apache Tomcat/8.5.24
10-Apr-2024 16:49:23.563 INFO [main] org.apache.catalina.startup.VersionLoggerListener.log Server built:          Nov 27 2017 13:05:30 UTC
10-Apr-2024 16:49:23.563 INFO [main] org.apache.catalina.startup.VersionLoggerListener.log Server number:         8.5.24.0
10-Apr-2024 16:49:23.563 INFO [main] org.apache.catalina.startup.VersionLoggerListener.log OS Name:               Windows 10
10-Apr-2024 16:49:23.563 INFO [main] org.apache.catalina.startup.VersionLoggerListener.log OS Version:            10.0
10-Apr-2024 16:49:23.563 INFO [main] org.apache.catalina.startup.VersionLoggerListener.log Architecture:          x86
10-Apr-2024 16:49:23.563 INFO [main] org.apache.catalina.startup.VersionLoggerListener.log Java Home:             D:\JavaSQL\Java8\jdk1.8.0_131\jre
10-Apr-2024 16:49:23.563 INFO [main] org.apache.catalina.startup.VersionLoggerListener.log JVM Version:           1.8.0_131-b11
10-Apr-2024 16:49:23.563 INFO [main] org.apache.catalina.startup.VersionLoggerListener.log JVM Vendor:            Oracle Corporation
10-Apr-2024 16:49:23.563 INFO [main] org.apache.catalina.startup.VersionLoggerListener.log CATALINA_BASE:         D:\JavaSQL\Java8\apache-tomcat-8.5.24
10-Apr-2024 16:49:23.563 INFO [main] org.apache.catalina.startup.VersionLoggerListener.log CATALINA_HOME:         D:\JavaSQL\Java8\apache-tomcat-8.5.24
10-Apr-2024 16:49:23.563 INFO [main] org.apache.catalina.startup.VersionLoggerListener.log Command line argument: -Djava.util.logging.config.file=D:\JavaSQL\Java8\apache-tomcat-8.5.24\conf\logging.properties
10-Apr-2024 16:49:23.563 INFO [main] org.apache.catalina.startup.VersionLoggerListener.log Command line argument: -Djava.util.logging.manager=org.apache.juli.ClassLoaderLogManager
10-Apr-2024 16:49:23.563 INFO [main] org.apache.catalina.startup.VersionLoggerListener.log Command line argument: -Djdk.tls.ephemeralDHKeySize=2048
10-Apr-2024 16:49:23.563 INFO [main] org.apache.catalina.startup.VersionLoggerListener.log Command line argument: -Djava.protocol.handler.pkgs=org.apache.catalina.webresources
10-Apr-2024 16:49:23.563 INFO [main] org.apache.catalina.startup.VersionLoggerListener.log Command line argument: -Dignore.endorsed.dirs=
10-Apr-2024 16:49:23.563 INFO [main] org.apache.catalina.startup.VersionLoggerListener.log Command line argument: -Dcatalina.base=D:\JavaSQL\Java8\apache-tomcat-8.5.24
10-Apr-2024 16:49:23.563 INFO [main] org.apache.catalina.startup.VersionLoggerListener.log Command line argument: -Dcatalina.home=D:\JavaSQL\Java8\apache-tomcat-8.5.24
10-Apr-2024 16:49:23.563 INFO [main] org.apache.catalina.startup.VersionLoggerListener.log Command line argument: -Djava.io.tmpdir=D:\JavaSQL\Java8\apache-tomcat-8.5.24\temp
10-Apr-2024 16:49:23.563 INFO [main] org.apache.catalina.core.AprLifecycleListener.lifecycleEvent The APR based Apache Tomcat Native library which allows optimal performance in production environments was not found on the java.library.path: [D:\JavaSQL\Java8\jdk1.8.0_131\bin;C:\WINDOWS\Sun\Java\bin;C:\WINDOWS\system32;C:\WINDOWS;D:\JavaSQL\Java8\jdk1.8.0_131\bin;D:\JavaSQL\Java8\jdk1.8.0_131\db\bin;D:\JavaSQL\Java8\squirrelsql-4.0.0-standard;D:\JavaSQL\Java8\apache-tomcat-8.5.24\bin;C:\Program Files\IBM\ILOG\CPLEX_Studio1210\opl\bin\x64_win64;C:\Program Files\IBM\ILOG\CPLEX_Studio1210\opl\oplide\;C:\Program Files\IBM\ILOG\CPLEX_Studio1210\cplex\bin\x64_win64;C:\Program Files\IBM\ILOG\CPLEX_Studio1210\cpoptimizer\bin\x64_win64;C:\Programs\gurobi1001\win64\bin;C:\Program Files (x86)\NVIDIA Corporation\PhysX\Common;C:\Program Files (x86)\VMware\VMware Player\bin\;C:\Program Files\Eclipse Foundation\jdk-16.0.2.7-hotspot\bin;C:\Program Files\Python38\Scripts\;C:\Program Files\Python38\;C:\WINDOWS\system32;C:\WINDOWS;C:\WINDOWS\System32\Wbem;C:\WINDOWS\System32\WindowsPowerShell\v1.0\;C:\WINDOWS\System32\OpenSSH\;C:\Program Files\dotnet\;C:\Program Files\Microsoft SQL Server\130\Tools\Binn\;C:\Program Files (x86)\dotnet\;C:\Program Files\MATLAB\R2023a\runtime\win64;C:\Program Files\MATLAB\R2023a\bin;C:\Program Files\MATLAB\R2019a\bin;C:\Program Files (x86)\National Instruments\Shared\LabVIEW CLI;C:\Program Files (x86)\IVI Foundation\IVI\bin;C:\Program Files\IVI Foundation\IVI\bin;C:\Program Files (x86)\IVI Foundation\VISA\WinNT\Bin\;C:\Program Files\IVI Foundation\VISA\Win64\Bin\;C:\Program Files (x86)\IVI Foundation\VISA\WinNT\Bin;C:\Program Files\Microsoft SQL Server\Client SDK\ODBC\110\Tools\Binn\;C:\Program Files (x86)\Microsoft SQL Server\120\Tools\Binn\;C:\Program Files\Microsoft SQL Server\120\Tools\Binn\;C:\Program Files\Microsoft SQL Server\120\DTS\Binn\;C:\Program Files (x86)\Windows Kits\8.1\Windows Performance Toolkit\;C:\Program Files\Git\cmd;C:\Program Files\PuTTY\;C:\Program Files\Microsoft VS Code\bin;C:\Program Files\MiKTeX\miktex\bin\x64\;C:\Users\aerrigochan\AppData\Local\Microsoft\WindowsApps;;.]
10-Apr-2024 16:49:23.643 INFO [main] org.apache.coyote.AbstractProtocol.init Initializing ProtocolHandler ["http-nio-8082"]
10-Apr-2024 16:49:28.730 INFO [main] org.apache.tomcat.util.net.NioSelectorPool.getSharedSelector Using a shared selector for servlet write/read
10-Apr-2024 16:49:28.730 INFO [main] org.apache.coyote.AbstractProtocol.init Initializing ProtocolHandler ["ajp-nio-8009"]
10-Apr-2024 16:49:28.740 INFO [main] org.apache.tomcat.util.net.NioSelectorPool.getSharedSelector Using a shared selector for servlet write/read
10-Apr-2024 16:49:28.740 INFO [main] org.apache.catalina.startup.Catalina.load Initialization processed in 5402 ms
10-Apr-2024 16:49:28.760 INFO [main] org.apache.catalina.core.StandardService.startInternal Starting service [Catalina]
10-Apr-2024 16:49:28.760 INFO [main] org.apache.catalina.core.StandardEngine.startInternal Starting Servlet Engine: Apache Tomcat/8.5.24
10-Apr-2024 16:49:28.760 INFO [localhost-startStop-1] org.apache.catalina.startup.HostConfig.deployDirectory Deploying web application directory [D:\JavaSQL\Java8\apache-tomcat-8.5.24\webapps\docs]
10-Apr-2024 16:49:28.951 INFO [localhost-startStop-1] org.apache.jasper.servlet.TldScanner.scanJars At least one JAR was scanned for TLDs yet contained no TLDs. Enable debug logging for this logger for a complete list of JARs that were scanned but no TLDs were found in them. Skipping unneeded JARs during scanning can improve startup time and JSP compilation time.
10-Apr-2024 16:49:28.984 INFO [localhost-startStop-1] org.apache.catalina.startup.HostConfig.deployDirectory Deployment of web application directory [D:\JavaSQL\Java8\apache-tomcat-8.5.24\webapps\docs] has finished in [224] ms
10-Apr-2024 16:49:28.984 INFO [localhost-startStop-1] org.apache.catalina.startup.HostConfig.deployDirectory Deploying web application directory [D:\JavaSQL\Java8\apache-tomcat-8.5.24\webapps\examples]
10-Apr-2024 16:49:29.173 INFO [localhost-startStop-1] org.apache.jasper.servlet.TldScanner.scanJars At least one JAR was scanned for TLDs yet contained no TLDs. Enable debug logging for this logger for a complete list of JARs that were scanned but no TLDs were found in them. Skipping unneeded JARs during scanning can improve startup time and JSP compilation time.
10-Apr-2024 16:49:29.210 INFO [localhost-startStop-1] org.apache.catalina.startup.HostConfig.deployDirectory Deployment of web application directory [D:\JavaSQL\Java8\apache-tomcat-8.5.24\webapps\examples] has finished in [226] ms
10-Apr-2024 16:49:29.210 INFO [localhost-startStop-1] org.apache.catalina.startup.HostConfig.deployDirectory Deploying web application directory [D:\JavaSQL\Java8\apache-tomcat-8.5.24\webapps\host-manager]
10-Apr-2024 16:49:29.244 INFO [localhost-startStop-1] org.apache.jasper.servlet.TldScanner.scanJars At least one JAR was scanned for TLDs yet contained no TLDs. Enable debug logging for this logger for a complete list of JARs that were scanned but no TLDs were found in them. Skipping unneeded JARs during scanning can improve startup time and JSP compilation time.
10-Apr-2024 16:49:29.247 INFO [localhost-startStop-1] org.apache.catalina.startup.HostConfig.deployDirectory Deployment of web application directory [D:\JavaSQL\Java8\apache-tomcat-8.5.24\webapps\host-manager] has finished in [37] ms
10-Apr-2024 16:49:29.247 INFO [localhost-startStop-1] org.apache.catalina.startup.HostConfig.deployDirectory Deploying web application directory [D:\JavaSQL\Java8\apache-tomcat-8.5.24\webapps\ROOT]
10-Apr-2024 16:49:29.261 INFO [localhost-startStop-1] org.apache.jasper.servlet.TldScanner.scanJars At least one JAR was scanned for TLDs yet contained no TLDs. Enable debug logging for this logger for a complete list of JARs that were scanned but no TLDs were found in them. Skipping unneeded JARs during scanning can improve startup time and JSP compilation time.
10-Apr-2024 16:49:29.262 INFO [localhost-startStop-1] org.apache.catalina.startup.HostConfig.deployDirectory Deployment of web application directory [D:\JavaSQL\Java8\apache-tomcat-8.5.24\webapps\ROOT] has finished in [15] ms
10-Apr-2024 16:49:29.262 INFO [localhost-startStop-1] org.apache.catalina.startup.HostConfig.deployDirectory Deploying web application directory [D:\JavaSQL\Java8\apache-tomcat-8.5.24\webapps\SQLServer]
10-Apr-2024 16:49:29.282 INFO [localhost-startStop-1] org.apache.jasper.servlet.TldScanner.scanJars At least one JAR was scanned for TLDs yet contained no TLDs. Enable debug logging for this logger for a complete list of JARs that were scanned but no TLDs were found in them. Skipping unneeded JARs during scanning can improve startup time and JSP compilation time.
10-Apr-2024 16:49:29.285 INFO [localhost-startStop-1] org.apache.catalina.startup.HostConfig.deployDirectory Deployment of web application directory [D:\JavaSQL\Java8\apache-tomcat-8.5.24\webapps\SQLServer] has finished in [23] ms
10-Apr-2024 16:49:29.285 INFO [localhost-startStop-1] org.apache.catalina.startup.HostConfig.deployDirectory Deploying web application directory [D:\JavaSQL\Java8\apache-tomcat-8.5.24\webapps\Servlet1]
10-Apr-2024 16:49:29.305 INFO [localhost-startStop-1] org.apache.jasper.servlet.TldScanner.scanJars At least one JAR was scanned for TLDs yet contained no TLDs. Enable debug logging for this logger for a complete list of JARs that were scanned but no TLDs were found in them. Skipping unneeded JARs during scanning can improve startup time and JSP compilation time.
10-Apr-2024 16:49:29.306 INFO [localhost-startStop-1] org.apache.catalina.startup.HostConfig.deployDirectory Deployment of web application directory [D:\JavaSQL\Java8\apache-tomcat-8.5.24\webapps\Servlet1] has finished in [21] ms
10-Apr-2024 16:49:29.306 INFO [localhost-startStop-1] org.apache.catalina.startup.HostConfig.deployDirectory Deploying web application directory [D:\JavaSQL\Java8\apache-tomcat-8.5.24\webapps\Servlet2]
10-Apr-2024 16:49:29.326 INFO [localhost-startStop-1] org.apache.jasper.servlet.TldScanner.scanJars At least one JAR was scanned for TLDs yet contained no TLDs. Enable debug logging for this logger for a complete list of JARs that were scanned but no TLDs were found in them. Skipping unneeded JARs during scanning can improve startup time and JSP compilation time.
10-Apr-2024 16:49:29.328 INFO [localhost-startStop-1] org.apache.catalina.startup.HostConfig.deployDirectory Deployment of web application directory [D:\JavaSQL\Java8\apache-tomcat-8.5.24\webapps\Servlet2] has finished in [21] ms
10-Apr-2024 16:49:29.328 INFO [localhost-startStop-1] org.apache.catalina.startup.HostConfig.deployDirectory Deploying web application directory [D:\JavaSQL\Java8\apache-tomcat-8.5.24\webapps\Servlet3]
10-Apr-2024 16:49:29.344 INFO [localhost-startStop-1] org.apache.jasper.servlet.TldScanner.scanJars At least one JAR was scanned for TLDs yet contained no TLDs. Enable debug logging for this logger for a complete list of JARs that were scanned but no TLDs were found in them. Skipping unneeded JARs during scanning can improve startup time and JSP compilation time.
10-Apr-2024 16:49:29.344 INFO [localhost-startStop-1] org.apache.catalina.startup.HostConfig.deployDirectory Deployment of web application directory [D:\JavaSQL\Java8\apache-tomcat-8.5.24\webapps\Servlet3] has finished in [16] ms
10-Apr-2024 16:49:29.344 INFO [localhost-startStop-1] org.apache.catalina.startup.HostConfig.deployDirectory Deploying web application directory [D:\JavaSQL\Java8\apache-tomcat-8.5.24\webapps\Servlet4]
10-Apr-2024 16:49:29.362 INFO [localhost-startStop-1] org.apache.jasper.servlet.TldScanner.scanJars At least one JAR was scanned for TLDs yet contained no TLDs. Enable debug logging for this logger for a complete list of JARs that were scanned but no TLDs were found in them. Skipping unneeded JARs during scanning can improve startup time and JSP compilation time.
10-Apr-2024 16:49:29.362 INFO [localhost-startStop-1] org.apache.catalina.startup.HostConfig.deployDirectory Deployment of web application directory [D:\JavaSQL\Java8\apache-tomcat-8.5.24\webapps\Servlet4] has finished in [18] ms
10-Apr-2024 16:49:29.362 INFO [localhost-startStop-1] org.apache.catalina.startup.HostConfig.deployDirectory Deploying web application directory [D:\JavaSQL\Java8\apache-tomcat-8.5.24\webapps\Pract8]
10-Apr-2024 16:49:29.384 INFO [localhost-startStop-1] org.apache.jasper.servlet.TldScanner.scanJars At least one JAR was scanned for TLDs yet contained no TLDs. Enable debug logging for this logger for a complete list of JARs that were scanned but no TLDs were found in them. Skipping unneeded JARs during scanning can improve startup time and JSP compilation time.
10-Apr-2024 16:49:29.385 INFO [localhost-startStop-1] org.apache.catalina.startup.HostConfig.deployDirectory Deployment of web application directory [D:\JavaSQL\Java8\apache-tomcat-8.5.24\webapps\Pract8] has finished in [23] ms
10-Apr-2024 16:49:29.385 INFO [localhost-startStop-1] org.apache.catalina.startup.HostConfig.deployDirectory Deploying web application directory [D:\JavaSQL\Java8\apache-tomcat-8.5.24\webapps\Entrega]
10-Apr-2024 16:49:29.410 INFO [localhost-startStop-1] org.apache.jasper.servlet.TldScanner.scanJars At least one JAR was scanned for TLDs yet contained no TLDs. Enable debug logging for this logger for a complete list of JARs that were scanned but no TLDs were found in them. Skipping unneeded JARs during scanning can improve startup time and JSP compilation time.
10-Apr-2024 16:49:29.411 INFO [localhost-startStop-1] org.apache.catalina.startup.HostConfig.deployDirectory Deployment of web application directory [D:\JavaSQL\Java8\apache-tomcat-8.5.24\webapps\Entrega] has finished in [26] ms
10-Apr-2024 16:49:29.412 INFO [localhost-startStop-1] org.apache.catalina.startup.HostConfig.deployDirectory Deploying web application directory [D:\JavaSQL\Java8\apache-tomcat-8.5.24\webapps\matrices8]
10-Apr-2024 16:49:29.430 INFO [localhost-startStop-1] org.apache.jasper.servlet.TldScanner.scanJars At least one JAR was scanned for TLDs yet contained no TLDs. Enable debug logging for this logger for a complete list of JARs that were scanned but no TLDs were found in them. Skipping unneeded JARs during scanning can improve startup time and JSP compilation time.
10-Apr-2024 16:49:29.430 INFO [localhost-startStop-1] org.apache.catalina.startup.HostConfig.deployDirectory Deployment of web application directory [D:\JavaSQL\Java8\apache-tomcat-8.5.24\webapps\matrices8] has finished in [18] ms
10-Apr-2024 16:49:29.430 INFO [localhost-startStop-1] org.apache.catalina.startup.HostConfig.deployDirectory Deploying web application directory [D:\JavaSQL\Java8\apache-tomcat-8.5.24\webapps\TD_E18]
10-Apr-2024 16:49:29.458 INFO [localhost-startStop-1] org.apache.jasper.servlet.TldScanner.scanJars At least one JAR was scanned for TLDs yet contained no TLDs. Enable debug logging for this logger for a complete list of JARs that were scanned but no TLDs were found in them. Skipping unneeded JARs during scanning can improve startup time and JSP compilation time.
10-Apr-2024 16:49:29.459 INFO [localhost-startStop-1] org.apache.catalina.startup.HostConfig.deployDirectory Deployment of web application directory [D:\JavaSQL\Java8\apache-tomcat-8.5.24\webapps\TD_E18] has finished in [29] ms
10-Apr-2024 16:49:29.459 INFO [localhost-startStop-1] org.apache.catalina.startup.HostConfig.deployDirectory Deploying web application directory [D:\JavaSQL\Java8\apache-tomcat-8.5.24\webapps\TD_E30]
10-Apr-2024 16:49:29.472 INFO [localhost-startStop-1] org.apache.jasper.servlet.TldScanner.scanJars At least one JAR was scanned for TLDs yet contained no TLDs. Enable debug logging for this logger for a complete list of JARs that were scanned but no TLDs were found in them. Skipping unneeded JARs during scanning can improve startup time and JSP compilation time.
10-Apr-2024 16:49:29.482 INFO [localhost-startStop-1] org.apache.catalina.startup.HostConfig.deployDirectory Deployment of web application directory [D:\JavaSQL\Java8\apache-tomcat-8.5.24\webapps\TD_E30] has finished in [23] ms
10-Apr-2024 16:49:29.484 INFO [localhost-startStop-1] org.apache.catalina.startup.HostConfig.deployDirectory Deploying web application directory [D:\JavaSQL\Java8\apache-tomcat-8.5.24\webapps\TB15]
10-Apr-2024 16:49:29.507 INFO [localhost-startStop-1] org.apache.jasper.servlet.TldScanner.scanJars At least one JAR was scanned for TLDs yet contained no TLDs. Enable debug logging for this logger for a complete list of JARs that were scanned but no TLDs were found in them. Skipping unneeded JARs during scanning can improve startup time and JSP compilation time.
10-Apr-2024 16:49:29.509 INFO [localhost-startStop-1] org.apache.catalina.startup.HostConfig.deployDirectory Deployment of web application directory [D:\JavaSQL\Java8\apache-tomcat-8.5.24\webapps\TB15] has finished in [25] ms
10-Apr-2024 16:49:29.509 INFO [localhost-startStop-1] org.apache.catalina.startup.HostConfig.deployDirectory Deploying web application directory [D:\JavaSQL\Java8\apache-tomcat-8.5.24\webapps\S2]
10-Apr-2024 16:49:29.534 INFO [localhost-startStop-1] org.apache.jasper.servlet.TldScanner.scanJars At least one JAR was scanned for TLDs yet contained no TLDs. Enable debug logging for this logger for a complete list of JARs that were scanned but no TLDs were found in them. Skipping unneeded JARs during scanning can improve startup time and JSP compilation time.
10-Apr-2024 16:49:29.544 INFO [localhost-startStop-1] org.apache.catalina.startup.HostConfig.deployDirectory Deployment of web application directory [D:\JavaSQL\Java8\apache-tomcat-8.5.24\webapps\S2] has finished in [35] ms
10-Apr-2024 16:49:29.544 INFO [main] org.apache.coyote.AbstractProtocol.start Starting ProtocolHandler ["http-nio-8082"]
10-Apr-2024 16:49:29.552 INFO [main] org.apache.coyote.AbstractProtocol.start Starting ProtocolHandler ["ajp-nio-8009"]
10-Apr-2024 16:49:29.562 INFO [main] org.apache.catalina.startup.Catalina.start Server startup in 820 ms
10-Apr-2024 16:49:58.997 INFO [main] org.apache.catalina.core.StandardServer.await A valid shutdown command was received via the shutdown port. Stopping the Server instance.
10-Apr-2024 16:49:58.997 INFO [main] org.apache.coyote.AbstractProtocol.pause Pausing ProtocolHandler ["http-nio-8082"]
10-Apr-2024 16:49:59.197 INFO [main] org.apache.coyote.AbstractProtocol.pause Pausing ProtocolHandler ["ajp-nio-8009"]
10-Apr-2024 16:49:59.358 INFO [main] org.apache.catalina.core.StandardService.stopInternal Stopping service [Catalina]
10-Apr-2024 16:49:59.407 INFO [main] org.apache.coyote.AbstractProtocol.stop Stopping ProtocolHandler ["http-nio-8082"]
10-Apr-2024 16:49:59.407 INFO [main] org.apache.coyote.AbstractProtocol.stop Stopping ProtocolHandler ["ajp-nio-8009"]
10-Apr-2024 16:49:59.407 INFO [main] org.apache.coyote.AbstractProtocol.destroy Destroying ProtocolHandler ["http-nio-8082"]
10-Apr-2024 16:49:59.417 INFO [main] org.apache.coyote.AbstractProtocol.destroy Destroying ProtocolHandler ["ajp-nio-8009"]
10-Apr-2024 16:50:04.946 INFO [main] org.apache.catalina.startup.VersionLoggerListener.log Server version:        Apache Tomcat/8.5.24
10-Apr-2024 16:50:04.946 INFO [main] org.apache.catalina.startup.VersionLoggerListener.log Server built:          Nov 27 2017 13:05:30 UTC
10-Apr-2024 16:50:04.946 INFO [main] org.apache.catalina.startup.VersionLoggerListener.log Server number:         8.5.24.0
10-Apr-2024 16:50:04.946 INFO [main] org.apache.catalina.startup.VersionLoggerListener.log OS Name:               Windows 10
10-Apr-2024 16:50:04.946 INFO [main] org.apache.catalina.startup.VersionLoggerListener.log OS Version:            10.0
10-Apr-2024 16:50:04.946 INFO [main] org.apache.catalina.startup.VersionLoggerListener.log Architecture:          x86
10-Apr-2024 16:50:04.946 INFO [main] org.apache.catalina.startup.VersionLoggerListener.log Java Home:             D:\JavaSQL\Java8\jdk1.8.0_131\jre
10-Apr-2024 16:50:04.946 INFO [main] org.apache.catalina.startup.VersionLoggerListener.log JVM Version:           1.8.0_131-b11
10-Apr-2024 16:50:04.946 INFO [main] org.apache.catalina.startup.VersionLoggerListener.log JVM Vendor:            Oracle Corporation
10-Apr-2024 16:50:04.946 INFO [main] org.apache.catalina.startup.VersionLoggerListener.log CATALINA_BASE:         D:\JavaSQL\Java8\apache-tomcat-8.5.24
10-Apr-2024 16:50:04.946 INFO [main] org.apache.catalina.startup.VersionLoggerListener.log CATALINA_HOME:         D:\JavaSQL\Java8\apache-tomcat-8.5.24
10-Apr-2024 16:50:04.946 INFO [main] org.apache.catalina.startup.VersionLoggerListener.log Command line argument: -Djava.util.logging.config.file=D:\JavaSQL\Java8\apache-tomcat-8.5.24\conf\logging.properties
10-Apr-2024 16:50:04.946 INFO [main] org.apache.catalina.startup.VersionLoggerListener.log Command line argument: -Djava.util.logging.manager=org.apache.juli.ClassLoaderLogManager
10-Apr-2024 16:50:04.946 INFO [main] org.apache.catalina.startup.VersionLoggerListener.log Command line argument: -Djdk.tls.ephemeralDHKeySize=2048
10-Apr-2024 16:50:04.946 INFO [main] org.apache.catalina.startup.VersionLoggerListener.log Command line argument: -Djava.protocol.handler.pkgs=org.apache.catalina.webresources
10-Apr-2024 16:50:04.946 INFO [main] org.apache.catalina.startup.VersionLoggerListener.log Command line argument: -Dignore.endorsed.dirs=
10-Apr-2024 16:50:04.946 INFO [main] org.apache.catalina.startup.VersionLoggerListener.log Command line argument: -Dcatalina.base=D:\JavaSQL\Java8\apache-tomcat-8.5.24
10-Apr-2024 16:50:04.946 INFO [main] org.apache.catalina.startup.VersionLoggerListener.log Command line argument: -Dcatalina.home=D:\JavaSQL\Java8\apache-tomcat-8.5.24
10-Apr-2024 16:50:04.946 INFO [main] org.apache.catalina.startup.VersionLoggerListener.log Command line argument: -Djava.io.tmpdir=D:\JavaSQL\Java8\apache-tomcat-8.5.24\temp
10-Apr-2024 16:50:04.946 INFO [main] org.apache.catalina.core.AprLifecycleListener.lifecycleEvent The APR based Apache Tomcat Native library which allows optimal performance in production environments was not found on the java.library.path: [D:\JavaSQL\Java8\jdk1.8.0_131\bin;C:\WINDOWS\Sun\Java\bin;C:\WINDOWS\system32;C:\WINDOWS;D:\JavaSQL\Java8\jdk1.8.0_131\bin;D:\JavaSQL\Java8\jdk1.8.0_131\db\bin;D:\JavaSQL\Java8\squirrelsql-4.0.0-standard;D:\JavaSQL\Java8\apache-tomcat-8.5.24\bin;C:\Program Files\IBM\ILOG\CPLEX_Studio1210\opl\bin\x64_win64;C:\Program Files\IBM\ILOG\CPLEX_Studio1210\opl\oplide\;C:\Program Files\IBM\ILOG\CPLEX_Studio1210\cplex\bin\x64_win64;C:\Program Files\IBM\ILOG\CPLEX_Studio1210\cpoptimizer\bin\x64_win64;C:\Programs\gurobi1001\win64\bin;C:\Program Files (x86)\NVIDIA Corporation\PhysX\Common;C:\Program Files (x86)\VMware\VMware Player\bin\;C:\Program Files\Eclipse Foundation\jdk-16.0.2.7-hotspot\bin;C:\Program Files\Python38\Scripts\;C:\Program Files\Python38\;C:\WINDOWS\system32;C:\WINDOWS;C:\WINDOWS\System32\Wbem;C:\WINDOWS\System32\WindowsPowerShell\v1.0\;C:\WINDOWS\System32\OpenSSH\;C:\Program Files\dotnet\;C:\Program Files\Microsoft SQL Server\130\Tools\Binn\;C:\Program Files (x86)\dotnet\;C:\Program Files\MATLAB\R2023a\runtime\win64;C:\Program Files\MATLAB\R2023a\bin;C:\Program Files\MATLAB\R2019a\bin;C:\Program Files (x86)\National Instruments\Shared\LabVIEW CLI;C:\Program Files (x86)\IVI Foundation\IVI\bin;C:\Program Files\IVI Foundation\IVI\bin;C:\Program Files (x86)\IVI Foundation\VISA\WinNT\Bin\;C:\Program Files\IVI Foundation\VISA\Win64\Bin\;C:\Program Files (x86)\IVI Foundation\VISA\WinNT\Bin;C:\Program Files\Microsoft SQL Server\Client SDK\ODBC\110\Tools\Binn\;C:\Program Files (x86)\Microsoft SQL Server\120\Tools\Binn\;C:\Program Files\Microsoft SQL Server\120\Tools\Binn\;C:\Program Files\Microsoft SQL Server\120\DTS\Binn\;C:\Program Files (x86)\Windows Kits\8.1\Windows Performance Toolkit\;C:\Program Files\Git\cmd;C:\Program Files\PuTTY\;C:\Program Files\Microsoft VS Code\bin;C:\Program Files\MiKTeX\miktex\bin\x64\;C:\Users\aerrigochan\AppData\Local\Microsoft\WindowsApps;;.]
10-Apr-2024 16:50:05.026 INFO [main] org.apache.coyote.AbstractProtocol.init Initializing ProtocolHandler ["http-nio-8082"]
10-Apr-2024 16:50:10.094 INFO [main] org.apache.tomcat.util.net.NioSelectorPool.getSharedSelector Using a shared selector for servlet write/read
10-Apr-2024 16:50:10.102 INFO [main] org.apache.coyote.AbstractProtocol.init Initializing ProtocolHandler ["ajp-nio-8009"]
10-Apr-2024 16:50:10.104 INFO [main] org.apache.tomcat.util.net.NioSelectorPool.getSharedSelector Using a shared selector for servlet write/read
10-Apr-2024 16:50:10.104 INFO [main] org.apache.catalina.startup.Catalina.load Initialization processed in 5383 ms
10-Apr-2024 16:50:10.126 INFO [main] org.apache.catalina.core.StandardService.startInternal Starting service [Catalina]
10-Apr-2024 16:50:10.126 INFO [main] org.apache.catalina.core.StandardEngine.startInternal Starting Servlet Engine: Apache Tomcat/8.5.24
10-Apr-2024 16:50:10.133 INFO [localhost-startStop-1] org.apache.catalina.startup.HostConfig.deployDirectory Deploying web application directory [D:\JavaSQL\Java8\apache-tomcat-8.5.24\webapps\docs]
10-Apr-2024 16:50:10.326 INFO [localhost-startStop-1] org.apache.jasper.servlet.TldScanner.scanJars At least one JAR was scanned for TLDs yet contained no TLDs. Enable debug logging for this logger for a complete list of JARs that were scanned but no TLDs were found in them. Skipping unneeded JARs during scanning can improve startup time and JSP compilation time.
10-Apr-2024 16:50:10.361 INFO [localhost-startStop-1] org.apache.catalina.startup.HostConfig.deployDirectory Deployment of web application directory [D:\JavaSQL\Java8\apache-tomcat-8.5.24\webapps\docs] has finished in [228] ms
10-Apr-2024 16:50:10.361 INFO [localhost-startStop-1] org.apache.catalina.startup.HostConfig.deployDirectory Deploying web application directory [D:\JavaSQL\Java8\apache-tomcat-8.5.24\webapps\examples]
10-Apr-2024 16:50:10.563 INFO [localhost-startStop-1] org.apache.jasper.servlet.TldScanner.scanJars At least one JAR was scanned for TLDs yet contained no TLDs. Enable debug logging for this logger for a complete list of JARs that were scanned but no TLDs were found in them. Skipping unneeded JARs during scanning can improve startup time and JSP compilation time.
10-Apr-2024 16:50:10.594 INFO [localhost-startStop-1] org.apache.catalina.startup.HostConfig.deployDirectory Deployment of web application directory [D:\JavaSQL\Java8\apache-tomcat-8.5.24\webapps\examples] has finished in [233] ms
10-Apr-2024 16:50:10.594 INFO [localhost-startStop-1] org.apache.catalina.startup.HostConfig.deployDirectory Deploying web application directory [D:\JavaSQL\Java8\apache-tomcat-8.5.24\webapps\host-manager]
10-Apr-2024 16:50:10.626 INFO [localhost-startStop-1] org.apache.jasper.servlet.TldScanner.scanJars At least one JAR was scanned for TLDs yet contained no TLDs. Enable debug logging for this logger for a complete list of JARs that were scanned but no TLDs were found in them. Skipping unneeded JARs during scanning can improve startup time and JSP compilation time.
10-Apr-2024 16:50:10.626 INFO [localhost-startStop-1] org.apache.catalina.startup.HostConfig.deployDirectory Deployment of web application directory [D:\JavaSQL\Java8\apache-tomcat-8.5.24\webapps\host-manager] has finished in [32] ms
10-Apr-2024 16:50:10.626 INFO [localhost-startStop-1] org.apache.catalina.startup.HostConfig.deployDirectory Deploying web application directory [D:\JavaSQL\Java8\apache-tomcat-8.5.24\webapps\ROOT]
10-Apr-2024 16:50:10.647 INFO [localhost-startStop-1] org.apache.jasper.servlet.TldScanner.scanJars At least one JAR was scanned for TLDs yet contained no TLDs. Enable debug logging for this logger for a complete list of JARs that were scanned but no TLDs were found in them. Skipping unneeded JARs during scanning can improve startup time and JSP compilation time.
10-Apr-2024 16:50:10.649 INFO [localhost-startStop-1] org.apache.catalina.startup.HostConfig.deployDirectory Deployment of web application directory [D:\JavaSQL\Java8\apache-tomcat-8.5.24\webapps\ROOT] has finished in [23] ms
10-Apr-2024 16:50:10.649 INFO [localhost-startStop-1] org.apache.catalina.startup.HostConfig.deployDirectory Deploying web application directory [D:\JavaSQL\Java8\apache-tomcat-8.5.24\webapps\SQLServer]
10-Apr-2024 16:50:10.671 INFO [localhost-startStop-1] org.apache.jasper.servlet.TldScanner.scanJars At least one JAR was scanned for TLDs yet contained no TLDs. Enable debug logging for this logger for a complete list of JARs that were scanned but no TLDs were found in them. Skipping unneeded JARs during scanning can improve startup time and JSP compilation time.
10-Apr-2024 16:50:10.674 INFO [localhost-startStop-1] org.apache.catalina.startup.HostConfig.deployDirectory Deployment of web application directory [D:\JavaSQL\Java8\apache-tomcat-8.5.24\webapps\SQLServer] has finished in [25] ms
10-Apr-2024 16:50:10.675 INFO [localhost-startStop-1] org.apache.catalina.startup.HostConfig.deployDirectory Deploying web application directory [D:\JavaSQL\Java8\apache-tomcat-8.5.24\webapps\Servlet1]
10-Apr-2024 16:50:10.692 INFO [localhost-startStop-1] org.apache.jasper.servlet.TldScanner.scanJars At least one JAR was scanned for TLDs yet contained no TLDs. Enable debug logging for this logger for a complete list of JARs that were scanned but no TLDs were found in them. Skipping unneeded JARs during scanning can improve startup time and JSP compilation time.
10-Apr-2024 16:50:10.694 INFO [localhost-startStop-1] org.apache.catalina.startup.HostConfig.deployDirectory Deployment of web application directory [D:\JavaSQL\Java8\apache-tomcat-8.5.24\webapps\Servlet1] has finished in [19] ms
10-Apr-2024 16:50:10.694 INFO [localhost-startStop-1] org.apache.catalina.startup.HostConfig.deployDirectory Deploying web application directory [D:\JavaSQL\Java8\apache-tomcat-8.5.24\webapps\Servlet2]
10-Apr-2024 16:50:10.718 INFO [localhost-startStop-1] org.apache.jasper.servlet.TldScanner.scanJars At least one JAR was scanned for TLDs yet contained no TLDs. Enable debug logging for this logger for a complete list of JARs that were scanned but no TLDs were found in them. Skipping unneeded JARs during scanning can improve startup time and JSP compilation time.
10-Apr-2024 16:50:10.720 INFO [localhost-startStop-1] org.apache.catalina.startup.HostConfig.deployDirectory Deployment of web application directory [D:\JavaSQL\Java8\apache-tomcat-8.5.24\webapps\Servlet2] has finished in [26] ms
10-Apr-2024 16:50:10.720 INFO [localhost-startStop-1] org.apache.catalina.startup.HostConfig.deployDirectory Deploying web application directory [D:\JavaSQL\Java8\apache-tomcat-8.5.24\webapps\Servlet3]
10-Apr-2024 16:50:10.738 INFO [localhost-startStop-1] org.apache.jasper.servlet.TldScanner.scanJars At least one JAR was scanned for TLDs yet contained no TLDs. Enable debug logging for this logger for a complete list of JARs that were scanned but no TLDs were found in them. Skipping unneeded JARs during scanning can improve startup time and JSP compilation time.
10-Apr-2024 16:50:10.740 INFO [localhost-startStop-1] org.apache.catalina.startup.HostConfig.deployDirectory Deployment of web application directory [D:\JavaSQL\Java8\apache-tomcat-8.5.24\webapps\Servlet3] has finished in [20] ms
10-Apr-2024 16:50:10.740 INFO [localhost-startStop-1] org.apache.catalina.startup.HostConfig.deployDirectory Deploying web application directory [D:\JavaSQL\Java8\apache-tomcat-8.5.24\webapps\Servlet4]
10-Apr-2024 16:50:10.757 INFO [localhost-startStop-1] org.apache.jasper.servlet.TldScanner.scanJars At least one JAR was scanned for TLDs yet contained no TLDs. Enable debug logging for this logger for a complete list of JARs that were scanned but no TLDs were found in them. Skipping unneeded JARs during scanning can improve startup time and JSP compilation time.
10-Apr-2024 16:50:10.759 INFO [localhost-startStop-1] org.apache.catalina.startup.HostConfig.deployDirectory Deployment of web application directory [D:\JavaSQL\Java8\apache-tomcat-8.5.24\webapps\Servlet4] has finished in [19] ms
10-Apr-2024 16:50:10.759 INFO [localhost-startStop-1] org.apache.catalina.startup.HostConfig.deployDirectory Deploying web application directory [D:\JavaSQL\Java8\apache-tomcat-8.5.24\webapps\Pract8]
10-Apr-2024 16:50:10.771 INFO [localhost-startStop-1] org.apache.jasper.servlet.TldScanner.scanJars At least one JAR was scanned for TLDs yet contained no TLDs. Enable debug logging for this logger for a complete list of JARs that were scanned but no TLDs were found in them. Skipping unneeded JARs during scanning can improve startup time and JSP compilation time.
10-Apr-2024 16:50:10.781 INFO [localhost-startStop-1] org.apache.catalina.startup.HostConfig.deployDirectory Deployment of web application directory [D:\JavaSQL\Java8\apache-tomcat-8.5.24\webapps\Pract8] has finished in [22] ms
10-Apr-2024 16:50:10.781 INFO [localhost-startStop-1] org.apache.catalina.startup.HostConfig.deployDirectory Deploying web application directory [D:\JavaSQL\Java8\apache-tomcat-8.5.24\webapps\Entrega]
10-Apr-2024 16:50:10.807 INFO [localhost-startStop-1] org.apache.jasper.servlet.TldScanner.scanJars At least one JAR was scanned for TLDs yet contained no TLDs. Enable debug logging for this logger for a complete list of JARs that were scanned but no TLDs were found in them. Skipping unneeded JARs during scanning can improve startup time and JSP compilation time.
10-Apr-2024 16:50:10.809 INFO [localhost-startStop-1] org.apache.catalina.startup.HostConfig.deployDirectory Deployment of web application directory [D:\JavaSQL\Java8\apache-tomcat-8.5.24\webapps\Entrega] has finished in [28] ms
10-Apr-2024 16:50:10.809 INFO [localhost-startStop-1] org.apache.catalina.startup.HostConfig.deployDirectory Deploying web application directory [D:\JavaSQL\Java8\apache-tomcat-8.5.24\webapps\matrices8]
10-Apr-2024 16:50:10.830 INFO [localhost-startStop-1] org.apache.jasper.servlet.TldScanner.scanJars At least one JAR was scanned for TLDs yet contained no TLDs. Enable debug logging for this logger for a complete list of JARs that were scanned but no TLDs were found in them. Skipping unneeded JARs during scanning can improve startup time and JSP compilation time.
10-Apr-2024 16:50:10.832 INFO [localhost-startStop-1] org.apache.catalina.startup.HostConfig.deployDirectory Deployment of web application directory [D:\JavaSQL\Java8\apache-tomcat-8.5.24\webapps\matrices8] has finished in [23] ms
10-Apr-2024 16:50:10.832 INFO [localhost-startStop-1] org.apache.catalina.startup.HostConfig.deployDirectory Deploying web application directory [D:\JavaSQL\Java8\apache-tomcat-8.5.24\webapps\TD_E18]
10-Apr-2024 16:50:10.851 INFO [localhost-startStop-1] org.apache.jasper.servlet.TldScanner.scanJars At least one JAR was scanned for TLDs yet contained no TLDs. Enable debug logging for this logger for a complete list of JARs that were scanned but no TLDs were found in them. Skipping unneeded JARs during scanning can improve startup time and JSP compilation time.
10-Apr-2024 16:50:10.861 INFO [localhost-startStop-1] org.apache.catalina.startup.HostConfig.deployDirectory Deployment of web application directory [D:\JavaSQL\Java8\apache-tomcat-8.5.24\webapps\TD_E18] has finished in [29] ms
10-Apr-2024 16:50:10.861 INFO [localhost-startStop-1] org.apache.catalina.startup.HostConfig.deployDirectory Deploying web application directory [D:\JavaSQL\Java8\apache-tomcat-8.5.24\webapps\TD_E30]
10-Apr-2024 16:50:10.890 INFO [localhost-startStop-1] org.apache.jasper.servlet.TldScanner.scanJars At least one JAR was scanned for TLDs yet contained no TLDs. Enable debug logging for this logger for a complete list of JARs that were scanned but no TLDs were found in them. Skipping unneeded JARs during scanning can improve startup time and JSP compilation time.
10-Apr-2024 16:50:10.892 INFO [localhost-startStop-1] org.apache.catalina.startup.HostConfig.deployDirectory Deployment of web application directory [D:\JavaSQL\Java8\apache-tomcat-8.5.24\webapps\TD_E30] has finished in [31] ms
10-Apr-2024 16:50:10.893 INFO [localhost-startStop-1] org.apache.catalina.startup.HostConfig.deployDirectory Deploying web application directory [D:\JavaSQL\Java8\apache-tomcat-8.5.24\webapps\TB15]
10-Apr-2024 16:50:10.920 INFO [localhost-startStop-1] org.apache.jasper.servlet.TldScanner.scanJars At least one JAR was scanned for TLDs yet contained no TLDs. Enable debug logging for this logger for a complete list of JARs that were scanned but no TLDs were found in them. Skipping unneeded JARs during scanning can improve startup time and JSP compilation time.
10-Apr-2024 16:50:10.920 INFO [localhost-startStop-1] org.apache.catalina.startup.HostConfig.deployDirectory Deployment of web application directory [D:\JavaSQL\Java8\apache-tomcat-8.5.24\webapps\TB15] has finished in [27] ms
10-Apr-2024 16:50:10.920 INFO [localhost-startStop-1] org.apache.catalina.startup.HostConfig.deployDirectory Deploying web application directory [D:\JavaSQL\Java8\apache-tomcat-8.5.24\webapps\S2]
10-Apr-2024 16:50:10.959 INFO [localhost-startStop-1] org.apache.jasper.servlet.TldScanner.scanJars At least one JAR was scanned for TLDs yet contained no TLDs. Enable debug logging for this logger for a complete list of JARs that were scanned but no TLDs were found in them. Skipping unneeded JARs during scanning can improve startup time and JSP compilation time.
10-Apr-2024 16:50:10.961 INFO [localhost-startStop-1] org.apache.catalina.startup.HostConfig.deployDirectory Deployment of web application directory [D:\JavaSQL\Java8\apache-tomcat-8.5.24\webapps\S2] has finished in [41] ms
10-Apr-2024 16:50:10.965 INFO [main] org.apache.coyote.AbstractProtocol.start Starting ProtocolHandler ["http-nio-8082"]
10-Apr-2024 16:50:10.971 INFO [main] org.apache.coyote.AbstractProtocol.start Starting ProtocolHandler ["ajp-nio-8009"]
10-Apr-2024 16:50:10.971 INFO [main] org.apache.catalina.startup.Catalina.start Server startup in 871 ms
10-Apr-2024 16:51:27.038 INFO [main] org.apache.catalina.core.StandardServer.await A valid shutdown command was received via the shutdown port. Stopping the Server instance.
10-Apr-2024 16:51:27.038 INFO [main] org.apache.coyote.AbstractProtocol.pause Pausing ProtocolHandler ["http-nio-8082"]
10-Apr-2024 16:51:27.248 INFO [main] org.apache.coyote.AbstractProtocol.pause Pausing ProtocolHandler ["ajp-nio-8009"]
10-Apr-2024 16:51:27.398 INFO [main] org.apache.catalina.core.StandardService.stopInternal Stopping service [Catalina]
10-Apr-2024 16:51:27.448 INFO [main] org.apache.coyote.AbstractProtocol.stop Stopping ProtocolHandler ["http-nio-8082"]
10-Apr-2024 16:51:27.448 INFO [main] org.apache.coyote.AbstractProtocol.stop Stopping ProtocolHandler ["ajp-nio-8009"]
10-Apr-2024 16:51:27.448 INFO [main] org.apache.coyote.AbstractProtocol.destroy Destroying ProtocolHandler ["http-nio-8082"]
10-Apr-2024 16:51:27.458 INFO [main] org.apache.coyote.AbstractProtocol.destroy Destroying ProtocolHandler ["ajp-nio-8009"]
