18-Apr-2024 15:39:33.041 INFO [main] org.apache.catalina.startup.VersionLoggerListener.log Server version:        Apache Tomcat/8.5.24
18-Apr-2024 15:39:33.065 INFO [main] org.apache.catalina.startup.VersionLoggerListener.log Server built:          Nov 27 2017 13:05:30 UTC
18-Apr-2024 15:39:33.065 INFO [main] org.apache.catalina.startup.VersionLoggerListener.log Server number:         8.5.24.0
18-Apr-2024 15:39:33.066 INFO [main] org.apache.catalina.startup.VersionLoggerListener.log OS Name:               Windows 10
18-Apr-2024 15:39:33.066 INFO [main] org.apache.catalina.startup.VersionLoggerListener.log OS Version:            10.0
18-Apr-2024 15:39:33.067 INFO [main] org.apache.catalina.startup.VersionLoggerListener.log Architecture:          x86
18-Apr-2024 15:39:33.067 INFO [main] org.apache.catalina.startup.VersionLoggerListener.log Java Home:             D:\JavaSQL\Java8\jdk1.8.0_131\jre
18-Apr-2024 15:39:33.067 INFO [main] org.apache.catalina.startup.VersionLoggerListener.log JVM Version:           1.8.0_131-b11
18-Apr-2024 15:39:33.068 INFO [main] org.apache.catalina.startup.VersionLoggerListener.log JVM Vendor:            Oracle Corporation
18-Apr-2024 15:39:33.068 INFO [main] org.apache.catalina.startup.VersionLoggerListener.log CATALINA_BASE:         D:\JavaSQL\Java8\apache-tomcat-8.5.24
18-Apr-2024 15:39:33.069 INFO [main] org.apache.catalina.startup.VersionLoggerListener.log CATALINA_HOME:         D:\JavaSQL\Java8\apache-tomcat-8.5.24
18-Apr-2024 15:39:33.069 INFO [main] org.apache.catalina.startup.VersionLoggerListener.log Command line argument: -Djava.util.logging.config.file=D:\JavaSQL\Java8\apache-tomcat-8.5.24\conf\logging.properties
18-Apr-2024 15:39:33.070 INFO [main] org.apache.catalina.startup.VersionLoggerListener.log Command line argument: -Djava.util.logging.manager=org.apache.juli.ClassLoaderLogManager
18-Apr-2024 15:39:33.070 INFO [main] org.apache.catalina.startup.VersionLoggerListener.log Command line argument: -Djdk.tls.ephemeralDHKeySize=2048
18-Apr-2024 15:39:33.070 INFO [main] org.apache.catalina.startup.VersionLoggerListener.log Command line argument: -Djava.protocol.handler.pkgs=org.apache.catalina.webresources
18-Apr-2024 15:39:33.071 INFO [main] org.apache.catalina.startup.VersionLoggerListener.log Command line argument: -Dignore.endorsed.dirs=
18-Apr-2024 15:39:33.071 INFO [main] org.apache.catalina.startup.VersionLoggerListener.log Command line argument: -Dcatalina.base=D:\JavaSQL\Java8\apache-tomcat-8.5.24
18-Apr-2024 15:39:33.072 INFO [main] org.apache.catalina.startup.VersionLoggerListener.log Command line argument: -Dcatalina.home=D:\JavaSQL\Java8\apache-tomcat-8.5.24
18-Apr-2024 15:39:33.072 INFO [main] org.apache.catalina.startup.VersionLoggerListener.log Command line argument: -Djava.io.tmpdir=D:\JavaSQL\Java8\apache-tomcat-8.5.24\temp
18-Apr-2024 15:39:33.073 INFO [main] org.apache.catalina.core.AprLifecycleListener.lifecycleEvent The APR based Apache Tomcat Native library which allows optimal performance in production environments was not found on the java.library.path: [D:\JavaSQL\Java8\jdk1.8.0_131\bin;C:\WINDOWS\Sun\Java\bin;C:\WINDOWS\system32;C:\WINDOWS;D:\JavaSQL\Java8\jdk1.8.0_131\bin;D:\JavaSQL\Java8\jdk1.8.0_131\db\bin;D:\JavaSQL\Java8\squirrelsql-4.0.0-standard;D:\JavaSQL\Java8\apache-tomcat-8.5.24\bin;C:\WINDOWS\system32;C:\WINDOWS;C:\WINDOWS\System32\Wbem;C:\WINDOWS\System32\WindowsPowerShell\v1.0\;C:\WINDOWS\System32\OpenSSH\;C:\Program Files\dotnet\;C:\Users\Aldoa\Desktop\Infor\bin;C:\Users\Aldoa\AppData\Local\Microsoft\WindowsApps;;.]
18-Apr-2024 15:39:34.311 INFO [main] org.apache.coyote.AbstractProtocol.init Initializing ProtocolHandler ["http-nio-8082"]
18-Apr-2024 15:39:35.130 INFO [main] org.apache.tomcat.util.net.NioSelectorPool.getSharedSelector Using a shared selector for servlet write/read
18-Apr-2024 15:39:35.146 INFO [main] org.apache.coyote.AbstractProtocol.init Initializing ProtocolHandler ["ajp-nio-8009"]
18-Apr-2024 15:39:35.161 INFO [main] org.apache.tomcat.util.net.NioSelectorPool.getSharedSelector Using a shared selector for servlet write/read
18-Apr-2024 15:39:35.161 INFO [main] org.apache.catalina.startup.Catalina.load Initialization processed in 5182 ms
18-Apr-2024 15:39:35.332 INFO [main] org.apache.catalina.core.StandardService.startInternal Starting service [Catalina]
18-Apr-2024 15:39:35.332 INFO [main] org.apache.catalina.core.StandardEngine.startInternal Starting Servlet Engine: Apache Tomcat/8.5.24
18-Apr-2024 15:39:35.410 INFO [localhost-startStop-1] org.apache.catalina.startup.HostConfig.deployDirectory Deploying web application directory [D:\JavaSQL\Java8\apache-tomcat-8.5.24\webapps\docs]
18-Apr-2024 15:39:36.993 INFO [localhost-startStop-1] org.apache.jasper.servlet.TldScanner.scanJars At least one JAR was scanned for TLDs yet contained no TLDs. Enable debug logging for this logger for a complete list of JARs that were scanned but no TLDs were found in them. Skipping unneeded JARs during scanning can improve startup time and JSP compilation time.
18-Apr-2024 15:39:37.259 INFO [localhost-startStop-1] org.apache.catalina.startup.HostConfig.deployDirectory Deployment of web application directory [D:\JavaSQL\Java8\apache-tomcat-8.5.24\webapps\docs] has finished in [1,844] ms
18-Apr-2024 15:39:37.260 INFO [localhost-startStop-1] org.apache.catalina.startup.HostConfig.deployDirectory Deploying web application directory [D:\JavaSQL\Java8\apache-tomcat-8.5.24\webapps\examples]
18-Apr-2024 15:39:40.298 INFO [localhost-startStop-1] org.apache.jasper.servlet.TldScanner.scanJars At least one JAR was scanned for TLDs yet contained no TLDs. Enable debug logging for this logger for a complete list of JARs that were scanned but no TLDs were found in them. Skipping unneeded JARs during scanning can improve startup time and JSP compilation time.
18-Apr-2024 15:39:40.392 INFO [localhost-startStop-1] org.apache.catalina.startup.HostConfig.deployDirectory Deployment of web application directory [D:\JavaSQL\Java8\apache-tomcat-8.5.24\webapps\examples] has finished in [3,133] ms
18-Apr-2024 15:39:40.392 INFO [localhost-startStop-1] org.apache.catalina.startup.HostConfig.deployDirectory Deploying web application directory [D:\JavaSQL\Java8\apache-tomcat-8.5.24\webapps\host-manager]
18-Apr-2024 15:39:40.502 INFO [localhost-startStop-1] org.apache.jasper.servlet.TldScanner.scanJars At least one JAR was scanned for TLDs yet contained no TLDs. Enable debug logging for this logger for a complete list of JARs that were scanned but no TLDs were found in them. Skipping unneeded JARs during scanning can improve startup time and JSP compilation time.
18-Apr-2024 15:39:40.517 INFO [localhost-startStop-1] org.apache.catalina.startup.HostConfig.deployDirectory Deployment of web application directory [D:\JavaSQL\Java8\apache-tomcat-8.5.24\webapps\host-manager] has finished in [125] ms
18-Apr-2024 15:39:40.517 INFO [localhost-startStop-1] org.apache.catalina.startup.HostConfig.deployDirectory Deploying web application directory [D:\JavaSQL\Java8\apache-tomcat-8.5.24\webapps\ROOT]
18-Apr-2024 15:39:40.565 INFO [localhost-startStop-1] org.apache.jasper.servlet.TldScanner.scanJars At least one JAR was scanned for TLDs yet contained no TLDs. Enable debug logging for this logger for a complete list of JARs that were scanned but no TLDs were found in them. Skipping unneeded JARs during scanning can improve startup time and JSP compilation time.
18-Apr-2024 15:39:40.581 INFO [localhost-startStop-1] org.apache.catalina.startup.HostConfig.deployDirectory Deployment of web application directory [D:\JavaSQL\Java8\apache-tomcat-8.5.24\webapps\ROOT] has finished in [64] ms
18-Apr-2024 15:39:40.581 INFO [localhost-startStop-1] org.apache.catalina.startup.HostConfig.deployDirectory Deploying web application directory [D:\JavaSQL\Java8\apache-tomcat-8.5.24\webapps\SQLServer]
18-Apr-2024 15:39:40.701 INFO [localhost-startStop-1] org.apache.jasper.servlet.TldScanner.scanJars At least one JAR was scanned for TLDs yet contained no TLDs. Enable debug logging for this logger for a complete list of JARs that were scanned but no TLDs were found in them. Skipping unneeded JARs during scanning can improve startup time and JSP compilation time.
18-Apr-2024 15:39:40.753 INFO [localhost-startStop-1] org.apache.catalina.startup.HostConfig.deployDirectory Deployment of web application directory [D:\JavaSQL\Java8\apache-tomcat-8.5.24\webapps\SQLServer] has finished in [171] ms
18-Apr-2024 15:39:40.753 INFO [localhost-startStop-1] org.apache.catalina.startup.HostConfig.deployDirectory Deploying web application directory [D:\JavaSQL\Java8\apache-tomcat-8.5.24\webapps\Servlet1]
18-Apr-2024 15:39:40.850 INFO [localhost-startStop-1] org.apache.jasper.servlet.TldScanner.scanJars At least one JAR was scanned for TLDs yet contained no TLDs. Enable debug logging for this logger for a complete list of JARs that were scanned but no TLDs were found in them. Skipping unneeded JARs during scanning can improve startup time and JSP compilation time.
18-Apr-2024 15:39:40.866 INFO [localhost-startStop-1] org.apache.catalina.startup.HostConfig.deployDirectory Deployment of web application directory [D:\JavaSQL\Java8\apache-tomcat-8.5.24\webapps\Servlet1] has finished in [113] ms
18-Apr-2024 15:39:40.866 INFO [localhost-startStop-1] org.apache.catalina.startup.HostConfig.deployDirectory Deploying web application directory [D:\JavaSQL\Java8\apache-tomcat-8.5.24\webapps\Servlet2]
18-Apr-2024 15:39:40.960 INFO [localhost-startStop-1] org.apache.jasper.servlet.TldScanner.scanJars At least one JAR was scanned for TLDs yet contained no TLDs. Enable debug logging for this logger for a complete list of JARs that were scanned but no TLDs were found in them. Skipping unneeded JARs during scanning can improve startup time and JSP compilation time.
18-Apr-2024 15:39:40.976 INFO [localhost-startStop-1] org.apache.catalina.startup.HostConfig.deployDirectory Deployment of web application directory [D:\JavaSQL\Java8\apache-tomcat-8.5.24\webapps\Servlet2] has finished in [110] ms
18-Apr-2024 15:39:40.976 INFO [localhost-startStop-1] org.apache.catalina.startup.HostConfig.deployDirectory Deploying web application directory [D:\JavaSQL\Java8\apache-tomcat-8.5.24\webapps\Servlet3]
18-Apr-2024 15:39:41.070 INFO [localhost-startStop-1] org.apache.jasper.servlet.TldScanner.scanJars At least one JAR was scanned for TLDs yet contained no TLDs. Enable debug logging for this logger for a complete list of JARs that were scanned but no TLDs were found in them. Skipping unneeded JARs during scanning can improve startup time and JSP compilation time.
18-Apr-2024 15:39:41.086 INFO [localhost-startStop-1] org.apache.catalina.startup.HostConfig.deployDirectory Deployment of web application directory [D:\JavaSQL\Java8\apache-tomcat-8.5.24\webapps\Servlet3] has finished in [110] ms
18-Apr-2024 15:39:41.086 INFO [localhost-startStop-1] org.apache.catalina.startup.HostConfig.deployDirectory Deploying web application directory [D:\JavaSQL\Java8\apache-tomcat-8.5.24\webapps\Servlet4]
18-Apr-2024 15:39:41.180 INFO [localhost-startStop-1] org.apache.jasper.servlet.TldScanner.scanJars At least one JAR was scanned for TLDs yet contained no TLDs. Enable debug logging for this logger for a complete list of JARs that were scanned but no TLDs were found in them. Skipping unneeded JARs during scanning can improve startup time and JSP compilation time.
18-Apr-2024 15:39:41.180 INFO [localhost-startStop-1] org.apache.catalina.startup.HostConfig.deployDirectory Deployment of web application directory [D:\JavaSQL\Java8\apache-tomcat-8.5.24\webapps\Servlet4] has finished in [94] ms
18-Apr-2024 15:39:41.180 INFO [localhost-startStop-1] org.apache.catalina.startup.HostConfig.deployDirectory Deploying web application directory [D:\JavaSQL\Java8\apache-tomcat-8.5.24\webapps\Pract8]
18-Apr-2024 15:39:41.353 INFO [localhost-startStop-1] org.apache.jasper.servlet.TldScanner.scanJars At least one JAR was scanned for TLDs yet contained no TLDs. Enable debug logging for this logger for a complete list of JARs that were scanned but no TLDs were found in them. Skipping unneeded JARs during scanning can improve startup time and JSP compilation time.
18-Apr-2024 15:39:41.353 INFO [localhost-startStop-1] org.apache.catalina.startup.HostConfig.deployDirectory Deployment of web application directory [D:\JavaSQL\Java8\apache-tomcat-8.5.24\webapps\Pract8] has finished in [173] ms
18-Apr-2024 15:39:41.353 INFO [localhost-startStop-1] org.apache.catalina.startup.HostConfig.deployDirectory Deploying web application directory [D:\JavaSQL\Java8\apache-tomcat-8.5.24\webapps\Entrega]
18-Apr-2024 15:39:41.432 INFO [localhost-startStop-1] org.apache.jasper.servlet.TldScanner.scanJars At least one JAR was scanned for TLDs yet contained no TLDs. Enable debug logging for this logger for a complete list of JARs that were scanned but no TLDs were found in them. Skipping unneeded JARs during scanning can improve startup time and JSP compilation time.
18-Apr-2024 15:39:41.447 INFO [localhost-startStop-1] org.apache.catalina.startup.HostConfig.deployDirectory Deployment of web application directory [D:\JavaSQL\Java8\apache-tomcat-8.5.24\webapps\Entrega] has finished in [94] ms
18-Apr-2024 15:39:41.447 INFO [localhost-startStop-1] org.apache.catalina.startup.HostConfig.deployDirectory Deploying web application directory [D:\JavaSQL\Java8\apache-tomcat-8.5.24\webapps\matrices8]
18-Apr-2024 15:39:41.605 INFO [localhost-startStop-1] org.apache.jasper.servlet.TldScanner.scanJars At least one JAR was scanned for TLDs yet contained no TLDs. Enable debug logging for this logger for a complete list of JARs that were scanned but no TLDs were found in them. Skipping unneeded JARs during scanning can improve startup time and JSP compilation time.
18-Apr-2024 15:39:41.621 INFO [localhost-startStop-1] org.apache.catalina.startup.HostConfig.deployDirectory Deployment of web application directory [D:\JavaSQL\Java8\apache-tomcat-8.5.24\webapps\matrices8] has finished in [174] ms
18-Apr-2024 15:39:41.621 INFO [localhost-startStop-1] org.apache.catalina.startup.HostConfig.deployDirectory Deploying web application directory [D:\JavaSQL\Java8\apache-tomcat-8.5.24\webapps\TD_E18]
18-Apr-2024 15:39:41.951 INFO [localhost-startStop-1] org.apache.jasper.servlet.TldScanner.scanJars At least one JAR was scanned for TLDs yet contained no TLDs. Enable debug logging for this logger for a complete list of JARs that were scanned but no TLDs were found in them. Skipping unneeded JARs during scanning can improve startup time and JSP compilation time.
18-Apr-2024 15:39:41.959 INFO [localhost-startStop-1] org.apache.catalina.startup.HostConfig.deployDirectory Deployment of web application directory [D:\JavaSQL\Java8\apache-tomcat-8.5.24\webapps\TD_E18] has finished in [338] ms
18-Apr-2024 15:39:41.959 INFO [localhost-startStop-1] org.apache.catalina.startup.HostConfig.deployDirectory Deploying web application directory [D:\JavaSQL\Java8\apache-tomcat-8.5.24\webapps\TB15]
18-Apr-2024 15:39:42.236 INFO [localhost-startStop-1] org.apache.jasper.servlet.TldScanner.scanJars At least one JAR was scanned for TLDs yet contained no TLDs. Enable debug logging for this logger for a complete list of JARs that were scanned but no TLDs were found in them. Skipping unneeded JARs during scanning can improve startup time and JSP compilation time.
18-Apr-2024 15:39:42.236 INFO [localhost-startStop-1] org.apache.catalina.startup.HostConfig.deployDirectory Deployment of web application directory [D:\JavaSQL\Java8\apache-tomcat-8.5.24\webapps\TB15] has finished in [277] ms
18-Apr-2024 15:39:42.236 INFO [localhost-startStop-1] org.apache.catalina.startup.HostConfig.deployDirectory Deploying web application directory [D:\JavaSQL\Java8\apache-tomcat-8.5.24\webapps\S2]
18-Apr-2024 15:39:42.347 INFO [localhost-startStop-1] org.apache.jasper.servlet.TldScanner.scanJars At least one JAR was scanned for TLDs yet contained no TLDs. Enable debug logging for this logger for a complete list of JARs that were scanned but no TLDs were found in them. Skipping unneeded JARs during scanning can improve startup time and JSP compilation time.
18-Apr-2024 15:39:42.362 INFO [localhost-startStop-1] org.apache.catalina.startup.HostConfig.deployDirectory Deployment of web application directory [D:\JavaSQL\Java8\apache-tomcat-8.5.24\webapps\S2] has finished in [126] ms
18-Apr-2024 15:39:42.362 INFO [localhost-startStop-1] org.apache.catalina.startup.HostConfig.deployDirectory Deploying web application directory [D:\JavaSQL\Java8\apache-tomcat-8.5.24\webapps\mock1]
18-Apr-2024 15:39:42.488 INFO [localhost-startStop-1] org.apache.jasper.servlet.TldScanner.scanJars At least one JAR was scanned for TLDs yet contained no TLDs. Enable debug logging for this logger for a complete list of JARs that were scanned but no TLDs were found in them. Skipping unneeded JARs during scanning can improve startup time and JSP compilation time.
18-Apr-2024 15:39:42.503 INFO [localhost-startStop-1] org.apache.catalina.startup.HostConfig.deployDirectory Deployment of web application directory [D:\JavaSQL\Java8\apache-tomcat-8.5.24\webapps\mock1] has finished in [141] ms
18-Apr-2024 15:39:42.503 INFO [localhost-startStop-1] org.apache.catalina.startup.HostConfig.deployDirectory Deploying web application directory [D:\JavaSQL\Java8\apache-tomcat-8.5.24\webapps\mock2]
18-Apr-2024 15:39:42.664 INFO [localhost-startStop-1] org.apache.jasper.servlet.TldScanner.scanJars At least one JAR was scanned for TLDs yet contained no TLDs. Enable debug logging for this logger for a complete list of JARs that were scanned but no TLDs were found in them. Skipping unneeded JARs during scanning can improve startup time and JSP compilation time.
18-Apr-2024 15:39:42.664 INFO [localhost-startStop-1] org.apache.catalina.startup.HostConfig.deployDirectory Deployment of web application directory [D:\JavaSQL\Java8\apache-tomcat-8.5.24\webapps\mock2] has finished in [161] ms
18-Apr-2024 15:39:42.664 INFO [localhost-startStop-1] org.apache.catalina.startup.HostConfig.deployDirectory Deploying web application directory [D:\JavaSQL\Java8\apache-tomcat-8.5.24\webapps\PEB2024]
18-Apr-2024 15:39:42.790 INFO [localhost-startStop-1] org.apache.jasper.servlet.TldScanner.scanJars At least one JAR was scanned for TLDs yet contained no TLDs. Enable debug logging for this logger for a complete list of JARs that were scanned but no TLDs were found in them. Skipping unneeded JARs during scanning can improve startup time and JSP compilation time.
18-Apr-2024 15:39:42.806 INFO [localhost-startStop-1] org.apache.catalina.startup.HostConfig.deployDirectory Deployment of web application directory [D:\JavaSQL\Java8\apache-tomcat-8.5.24\webapps\PEB2024] has finished in [142] ms
18-Apr-2024 15:39:42.806 INFO [localhost-startStop-1] org.apache.catalina.startup.HostConfig.deployDirectory Deploying web application directory [D:\JavaSQL\Java8\apache-tomcat-8.5.24\webapps\Anti2]
18-Apr-2024 15:39:42.900 INFO [localhost-startStop-1] org.apache.jasper.servlet.TldScanner.scanJars At least one JAR was scanned for TLDs yet contained no TLDs. Enable debug logging for this logger for a complete list of JARs that were scanned but no TLDs were found in them. Skipping unneeded JARs during scanning can improve startup time and JSP compilation time.
18-Apr-2024 15:39:42.916 INFO [localhost-startStop-1] org.apache.catalina.startup.HostConfig.deployDirectory Deployment of web application directory [D:\JavaSQL\Java8\apache-tomcat-8.5.24\webapps\Anti2] has finished in [110] ms
18-Apr-2024 15:39:42.916 INFO [localhost-startStop-1] org.apache.catalina.startup.HostConfig.deployDirectory Deploying web application directory [D:\JavaSQL\Java8\apache-tomcat-8.5.24\webapps\Anti1]
18-Apr-2024 15:39:43.073 INFO [localhost-startStop-1] org.apache.jasper.servlet.TldScanner.scanJars At least one JAR was scanned for TLDs yet contained no TLDs. Enable debug logging for this logger for a complete list of JARs that were scanned but no TLDs were found in them. Skipping unneeded JARs during scanning can improve startup time and JSP compilation time.
18-Apr-2024 15:39:43.080 INFO [localhost-startStop-1] org.apache.catalina.startup.HostConfig.deployDirectory Deployment of web application directory [D:\JavaSQL\Java8\apache-tomcat-8.5.24\webapps\Anti1] has finished in [164] ms
18-Apr-2024 15:39:43.087 INFO [main] org.apache.coyote.AbstractProtocol.start Starting ProtocolHandler ["http-nio-8082"]
18-Apr-2024 15:39:43.106 INFO [main] org.apache.coyote.AbstractProtocol.start Starting ProtocolHandler ["ajp-nio-8009"]
18-Apr-2024 15:39:43.112 INFO [main] org.apache.catalina.startup.Catalina.start Server startup in 7949 ms
18-Apr-2024 15:45:54.627 INFO [main] org.apache.catalina.core.StandardServer.await A valid shutdown command was received via the shutdown port. Stopping the Server instance.
18-Apr-2024 15:45:54.628 INFO [main] org.apache.coyote.AbstractProtocol.pause Pausing ProtocolHandler ["http-nio-8082"]
18-Apr-2024 15:45:54.915 INFO [main] org.apache.coyote.AbstractProtocol.pause Pausing ProtocolHandler ["ajp-nio-8009"]
18-Apr-2024 15:45:55.098 INFO [main] org.apache.catalina.core.StandardService.stopInternal Stopping service [Catalina]
18-Apr-2024 15:45:55.330 INFO [main] org.apache.coyote.AbstractProtocol.stop Stopping ProtocolHandler ["http-nio-8082"]
18-Apr-2024 15:45:55.335 INFO [main] org.apache.coyote.AbstractProtocol.stop Stopping ProtocolHandler ["ajp-nio-8009"]
18-Apr-2024 15:45:55.337 INFO [main] org.apache.coyote.AbstractProtocol.destroy Destroying ProtocolHandler ["http-nio-8082"]
18-Apr-2024 15:45:55.339 INFO [main] org.apache.coyote.AbstractProtocol.destroy Destroying ProtocolHandler ["ajp-nio-8009"]
18-Apr-2024 15:46:18.478 INFO [main] org.apache.catalina.startup.VersionLoggerListener.log Server version:        Apache Tomcat/8.5.24
18-Apr-2024 15:46:18.479 INFO [main] org.apache.catalina.startup.VersionLoggerListener.log Server built:          Nov 27 2017 13:05:30 UTC
18-Apr-2024 15:46:18.479 INFO [main] org.apache.catalina.startup.VersionLoggerListener.log Server number:         8.5.24.0
18-Apr-2024 15:46:18.479 INFO [main] org.apache.catalina.startup.VersionLoggerListener.log OS Name:               Windows 10
18-Apr-2024 15:46:18.479 INFO [main] org.apache.catalina.startup.VersionLoggerListener.log OS Version:            10.0
18-Apr-2024 15:46:18.479 INFO [main] org.apache.catalina.startup.VersionLoggerListener.log Architecture:          x86
18-Apr-2024 15:46:18.479 INFO [main] org.apache.catalina.startup.VersionLoggerListener.log Java Home:             D:\JavaSQL\Java8\jdk1.8.0_131\jre
18-Apr-2024 15:46:18.479 INFO [main] org.apache.catalina.startup.VersionLoggerListener.log JVM Version:           1.8.0_131-b11
18-Apr-2024 15:46:18.479 INFO [main] org.apache.catalina.startup.VersionLoggerListener.log JVM Vendor:            Oracle Corporation
18-Apr-2024 15:46:18.479 INFO [main] org.apache.catalina.startup.VersionLoggerListener.log CATALINA_BASE:         D:\JavaSQL\Java8\apache-tomcat-8.5.24
18-Apr-2024 15:46:18.479 INFO [main] org.apache.catalina.startup.VersionLoggerListener.log CATALINA_HOME:         D:\JavaSQL\Java8\apache-tomcat-8.5.24
18-Apr-2024 15:46:18.479 INFO [main] org.apache.catalina.startup.VersionLoggerListener.log Command line argument: -Djava.util.logging.config.file=D:\JavaSQL\Java8\apache-tomcat-8.5.24\conf\logging.properties
18-Apr-2024 15:46:18.479 INFO [main] org.apache.catalina.startup.VersionLoggerListener.log Command line argument: -Djava.util.logging.manager=org.apache.juli.ClassLoaderLogManager
18-Apr-2024 15:46:18.479 INFO [main] org.apache.catalina.startup.VersionLoggerListener.log Command line argument: -Djdk.tls.ephemeralDHKeySize=2048
18-Apr-2024 15:46:18.479 INFO [main] org.apache.catalina.startup.VersionLoggerListener.log Command line argument: -Djava.protocol.handler.pkgs=org.apache.catalina.webresources
18-Apr-2024 15:46:18.479 INFO [main] org.apache.catalina.startup.VersionLoggerListener.log Command line argument: -Dignore.endorsed.dirs=
18-Apr-2024 15:46:18.479 INFO [main] org.apache.catalina.startup.VersionLoggerListener.log Command line argument: -Dcatalina.base=D:\JavaSQL\Java8\apache-tomcat-8.5.24
18-Apr-2024 15:46:18.479 INFO [main] org.apache.catalina.startup.VersionLoggerListener.log Command line argument: -Dcatalina.home=D:\JavaSQL\Java8\apache-tomcat-8.5.24
18-Apr-2024 15:46:18.479 INFO [main] org.apache.catalina.startup.VersionLoggerListener.log Command line argument: -Djava.io.tmpdir=D:\JavaSQL\Java8\apache-tomcat-8.5.24\temp
18-Apr-2024 15:46:18.479 INFO [main] org.apache.catalina.core.AprLifecycleListener.lifecycleEvent The APR based Apache Tomcat Native library which allows optimal performance in production environments was not found on the java.library.path: [D:\JavaSQL\Java8\jdk1.8.0_131\bin;C:\WINDOWS\Sun\Java\bin;C:\WINDOWS\system32;C:\WINDOWS;D:\JavaSQL\Java8\jdk1.8.0_131\bin;D:\JavaSQL\Java8\jdk1.8.0_131\db\bin;D:\JavaSQL\Java8\squirrelsql-4.0.0-standard;D:\JavaSQL\Java8\apache-tomcat-8.5.24\bin;C:\WINDOWS\system32;C:\WINDOWS;C:\WINDOWS\System32\Wbem;C:\WINDOWS\System32\WindowsPowerShell\v1.0\;C:\WINDOWS\System32\OpenSSH\;C:\Program Files\dotnet\;C:\Users\Aldoa\Desktop\Infor\bin;C:\Users\Aldoa\AppData\Local\Microsoft\WindowsApps;;.]
18-Apr-2024 15:46:18.544 INFO [main] org.apache.coyote.AbstractProtocol.init Initializing ProtocolHandler ["http-nio-8082"]
18-Apr-2024 15:46:18.743 INFO [main] org.apache.tomcat.util.net.NioSelectorPool.getSharedSelector Using a shared selector for servlet write/read
18-Apr-2024 15:46:18.743 INFO [main] org.apache.coyote.AbstractProtocol.init Initializing ProtocolHandler ["ajp-nio-8009"]
18-Apr-2024 15:46:18.743 INFO [main] org.apache.tomcat.util.net.NioSelectorPool.getSharedSelector Using a shared selector for servlet write/read
18-Apr-2024 15:46:18.743 INFO [main] org.apache.catalina.startup.Catalina.load Initialization processed in 464 ms
18-Apr-2024 15:46:18.772 INFO [main] org.apache.catalina.core.StandardService.startInternal Starting service [Catalina]
18-Apr-2024 15:46:18.773 INFO [main] org.apache.catalina.core.StandardEngine.startInternal Starting Servlet Engine: Apache Tomcat/8.5.24
18-Apr-2024 15:46:18.777 INFO [localhost-startStop-1] org.apache.catalina.startup.HostConfig.deployDirectory Deploying web application directory [D:\JavaSQL\Java8\apache-tomcat-8.5.24\webapps\docs]
18-Apr-2024 15:46:18.938 INFO [localhost-startStop-1] org.apache.jasper.servlet.TldScanner.scanJars At least one JAR was scanned for TLDs yet contained no TLDs. Enable debug logging for this logger for a complete list of JARs that were scanned but no TLDs were found in them. Skipping unneeded JARs during scanning can improve startup time and JSP compilation time.
18-Apr-2024 15:46:18.974 INFO [localhost-startStop-1] org.apache.catalina.startup.HostConfig.deployDirectory Deployment of web application directory [D:\JavaSQL\Java8\apache-tomcat-8.5.24\webapps\docs] has finished in [197] ms
18-Apr-2024 15:46:18.974 INFO [localhost-startStop-1] org.apache.catalina.startup.HostConfig.deployDirectory Deploying web application directory [D:\JavaSQL\Java8\apache-tomcat-8.5.24\webapps\examples]
18-Apr-2024 15:46:19.115 INFO [localhost-startStop-1] org.apache.jasper.servlet.TldScanner.scanJars At least one JAR was scanned for TLDs yet contained no TLDs. Enable debug logging for this logger for a complete list of JARs that were scanned but no TLDs were found in them. Skipping unneeded JARs during scanning can improve startup time and JSP compilation time.
18-Apr-2024 15:46:19.140 INFO [localhost-startStop-1] org.apache.catalina.startup.HostConfig.deployDirectory Deployment of web application directory [D:\JavaSQL\Java8\apache-tomcat-8.5.24\webapps\examples] has finished in [166] ms
18-Apr-2024 15:46:19.140 INFO [localhost-startStop-1] org.apache.catalina.startup.HostConfig.deployDirectory Deploying web application directory [D:\JavaSQL\Java8\apache-tomcat-8.5.24\webapps\host-manager]
18-Apr-2024 15:46:19.157 INFO [localhost-startStop-1] org.apache.jasper.servlet.TldScanner.scanJars At least one JAR was scanned for TLDs yet contained no TLDs. Enable debug logging for this logger for a complete list of JARs that were scanned but no TLDs were found in them. Skipping unneeded JARs during scanning can improve startup time and JSP compilation time.
18-Apr-2024 15:46:19.162 INFO [localhost-startStop-1] org.apache.catalina.startup.HostConfig.deployDirectory Deployment of web application directory [D:\JavaSQL\Java8\apache-tomcat-8.5.24\webapps\host-manager] has finished in [22] ms
18-Apr-2024 15:46:19.162 INFO [localhost-startStop-1] org.apache.catalina.startup.HostConfig.deployDirectory Deploying web application directory [D:\JavaSQL\Java8\apache-tomcat-8.5.24\webapps\ROOT]
18-Apr-2024 15:46:19.172 INFO [localhost-startStop-1] org.apache.jasper.servlet.TldScanner.scanJars At least one JAR was scanned for TLDs yet contained no TLDs. Enable debug logging for this logger for a complete list of JARs that were scanned but no TLDs were found in them. Skipping unneeded JARs during scanning can improve startup time and JSP compilation time.
18-Apr-2024 15:46:19.172 INFO [localhost-startStop-1] org.apache.catalina.startup.HostConfig.deployDirectory Deployment of web application directory [D:\JavaSQL\Java8\apache-tomcat-8.5.24\webapps\ROOT] has finished in [10] ms
18-Apr-2024 15:46:19.172 INFO [localhost-startStop-1] org.apache.catalina.startup.HostConfig.deployDirectory Deploying web application directory [D:\JavaSQL\Java8\apache-tomcat-8.5.24\webapps\SQLServer]
18-Apr-2024 15:46:19.194 INFO [localhost-startStop-1] org.apache.jasper.servlet.TldScanner.scanJars At least one JAR was scanned for TLDs yet contained no TLDs. Enable debug logging for this logger for a complete list of JARs that were scanned but no TLDs were found in them. Skipping unneeded JARs during scanning can improve startup time and JSP compilation time.
18-Apr-2024 15:46:19.196 INFO [localhost-startStop-1] org.apache.catalina.startup.HostConfig.deployDirectory Deployment of web application directory [D:\JavaSQL\Java8\apache-tomcat-8.5.24\webapps\SQLServer] has finished in [24] ms
18-Apr-2024 15:46:19.196 INFO [localhost-startStop-1] org.apache.catalina.startup.HostConfig.deployDirectory Deploying web application directory [D:\JavaSQL\Java8\apache-tomcat-8.5.24\webapps\Servlet1]
18-Apr-2024 15:46:19.205 INFO [localhost-startStop-1] org.apache.jasper.servlet.TldScanner.scanJars At least one JAR was scanned for TLDs yet contained no TLDs. Enable debug logging for this logger for a complete list of JARs that were scanned but no TLDs were found in them. Skipping unneeded JARs during scanning can improve startup time and JSP compilation time.
18-Apr-2024 15:46:19.205 INFO [localhost-startStop-1] org.apache.catalina.startup.HostConfig.deployDirectory Deployment of web application directory [D:\JavaSQL\Java8\apache-tomcat-8.5.24\webapps\Servlet1] has finished in [9] ms
18-Apr-2024 15:46:19.205 INFO [localhost-startStop-1] org.apache.catalina.startup.HostConfig.deployDirectory Deploying web application directory [D:\JavaSQL\Java8\apache-tomcat-8.5.24\webapps\Servlet2]
18-Apr-2024 15:46:19.229 INFO [localhost-startStop-1] org.apache.jasper.servlet.TldScanner.scanJars At least one JAR was scanned for TLDs yet contained no TLDs. Enable debug logging for this logger for a complete list of JARs that were scanned but no TLDs were found in them. Skipping unneeded JARs during scanning can improve startup time and JSP compilation time.
18-Apr-2024 15:46:19.230 INFO [localhost-startStop-1] org.apache.catalina.startup.HostConfig.deployDirectory Deployment of web application directory [D:\JavaSQL\Java8\apache-tomcat-8.5.24\webapps\Servlet2] has finished in [25] ms
18-Apr-2024 15:46:19.231 INFO [localhost-startStop-1] org.apache.catalina.startup.HostConfig.deployDirectory Deploying web application directory [D:\JavaSQL\Java8\apache-tomcat-8.5.24\webapps\Servlet3]
18-Apr-2024 15:46:19.237 INFO [localhost-startStop-1] org.apache.jasper.servlet.TldScanner.scanJars At least one JAR was scanned for TLDs yet contained no TLDs. Enable debug logging for this logger for a complete list of JARs that were scanned but no TLDs were found in them. Skipping unneeded JARs during scanning can improve startup time and JSP compilation time.
18-Apr-2024 15:46:19.237 INFO [localhost-startStop-1] org.apache.catalina.startup.HostConfig.deployDirectory Deployment of web application directory [D:\JavaSQL\Java8\apache-tomcat-8.5.24\webapps\Servlet3] has finished in [7] ms
18-Apr-2024 15:46:19.237 INFO [localhost-startStop-1] org.apache.catalina.startup.HostConfig.deployDirectory Deploying web application directory [D:\JavaSQL\Java8\apache-tomcat-8.5.24\webapps\Servlet4]
18-Apr-2024 15:46:19.260 INFO [localhost-startStop-1] org.apache.jasper.servlet.TldScanner.scanJars At least one JAR was scanned for TLDs yet contained no TLDs. Enable debug logging for this logger for a complete list of JARs that were scanned but no TLDs were found in them. Skipping unneeded JARs during scanning can improve startup time and JSP compilation time.
18-Apr-2024 15:46:19.262 INFO [localhost-startStop-1] org.apache.catalina.startup.HostConfig.deployDirectory Deployment of web application directory [D:\JavaSQL\Java8\apache-tomcat-8.5.24\webapps\Servlet4] has finished in [25] ms
18-Apr-2024 15:46:19.263 INFO [localhost-startStop-1] org.apache.catalina.startup.HostConfig.deployDirectory Deploying web application directory [D:\JavaSQL\Java8\apache-tomcat-8.5.24\webapps\Pract8]
18-Apr-2024 15:46:19.270 INFO [localhost-startStop-1] org.apache.jasper.servlet.TldScanner.scanJars At least one JAR was scanned for TLDs yet contained no TLDs. Enable debug logging for this logger for a complete list of JARs that were scanned but no TLDs were found in them. Skipping unneeded JARs during scanning can improve startup time and JSP compilation time.
18-Apr-2024 15:46:19.270 INFO [localhost-startStop-1] org.apache.catalina.startup.HostConfig.deployDirectory Deployment of web application directory [D:\JavaSQL\Java8\apache-tomcat-8.5.24\webapps\Pract8] has finished in [7] ms
18-Apr-2024 15:46:19.270 INFO [localhost-startStop-1] org.apache.catalina.startup.HostConfig.deployDirectory Deploying web application directory [D:\JavaSQL\Java8\apache-tomcat-8.5.24\webapps\Entrega]
18-Apr-2024 15:46:19.297 INFO [localhost-startStop-1] org.apache.jasper.servlet.TldScanner.scanJars At least one JAR was scanned for TLDs yet contained no TLDs. Enable debug logging for this logger for a complete list of JARs that were scanned but no TLDs were found in them. Skipping unneeded JARs during scanning can improve startup time and JSP compilation time.
18-Apr-2024 15:46:19.298 INFO [localhost-startStop-1] org.apache.catalina.startup.HostConfig.deployDirectory Deployment of web application directory [D:\JavaSQL\Java8\apache-tomcat-8.5.24\webapps\Entrega] has finished in [28] ms
18-Apr-2024 15:46:19.299 INFO [localhost-startStop-1] org.apache.catalina.startup.HostConfig.deployDirectory Deploying web application directory [D:\JavaSQL\Java8\apache-tomcat-8.5.24\webapps\matrices8]
18-Apr-2024 15:46:19.313 INFO [localhost-startStop-1] org.apache.jasper.servlet.TldScanner.scanJars At least one JAR was scanned for TLDs yet contained no TLDs. Enable debug logging for this logger for a complete list of JARs that were scanned but no TLDs were found in them. Skipping unneeded JARs during scanning can improve startup time and JSP compilation time.
18-Apr-2024 15:46:19.316 INFO [localhost-startStop-1] org.apache.catalina.startup.HostConfig.deployDirectory Deployment of web application directory [D:\JavaSQL\Java8\apache-tomcat-8.5.24\webapps\matrices8] has finished in [17] ms
18-Apr-2024 15:46:19.316 INFO [localhost-startStop-1] org.apache.catalina.startup.HostConfig.deployDirectory Deploying web application directory [D:\JavaSQL\Java8\apache-tomcat-8.5.24\webapps\TD_E18]
18-Apr-2024 15:46:19.334 INFO [localhost-startStop-1] org.apache.jasper.servlet.TldScanner.scanJars At least one JAR was scanned for TLDs yet contained no TLDs. Enable debug logging for this logger for a complete list of JARs that were scanned but no TLDs were found in them. Skipping unneeded JARs during scanning can improve startup time and JSP compilation time.
18-Apr-2024 15:46:19.336 INFO [localhost-startStop-1] org.apache.catalina.startup.HostConfig.deployDirectory Deployment of web application directory [D:\JavaSQL\Java8\apache-tomcat-8.5.24\webapps\TD_E18] has finished in [19] ms
18-Apr-2024 15:46:19.336 INFO [localhost-startStop-1] org.apache.catalina.startup.HostConfig.deployDirectory Deploying web application directory [D:\JavaSQL\Java8\apache-tomcat-8.5.24\webapps\TB15]
18-Apr-2024 15:46:19.356 INFO [localhost-startStop-1] org.apache.jasper.servlet.TldScanner.scanJars At least one JAR was scanned for TLDs yet contained no TLDs. Enable debug logging for this logger for a complete list of JARs that were scanned but no TLDs were found in them. Skipping unneeded JARs during scanning can improve startup time and JSP compilation time.
18-Apr-2024 15:46:19.357 INFO [localhost-startStop-1] org.apache.catalina.startup.HostConfig.deployDirectory Deployment of web application directory [D:\JavaSQL\Java8\apache-tomcat-8.5.24\webapps\TB15] has finished in [21] ms
18-Apr-2024 15:46:19.358 INFO [localhost-startStop-1] org.apache.catalina.startup.HostConfig.deployDirectory Deploying web application directory [D:\JavaSQL\Java8\apache-tomcat-8.5.24\webapps\S2]
18-Apr-2024 15:46:19.372 INFO [localhost-startStop-1] org.apache.jasper.servlet.TldScanner.scanJars At least one JAR was scanned for TLDs yet contained no TLDs. Enable debug logging for this logger for a complete list of JARs that were scanned but no TLDs were found in them. Skipping unneeded JARs during scanning can improve startup time and JSP compilation time.
18-Apr-2024 15:46:19.373 INFO [localhost-startStop-1] org.apache.catalina.startup.HostConfig.deployDirectory Deployment of web application directory [D:\JavaSQL\Java8\apache-tomcat-8.5.24\webapps\S2] has finished in [15] ms
18-Apr-2024 15:46:19.373 INFO [localhost-startStop-1] org.apache.catalina.startup.HostConfig.deployDirectory Deploying web application directory [D:\JavaSQL\Java8\apache-tomcat-8.5.24\webapps\mock1]
18-Apr-2024 15:46:19.388 INFO [localhost-startStop-1] org.apache.jasper.servlet.TldScanner.scanJars At least one JAR was scanned for TLDs yet contained no TLDs. Enable debug logging for this logger for a complete list of JARs that were scanned but no TLDs were found in them. Skipping unneeded JARs during scanning can improve startup time and JSP compilation time.
18-Apr-2024 15:46:19.390 INFO [localhost-startStop-1] org.apache.catalina.startup.HostConfig.deployDirectory Deployment of web application directory [D:\JavaSQL\Java8\apache-tomcat-8.5.24\webapps\mock1] has finished in [17] ms
18-Apr-2024 15:46:19.390 INFO [localhost-startStop-1] org.apache.catalina.startup.HostConfig.deployDirectory Deploying web application directory [D:\JavaSQL\Java8\apache-tomcat-8.5.24\webapps\mock2]
18-Apr-2024 15:46:19.404 INFO [localhost-startStop-1] org.apache.jasper.servlet.TldScanner.scanJars At least one JAR was scanned for TLDs yet contained no TLDs. Enable debug logging for this logger for a complete list of JARs that were scanned but no TLDs were found in them. Skipping unneeded JARs during scanning can improve startup time and JSP compilation time.
18-Apr-2024 15:46:19.405 INFO [localhost-startStop-1] org.apache.catalina.startup.HostConfig.deployDirectory Deployment of web application directory [D:\JavaSQL\Java8\apache-tomcat-8.5.24\webapps\mock2] has finished in [15] ms
18-Apr-2024 15:46:19.406 INFO [localhost-startStop-1] org.apache.catalina.startup.HostConfig.deployDirectory Deploying web application directory [D:\JavaSQL\Java8\apache-tomcat-8.5.24\webapps\PEB2024]
18-Apr-2024 15:46:19.425 INFO [localhost-startStop-1] org.apache.jasper.servlet.TldScanner.scanJars At least one JAR was scanned for TLDs yet contained no TLDs. Enable debug logging for this logger for a complete list of JARs that were scanned but no TLDs were found in them. Skipping unneeded JARs during scanning can improve startup time and JSP compilation time.
18-Apr-2024 15:46:19.426 INFO [localhost-startStop-1] org.apache.catalina.startup.HostConfig.deployDirectory Deployment of web application directory [D:\JavaSQL\Java8\apache-tomcat-8.5.24\webapps\PEB2024] has finished in [20] ms
18-Apr-2024 15:46:19.427 INFO [localhost-startStop-1] org.apache.catalina.startup.HostConfig.deployDirectory Deploying web application directory [D:\JavaSQL\Java8\apache-tomcat-8.5.24\webapps\Anti2]
18-Apr-2024 15:46:19.445 INFO [localhost-startStop-1] org.apache.jasper.servlet.TldScanner.scanJars At least one JAR was scanned for TLDs yet contained no TLDs. Enable debug logging for this logger for a complete list of JARs that were scanned but no TLDs were found in them. Skipping unneeded JARs during scanning can improve startup time and JSP compilation time.
18-Apr-2024 15:46:19.445 INFO [localhost-startStop-1] org.apache.catalina.startup.HostConfig.deployDirectory Deployment of web application directory [D:\JavaSQL\Java8\apache-tomcat-8.5.24\webapps\Anti2] has finished in [18] ms
18-Apr-2024 15:46:19.446 INFO [localhost-startStop-1] org.apache.catalina.startup.HostConfig.deployDirectory Deploying web application directory [D:\JavaSQL\Java8\apache-tomcat-8.5.24\webapps\Anti1]
18-Apr-2024 15:46:19.497 INFO [localhost-startStop-1] org.apache.jasper.servlet.TldScanner.scanJars At least one JAR was scanned for TLDs yet contained no TLDs. Enable debug logging for this logger for a complete list of JARs that were scanned but no TLDs were found in them. Skipping unneeded JARs during scanning can improve startup time and JSP compilation time.
18-Apr-2024 15:46:19.500 INFO [localhost-startStop-1] org.apache.catalina.startup.HostConfig.deployDirectory Deployment of web application directory [D:\JavaSQL\Java8\apache-tomcat-8.5.24\webapps\Anti1] has finished in [54] ms
18-Apr-2024 15:46:19.504 INFO [main] org.apache.coyote.AbstractProtocol.start Starting ProtocolHandler ["http-nio-8082"]
18-Apr-2024 15:46:19.517 INFO [main] org.apache.coyote.AbstractProtocol.start Starting ProtocolHandler ["ajp-nio-8009"]
18-Apr-2024 15:46:19.521 INFO [main] org.apache.catalina.startup.Catalina.start Server startup in 764 ms
18-Apr-2024 15:46:57.911 INFO [main] org.apache.catalina.core.StandardServer.await A valid shutdown command was received via the shutdown port. Stopping the Server instance.
18-Apr-2024 15:46:57.911 INFO [main] org.apache.coyote.AbstractProtocol.pause Pausing ProtocolHandler ["http-nio-8082"]
18-Apr-2024 15:46:58.164 INFO [main] org.apache.coyote.AbstractProtocol.pause Pausing ProtocolHandler ["ajp-nio-8009"]
18-Apr-2024 15:46:58.337 INFO [main] org.apache.catalina.core.StandardService.stopInternal Stopping service [Catalina]
18-Apr-2024 15:46:58.431 INFO [main] org.apache.coyote.AbstractProtocol.stop Stopping ProtocolHandler ["http-nio-8082"]
18-Apr-2024 15:46:58.431 INFO [main] org.apache.coyote.AbstractProtocol.stop Stopping ProtocolHandler ["ajp-nio-8009"]
18-Apr-2024 15:46:58.431 INFO [main] org.apache.coyote.AbstractProtocol.destroy Destroying ProtocolHandler ["http-nio-8082"]
18-Apr-2024 15:46:58.431 INFO [main] org.apache.coyote.AbstractProtocol.destroy Destroying ProtocolHandler ["ajp-nio-8009"]
18-Apr-2024 15:47:19.104 INFO [main] org.apache.catalina.startup.VersionLoggerListener.log Server version:        Apache Tomcat/8.5.24
18-Apr-2024 15:47:19.104 INFO [main] org.apache.catalina.startup.VersionLoggerListener.log Server built:          Nov 27 2017 13:05:30 UTC
18-Apr-2024 15:47:19.104 INFO [main] org.apache.catalina.startup.VersionLoggerListener.log Server number:         8.5.24.0
18-Apr-2024 15:47:19.104 INFO [main] org.apache.catalina.startup.VersionLoggerListener.log OS Name:               Windows 10
18-Apr-2024 15:47:19.104 INFO [main] org.apache.catalina.startup.VersionLoggerListener.log OS Version:            10.0
18-Apr-2024 15:47:19.104 INFO [main] org.apache.catalina.startup.VersionLoggerListener.log Architecture:          x86
18-Apr-2024 15:47:19.104 INFO [main] org.apache.catalina.startup.VersionLoggerListener.log Java Home:             D:\JavaSQL\Java8\jdk1.8.0_131\jre
18-Apr-2024 15:47:19.104 INFO [main] org.apache.catalina.startup.VersionLoggerListener.log JVM Version:           1.8.0_131-b11
18-Apr-2024 15:47:19.104 INFO [main] org.apache.catalina.startup.VersionLoggerListener.log JVM Vendor:            Oracle Corporation
18-Apr-2024 15:47:19.104 INFO [main] org.apache.catalina.startup.VersionLoggerListener.log CATALINA_BASE:         D:\JavaSQL\Java8\apache-tomcat-8.5.24
18-Apr-2024 15:47:19.104 INFO [main] org.apache.catalina.startup.VersionLoggerListener.log CATALINA_HOME:         D:\JavaSQL\Java8\apache-tomcat-8.5.24
18-Apr-2024 15:47:19.104 INFO [main] org.apache.catalina.startup.VersionLoggerListener.log Command line argument: -Djava.util.logging.config.file=D:\JavaSQL\Java8\apache-tomcat-8.5.24\conf\logging.properties
18-Apr-2024 15:47:19.104 INFO [main] org.apache.catalina.startup.VersionLoggerListener.log Command line argument: -Djava.util.logging.manager=org.apache.juli.ClassLoaderLogManager
18-Apr-2024 15:47:19.104 INFO [main] org.apache.catalina.startup.VersionLoggerListener.log Command line argument: -Djdk.tls.ephemeralDHKeySize=2048
18-Apr-2024 15:47:19.104 INFO [main] org.apache.catalina.startup.VersionLoggerListener.log Command line argument: -Djava.protocol.handler.pkgs=org.apache.catalina.webresources
18-Apr-2024 15:47:19.104 INFO [main] org.apache.catalina.startup.VersionLoggerListener.log Command line argument: -Dignore.endorsed.dirs=
18-Apr-2024 15:47:19.104 INFO [main] org.apache.catalina.startup.VersionLoggerListener.log Command line argument: -Dcatalina.base=D:\JavaSQL\Java8\apache-tomcat-8.5.24
18-Apr-2024 15:47:19.104 INFO [main] org.apache.catalina.startup.VersionLoggerListener.log Command line argument: -Dcatalina.home=D:\JavaSQL\Java8\apache-tomcat-8.5.24
18-Apr-2024 15:47:19.104 INFO [main] org.apache.catalina.startup.VersionLoggerListener.log Command line argument: -Djava.io.tmpdir=D:\JavaSQL\Java8\apache-tomcat-8.5.24\temp
18-Apr-2024 15:47:19.119 INFO [main] org.apache.catalina.core.AprLifecycleListener.lifecycleEvent The APR based Apache Tomcat Native library which allows optimal performance in production environments was not found on the java.library.path: [D:\JavaSQL\Java8\jdk1.8.0_131\bin;C:\WINDOWS\Sun\Java\bin;C:\WINDOWS\system32;C:\WINDOWS;D:\JavaSQL\Java8\jdk1.8.0_131\bin;D:\JavaSQL\Java8\jdk1.8.0_131\db\bin;D:\JavaSQL\Java8\squirrelsql-4.0.0-standard;D:\JavaSQL\Java8\apache-tomcat-8.5.24\bin;C:\WINDOWS\system32;C:\WINDOWS;C:\WINDOWS\System32\Wbem;C:\WINDOWS\System32\WindowsPowerShell\v1.0\;C:\WINDOWS\System32\OpenSSH\;C:\Program Files\dotnet\;C:\Users\Aldoa\Desktop\Infor\bin;C:\Users\Aldoa\AppData\Local\Microsoft\WindowsApps;;.]
18-Apr-2024 15:47:19.182 INFO [main] org.apache.coyote.AbstractProtocol.init Initializing ProtocolHandler ["http-nio-8082"]
18-Apr-2024 15:47:19.377 INFO [main] org.apache.tomcat.util.net.NioSelectorPool.getSharedSelector Using a shared selector for servlet write/read
18-Apr-2024 15:47:19.377 INFO [main] org.apache.coyote.AbstractProtocol.init Initializing ProtocolHandler ["ajp-nio-8009"]
18-Apr-2024 15:47:19.377 INFO [main] org.apache.tomcat.util.net.NioSelectorPool.getSharedSelector Using a shared selector for servlet write/read
18-Apr-2024 15:47:19.377 INFO [main] org.apache.catalina.startup.Catalina.load Initialization processed in 448 ms
18-Apr-2024 15:47:19.403 INFO [main] org.apache.catalina.core.StandardService.startInternal Starting service [Catalina]
18-Apr-2024 15:47:19.403 INFO [main] org.apache.catalina.core.StandardEngine.startInternal Starting Servlet Engine: Apache Tomcat/8.5.24
18-Apr-2024 15:47:19.403 INFO [localhost-startStop-1] org.apache.catalina.startup.HostConfig.deployDirectory Deploying web application directory [D:\JavaSQL\Java8\apache-tomcat-8.5.24\webapps\docs]
18-Apr-2024 15:47:19.578 INFO [localhost-startStop-1] org.apache.jasper.servlet.TldScanner.scanJars At least one JAR was scanned for TLDs yet contained no TLDs. Enable debug logging for this logger for a complete list of JARs that were scanned but no TLDs were found in them. Skipping unneeded JARs during scanning can improve startup time and JSP compilation time.
18-Apr-2024 15:47:19.622 INFO [localhost-startStop-1] org.apache.catalina.startup.HostConfig.deployDirectory Deployment of web application directory [D:\JavaSQL\Java8\apache-tomcat-8.5.24\webapps\docs] has finished in [219] ms
18-Apr-2024 15:47:19.622 INFO [localhost-startStop-1] org.apache.catalina.startup.HostConfig.deployDirectory Deploying web application directory [D:\JavaSQL\Java8\apache-tomcat-8.5.24\webapps\examples]
18-Apr-2024 15:47:19.748 INFO [localhost-startStop-1] org.apache.jasper.servlet.TldScanner.scanJars At least one JAR was scanned for TLDs yet contained no TLDs. Enable debug logging for this logger for a complete list of JARs that were scanned but no TLDs were found in them. Skipping unneeded JARs during scanning can improve startup time and JSP compilation time.
18-Apr-2024 15:47:19.780 INFO [localhost-startStop-1] org.apache.catalina.startup.HostConfig.deployDirectory Deployment of web application directory [D:\JavaSQL\Java8\apache-tomcat-8.5.24\webapps\examples] has finished in [158] ms
18-Apr-2024 15:47:19.780 INFO [localhost-startStop-1] org.apache.catalina.startup.HostConfig.deployDirectory Deploying web application directory [D:\JavaSQL\Java8\apache-tomcat-8.5.24\webapps\host-manager]
18-Apr-2024 15:47:19.795 INFO [localhost-startStop-1] org.apache.jasper.servlet.TldScanner.scanJars At least one JAR was scanned for TLDs yet contained no TLDs. Enable debug logging for this logger for a complete list of JARs that were scanned but no TLDs were found in them. Skipping unneeded JARs during scanning can improve startup time and JSP compilation time.
18-Apr-2024 15:47:19.795 INFO [localhost-startStop-1] org.apache.catalina.startup.HostConfig.deployDirectory Deployment of web application directory [D:\JavaSQL\Java8\apache-tomcat-8.5.24\webapps\host-manager] has finished in [15] ms
18-Apr-2024 15:47:19.795 INFO [localhost-startStop-1] org.apache.catalina.startup.HostConfig.deployDirectory Deploying web application directory [D:\JavaSQL\Java8\apache-tomcat-8.5.24\webapps\ROOT]
18-Apr-2024 15:47:19.811 INFO [localhost-startStop-1] org.apache.jasper.servlet.TldScanner.scanJars At least one JAR was scanned for TLDs yet contained no TLDs. Enable debug logging for this logger for a complete list of JARs that were scanned but no TLDs were found in them. Skipping unneeded JARs during scanning can improve startup time and JSP compilation time.
18-Apr-2024 15:47:19.811 INFO [localhost-startStop-1] org.apache.catalina.startup.HostConfig.deployDirectory Deployment of web application directory [D:\JavaSQL\Java8\apache-tomcat-8.5.24\webapps\ROOT] has finished in [16] ms
18-Apr-2024 15:47:19.811 INFO [localhost-startStop-1] org.apache.catalina.startup.HostConfig.deployDirectory Deploying web application directory [D:\JavaSQL\Java8\apache-tomcat-8.5.24\webapps\SQLServer]
18-Apr-2024 15:47:19.842 INFO [localhost-startStop-1] org.apache.jasper.servlet.TldScanner.scanJars At least one JAR was scanned for TLDs yet contained no TLDs. Enable debug logging for this logger for a complete list of JARs that were scanned but no TLDs were found in them. Skipping unneeded JARs during scanning can improve startup time and JSP compilation time.
18-Apr-2024 15:47:19.842 INFO [localhost-startStop-1] org.apache.catalina.startup.HostConfig.deployDirectory Deployment of web application directory [D:\JavaSQL\Java8\apache-tomcat-8.5.24\webapps\SQLServer] has finished in [31] ms
18-Apr-2024 15:47:19.842 INFO [localhost-startStop-1] org.apache.catalina.startup.HostConfig.deployDirectory Deploying web application directory [D:\JavaSQL\Java8\apache-tomcat-8.5.24\webapps\Servlet1]
18-Apr-2024 15:47:19.858 INFO [localhost-startStop-1] org.apache.jasper.servlet.TldScanner.scanJars At least one JAR was scanned for TLDs yet contained no TLDs. Enable debug logging for this logger for a complete list of JARs that were scanned but no TLDs were found in them. Skipping unneeded JARs during scanning can improve startup time and JSP compilation time.
18-Apr-2024 15:47:19.858 INFO [localhost-startStop-1] org.apache.catalina.startup.HostConfig.deployDirectory Deployment of web application directory [D:\JavaSQL\Java8\apache-tomcat-8.5.24\webapps\Servlet1] has finished in [16] ms
18-Apr-2024 15:47:19.858 INFO [localhost-startStop-1] org.apache.catalina.startup.HostConfig.deployDirectory Deploying web application directory [D:\JavaSQL\Java8\apache-tomcat-8.5.24\webapps\Servlet2]
18-Apr-2024 15:47:19.885 INFO [localhost-startStop-1] org.apache.jasper.servlet.TldScanner.scanJars At least one JAR was scanned for TLDs yet contained no TLDs. Enable debug logging for this logger for a complete list of JARs that were scanned but no TLDs were found in them. Skipping unneeded JARs during scanning can improve startup time and JSP compilation time.
18-Apr-2024 15:47:19.885 INFO [localhost-startStop-1] org.apache.catalina.startup.HostConfig.deployDirectory Deployment of web application directory [D:\JavaSQL\Java8\apache-tomcat-8.5.24\webapps\Servlet2] has finished in [27] ms
18-Apr-2024 15:47:19.885 INFO [localhost-startStop-1] org.apache.catalina.startup.HostConfig.deployDirectory Deploying web application directory [D:\JavaSQL\Java8\apache-tomcat-8.5.24\webapps\Servlet3]
18-Apr-2024 15:47:19.903 INFO [localhost-startStop-1] org.apache.jasper.servlet.TldScanner.scanJars At least one JAR was scanned for TLDs yet contained no TLDs. Enable debug logging for this logger for a complete list of JARs that were scanned but no TLDs were found in them. Skipping unneeded JARs during scanning can improve startup time and JSP compilation time.
18-Apr-2024 15:47:19.904 INFO [localhost-startStop-1] org.apache.catalina.startup.HostConfig.deployDirectory Deployment of web application directory [D:\JavaSQL\Java8\apache-tomcat-8.5.24\webapps\Servlet3] has finished in [19] ms
18-Apr-2024 15:47:19.905 INFO [localhost-startStop-1] org.apache.catalina.startup.HostConfig.deployDirectory Deploying web application directory [D:\JavaSQL\Java8\apache-tomcat-8.5.24\webapps\Servlet4]
18-Apr-2024 15:47:19.917 INFO [localhost-startStop-1] org.apache.jasper.servlet.TldScanner.scanJars At least one JAR was scanned for TLDs yet contained no TLDs. Enable debug logging for this logger for a complete list of JARs that were scanned but no TLDs were found in them. Skipping unneeded JARs during scanning can improve startup time and JSP compilation time.
18-Apr-2024 15:47:19.918 INFO [localhost-startStop-1] org.apache.catalina.startup.HostConfig.deployDirectory Deployment of web application directory [D:\JavaSQL\Java8\apache-tomcat-8.5.24\webapps\Servlet4] has finished in [13] ms
18-Apr-2024 15:47:19.918 INFO [localhost-startStop-1] org.apache.catalina.startup.HostConfig.deployDirectory Deploying web application directory [D:\JavaSQL\Java8\apache-tomcat-8.5.24\webapps\Pract8]
18-Apr-2024 15:47:19.935 INFO [localhost-startStop-1] org.apache.jasper.servlet.TldScanner.scanJars At least one JAR was scanned for TLDs yet contained no TLDs. Enable debug logging for this logger for a complete list of JARs that were scanned but no TLDs were found in them. Skipping unneeded JARs during scanning can improve startup time and JSP compilation time.
18-Apr-2024 15:47:19.938 INFO [localhost-startStop-1] org.apache.catalina.startup.HostConfig.deployDirectory Deployment of web application directory [D:\JavaSQL\Java8\apache-tomcat-8.5.24\webapps\Pract8] has finished in [20] ms
18-Apr-2024 15:47:19.938 INFO [localhost-startStop-1] org.apache.catalina.startup.HostConfig.deployDirectory Deploying web application directory [D:\JavaSQL\Java8\apache-tomcat-8.5.24\webapps\Entrega]
18-Apr-2024 15:47:19.962 INFO [localhost-startStop-1] org.apache.jasper.servlet.TldScanner.scanJars At least one JAR was scanned for TLDs yet contained no TLDs. Enable debug logging for this logger for a complete list of JARs that were scanned but no TLDs were found in them. Skipping unneeded JARs during scanning can improve startup time and JSP compilation time.
18-Apr-2024 15:47:19.964 INFO [localhost-startStop-1] org.apache.catalina.startup.HostConfig.deployDirectory Deployment of web application directory [D:\JavaSQL\Java8\apache-tomcat-8.5.24\webapps\Entrega] has finished in [26] ms
18-Apr-2024 15:47:19.964 INFO [localhost-startStop-1] org.apache.catalina.startup.HostConfig.deployDirectory Deploying web application directory [D:\JavaSQL\Java8\apache-tomcat-8.5.24\webapps\matrices8]
18-Apr-2024 15:47:19.981 INFO [localhost-startStop-1] org.apache.jasper.servlet.TldScanner.scanJars At least one JAR was scanned for TLDs yet contained no TLDs. Enable debug logging for this logger for a complete list of JARs that were scanned but no TLDs were found in them. Skipping unneeded JARs during scanning can improve startup time and JSP compilation time.
18-Apr-2024 15:47:19.983 INFO [localhost-startStop-1] org.apache.catalina.startup.HostConfig.deployDirectory Deployment of web application directory [D:\JavaSQL\Java8\apache-tomcat-8.5.24\webapps\matrices8] has finished in [19] ms
18-Apr-2024 15:47:19.983 INFO [localhost-startStop-1] org.apache.catalina.startup.HostConfig.deployDirectory Deploying web application directory [D:\JavaSQL\Java8\apache-tomcat-8.5.24\webapps\TD_E18]
18-Apr-2024 15:47:20.005 INFO [localhost-startStop-1] org.apache.jasper.servlet.TldScanner.scanJars At least one JAR was scanned for TLDs yet contained no TLDs. Enable debug logging for this logger for a complete list of JARs that were scanned but no TLDs were found in them. Skipping unneeded JARs during scanning can improve startup time and JSP compilation time.
18-Apr-2024 15:47:20.008 INFO [localhost-startStop-1] org.apache.catalina.startup.HostConfig.deployDirectory Deployment of web application directory [D:\JavaSQL\Java8\apache-tomcat-8.5.24\webapps\TD_E18] has finished in [24] ms
18-Apr-2024 15:47:20.008 INFO [localhost-startStop-1] org.apache.catalina.startup.HostConfig.deployDirectory Deploying web application directory [D:\JavaSQL\Java8\apache-tomcat-8.5.24\webapps\TB15]
18-Apr-2024 15:47:20.031 INFO [localhost-startStop-1] org.apache.jasper.servlet.TldScanner.scanJars At least one JAR was scanned for TLDs yet contained no TLDs. Enable debug logging for this logger for a complete list of JARs that were scanned but no TLDs were found in them. Skipping unneeded JARs during scanning can improve startup time and JSP compilation time.
18-Apr-2024 15:47:20.033 INFO [localhost-startStop-1] org.apache.catalina.startup.HostConfig.deployDirectory Deployment of web application directory [D:\JavaSQL\Java8\apache-tomcat-8.5.24\webapps\TB15] has finished in [25] ms
18-Apr-2024 15:47:20.033 INFO [localhost-startStop-1] org.apache.catalina.startup.HostConfig.deployDirectory Deploying web application directory [D:\JavaSQL\Java8\apache-tomcat-8.5.24\webapps\S2]
18-Apr-2024 15:47:20.046 INFO [localhost-startStop-1] org.apache.jasper.servlet.TldScanner.scanJars At least one JAR was scanned for TLDs yet contained no TLDs. Enable debug logging for this logger for a complete list of JARs that were scanned but no TLDs were found in them. Skipping unneeded JARs during scanning can improve startup time and JSP compilation time.
18-Apr-2024 15:47:20.047 INFO [localhost-startStop-1] org.apache.catalina.startup.HostConfig.deployDirectory Deployment of web application directory [D:\JavaSQL\Java8\apache-tomcat-8.5.24\webapps\S2] has finished in [14] ms
18-Apr-2024 15:47:20.048 INFO [localhost-startStop-1] org.apache.catalina.startup.HostConfig.deployDirectory Deploying web application directory [D:\JavaSQL\Java8\apache-tomcat-8.5.24\webapps\mock1]
18-Apr-2024 15:47:20.057 INFO [localhost-startStop-1] org.apache.jasper.servlet.TldScanner.scanJars At least one JAR was scanned for TLDs yet contained no TLDs. Enable debug logging for this logger for a complete list of JARs that were scanned but no TLDs were found in them. Skipping unneeded JARs during scanning can improve startup time and JSP compilation time.
18-Apr-2024 15:47:20.057 INFO [localhost-startStop-1] org.apache.catalina.startup.HostConfig.deployDirectory Deployment of web application directory [D:\JavaSQL\Java8\apache-tomcat-8.5.24\webapps\mock1] has finished in [9] ms
18-Apr-2024 15:47:20.057 INFO [localhost-startStop-1] org.apache.catalina.startup.HostConfig.deployDirectory Deploying web application directory [D:\JavaSQL\Java8\apache-tomcat-8.5.24\webapps\mock2]
18-Apr-2024 15:47:20.078 INFO [localhost-startStop-1] org.apache.jasper.servlet.TldScanner.scanJars At least one JAR was scanned for TLDs yet contained no TLDs. Enable debug logging for this logger for a complete list of JARs that were scanned but no TLDs were found in them. Skipping unneeded JARs during scanning can improve startup time and JSP compilation time.
18-Apr-2024 15:47:20.078 INFO [localhost-startStop-1] org.apache.catalina.startup.HostConfig.deployDirectory Deployment of web application directory [D:\JavaSQL\Java8\apache-tomcat-8.5.24\webapps\mock2] has finished in [21] ms
18-Apr-2024 15:47:20.078 INFO [localhost-startStop-1] org.apache.catalina.startup.HostConfig.deployDirectory Deploying web application directory [D:\JavaSQL\Java8\apache-tomcat-8.5.24\webapps\PEB2024]
18-Apr-2024 15:47:20.088 INFO [localhost-startStop-1] org.apache.jasper.servlet.TldScanner.scanJars At least one JAR was scanned for TLDs yet contained no TLDs. Enable debug logging for this logger for a complete list of JARs that were scanned but no TLDs were found in them. Skipping unneeded JARs during scanning can improve startup time and JSP compilation time.
18-Apr-2024 15:47:20.104 INFO [localhost-startStop-1] org.apache.catalina.startup.HostConfig.deployDirectory Deployment of web application directory [D:\JavaSQL\Java8\apache-tomcat-8.5.24\webapps\PEB2024] has finished in [10] ms
18-Apr-2024 15:47:20.104 INFO [localhost-startStop-1] org.apache.catalina.startup.HostConfig.deployDirectory Deploying web application directory [D:\JavaSQL\Java8\apache-tomcat-8.5.24\webapps\Anti2]
18-Apr-2024 15:47:20.120 INFO [localhost-startStop-1] org.apache.jasper.servlet.TldScanner.scanJars At least one JAR was scanned for TLDs yet contained no TLDs. Enable debug logging for this logger for a complete list of JARs that were scanned but no TLDs were found in them. Skipping unneeded JARs during scanning can improve startup time and JSP compilation time.
18-Apr-2024 15:47:20.120 INFO [localhost-startStop-1] org.apache.catalina.startup.HostConfig.deployDirectory Deployment of web application directory [D:\JavaSQL\Java8\apache-tomcat-8.5.24\webapps\Anti2] has finished in [16] ms
18-Apr-2024 15:47:20.120 INFO [localhost-startStop-1] org.apache.catalina.startup.HostConfig.deployDirectory Deploying web application directory [D:\JavaSQL\Java8\apache-tomcat-8.5.24\webapps\Anti1]
18-Apr-2024 15:47:20.153 INFO [localhost-startStop-1] org.apache.jasper.servlet.TldScanner.scanJars At least one JAR was scanned for TLDs yet contained no TLDs. Enable debug logging for this logger for a complete list of JARs that were scanned but no TLDs were found in them. Skipping unneeded JARs during scanning can improve startup time and JSP compilation time.
18-Apr-2024 15:47:20.155 INFO [localhost-startStop-1] org.apache.catalina.startup.HostConfig.deployDirectory Deployment of web application directory [D:\JavaSQL\Java8\apache-tomcat-8.5.24\webapps\Anti1] has finished in [35] ms
18-Apr-2024 15:47:20.159 INFO [main] org.apache.coyote.AbstractProtocol.start Starting ProtocolHandler ["http-nio-8082"]
18-Apr-2024 15:47:20.170 INFO [main] org.apache.coyote.AbstractProtocol.start Starting ProtocolHandler ["ajp-nio-8009"]
18-Apr-2024 15:47:20.173 INFO [main] org.apache.catalina.startup.Catalina.start Server startup in 788 ms
18-Apr-2024 15:49:22.915 INFO [main] org.apache.catalina.core.StandardServer.await A valid shutdown command was received via the shutdown port. Stopping the Server instance.
18-Apr-2024 15:49:22.915 INFO [main] org.apache.coyote.AbstractProtocol.pause Pausing ProtocolHandler ["http-nio-8082"]
18-Apr-2024 15:49:23.135 INFO [main] org.apache.coyote.AbstractProtocol.pause Pausing ProtocolHandler ["ajp-nio-8009"]
18-Apr-2024 15:49:23.434 INFO [main] org.apache.catalina.core.StandardService.stopInternal Stopping service [Catalina]
18-Apr-2024 15:49:23.515 INFO [main] org.apache.coyote.AbstractProtocol.stop Stopping ProtocolHandler ["http-nio-8082"]
18-Apr-2024 15:49:23.528 INFO [main] org.apache.coyote.AbstractProtocol.stop Stopping ProtocolHandler ["ajp-nio-8009"]
18-Apr-2024 15:49:23.529 INFO [main] org.apache.coyote.AbstractProtocol.destroy Destroying ProtocolHandler ["http-nio-8082"]
18-Apr-2024 15:49:23.529 INFO [main] org.apache.coyote.AbstractProtocol.destroy Destroying ProtocolHandler ["ajp-nio-8009"]
18-Apr-2024 15:49:30.578 INFO [main] org.apache.catalina.startup.VersionLoggerListener.log Server version:        Apache Tomcat/8.5.24
18-Apr-2024 15:49:30.578 INFO [main] org.apache.catalina.startup.VersionLoggerListener.log Server built:          Nov 27 2017 13:05:30 UTC
18-Apr-2024 15:49:30.578 INFO [main] org.apache.catalina.startup.VersionLoggerListener.log Server number:         8.5.24.0
18-Apr-2024 15:49:30.578 INFO [main] org.apache.catalina.startup.VersionLoggerListener.log OS Name:               Windows 10
18-Apr-2024 15:49:30.578 INFO [main] org.apache.catalina.startup.VersionLoggerListener.log OS Version:            10.0
18-Apr-2024 15:49:30.578 INFO [main] org.apache.catalina.startup.VersionLoggerListener.log Architecture:          x86
18-Apr-2024 15:49:30.578 INFO [main] org.apache.catalina.startup.VersionLoggerListener.log Java Home:             D:\JavaSQL\Java8\jdk1.8.0_131\jre
18-Apr-2024 15:49:30.578 INFO [main] org.apache.catalina.startup.VersionLoggerListener.log JVM Version:           1.8.0_131-b11
18-Apr-2024 15:49:30.578 INFO [main] org.apache.catalina.startup.VersionLoggerListener.log JVM Vendor:            Oracle Corporation
18-Apr-2024 15:49:30.578 INFO [main] org.apache.catalina.startup.VersionLoggerListener.log CATALINA_BASE:         D:\JavaSQL\Java8\apache-tomcat-8.5.24
18-Apr-2024 15:49:30.578 INFO [main] org.apache.catalina.startup.VersionLoggerListener.log CATALINA_HOME:         D:\JavaSQL\Java8\apache-tomcat-8.5.24
18-Apr-2024 15:49:30.578 INFO [main] org.apache.catalina.startup.VersionLoggerListener.log Command line argument: -Djava.util.logging.config.file=D:\JavaSQL\Java8\apache-tomcat-8.5.24\conf\logging.properties
18-Apr-2024 15:49:30.578 INFO [main] org.apache.catalina.startup.VersionLoggerListener.log Command line argument: -Djava.util.logging.manager=org.apache.juli.ClassLoaderLogManager
18-Apr-2024 15:49:30.578 INFO [main] org.apache.catalina.startup.VersionLoggerListener.log Command line argument: -Djdk.tls.ephemeralDHKeySize=2048
18-Apr-2024 15:49:30.578 INFO [main] org.apache.catalina.startup.VersionLoggerListener.log Command line argument: -Djava.protocol.handler.pkgs=org.apache.catalina.webresources
18-Apr-2024 15:49:30.578 INFO [main] org.apache.catalina.startup.VersionLoggerListener.log Command line argument: -Dignore.endorsed.dirs=
18-Apr-2024 15:49:30.578 INFO [main] org.apache.catalina.startup.VersionLoggerListener.log Command line argument: -Dcatalina.base=D:\JavaSQL\Java8\apache-tomcat-8.5.24
18-Apr-2024 15:49:30.578 INFO [main] org.apache.catalina.startup.VersionLoggerListener.log Command line argument: -Dcatalina.home=D:\JavaSQL\Java8\apache-tomcat-8.5.24
18-Apr-2024 15:49:30.578 INFO [main] org.apache.catalina.startup.VersionLoggerListener.log Command line argument: -Djava.io.tmpdir=D:\JavaSQL\Java8\apache-tomcat-8.5.24\temp
18-Apr-2024 15:49:30.578 INFO [main] org.apache.catalina.core.AprLifecycleListener.lifecycleEvent The APR based Apache Tomcat Native library which allows optimal performance in production environments was not found on the java.library.path: [D:\JavaSQL\Java8\jdk1.8.0_131\bin;C:\WINDOWS\Sun\Java\bin;C:\WINDOWS\system32;C:\WINDOWS;D:\JavaSQL\Java8\jdk1.8.0_131\bin;D:\JavaSQL\Java8\jdk1.8.0_131\db\bin;D:\JavaSQL\Java8\squirrelsql-4.0.0-standard;D:\JavaSQL\Java8\apache-tomcat-8.5.24\bin;C:\WINDOWS\system32;C:\WINDOWS;C:\WINDOWS\System32\Wbem;C:\WINDOWS\System32\WindowsPowerShell\v1.0\;C:\WINDOWS\System32\OpenSSH\;C:\Program Files\dotnet\;C:\Users\Aldoa\Desktop\Infor\bin;C:\Users\Aldoa\AppData\Local\Microsoft\WindowsApps;;.]
18-Apr-2024 15:49:30.641 INFO [main] org.apache.coyote.AbstractProtocol.init Initializing ProtocolHandler ["http-nio-8082"]
18-Apr-2024 15:49:30.814 INFO [main] org.apache.tomcat.util.net.NioSelectorPool.getSharedSelector Using a shared selector for servlet write/read
18-Apr-2024 15:49:30.814 INFO [main] org.apache.coyote.AbstractProtocol.init Initializing ProtocolHandler ["ajp-nio-8009"]
18-Apr-2024 15:49:30.814 INFO [main] org.apache.tomcat.util.net.NioSelectorPool.getSharedSelector Using a shared selector for servlet write/read
18-Apr-2024 15:49:30.829 INFO [main] org.apache.catalina.startup.Catalina.load Initialization processed in 414 ms
18-Apr-2024 15:49:30.845 INFO [main] org.apache.catalina.core.StandardService.startInternal Starting service [Catalina]
18-Apr-2024 15:49:30.845 INFO [main] org.apache.catalina.core.StandardEngine.startInternal Starting Servlet Engine: Apache Tomcat/8.5.24
18-Apr-2024 15:49:30.845 INFO [localhost-startStop-1] org.apache.catalina.startup.HostConfig.deployDirectory Deploying web application directory [D:\JavaSQL\Java8\apache-tomcat-8.5.24\webapps\docs]
18-Apr-2024 15:49:31.002 INFO [localhost-startStop-1] org.apache.jasper.servlet.TldScanner.scanJars At least one JAR was scanned for TLDs yet contained no TLDs. Enable debug logging for this logger for a complete list of JARs that were scanned but no TLDs were found in them. Skipping unneeded JARs during scanning can improve startup time and JSP compilation time.
18-Apr-2024 15:49:31.040 INFO [localhost-startStop-1] org.apache.catalina.startup.HostConfig.deployDirectory Deployment of web application directory [D:\JavaSQL\Java8\apache-tomcat-8.5.24\webapps\docs] has finished in [195] ms
18-Apr-2024 15:49:31.040 INFO [localhost-startStop-1] org.apache.catalina.startup.HostConfig.deployDirectory Deploying web application directory [D:\JavaSQL\Java8\apache-tomcat-8.5.24\webapps\examples]
18-Apr-2024 15:49:31.161 INFO [localhost-startStop-1] org.apache.jasper.servlet.TldScanner.scanJars At least one JAR was scanned for TLDs yet contained no TLDs. Enable debug logging for this logger for a complete list of JARs that were scanned but no TLDs were found in them. Skipping unneeded JARs during scanning can improve startup time and JSP compilation time.
18-Apr-2024 15:49:31.176 INFO [localhost-startStop-1] org.apache.catalina.startup.HostConfig.deployDirectory Deployment of web application directory [D:\JavaSQL\Java8\apache-tomcat-8.5.24\webapps\examples] has finished in [136] ms
18-Apr-2024 15:49:31.176 INFO [localhost-startStop-1] org.apache.catalina.startup.HostConfig.deployDirectory Deploying web application directory [D:\JavaSQL\Java8\apache-tomcat-8.5.24\webapps\host-manager]
18-Apr-2024 15:49:31.192 INFO [localhost-startStop-1] org.apache.jasper.servlet.TldScanner.scanJars At least one JAR was scanned for TLDs yet contained no TLDs. Enable debug logging for this logger for a complete list of JARs that were scanned but no TLDs were found in them. Skipping unneeded JARs during scanning can improve startup time and JSP compilation time.
18-Apr-2024 15:49:31.192 INFO [localhost-startStop-1] org.apache.catalina.startup.HostConfig.deployDirectory Deployment of web application directory [D:\JavaSQL\Java8\apache-tomcat-8.5.24\webapps\host-manager] has finished in [16] ms
18-Apr-2024 15:49:31.192 INFO [localhost-startStop-1] org.apache.catalina.startup.HostConfig.deployDirectory Deploying web application directory [D:\JavaSQL\Java8\apache-tomcat-8.5.24\webapps\ROOT]
18-Apr-2024 15:49:31.208 INFO [localhost-startStop-1] org.apache.jasper.servlet.TldScanner.scanJars At least one JAR was scanned for TLDs yet contained no TLDs. Enable debug logging for this logger for a complete list of JARs that were scanned but no TLDs were found in them. Skipping unneeded JARs during scanning can improve startup time and JSP compilation time.
18-Apr-2024 15:49:31.208 INFO [localhost-startStop-1] org.apache.catalina.startup.HostConfig.deployDirectory Deployment of web application directory [D:\JavaSQL\Java8\apache-tomcat-8.5.24\webapps\ROOT] has finished in [16] ms
18-Apr-2024 15:49:31.208 INFO [localhost-startStop-1] org.apache.catalina.startup.HostConfig.deployDirectory Deploying web application directory [D:\JavaSQL\Java8\apache-tomcat-8.5.24\webapps\SQLServer]
18-Apr-2024 15:49:31.224 INFO [localhost-startStop-1] org.apache.jasper.servlet.TldScanner.scanJars At least one JAR was scanned for TLDs yet contained no TLDs. Enable debug logging for this logger for a complete list of JARs that were scanned but no TLDs were found in them. Skipping unneeded JARs during scanning can improve startup time and JSP compilation time.
18-Apr-2024 15:49:31.224 INFO [localhost-startStop-1] org.apache.catalina.startup.HostConfig.deployDirectory Deployment of web application directory [D:\JavaSQL\Java8\apache-tomcat-8.5.24\webapps\SQLServer] has finished in [16] ms
18-Apr-2024 15:49:31.240 INFO [localhost-startStop-1] org.apache.catalina.startup.HostConfig.deployDirectory Deploying web application directory [D:\JavaSQL\Java8\apache-tomcat-8.5.24\webapps\Servlet1]
18-Apr-2024 15:49:31.241 INFO [localhost-startStop-1] org.apache.jasper.servlet.TldScanner.scanJars At least one JAR was scanned for TLDs yet contained no TLDs. Enable debug logging for this logger for a complete list of JARs that were scanned but no TLDs were found in them. Skipping unneeded JARs during scanning can improve startup time and JSP compilation time.
18-Apr-2024 15:49:31.241 INFO [localhost-startStop-1] org.apache.catalina.startup.HostConfig.deployDirectory Deployment of web application directory [D:\JavaSQL\Java8\apache-tomcat-8.5.24\webapps\Servlet1] has finished in [17] ms
18-Apr-2024 15:49:31.241 INFO [localhost-startStop-1] org.apache.catalina.startup.HostConfig.deployDirectory Deploying web application directory [D:\JavaSQL\Java8\apache-tomcat-8.5.24\webapps\Servlet2]
18-Apr-2024 15:49:31.256 INFO [localhost-startStop-1] org.apache.jasper.servlet.TldScanner.scanJars At least one JAR was scanned for TLDs yet contained no TLDs. Enable debug logging for this logger for a complete list of JARs that were scanned but no TLDs were found in them. Skipping unneeded JARs during scanning can improve startup time and JSP compilation time.
18-Apr-2024 15:49:31.256 INFO [localhost-startStop-1] org.apache.catalina.startup.HostConfig.deployDirectory Deployment of web application directory [D:\JavaSQL\Java8\apache-tomcat-8.5.24\webapps\Servlet2] has finished in [15] ms
18-Apr-2024 15:49:31.256 INFO [localhost-startStop-1] org.apache.catalina.startup.HostConfig.deployDirectory Deploying web application directory [D:\JavaSQL\Java8\apache-tomcat-8.5.24\webapps\Servlet3]
18-Apr-2024 15:49:31.271 INFO [localhost-startStop-1] org.apache.jasper.servlet.TldScanner.scanJars At least one JAR was scanned for TLDs yet contained no TLDs. Enable debug logging for this logger for a complete list of JARs that were scanned but no TLDs were found in them. Skipping unneeded JARs during scanning can improve startup time and JSP compilation time.
18-Apr-2024 15:49:31.271 INFO [localhost-startStop-1] org.apache.catalina.startup.HostConfig.deployDirectory Deployment of web application directory [D:\JavaSQL\Java8\apache-tomcat-8.5.24\webapps\Servlet3] has finished in [15] ms
18-Apr-2024 15:49:31.287 INFO [localhost-startStop-1] org.apache.catalina.startup.HostConfig.deployDirectory Deploying web application directory [D:\JavaSQL\Java8\apache-tomcat-8.5.24\webapps\Servlet4]
18-Apr-2024 15:49:31.303 INFO [localhost-startStop-1] org.apache.jasper.servlet.TldScanner.scanJars At least one JAR was scanned for TLDs yet contained no TLDs. Enable debug logging for this logger for a complete list of JARs that were scanned but no TLDs were found in them. Skipping unneeded JARs during scanning can improve startup time and JSP compilation time.
18-Apr-2024 15:49:31.303 INFO [localhost-startStop-1] org.apache.catalina.startup.HostConfig.deployDirectory Deployment of web application directory [D:\JavaSQL\Java8\apache-tomcat-8.5.24\webapps\Servlet4] has finished in [16] ms
18-Apr-2024 15:49:31.303 INFO [localhost-startStop-1] org.apache.catalina.startup.HostConfig.deployDirectory Deploying web application directory [D:\JavaSQL\Java8\apache-tomcat-8.5.24\webapps\Pract8]
18-Apr-2024 15:49:31.318 INFO [localhost-startStop-1] org.apache.jasper.servlet.TldScanner.scanJars At least one JAR was scanned for TLDs yet contained no TLDs. Enable debug logging for this logger for a complete list of JARs that were scanned but no TLDs were found in them. Skipping unneeded JARs during scanning can improve startup time and JSP compilation time.
18-Apr-2024 15:49:31.318 INFO [localhost-startStop-1] org.apache.catalina.startup.HostConfig.deployDirectory Deployment of web application directory [D:\JavaSQL\Java8\apache-tomcat-8.5.24\webapps\Pract8] has finished in [15] ms
18-Apr-2024 15:49:31.318 INFO [localhost-startStop-1] org.apache.catalina.startup.HostConfig.deployDirectory Deploying web application directory [D:\JavaSQL\Java8\apache-tomcat-8.5.24\webapps\Entrega]
18-Apr-2024 15:49:31.341 INFO [localhost-startStop-1] org.apache.jasper.servlet.TldScanner.scanJars At least one JAR was scanned for TLDs yet contained no TLDs. Enable debug logging for this logger for a complete list of JARs that were scanned but no TLDs were found in them. Skipping unneeded JARs during scanning can improve startup time and JSP compilation time.
18-Apr-2024 15:49:31.341 INFO [localhost-startStop-1] org.apache.catalina.startup.HostConfig.deployDirectory Deployment of web application directory [D:\JavaSQL\Java8\apache-tomcat-8.5.24\webapps\Entrega] has finished in [23] ms
18-Apr-2024 15:49:31.341 INFO [localhost-startStop-1] org.apache.catalina.startup.HostConfig.deployDirectory Deploying web application directory [D:\JavaSQL\Java8\apache-tomcat-8.5.24\webapps\matrices8]
18-Apr-2024 15:49:31.351 INFO [localhost-startStop-1] org.apache.jasper.servlet.TldScanner.scanJars At least one JAR was scanned for TLDs yet contained no TLDs. Enable debug logging for this logger for a complete list of JARs that were scanned but no TLDs were found in them. Skipping unneeded JARs during scanning can improve startup time and JSP compilation time.
18-Apr-2024 15:49:31.351 INFO [localhost-startStop-1] org.apache.catalina.startup.HostConfig.deployDirectory Deployment of web application directory [D:\JavaSQL\Java8\apache-tomcat-8.5.24\webapps\matrices8] has finished in [10] ms
18-Apr-2024 15:49:31.351 INFO [localhost-startStop-1] org.apache.catalina.startup.HostConfig.deployDirectory Deploying web application directory [D:\JavaSQL\Java8\apache-tomcat-8.5.24\webapps\TD_E18]
18-Apr-2024 15:49:31.366 INFO [localhost-startStop-1] org.apache.jasper.servlet.TldScanner.scanJars At least one JAR was scanned for TLDs yet contained no TLDs. Enable debug logging for this logger for a complete list of JARs that were scanned but no TLDs were found in them. Skipping unneeded JARs during scanning can improve startup time and JSP compilation time.
18-Apr-2024 15:49:31.366 INFO [localhost-startStop-1] org.apache.catalina.startup.HostConfig.deployDirectory Deployment of web application directory [D:\JavaSQL\Java8\apache-tomcat-8.5.24\webapps\TD_E18] has finished in [15] ms
18-Apr-2024 15:49:31.366 INFO [localhost-startStop-1] org.apache.catalina.startup.HostConfig.deployDirectory Deploying web application directory [D:\JavaSQL\Java8\apache-tomcat-8.5.24\webapps\TB15]
18-Apr-2024 15:49:31.398 INFO [localhost-startStop-1] org.apache.jasper.servlet.TldScanner.scanJars At least one JAR was scanned for TLDs yet contained no TLDs. Enable debug logging for this logger for a complete list of JARs that were scanned but no TLDs were found in them. Skipping unneeded JARs during scanning can improve startup time and JSP compilation time.
18-Apr-2024 15:49:31.398 INFO [localhost-startStop-1] org.apache.catalina.startup.HostConfig.deployDirectory Deployment of web application directory [D:\JavaSQL\Java8\apache-tomcat-8.5.24\webapps\TB15] has finished in [32] ms
18-Apr-2024 15:49:31.398 INFO [localhost-startStop-1] org.apache.catalina.startup.HostConfig.deployDirectory Deploying web application directory [D:\JavaSQL\Java8\apache-tomcat-8.5.24\webapps\S2]
18-Apr-2024 15:49:31.398 INFO [localhost-startStop-1] org.apache.jasper.servlet.TldScanner.scanJars At least one JAR was scanned for TLDs yet contained no TLDs. Enable debug logging for this logger for a complete list of JARs that were scanned but no TLDs were found in them. Skipping unneeded JARs during scanning can improve startup time and JSP compilation time.
18-Apr-2024 15:49:31.413 INFO [localhost-startStop-1] org.apache.catalina.startup.HostConfig.deployDirectory Deployment of web application directory [D:\JavaSQL\Java8\apache-tomcat-8.5.24\webapps\S2] has finished in [15] ms
18-Apr-2024 15:49:31.413 INFO [localhost-startStop-1] org.apache.catalina.startup.HostConfig.deployDirectory Deploying web application directory [D:\JavaSQL\Java8\apache-tomcat-8.5.24\webapps\mock1]
18-Apr-2024 15:49:31.430 INFO [localhost-startStop-1] org.apache.jasper.servlet.TldScanner.scanJars At least one JAR was scanned for TLDs yet contained no TLDs. Enable debug logging for this logger for a complete list of JARs that were scanned but no TLDs were found in them. Skipping unneeded JARs during scanning can improve startup time and JSP compilation time.
18-Apr-2024 15:49:31.430 INFO [localhost-startStop-1] org.apache.catalina.startup.HostConfig.deployDirectory Deployment of web application directory [D:\JavaSQL\Java8\apache-tomcat-8.5.24\webapps\mock1] has finished in [17] ms
18-Apr-2024 15:49:31.430 INFO [localhost-startStop-1] org.apache.catalina.startup.HostConfig.deployDirectory Deploying web application directory [D:\JavaSQL\Java8\apache-tomcat-8.5.24\webapps\mock2]
18-Apr-2024 15:49:31.441 INFO [localhost-startStop-1] org.apache.jasper.servlet.TldScanner.scanJars At least one JAR was scanned for TLDs yet contained no TLDs. Enable debug logging for this logger for a complete list of JARs that were scanned but no TLDs were found in them. Skipping unneeded JARs during scanning can improve startup time and JSP compilation time.
18-Apr-2024 15:49:31.445 INFO [localhost-startStop-1] org.apache.catalina.startup.HostConfig.deployDirectory Deployment of web application directory [D:\JavaSQL\Java8\apache-tomcat-8.5.24\webapps\mock2] has finished in [15] ms
18-Apr-2024 15:49:31.445 INFO [localhost-startStop-1] org.apache.catalina.startup.HostConfig.deployDirectory Deploying web application directory [D:\JavaSQL\Java8\apache-tomcat-8.5.24\webapps\PEB2024]
18-Apr-2024 15:49:31.461 INFO [localhost-startStop-1] org.apache.jasper.servlet.TldScanner.scanJars At least one JAR was scanned for TLDs yet contained no TLDs. Enable debug logging for this logger for a complete list of JARs that were scanned but no TLDs were found in them. Skipping unneeded JARs during scanning can improve startup time and JSP compilation time.
18-Apr-2024 15:49:31.461 INFO [localhost-startStop-1] org.apache.catalina.startup.HostConfig.deployDirectory Deployment of web application directory [D:\JavaSQL\Java8\apache-tomcat-8.5.24\webapps\PEB2024] has finished in [16] ms
18-Apr-2024 15:49:31.461 INFO [localhost-startStop-1] org.apache.catalina.startup.HostConfig.deployDirectory Deploying web application directory [D:\JavaSQL\Java8\apache-tomcat-8.5.24\webapps\Anti2]
18-Apr-2024 15:49:31.477 INFO [localhost-startStop-1] org.apache.jasper.servlet.TldScanner.scanJars At least one JAR was scanned for TLDs yet contained no TLDs. Enable debug logging for this logger for a complete list of JARs that were scanned but no TLDs were found in them. Skipping unneeded JARs during scanning can improve startup time and JSP compilation time.
18-Apr-2024 15:49:31.477 INFO [localhost-startStop-1] org.apache.catalina.startup.HostConfig.deployDirectory Deployment of web application directory [D:\JavaSQL\Java8\apache-tomcat-8.5.24\webapps\Anti2] has finished in [16] ms
18-Apr-2024 15:49:31.477 INFO [localhost-startStop-1] org.apache.catalina.startup.HostConfig.deployDirectory Deploying web application directory [D:\JavaSQL\Java8\apache-tomcat-8.5.24\webapps\Anti1]
18-Apr-2024 15:49:31.492 INFO [localhost-startStop-1] org.apache.jasper.servlet.TldScanner.scanJars At least one JAR was scanned for TLDs yet contained no TLDs. Enable debug logging for this logger for a complete list of JARs that were scanned but no TLDs were found in them. Skipping unneeded JARs during scanning can improve startup time and JSP compilation time.
18-Apr-2024 15:49:31.492 INFO [localhost-startStop-1] org.apache.catalina.startup.HostConfig.deployDirectory Deployment of web application directory [D:\JavaSQL\Java8\apache-tomcat-8.5.24\webapps\Anti1] has finished in [15] ms
18-Apr-2024 15:49:31.508 INFO [main] org.apache.coyote.AbstractProtocol.start Starting ProtocolHandler ["http-nio-8082"]
18-Apr-2024 15:49:31.508 INFO [main] org.apache.coyote.AbstractProtocol.start Starting ProtocolHandler ["ajp-nio-8009"]
18-Apr-2024 15:49:31.508 INFO [main] org.apache.catalina.startup.Catalina.start Server startup in 689 ms
18-Apr-2024 15:50:33.100 INFO [main] org.apache.catalina.core.StandardServer.await A valid shutdown command was received via the shutdown port. Stopping the Server instance.
18-Apr-2024 15:50:33.100 INFO [main] org.apache.coyote.AbstractProtocol.pause Pausing ProtocolHandler ["http-nio-8082"]
18-Apr-2024 15:50:33.336 INFO [main] org.apache.coyote.AbstractProtocol.pause Pausing ProtocolHandler ["ajp-nio-8009"]
18-Apr-2024 15:50:33.571 INFO [main] org.apache.catalina.core.StandardService.stopInternal Stopping service [Catalina]
18-Apr-2024 15:50:33.618 INFO [main] org.apache.coyote.AbstractProtocol.stop Stopping ProtocolHandler ["http-nio-8082"]
18-Apr-2024 15:50:33.618 INFO [main] org.apache.coyote.AbstractProtocol.stop Stopping ProtocolHandler ["ajp-nio-8009"]
18-Apr-2024 15:50:33.618 INFO [main] org.apache.coyote.AbstractProtocol.destroy Destroying ProtocolHandler ["http-nio-8082"]
18-Apr-2024 15:50:33.618 INFO [main] org.apache.coyote.AbstractProtocol.destroy Destroying ProtocolHandler ["ajp-nio-8009"]
18-Apr-2024 15:50:57.185 INFO [main] org.apache.catalina.startup.VersionLoggerListener.log Server version:        Apache Tomcat/8.5.24
18-Apr-2024 15:50:57.185 INFO [main] org.apache.catalina.startup.VersionLoggerListener.log Server built:          Nov 27 2017 13:05:30 UTC
18-Apr-2024 15:50:57.185 INFO [main] org.apache.catalina.startup.VersionLoggerListener.log Server number:         8.5.24.0
18-Apr-2024 15:50:57.185 INFO [main] org.apache.catalina.startup.VersionLoggerListener.log OS Name:               Windows 10
18-Apr-2024 15:50:57.185 INFO [main] org.apache.catalina.startup.VersionLoggerListener.log OS Version:            10.0
18-Apr-2024 15:50:57.185 INFO [main] org.apache.catalina.startup.VersionLoggerListener.log Architecture:          x86
18-Apr-2024 15:50:57.185 INFO [main] org.apache.catalina.startup.VersionLoggerListener.log Java Home:             D:\JavaSQL\Java8\jdk1.8.0_131\jre
18-Apr-2024 15:50:57.185 INFO [main] org.apache.catalina.startup.VersionLoggerListener.log JVM Version:           1.8.0_131-b11
18-Apr-2024 15:50:57.185 INFO [main] org.apache.catalina.startup.VersionLoggerListener.log JVM Vendor:            Oracle Corporation
18-Apr-2024 15:50:57.185 INFO [main] org.apache.catalina.startup.VersionLoggerListener.log CATALINA_BASE:         D:\JavaSQL\Java8\apache-tomcat-8.5.24
18-Apr-2024 15:50:57.185 INFO [main] org.apache.catalina.startup.VersionLoggerListener.log CATALINA_HOME:         D:\JavaSQL\Java8\apache-tomcat-8.5.24
18-Apr-2024 15:50:57.185 INFO [main] org.apache.catalina.startup.VersionLoggerListener.log Command line argument: -Djava.util.logging.config.file=D:\JavaSQL\Java8\apache-tomcat-8.5.24\conf\logging.properties
18-Apr-2024 15:50:57.185 INFO [main] org.apache.catalina.startup.VersionLoggerListener.log Command line argument: -Djava.util.logging.manager=org.apache.juli.ClassLoaderLogManager
18-Apr-2024 15:50:57.185 INFO [main] org.apache.catalina.startup.VersionLoggerListener.log Command line argument: -Djdk.tls.ephemeralDHKeySize=2048
18-Apr-2024 15:50:57.185 INFO [main] org.apache.catalina.startup.VersionLoggerListener.log Command line argument: -Djava.protocol.handler.pkgs=org.apache.catalina.webresources
18-Apr-2024 15:50:57.185 INFO [main] org.apache.catalina.startup.VersionLoggerListener.log Command line argument: -Dignore.endorsed.dirs=
18-Apr-2024 15:50:57.185 INFO [main] org.apache.catalina.startup.VersionLoggerListener.log Command line argument: -Dcatalina.base=D:\JavaSQL\Java8\apache-tomcat-8.5.24
18-Apr-2024 15:50:57.185 INFO [main] org.apache.catalina.startup.VersionLoggerListener.log Command line argument: -Dcatalina.home=D:\JavaSQL\Java8\apache-tomcat-8.5.24
18-Apr-2024 15:50:57.185 INFO [main] org.apache.catalina.startup.VersionLoggerListener.log Command line argument: -Djava.io.tmpdir=D:\JavaSQL\Java8\apache-tomcat-8.5.24\temp
18-Apr-2024 15:50:57.185 INFO [main] org.apache.catalina.core.AprLifecycleListener.lifecycleEvent The APR based Apache Tomcat Native library which allows optimal performance in production environments was not found on the java.library.path: [D:\JavaSQL\Java8\jdk1.8.0_131\bin;C:\WINDOWS\Sun\Java\bin;C:\WINDOWS\system32;C:\WINDOWS;D:\JavaSQL\Java8\jdk1.8.0_131\bin;D:\JavaSQL\Java8\jdk1.8.0_131\db\bin;D:\JavaSQL\Java8\squirrelsql-4.0.0-standard;D:\JavaSQL\Java8\apache-tomcat-8.5.24\bin;C:\WINDOWS\system32;C:\WINDOWS;C:\WINDOWS\System32\Wbem;C:\WINDOWS\System32\WindowsPowerShell\v1.0\;C:\WINDOWS\System32\OpenSSH\;C:\Program Files\dotnet\;C:\Users\Aldoa\Desktop\Infor\bin;C:\Users\Aldoa\AppData\Local\Microsoft\WindowsApps;;.]
18-Apr-2024 15:50:57.264 INFO [main] org.apache.coyote.AbstractProtocol.init Initializing ProtocolHandler ["http-nio-8082"]
18-Apr-2024 15:50:57.460 INFO [main] org.apache.tomcat.util.net.NioSelectorPool.getSharedSelector Using a shared selector for servlet write/read
18-Apr-2024 15:50:57.460 INFO [main] org.apache.coyote.AbstractProtocol.init Initializing ProtocolHandler ["ajp-nio-8009"]
18-Apr-2024 15:50:57.460 INFO [main] org.apache.tomcat.util.net.NioSelectorPool.getSharedSelector Using a shared selector for servlet write/read
18-Apr-2024 15:50:57.471 INFO [main] org.apache.catalina.startup.Catalina.load Initialization processed in 454 ms
18-Apr-2024 15:50:57.487 INFO [main] org.apache.catalina.core.StandardService.startInternal Starting service [Catalina]
18-Apr-2024 15:50:57.487 INFO [main] org.apache.catalina.core.StandardEngine.startInternal Starting Servlet Engine: Apache Tomcat/8.5.24
18-Apr-2024 15:50:57.487 INFO [localhost-startStop-1] org.apache.catalina.startup.HostConfig.deployDirectory Deploying web application directory [D:\JavaSQL\Java8\apache-tomcat-8.5.24\webapps\docs]
18-Apr-2024 15:50:57.665 INFO [localhost-startStop-1] org.apache.jasper.servlet.TldScanner.scanJars At least one JAR was scanned for TLDs yet contained no TLDs. Enable debug logging for this logger for a complete list of JARs that were scanned but no TLDs were found in them. Skipping unneeded JARs during scanning can improve startup time and JSP compilation time.
18-Apr-2024 15:50:57.703 INFO [localhost-startStop-1] org.apache.catalina.startup.HostConfig.deployDirectory Deployment of web application directory [D:\JavaSQL\Java8\apache-tomcat-8.5.24\webapps\docs] has finished in [216] ms
18-Apr-2024 15:50:57.704 INFO [localhost-startStop-1] org.apache.catalina.startup.HostConfig.deployDirectory Deploying web application directory [D:\JavaSQL\Java8\apache-tomcat-8.5.24\webapps\examples]
18-Apr-2024 15:50:57.836 INFO [localhost-startStop-1] org.apache.jasper.servlet.TldScanner.scanJars At least one JAR was scanned for TLDs yet contained no TLDs. Enable debug logging for this logger for a complete list of JARs that were scanned but no TLDs were found in them. Skipping unneeded JARs during scanning can improve startup time and JSP compilation time.
18-Apr-2024 15:50:57.862 INFO [localhost-startStop-1] org.apache.catalina.startup.HostConfig.deployDirectory Deployment of web application directory [D:\JavaSQL\Java8\apache-tomcat-8.5.24\webapps\examples] has finished in [159] ms
18-Apr-2024 15:50:57.863 INFO [localhost-startStop-1] org.apache.catalina.startup.HostConfig.deployDirectory Deploying web application directory [D:\JavaSQL\Java8\apache-tomcat-8.5.24\webapps\host-manager]
18-Apr-2024 15:50:57.884 INFO [localhost-startStop-1] org.apache.jasper.servlet.TldScanner.scanJars At least one JAR was scanned for TLDs yet contained no TLDs. Enable debug logging for this logger for a complete list of JARs that were scanned but no TLDs were found in them. Skipping unneeded JARs during scanning can improve startup time and JSP compilation time.
18-Apr-2024 15:50:57.890 INFO [localhost-startStop-1] org.apache.catalina.startup.HostConfig.deployDirectory Deployment of web application directory [D:\JavaSQL\Java8\apache-tomcat-8.5.24\webapps\host-manager] has finished in [27] ms
18-Apr-2024 15:50:57.890 INFO [localhost-startStop-1] org.apache.catalina.startup.HostConfig.deployDirectory Deploying web application directory [D:\JavaSQL\Java8\apache-tomcat-8.5.24\webapps\ROOT]
18-Apr-2024 15:50:57.905 INFO [localhost-startStop-1] org.apache.jasper.servlet.TldScanner.scanJars At least one JAR was scanned for TLDs yet contained no TLDs. Enable debug logging for this logger for a complete list of JARs that were scanned but no TLDs were found in them. Skipping unneeded JARs during scanning can improve startup time and JSP compilation time.
18-Apr-2024 15:50:57.906 INFO [localhost-startStop-1] org.apache.catalina.startup.HostConfig.deployDirectory Deployment of web application directory [D:\JavaSQL\Java8\apache-tomcat-8.5.24\webapps\ROOT] has finished in [16] ms
18-Apr-2024 15:50:57.907 INFO [localhost-startStop-1] org.apache.catalina.startup.HostConfig.deployDirectory Deploying web application directory [D:\JavaSQL\Java8\apache-tomcat-8.5.24\webapps\SQLServer]
18-Apr-2024 15:50:57.923 INFO [localhost-startStop-1] org.apache.jasper.servlet.TldScanner.scanJars At least one JAR was scanned for TLDs yet contained no TLDs. Enable debug logging for this logger for a complete list of JARs that were scanned but no TLDs were found in them. Skipping unneeded JARs during scanning can improve startup time and JSP compilation time.
18-Apr-2024 15:50:57.925 INFO [localhost-startStop-1] org.apache.catalina.startup.HostConfig.deployDirectory Deployment of web application directory [D:\JavaSQL\Java8\apache-tomcat-8.5.24\webapps\SQLServer] has finished in [18] ms
18-Apr-2024 15:50:57.926 INFO [localhost-startStop-1] org.apache.catalina.startup.HostConfig.deployDirectory Deploying web application directory [D:\JavaSQL\Java8\apache-tomcat-8.5.24\webapps\Servlet1]
18-Apr-2024 15:50:57.937 INFO [localhost-startStop-1] org.apache.jasper.servlet.TldScanner.scanJars At least one JAR was scanned for TLDs yet contained no TLDs. Enable debug logging for this logger for a complete list of JARs that were scanned but no TLDs were found in them. Skipping unneeded JARs during scanning can improve startup time and JSP compilation time.
18-Apr-2024 15:50:57.939 INFO [localhost-startStop-1] org.apache.catalina.startup.HostConfig.deployDirectory Deployment of web application directory [D:\JavaSQL\Java8\apache-tomcat-8.5.24\webapps\Servlet1] has finished in [13] ms
18-Apr-2024 15:50:57.939 INFO [localhost-startStop-1] org.apache.catalina.startup.HostConfig.deployDirectory Deploying web application directory [D:\JavaSQL\Java8\apache-tomcat-8.5.24\webapps\Servlet2]
18-Apr-2024 15:50:57.942 INFO [localhost-startStop-1] org.apache.jasper.servlet.TldScanner.scanJars At least one JAR was scanned for TLDs yet contained no TLDs. Enable debug logging for this logger for a complete list of JARs that were scanned but no TLDs were found in them. Skipping unneeded JARs during scanning can improve startup time and JSP compilation time.
18-Apr-2024 15:50:57.942 INFO [localhost-startStop-1] org.apache.catalina.startup.HostConfig.deployDirectory Deployment of web application directory [D:\JavaSQL\Java8\apache-tomcat-8.5.24\webapps\Servlet2] has finished in [3] ms
18-Apr-2024 15:50:57.942 INFO [localhost-startStop-1] org.apache.catalina.startup.HostConfig.deployDirectory Deploying web application directory [D:\JavaSQL\Java8\apache-tomcat-8.5.24\webapps\Servlet3]
18-Apr-2024 15:50:57.958 INFO [localhost-startStop-1] org.apache.jasper.servlet.TldScanner.scanJars At least one JAR was scanned for TLDs yet contained no TLDs. Enable debug logging for this logger for a complete list of JARs that were scanned but no TLDs were found in them. Skipping unneeded JARs during scanning can improve startup time and JSP compilation time.
18-Apr-2024 15:50:57.958 INFO [localhost-startStop-1] org.apache.catalina.startup.HostConfig.deployDirectory Deployment of web application directory [D:\JavaSQL\Java8\apache-tomcat-8.5.24\webapps\Servlet3] has finished in [16] ms
18-Apr-2024 15:50:57.958 INFO [localhost-startStop-1] org.apache.catalina.startup.HostConfig.deployDirectory Deploying web application directory [D:\JavaSQL\Java8\apache-tomcat-8.5.24\webapps\Servlet4]
18-Apr-2024 15:50:57.973 INFO [localhost-startStop-1] org.apache.jasper.servlet.TldScanner.scanJars At least one JAR was scanned for TLDs yet contained no TLDs. Enable debug logging for this logger for a complete list of JARs that were scanned but no TLDs were found in them. Skipping unneeded JARs during scanning can improve startup time and JSP compilation time.
18-Apr-2024 15:50:57.973 INFO [localhost-startStop-1] org.apache.catalina.startup.HostConfig.deployDirectory Deployment of web application directory [D:\JavaSQL\Java8\apache-tomcat-8.5.24\webapps\Servlet4] has finished in [15] ms
18-Apr-2024 15:50:57.973 INFO [localhost-startStop-1] org.apache.catalina.startup.HostConfig.deployDirectory Deploying web application directory [D:\JavaSQL\Java8\apache-tomcat-8.5.24\webapps\Pract8]
18-Apr-2024 15:50:57.989 INFO [localhost-startStop-1] org.apache.jasper.servlet.TldScanner.scanJars At least one JAR was scanned for TLDs yet contained no TLDs. Enable debug logging for this logger for a complete list of JARs that were scanned but no TLDs were found in them. Skipping unneeded JARs during scanning can improve startup time and JSP compilation time.
18-Apr-2024 15:50:57.989 INFO [localhost-startStop-1] org.apache.catalina.startup.HostConfig.deployDirectory Deployment of web application directory [D:\JavaSQL\Java8\apache-tomcat-8.5.24\webapps\Pract8] has finished in [16] ms
18-Apr-2024 15:50:57.989 INFO [localhost-startStop-1] org.apache.catalina.startup.HostConfig.deployDirectory Deploying web application directory [D:\JavaSQL\Java8\apache-tomcat-8.5.24\webapps\Entrega]
18-Apr-2024 15:50:58.004 INFO [localhost-startStop-1] org.apache.jasper.servlet.TldScanner.scanJars At least one JAR was scanned for TLDs yet contained no TLDs. Enable debug logging for this logger for a complete list of JARs that were scanned but no TLDs were found in them. Skipping unneeded JARs during scanning can improve startup time and JSP compilation time.
18-Apr-2024 15:50:58.020 INFO [localhost-startStop-1] org.apache.catalina.startup.HostConfig.deployDirectory Deployment of web application directory [D:\JavaSQL\Java8\apache-tomcat-8.5.24\webapps\Entrega] has finished in [31] ms
18-Apr-2024 15:50:58.020 INFO [localhost-startStop-1] org.apache.catalina.startup.HostConfig.deployDirectory Deploying web application directory [D:\JavaSQL\Java8\apache-tomcat-8.5.24\webapps\matrices8]
18-Apr-2024 15:50:58.020 INFO [localhost-startStop-1] org.apache.jasper.servlet.TldScanner.scanJars At least one JAR was scanned for TLDs yet contained no TLDs. Enable debug logging for this logger for a complete list of JARs that were scanned but no TLDs were found in them. Skipping unneeded JARs during scanning can improve startup time and JSP compilation time.
18-Apr-2024 15:50:58.020 INFO [localhost-startStop-1] org.apache.catalina.startup.HostConfig.deployDirectory Deployment of web application directory [D:\JavaSQL\Java8\apache-tomcat-8.5.24\webapps\matrices8] has finished in [0] ms
18-Apr-2024 15:50:58.036 INFO [localhost-startStop-1] org.apache.catalina.startup.HostConfig.deployDirectory Deploying web application directory [D:\JavaSQL\Java8\apache-tomcat-8.5.24\webapps\TD_E18]
18-Apr-2024 15:50:58.052 INFO [localhost-startStop-1] org.apache.jasper.servlet.TldScanner.scanJars At least one JAR was scanned for TLDs yet contained no TLDs. Enable debug logging for this logger for a complete list of JARs that were scanned but no TLDs were found in them. Skipping unneeded JARs during scanning can improve startup time and JSP compilation time.
18-Apr-2024 15:50:58.052 INFO [localhost-startStop-1] org.apache.catalina.startup.HostConfig.deployDirectory Deployment of web application directory [D:\JavaSQL\Java8\apache-tomcat-8.5.24\webapps\TD_E18] has finished in [16] ms
18-Apr-2024 15:50:58.052 INFO [localhost-startStop-1] org.apache.catalina.startup.HostConfig.deployDirectory Deploying web application directory [D:\JavaSQL\Java8\apache-tomcat-8.5.24\webapps\TB15]
18-Apr-2024 15:50:58.068 INFO [localhost-startStop-1] org.apache.jasper.servlet.TldScanner.scanJars At least one JAR was scanned for TLDs yet contained no TLDs. Enable debug logging for this logger for a complete list of JARs that were scanned but no TLDs were found in them. Skipping unneeded JARs during scanning can improve startup time and JSP compilation time.
18-Apr-2024 15:50:58.068 INFO [localhost-startStop-1] org.apache.catalina.startup.HostConfig.deployDirectory Deployment of web application directory [D:\JavaSQL\Java8\apache-tomcat-8.5.24\webapps\TB15] has finished in [16] ms
18-Apr-2024 15:50:58.068 INFO [localhost-startStop-1] org.apache.catalina.startup.HostConfig.deployDirectory Deploying web application directory [D:\JavaSQL\Java8\apache-tomcat-8.5.24\webapps\S2]
18-Apr-2024 15:50:58.083 INFO [localhost-startStop-1] org.apache.jasper.servlet.TldScanner.scanJars At least one JAR was scanned for TLDs yet contained no TLDs. Enable debug logging for this logger for a complete list of JARs that were scanned but no TLDs were found in them. Skipping unneeded JARs during scanning can improve startup time and JSP compilation time.
18-Apr-2024 15:50:58.083 INFO [localhost-startStop-1] org.apache.catalina.startup.HostConfig.deployDirectory Deployment of web application directory [D:\JavaSQL\Java8\apache-tomcat-8.5.24\webapps\S2] has finished in [15] ms
18-Apr-2024 15:50:58.083 INFO [localhost-startStop-1] org.apache.catalina.startup.HostConfig.deployDirectory Deploying web application directory [D:\JavaSQL\Java8\apache-tomcat-8.5.24\webapps\mock1]
18-Apr-2024 15:50:58.099 INFO [localhost-startStop-1] org.apache.jasper.servlet.TldScanner.scanJars At least one JAR was scanned for TLDs yet contained no TLDs. Enable debug logging for this logger for a complete list of JARs that were scanned but no TLDs were found in them. Skipping unneeded JARs during scanning can improve startup time and JSP compilation time.
18-Apr-2024 15:50:58.099 INFO [localhost-startStop-1] org.apache.catalina.startup.HostConfig.deployDirectory Deployment of web application directory [D:\JavaSQL\Java8\apache-tomcat-8.5.24\webapps\mock1] has finished in [16] ms
18-Apr-2024 15:50:58.099 INFO [localhost-startStop-1] org.apache.catalina.startup.HostConfig.deployDirectory Deploying web application directory [D:\JavaSQL\Java8\apache-tomcat-8.5.24\webapps\mock2]
18-Apr-2024 15:50:58.115 INFO [localhost-startStop-1] org.apache.jasper.servlet.TldScanner.scanJars At least one JAR was scanned for TLDs yet contained no TLDs. Enable debug logging for this logger for a complete list of JARs that were scanned but no TLDs were found in them. Skipping unneeded JARs during scanning can improve startup time and JSP compilation time.
18-Apr-2024 15:50:58.115 INFO [localhost-startStop-1] org.apache.catalina.startup.HostConfig.deployDirectory Deployment of web application directory [D:\JavaSQL\Java8\apache-tomcat-8.5.24\webapps\mock2] has finished in [16] ms
18-Apr-2024 15:50:58.115 INFO [localhost-startStop-1] org.apache.catalina.startup.HostConfig.deployDirectory Deploying web application directory [D:\JavaSQL\Java8\apache-tomcat-8.5.24\webapps\PEB2024]
18-Apr-2024 15:50:58.130 INFO [localhost-startStop-1] org.apache.jasper.servlet.TldScanner.scanJars At least one JAR was scanned for TLDs yet contained no TLDs. Enable debug logging for this logger for a complete list of JARs that were scanned but no TLDs were found in them. Skipping unneeded JARs during scanning can improve startup time and JSP compilation time.
18-Apr-2024 15:50:58.142 INFO [localhost-startStop-1] org.apache.catalina.startup.HostConfig.deployDirectory Deployment of web application directory [D:\JavaSQL\Java8\apache-tomcat-8.5.24\webapps\PEB2024] has finished in [27] ms
18-Apr-2024 15:50:58.142 INFO [localhost-startStop-1] org.apache.catalina.startup.HostConfig.deployDirectory Deploying web application directory [D:\JavaSQL\Java8\apache-tomcat-8.5.24\webapps\Anti2]
18-Apr-2024 15:50:58.159 INFO [localhost-startStop-1] org.apache.jasper.servlet.TldScanner.scanJars At least one JAR was scanned for TLDs yet contained no TLDs. Enable debug logging for this logger for a complete list of JARs that were scanned but no TLDs were found in them. Skipping unneeded JARs during scanning can improve startup time and JSP compilation time.
18-Apr-2024 15:50:58.161 INFO [localhost-startStop-1] org.apache.catalina.startup.HostConfig.deployDirectory Deployment of web application directory [D:\JavaSQL\Java8\apache-tomcat-8.5.24\webapps\Anti2] has finished in [19] ms
18-Apr-2024 15:50:58.161 INFO [localhost-startStop-1] org.apache.catalina.startup.HostConfig.deployDirectory Deploying web application directory [D:\JavaSQL\Java8\apache-tomcat-8.5.24\webapps\Anti1]
18-Apr-2024 15:50:58.206 INFO [localhost-startStop-1] org.apache.jasper.servlet.TldScanner.scanJars At least one JAR was scanned for TLDs yet contained no TLDs. Enable debug logging for this logger for a complete list of JARs that were scanned but no TLDs were found in them. Skipping unneeded JARs during scanning can improve startup time and JSP compilation time.
18-Apr-2024 15:50:58.209 INFO [localhost-startStop-1] org.apache.catalina.startup.HostConfig.deployDirectory Deployment of web application directory [D:\JavaSQL\Java8\apache-tomcat-8.5.24\webapps\Anti1] has finished in [48] ms
18-Apr-2024 15:50:58.210 INFO [main] org.apache.coyote.AbstractProtocol.start Starting ProtocolHandler ["http-nio-8082"]
18-Apr-2024 15:50:58.219 INFO [main] org.apache.coyote.AbstractProtocol.start Starting ProtocolHandler ["ajp-nio-8009"]
18-Apr-2024 15:50:58.222 INFO [main] org.apache.catalina.startup.Catalina.start Server startup in 750 ms
18-Apr-2024 15:52:48.413 INFO [main] org.apache.catalina.core.StandardServer.await A valid shutdown command was received via the shutdown port. Stopping the Server instance.
18-Apr-2024 15:52:48.413 INFO [main] org.apache.coyote.AbstractProtocol.pause Pausing ProtocolHandler ["http-nio-8082"]
18-Apr-2024 15:52:48.696 INFO [main] org.apache.coyote.AbstractProtocol.pause Pausing ProtocolHandler ["ajp-nio-8009"]
18-Apr-2024 15:52:48.901 INFO [main] org.apache.catalina.core.StandardService.stopInternal Stopping service [Catalina]
18-Apr-2024 15:52:48.965 INFO [main] org.apache.coyote.AbstractProtocol.stop Stopping ProtocolHandler ["http-nio-8082"]
18-Apr-2024 15:52:48.978 INFO [main] org.apache.coyote.AbstractProtocol.stop Stopping ProtocolHandler ["ajp-nio-8009"]
18-Apr-2024 15:52:48.980 INFO [main] org.apache.coyote.AbstractProtocol.destroy Destroying ProtocolHandler ["http-nio-8082"]
18-Apr-2024 15:52:48.980 INFO [main] org.apache.coyote.AbstractProtocol.destroy Destroying ProtocolHandler ["ajp-nio-8009"]
18-Apr-2024 15:52:56.068 INFO [main] org.apache.catalina.startup.VersionLoggerListener.log Server version:        Apache Tomcat/8.5.24
18-Apr-2024 15:52:56.083 INFO [main] org.apache.catalina.startup.VersionLoggerListener.log Server built:          Nov 27 2017 13:05:30 UTC
18-Apr-2024 15:52:56.083 INFO [main] org.apache.catalina.startup.VersionLoggerListener.log Server number:         8.5.24.0
18-Apr-2024 15:52:56.083 INFO [main] org.apache.catalina.startup.VersionLoggerListener.log OS Name:               Windows 10
18-Apr-2024 15:52:56.083 INFO [main] org.apache.catalina.startup.VersionLoggerListener.log OS Version:            10.0
18-Apr-2024 15:52:56.083 INFO [main] org.apache.catalina.startup.VersionLoggerListener.log Architecture:          x86
18-Apr-2024 15:52:56.083 INFO [main] org.apache.catalina.startup.VersionLoggerListener.log Java Home:             D:\JavaSQL\Java8\jdk1.8.0_131\jre
18-Apr-2024 15:52:56.083 INFO [main] org.apache.catalina.startup.VersionLoggerListener.log JVM Version:           1.8.0_131-b11
18-Apr-2024 15:52:56.083 INFO [main] org.apache.catalina.startup.VersionLoggerListener.log JVM Vendor:            Oracle Corporation
18-Apr-2024 15:52:56.083 INFO [main] org.apache.catalina.startup.VersionLoggerListener.log CATALINA_BASE:         D:\JavaSQL\Java8\apache-tomcat-8.5.24
18-Apr-2024 15:52:56.083 INFO [main] org.apache.catalina.startup.VersionLoggerListener.log CATALINA_HOME:         D:\JavaSQL\Java8\apache-tomcat-8.5.24
18-Apr-2024 15:52:56.083 INFO [main] org.apache.catalina.startup.VersionLoggerListener.log Command line argument: -Djava.util.logging.config.file=D:\JavaSQL\Java8\apache-tomcat-8.5.24\conf\logging.properties
18-Apr-2024 15:52:56.083 INFO [main] org.apache.catalina.startup.VersionLoggerListener.log Command line argument: -Djava.util.logging.manager=org.apache.juli.ClassLoaderLogManager
18-Apr-2024 15:52:56.083 INFO [main] org.apache.catalina.startup.VersionLoggerListener.log Command line argument: -Djdk.tls.ephemeralDHKeySize=2048
18-Apr-2024 15:52:56.083 INFO [main] org.apache.catalina.startup.VersionLoggerListener.log Command line argument: -Djava.protocol.handler.pkgs=org.apache.catalina.webresources
18-Apr-2024 15:52:56.083 INFO [main] org.apache.catalina.startup.VersionLoggerListener.log Command line argument: -Dignore.endorsed.dirs=
18-Apr-2024 15:52:56.083 INFO [main] org.apache.catalina.startup.VersionLoggerListener.log Command line argument: -Dcatalina.base=D:\JavaSQL\Java8\apache-tomcat-8.5.24
18-Apr-2024 15:52:56.083 INFO [main] org.apache.catalina.startup.VersionLoggerListener.log Command line argument: -Dcatalina.home=D:\JavaSQL\Java8\apache-tomcat-8.5.24
18-Apr-2024 15:52:56.083 INFO [main] org.apache.catalina.startup.VersionLoggerListener.log Command line argument: -Djava.io.tmpdir=D:\JavaSQL\Java8\apache-tomcat-8.5.24\temp
18-Apr-2024 15:52:56.083 INFO [main] org.apache.catalina.core.AprLifecycleListener.lifecycleEvent The APR based Apache Tomcat Native library which allows optimal performance in production environments was not found on the java.library.path: [D:\JavaSQL\Java8\jdk1.8.0_131\bin;C:\WINDOWS\Sun\Java\bin;C:\WINDOWS\system32;C:\WINDOWS;D:\JavaSQL\Java8\jdk1.8.0_131\bin;D:\JavaSQL\Java8\jdk1.8.0_131\db\bin;D:\JavaSQL\Java8\squirrelsql-4.0.0-standard;D:\JavaSQL\Java8\apache-tomcat-8.5.24\bin;C:\WINDOWS\system32;C:\WINDOWS;C:\WINDOWS\System32\Wbem;C:\WINDOWS\System32\WindowsPowerShell\v1.0\;C:\WINDOWS\System32\OpenSSH\;C:\Program Files\dotnet\;C:\Users\Aldoa\Desktop\Infor\bin;C:\Users\Aldoa\AppData\Local\Microsoft\WindowsApps;;.]
18-Apr-2024 15:52:56.146 INFO [main] org.apache.coyote.AbstractProtocol.init Initializing ProtocolHandler ["http-nio-8082"]
18-Apr-2024 15:52:56.334 INFO [main] org.apache.tomcat.util.net.NioSelectorPool.getSharedSelector Using a shared selector for servlet write/read
18-Apr-2024 15:52:56.334 INFO [main] org.apache.coyote.AbstractProtocol.init Initializing ProtocolHandler ["ajp-nio-8009"]
18-Apr-2024 15:52:56.334 INFO [main] org.apache.tomcat.util.net.NioSelectorPool.getSharedSelector Using a shared selector for servlet write/read
18-Apr-2024 15:52:56.334 INFO [main] org.apache.catalina.startup.Catalina.load Initialization processed in 444 ms
18-Apr-2024 15:52:56.359 INFO [main] org.apache.catalina.core.StandardService.startInternal Starting service [Catalina]
18-Apr-2024 15:52:56.359 INFO [main] org.apache.catalina.core.StandardEngine.startInternal Starting Servlet Engine: Apache Tomcat/8.5.24
18-Apr-2024 15:52:56.366 INFO [localhost-startStop-1] org.apache.catalina.startup.HostConfig.deployDirectory Deploying web application directory [D:\JavaSQL\Java8\apache-tomcat-8.5.24\webapps\docs]
18-Apr-2024 15:52:56.508 INFO [localhost-startStop-1] org.apache.jasper.servlet.TldScanner.scanJars At least one JAR was scanned for TLDs yet contained no TLDs. Enable debug logging for this logger for a complete list of JARs that were scanned but no TLDs were found in them. Skipping unneeded JARs during scanning can improve startup time and JSP compilation time.
18-Apr-2024 15:52:56.539 INFO [localhost-startStop-1] org.apache.catalina.startup.HostConfig.deployDirectory Deployment of web application directory [D:\JavaSQL\Java8\apache-tomcat-8.5.24\webapps\docs] has finished in [173] ms
18-Apr-2024 15:52:56.539 INFO [localhost-startStop-1] org.apache.catalina.startup.HostConfig.deployDirectory Deploying web application directory [D:\JavaSQL\Java8\apache-tomcat-8.5.24\webapps\examples]
18-Apr-2024 15:52:56.681 INFO [localhost-startStop-1] org.apache.jasper.servlet.TldScanner.scanJars At least one JAR was scanned for TLDs yet contained no TLDs. Enable debug logging for this logger for a complete list of JARs that were scanned but no TLDs were found in them. Skipping unneeded JARs during scanning can improve startup time and JSP compilation time.
18-Apr-2024 15:52:56.708 INFO [localhost-startStop-1] org.apache.catalina.startup.HostConfig.deployDirectory Deployment of web application directory [D:\JavaSQL\Java8\apache-tomcat-8.5.24\webapps\examples] has finished in [169] ms
18-Apr-2024 15:52:56.708 INFO [localhost-startStop-1] org.apache.catalina.startup.HostConfig.deployDirectory Deploying web application directory [D:\JavaSQL\Java8\apache-tomcat-8.5.24\webapps\host-manager]
18-Apr-2024 15:52:56.725 INFO [localhost-startStop-1] org.apache.jasper.servlet.TldScanner.scanJars At least one JAR was scanned for TLDs yet contained no TLDs. Enable debug logging for this logger for a complete list of JARs that were scanned but no TLDs were found in them. Skipping unneeded JARs during scanning can improve startup time and JSP compilation time.
18-Apr-2024 15:52:56.730 INFO [localhost-startStop-1] org.apache.catalina.startup.HostConfig.deployDirectory Deployment of web application directory [D:\JavaSQL\Java8\apache-tomcat-8.5.24\webapps\host-manager] has finished in [22] ms
18-Apr-2024 15:52:56.731 INFO [localhost-startStop-1] org.apache.catalina.startup.HostConfig.deployDirectory Deploying web application directory [D:\JavaSQL\Java8\apache-tomcat-8.5.24\webapps\ROOT]
18-Apr-2024 15:52:56.744 INFO [localhost-startStop-1] org.apache.jasper.servlet.TldScanner.scanJars At least one JAR was scanned for TLDs yet contained no TLDs. Enable debug logging for this logger for a complete list of JARs that were scanned but no TLDs were found in them. Skipping unneeded JARs during scanning can improve startup time and JSP compilation time.
18-Apr-2024 15:52:56.745 INFO [localhost-startStop-1] org.apache.catalina.startup.HostConfig.deployDirectory Deployment of web application directory [D:\JavaSQL\Java8\apache-tomcat-8.5.24\webapps\ROOT] has finished in [14] ms
18-Apr-2024 15:52:56.746 INFO [localhost-startStop-1] org.apache.catalina.startup.HostConfig.deployDirectory Deploying web application directory [D:\JavaSQL\Java8\apache-tomcat-8.5.24\webapps\SQLServer]
18-Apr-2024 15:52:56.764 INFO [localhost-startStop-1] org.apache.jasper.servlet.TldScanner.scanJars At least one JAR was scanned for TLDs yet contained no TLDs. Enable debug logging for this logger for a complete list of JARs that were scanned but no TLDs were found in them. Skipping unneeded JARs during scanning can improve startup time and JSP compilation time.
18-Apr-2024 15:52:56.767 INFO [localhost-startStop-1] org.apache.catalina.startup.HostConfig.deployDirectory Deployment of web application directory [D:\JavaSQL\Java8\apache-tomcat-8.5.24\webapps\SQLServer] has finished in [21] ms
18-Apr-2024 15:52:56.767 INFO [localhost-startStop-1] org.apache.catalina.startup.HostConfig.deployDirectory Deploying web application directory [D:\JavaSQL\Java8\apache-tomcat-8.5.24\webapps\Servlet1]
18-Apr-2024 15:52:56.783 INFO [localhost-startStop-1] org.apache.jasper.servlet.TldScanner.scanJars At least one JAR was scanned for TLDs yet contained no TLDs. Enable debug logging for this logger for a complete list of JARs that were scanned but no TLDs were found in them. Skipping unneeded JARs during scanning can improve startup time and JSP compilation time.
18-Apr-2024 15:52:56.785 INFO [localhost-startStop-1] org.apache.catalina.startup.HostConfig.deployDirectory Deployment of web application directory [D:\JavaSQL\Java8\apache-tomcat-8.5.24\webapps\Servlet1] has finished in [18] ms
18-Apr-2024 15:52:56.786 INFO [localhost-startStop-1] org.apache.catalina.startup.HostConfig.deployDirectory Deploying web application directory [D:\JavaSQL\Java8\apache-tomcat-8.5.24\webapps\Servlet2]
18-Apr-2024 15:52:56.803 INFO [localhost-startStop-1] org.apache.jasper.servlet.TldScanner.scanJars At least one JAR was scanned for TLDs yet contained no TLDs. Enable debug logging for this logger for a complete list of JARs that were scanned but no TLDs were found in them. Skipping unneeded JARs during scanning can improve startup time and JSP compilation time.
18-Apr-2024 15:52:56.806 INFO [localhost-startStop-1] org.apache.catalina.startup.HostConfig.deployDirectory Deployment of web application directory [D:\JavaSQL\Java8\apache-tomcat-8.5.24\webapps\Servlet2] has finished in [20] ms
18-Apr-2024 15:52:56.807 INFO [localhost-startStop-1] org.apache.catalina.startup.HostConfig.deployDirectory Deploying web application directory [D:\JavaSQL\Java8\apache-tomcat-8.5.24\webapps\Servlet3]
18-Apr-2024 15:52:56.821 INFO [localhost-startStop-1] org.apache.jasper.servlet.TldScanner.scanJars At least one JAR was scanned for TLDs yet contained no TLDs. Enable debug logging for this logger for a complete list of JARs that were scanned but no TLDs were found in them. Skipping unneeded JARs during scanning can improve startup time and JSP compilation time.
18-Apr-2024 15:52:56.822 INFO [localhost-startStop-1] org.apache.catalina.startup.HostConfig.deployDirectory Deployment of web application directory [D:\JavaSQL\Java8\apache-tomcat-8.5.24\webapps\Servlet3] has finished in [16] ms
18-Apr-2024 15:52:56.822 INFO [localhost-startStop-1] org.apache.catalina.startup.HostConfig.deployDirectory Deploying web application directory [D:\JavaSQL\Java8\apache-tomcat-8.5.24\webapps\Servlet4]
18-Apr-2024 15:52:56.837 INFO [localhost-startStop-1] org.apache.jasper.servlet.TldScanner.scanJars At least one JAR was scanned for TLDs yet contained no TLDs. Enable debug logging for this logger for a complete list of JARs that were scanned but no TLDs were found in them. Skipping unneeded JARs during scanning can improve startup time and JSP compilation time.
18-Apr-2024 15:52:56.839 INFO [localhost-startStop-1] org.apache.catalina.startup.HostConfig.deployDirectory Deployment of web application directory [D:\JavaSQL\Java8\apache-tomcat-8.5.24\webapps\Servlet4] has finished in [17] ms
18-Apr-2024 15:52:56.839 INFO [localhost-startStop-1] org.apache.catalina.startup.HostConfig.deployDirectory Deploying web application directory [D:\JavaSQL\Java8\apache-tomcat-8.5.24\webapps\Pract8]
18-Apr-2024 15:52:56.852 INFO [localhost-startStop-1] org.apache.jasper.servlet.TldScanner.scanJars At least one JAR was scanned for TLDs yet contained no TLDs. Enable debug logging for this logger for a complete list of JARs that were scanned but no TLDs were found in them. Skipping unneeded JARs during scanning can improve startup time and JSP compilation time.
18-Apr-2024 15:52:56.853 INFO [localhost-startStop-1] org.apache.catalina.startup.HostConfig.deployDirectory Deployment of web application directory [D:\JavaSQL\Java8\apache-tomcat-8.5.24\webapps\Pract8] has finished in [14] ms
18-Apr-2024 15:52:56.853 INFO [localhost-startStop-1] org.apache.catalina.startup.HostConfig.deployDirectory Deploying web application directory [D:\JavaSQL\Java8\apache-tomcat-8.5.24\webapps\Entrega]
18-Apr-2024 15:52:56.872 INFO [localhost-startStop-1] org.apache.jasper.servlet.TldScanner.scanJars At least one JAR was scanned for TLDs yet contained no TLDs. Enable debug logging for this logger for a complete list of JARs that were scanned but no TLDs were found in them. Skipping unneeded JARs during scanning can improve startup time and JSP compilation time.
18-Apr-2024 15:52:56.872 INFO [localhost-startStop-1] org.apache.catalina.startup.HostConfig.deployDirectory Deployment of web application directory [D:\JavaSQL\Java8\apache-tomcat-8.5.24\webapps\Entrega] has finished in [19] ms
18-Apr-2024 15:52:56.872 INFO [localhost-startStop-1] org.apache.catalina.startup.HostConfig.deployDirectory Deploying web application directory [D:\JavaSQL\Java8\apache-tomcat-8.5.24\webapps\matrices8]
18-Apr-2024 15:52:56.872 INFO [localhost-startStop-1] org.apache.jasper.servlet.TldScanner.scanJars At least one JAR was scanned for TLDs yet contained no TLDs. Enable debug logging for this logger for a complete list of JARs that were scanned but no TLDs were found in them. Skipping unneeded JARs during scanning can improve startup time and JSP compilation time.
18-Apr-2024 15:52:56.887 INFO [localhost-startStop-1] org.apache.catalina.startup.HostConfig.deployDirectory Deployment of web application directory [D:\JavaSQL\Java8\apache-tomcat-8.5.24\webapps\matrices8] has finished in [15] ms
18-Apr-2024 15:52:56.887 INFO [localhost-startStop-1] org.apache.catalina.startup.HostConfig.deployDirectory Deploying web application directory [D:\JavaSQL\Java8\apache-tomcat-8.5.24\webapps\TD_E18]
18-Apr-2024 15:52:56.903 INFO [localhost-startStop-1] org.apache.jasper.servlet.TldScanner.scanJars At least one JAR was scanned for TLDs yet contained no TLDs. Enable debug logging for this logger for a complete list of JARs that were scanned but no TLDs were found in them. Skipping unneeded JARs during scanning can improve startup time and JSP compilation time.
18-Apr-2024 15:52:56.903 INFO [localhost-startStop-1] org.apache.catalina.startup.HostConfig.deployDirectory Deployment of web application directory [D:\JavaSQL\Java8\apache-tomcat-8.5.24\webapps\TD_E18] has finished in [16] ms
18-Apr-2024 15:52:56.903 INFO [localhost-startStop-1] org.apache.catalina.startup.HostConfig.deployDirectory Deploying web application directory [D:\JavaSQL\Java8\apache-tomcat-8.5.24\webapps\TB15]
18-Apr-2024 15:52:56.919 INFO [localhost-startStop-1] org.apache.jasper.servlet.TldScanner.scanJars At least one JAR was scanned for TLDs yet contained no TLDs. Enable debug logging for this logger for a complete list of JARs that were scanned but no TLDs were found in them. Skipping unneeded JARs during scanning can improve startup time and JSP compilation time.
18-Apr-2024 15:52:56.919 INFO [localhost-startStop-1] org.apache.catalina.startup.HostConfig.deployDirectory Deployment of web application directory [D:\JavaSQL\Java8\apache-tomcat-8.5.24\webapps\TB15] has finished in [16] ms
18-Apr-2024 15:52:56.919 INFO [localhost-startStop-1] org.apache.catalina.startup.HostConfig.deployDirectory Deploying web application directory [D:\JavaSQL\Java8\apache-tomcat-8.5.24\webapps\S2]
18-Apr-2024 15:52:56.934 INFO [localhost-startStop-1] org.apache.jasper.servlet.TldScanner.scanJars At least one JAR was scanned for TLDs yet contained no TLDs. Enable debug logging for this logger for a complete list of JARs that were scanned but no TLDs were found in them. Skipping unneeded JARs during scanning can improve startup time and JSP compilation time.
18-Apr-2024 15:52:56.934 INFO [localhost-startStop-1] org.apache.catalina.startup.HostConfig.deployDirectory Deployment of web application directory [D:\JavaSQL\Java8\apache-tomcat-8.5.24\webapps\S2] has finished in [15] ms
18-Apr-2024 15:52:56.934 INFO [localhost-startStop-1] org.apache.catalina.startup.HostConfig.deployDirectory Deploying web application directory [D:\JavaSQL\Java8\apache-tomcat-8.5.24\webapps\mock1]
18-Apr-2024 15:52:56.960 INFO [localhost-startStop-1] org.apache.jasper.servlet.TldScanner.scanJars At least one JAR was scanned for TLDs yet contained no TLDs. Enable debug logging for this logger for a complete list of JARs that were scanned but no TLDs were found in them. Skipping unneeded JARs during scanning can improve startup time and JSP compilation time.
18-Apr-2024 15:52:56.966 INFO [localhost-startStop-1] org.apache.catalina.startup.HostConfig.deployDirectory Deployment of web application directory [D:\JavaSQL\Java8\apache-tomcat-8.5.24\webapps\mock1] has finished in [32] ms
18-Apr-2024 15:52:56.966 INFO [localhost-startStop-1] org.apache.catalina.startup.HostConfig.deployDirectory Deploying web application directory [D:\JavaSQL\Java8\apache-tomcat-8.5.24\webapps\mock2]
18-Apr-2024 15:52:56.988 INFO [localhost-startStop-1] org.apache.jasper.servlet.TldScanner.scanJars At least one JAR was scanned for TLDs yet contained no TLDs. Enable debug logging for this logger for a complete list of JARs that were scanned but no TLDs were found in them. Skipping unneeded JARs during scanning can improve startup time and JSP compilation time.
18-Apr-2024 15:52:56.990 INFO [localhost-startStop-1] org.apache.catalina.startup.HostConfig.deployDirectory Deployment of web application directory [D:\JavaSQL\Java8\apache-tomcat-8.5.24\webapps\mock2] has finished in [24] ms
18-Apr-2024 15:52:56.990 INFO [localhost-startStop-1] org.apache.catalina.startup.HostConfig.deployDirectory Deploying web application directory [D:\JavaSQL\Java8\apache-tomcat-8.5.24\webapps\PEB2024]
18-Apr-2024 15:52:57.009 INFO [localhost-startStop-1] org.apache.jasper.servlet.TldScanner.scanJars At least one JAR was scanned for TLDs yet contained no TLDs. Enable debug logging for this logger for a complete list of JARs that were scanned but no TLDs were found in them. Skipping unneeded JARs during scanning can improve startup time and JSP compilation time.
18-Apr-2024 15:52:57.010 INFO [localhost-startStop-1] org.apache.catalina.startup.HostConfig.deployDirectory Deployment of web application directory [D:\JavaSQL\Java8\apache-tomcat-8.5.24\webapps\PEB2024] has finished in [20] ms
18-Apr-2024 15:52:57.010 INFO [localhost-startStop-1] org.apache.catalina.startup.HostConfig.deployDirectory Deploying web application directory [D:\JavaSQL\Java8\apache-tomcat-8.5.24\webapps\Anti2]
18-Apr-2024 15:52:57.024 INFO [localhost-startStop-1] org.apache.jasper.servlet.TldScanner.scanJars At least one JAR was scanned for TLDs yet contained no TLDs. Enable debug logging for this logger for a complete list of JARs that were scanned but no TLDs were found in them. Skipping unneeded JARs during scanning can improve startup time and JSP compilation time.
18-Apr-2024 15:52:57.024 INFO [localhost-startStop-1] org.apache.catalina.startup.HostConfig.deployDirectory Deployment of web application directory [D:\JavaSQL\Java8\apache-tomcat-8.5.24\webapps\Anti2] has finished in [14] ms
18-Apr-2024 15:52:57.024 INFO [localhost-startStop-1] org.apache.catalina.startup.HostConfig.deployDirectory Deploying web application directory [D:\JavaSQL\Java8\apache-tomcat-8.5.24\webapps\Anti1]
18-Apr-2024 15:52:57.060 INFO [localhost-startStop-1] org.apache.jasper.servlet.TldScanner.scanJars At least one JAR was scanned for TLDs yet contained no TLDs. Enable debug logging for this logger for a complete list of JARs that were scanned but no TLDs were found in them. Skipping unneeded JARs during scanning can improve startup time and JSP compilation time.
18-Apr-2024 15:52:57.060 INFO [localhost-startStop-1] org.apache.catalina.startup.HostConfig.deployDirectory Deployment of web application directory [D:\JavaSQL\Java8\apache-tomcat-8.5.24\webapps\Anti1] has finished in [36] ms
18-Apr-2024 15:52:57.060 INFO [main] org.apache.coyote.AbstractProtocol.start Starting ProtocolHandler ["http-nio-8082"]
18-Apr-2024 15:52:57.071 INFO [main] org.apache.coyote.AbstractProtocol.start Starting ProtocolHandler ["ajp-nio-8009"]
18-Apr-2024 15:52:57.071 INFO [main] org.apache.catalina.startup.Catalina.start Server startup in 736 ms
18-Apr-2024 15:54:41.487 INFO [main] org.apache.catalina.core.StandardServer.await A valid shutdown command was received via the shutdown port. Stopping the Server instance.
18-Apr-2024 15:54:41.487 INFO [main] org.apache.coyote.AbstractProtocol.pause Pausing ProtocolHandler ["http-nio-8082"]
18-Apr-2024 15:54:41.661 INFO [main] org.apache.coyote.AbstractProtocol.pause Pausing ProtocolHandler ["ajp-nio-8009"]
18-Apr-2024 15:54:41.803 INFO [main] org.apache.catalina.core.StandardService.stopInternal Stopping service [Catalina]
18-Apr-2024 15:54:41.881 INFO [main] org.apache.coyote.AbstractProtocol.stop Stopping ProtocolHandler ["http-nio-8082"]
18-Apr-2024 15:54:41.885 INFO [main] org.apache.coyote.AbstractProtocol.stop Stopping ProtocolHandler ["ajp-nio-8009"]
18-Apr-2024 15:54:41.885 INFO [main] org.apache.coyote.AbstractProtocol.destroy Destroying ProtocolHandler ["http-nio-8082"]
18-Apr-2024 15:54:41.885 INFO [main] org.apache.coyote.AbstractProtocol.destroy Destroying ProtocolHandler ["ajp-nio-8009"]
18-Apr-2024 15:54:49.235 INFO [main] org.apache.catalina.startup.VersionLoggerListener.log Server version:        Apache Tomcat/8.5.24
18-Apr-2024 15:54:49.235 INFO [main] org.apache.catalina.startup.VersionLoggerListener.log Server built:          Nov 27 2017 13:05:30 UTC
18-Apr-2024 15:54:49.235 INFO [main] org.apache.catalina.startup.VersionLoggerListener.log Server number:         8.5.24.0
18-Apr-2024 15:54:49.235 INFO [main] org.apache.catalina.startup.VersionLoggerListener.log OS Name:               Windows 10
18-Apr-2024 15:54:49.235 INFO [main] org.apache.catalina.startup.VersionLoggerListener.log OS Version:            10.0
18-Apr-2024 15:54:49.235 INFO [main] org.apache.catalina.startup.VersionLoggerListener.log Architecture:          x86
18-Apr-2024 15:54:49.235 INFO [main] org.apache.catalina.startup.VersionLoggerListener.log Java Home:             D:\JavaSQL\Java8\jdk1.8.0_131\jre
18-Apr-2024 15:54:49.235 INFO [main] org.apache.catalina.startup.VersionLoggerListener.log JVM Version:           1.8.0_131-b11
18-Apr-2024 15:54:49.235 INFO [main] org.apache.catalina.startup.VersionLoggerListener.log JVM Vendor:            Oracle Corporation
18-Apr-2024 15:54:49.235 INFO [main] org.apache.catalina.startup.VersionLoggerListener.log CATALINA_BASE:         D:\JavaSQL\Java8\apache-tomcat-8.5.24
18-Apr-2024 15:54:49.235 INFO [main] org.apache.catalina.startup.VersionLoggerListener.log CATALINA_HOME:         D:\JavaSQL\Java8\apache-tomcat-8.5.24
18-Apr-2024 15:54:49.235 INFO [main] org.apache.catalina.startup.VersionLoggerListener.log Command line argument: -Djava.util.logging.config.file=D:\JavaSQL\Java8\apache-tomcat-8.5.24\conf\logging.properties
18-Apr-2024 15:54:49.235 INFO [main] org.apache.catalina.startup.VersionLoggerListener.log Command line argument: -Djava.util.logging.manager=org.apache.juli.ClassLoaderLogManager
18-Apr-2024 15:54:49.235 INFO [main] org.apache.catalina.startup.VersionLoggerListener.log Command line argument: -Djdk.tls.ephemeralDHKeySize=2048
18-Apr-2024 15:54:49.235 INFO [main] org.apache.catalina.startup.VersionLoggerListener.log Command line argument: -Djava.protocol.handler.pkgs=org.apache.catalina.webresources
18-Apr-2024 15:54:49.235 INFO [main] org.apache.catalina.startup.VersionLoggerListener.log Command line argument: -Dignore.endorsed.dirs=
18-Apr-2024 15:54:49.235 INFO [main] org.apache.catalina.startup.VersionLoggerListener.log Command line argument: -Dcatalina.base=D:\JavaSQL\Java8\apache-tomcat-8.5.24
18-Apr-2024 15:54:49.235 INFO [main] org.apache.catalina.startup.VersionLoggerListener.log Command line argument: -Dcatalina.home=D:\JavaSQL\Java8\apache-tomcat-8.5.24
18-Apr-2024 15:54:49.235 INFO [main] org.apache.catalina.startup.VersionLoggerListener.log Command line argument: -Djava.io.tmpdir=D:\JavaSQL\Java8\apache-tomcat-8.5.24\temp
18-Apr-2024 15:54:49.235 INFO [main] org.apache.catalina.core.AprLifecycleListener.lifecycleEvent The APR based Apache Tomcat Native library which allows optimal performance in production environments was not found on the java.library.path: [D:\JavaSQL\Java8\jdk1.8.0_131\bin;C:\WINDOWS\Sun\Java\bin;C:\WINDOWS\system32;C:\WINDOWS;D:\JavaSQL\Java8\jdk1.8.0_131\bin;D:\JavaSQL\Java8\jdk1.8.0_131\db\bin;D:\JavaSQL\Java8\squirrelsql-4.0.0-standard;D:\JavaSQL\Java8\apache-tomcat-8.5.24\bin;C:\WINDOWS\system32;C:\WINDOWS;C:\WINDOWS\System32\Wbem;C:\WINDOWS\System32\WindowsPowerShell\v1.0\;C:\WINDOWS\System32\OpenSSH\;C:\Program Files\dotnet\;C:\Users\Aldoa\Desktop\Infor\bin;C:\Users\Aldoa\AppData\Local\Microsoft\WindowsApps;;.]
18-Apr-2024 15:54:49.307 INFO [main] org.apache.coyote.AbstractProtocol.init Initializing ProtocolHandler ["http-nio-8082"]
18-Apr-2024 15:54:49.486 INFO [main] org.apache.tomcat.util.net.NioSelectorPool.getSharedSelector Using a shared selector for servlet write/read
18-Apr-2024 15:54:49.502 INFO [main] org.apache.coyote.AbstractProtocol.init Initializing ProtocolHandler ["ajp-nio-8009"]
18-Apr-2024 15:54:49.502 INFO [main] org.apache.tomcat.util.net.NioSelectorPool.getSharedSelector Using a shared selector for servlet write/read
18-Apr-2024 15:54:49.502 INFO [main] org.apache.catalina.startup.Catalina.load Initialization processed in 454 ms
18-Apr-2024 15:54:49.518 INFO [main] org.apache.catalina.core.StandardService.startInternal Starting service [Catalina]
18-Apr-2024 15:54:49.518 INFO [main] org.apache.catalina.core.StandardEngine.startInternal Starting Servlet Engine: Apache Tomcat/8.5.24
18-Apr-2024 15:54:49.518 INFO [localhost-startStop-1] org.apache.catalina.startup.HostConfig.deployDirectory Deploying web application directory [D:\JavaSQL\Java8\apache-tomcat-8.5.24\webapps\docs]
18-Apr-2024 15:54:49.675 INFO [localhost-startStop-1] org.apache.jasper.servlet.TldScanner.scanJars At least one JAR was scanned for TLDs yet contained no TLDs. Enable debug logging for this logger for a complete list of JARs that were scanned but no TLDs were found in them. Skipping unneeded JARs during scanning can improve startup time and JSP compilation time.
18-Apr-2024 15:54:49.722 INFO [localhost-startStop-1] org.apache.catalina.startup.HostConfig.deployDirectory Deployment of web application directory [D:\JavaSQL\Java8\apache-tomcat-8.5.24\webapps\docs] has finished in [204] ms
18-Apr-2024 15:54:49.722 INFO [localhost-startStop-1] org.apache.catalina.startup.HostConfig.deployDirectory Deploying web application directory [D:\JavaSQL\Java8\apache-tomcat-8.5.24\webapps\examples]
18-Apr-2024 15:54:49.848 INFO [localhost-startStop-1] org.apache.jasper.servlet.TldScanner.scanJars At least one JAR was scanned for TLDs yet contained no TLDs. Enable debug logging for this logger for a complete list of JARs that were scanned but no TLDs were found in them. Skipping unneeded JARs during scanning can improve startup time and JSP compilation time.
18-Apr-2024 15:54:49.880 INFO [localhost-startStop-1] org.apache.catalina.startup.HostConfig.deployDirectory Deployment of web application directory [D:\JavaSQL\Java8\apache-tomcat-8.5.24\webapps\examples] has finished in [158] ms
18-Apr-2024 15:54:49.880 INFO [localhost-startStop-1] org.apache.catalina.startup.HostConfig.deployDirectory Deploying web application directory [D:\JavaSQL\Java8\apache-tomcat-8.5.24\webapps\host-manager]
18-Apr-2024 15:54:49.896 INFO [localhost-startStop-1] org.apache.jasper.servlet.TldScanner.scanJars At least one JAR was scanned for TLDs yet contained no TLDs. Enable debug logging for this logger for a complete list of JARs that were scanned but no TLDs were found in them. Skipping unneeded JARs during scanning can improve startup time and JSP compilation time.
18-Apr-2024 15:54:49.896 INFO [localhost-startStop-1] org.apache.catalina.startup.HostConfig.deployDirectory Deployment of web application directory [D:\JavaSQL\Java8\apache-tomcat-8.5.24\webapps\host-manager] has finished in [16] ms
18-Apr-2024 15:54:49.896 INFO [localhost-startStop-1] org.apache.catalina.startup.HostConfig.deployDirectory Deploying web application directory [D:\JavaSQL\Java8\apache-tomcat-8.5.24\webapps\ROOT]
18-Apr-2024 15:54:49.912 INFO [localhost-startStop-1] org.apache.jasper.servlet.TldScanner.scanJars At least one JAR was scanned for TLDs yet contained no TLDs. Enable debug logging for this logger for a complete list of JARs that were scanned but no TLDs were found in them. Skipping unneeded JARs during scanning can improve startup time and JSP compilation time.
18-Apr-2024 15:54:49.912 INFO [localhost-startStop-1] org.apache.catalina.startup.HostConfig.deployDirectory Deployment of web application directory [D:\JavaSQL\Java8\apache-tomcat-8.5.24\webapps\ROOT] has finished in [16] ms
18-Apr-2024 15:54:49.912 INFO [localhost-startStop-1] org.apache.catalina.startup.HostConfig.deployDirectory Deploying web application directory [D:\JavaSQL\Java8\apache-tomcat-8.5.24\webapps\SQLServer]
18-Apr-2024 15:54:49.927 INFO [localhost-startStop-1] org.apache.jasper.servlet.TldScanner.scanJars At least one JAR was scanned for TLDs yet contained no TLDs. Enable debug logging for this logger for a complete list of JARs that were scanned but no TLDs were found in them. Skipping unneeded JARs during scanning can improve startup time and JSP compilation time.
18-Apr-2024 15:54:49.927 INFO [localhost-startStop-1] org.apache.catalina.startup.HostConfig.deployDirectory Deployment of web application directory [D:\JavaSQL\Java8\apache-tomcat-8.5.24\webapps\SQLServer] has finished in [15] ms
18-Apr-2024 15:54:49.927 INFO [localhost-startStop-1] org.apache.catalina.startup.HostConfig.deployDirectory Deploying web application directory [D:\JavaSQL\Java8\apache-tomcat-8.5.24\webapps\Servlet1]
18-Apr-2024 15:54:49.943 INFO [localhost-startStop-1] org.apache.jasper.servlet.TldScanner.scanJars At least one JAR was scanned for TLDs yet contained no TLDs. Enable debug logging for this logger for a complete list of JARs that were scanned but no TLDs were found in them. Skipping unneeded JARs during scanning can improve startup time and JSP compilation time.
18-Apr-2024 15:54:49.943 INFO [localhost-startStop-1] org.apache.catalina.startup.HostConfig.deployDirectory Deployment of web application directory [D:\JavaSQL\Java8\apache-tomcat-8.5.24\webapps\Servlet1] has finished in [16] ms
18-Apr-2024 15:54:49.943 INFO [localhost-startStop-1] org.apache.catalina.startup.HostConfig.deployDirectory Deploying web application directory [D:\JavaSQL\Java8\apache-tomcat-8.5.24\webapps\Servlet2]
18-Apr-2024 15:54:49.958 INFO [localhost-startStop-1] org.apache.jasper.servlet.TldScanner.scanJars At least one JAR was scanned for TLDs yet contained no TLDs. Enable debug logging for this logger for a complete list of JARs that were scanned but no TLDs were found in them. Skipping unneeded JARs during scanning can improve startup time and JSP compilation time.
18-Apr-2024 15:54:49.958 INFO [localhost-startStop-1] org.apache.catalina.startup.HostConfig.deployDirectory Deployment of web application directory [D:\JavaSQL\Java8\apache-tomcat-8.5.24\webapps\Servlet2] has finished in [15] ms
18-Apr-2024 15:54:49.958 INFO [localhost-startStop-1] org.apache.catalina.startup.HostConfig.deployDirectory Deploying web application directory [D:\JavaSQL\Java8\apache-tomcat-8.5.24\webapps\Servlet3]
18-Apr-2024 15:54:49.975 INFO [localhost-startStop-1] org.apache.jasper.servlet.TldScanner.scanJars At least one JAR was scanned for TLDs yet contained no TLDs. Enable debug logging for this logger for a complete list of JARs that were scanned but no TLDs were found in them. Skipping unneeded JARs during scanning can improve startup time and JSP compilation time.
18-Apr-2024 15:54:49.975 INFO [localhost-startStop-1] org.apache.catalina.startup.HostConfig.deployDirectory Deployment of web application directory [D:\JavaSQL\Java8\apache-tomcat-8.5.24\webapps\Servlet3] has finished in [17] ms
18-Apr-2024 15:54:49.975 INFO [localhost-startStop-1] org.apache.catalina.startup.HostConfig.deployDirectory Deploying web application directory [D:\JavaSQL\Java8\apache-tomcat-8.5.24\webapps\Servlet4]
18-Apr-2024 15:54:49.990 INFO [localhost-startStop-1] org.apache.jasper.servlet.TldScanner.scanJars At least one JAR was scanned for TLDs yet contained no TLDs. Enable debug logging for this logger for a complete list of JARs that were scanned but no TLDs were found in them. Skipping unneeded JARs during scanning can improve startup time and JSP compilation time.
18-Apr-2024 15:54:49.990 INFO [localhost-startStop-1] org.apache.catalina.startup.HostConfig.deployDirectory Deployment of web application directory [D:\JavaSQL\Java8\apache-tomcat-8.5.24\webapps\Servlet4] has finished in [15] ms
18-Apr-2024 15:54:49.990 INFO [localhost-startStop-1] org.apache.catalina.startup.HostConfig.deployDirectory Deploying web application directory [D:\JavaSQL\Java8\apache-tomcat-8.5.24\webapps\Pract8]
18-Apr-2024 15:54:50.009 INFO [localhost-startStop-1] org.apache.jasper.servlet.TldScanner.scanJars At least one JAR was scanned for TLDs yet contained no TLDs. Enable debug logging for this logger for a complete list of JARs that were scanned but no TLDs were found in them. Skipping unneeded JARs during scanning can improve startup time and JSP compilation time.
18-Apr-2024 15:54:50.009 INFO [localhost-startStop-1] org.apache.catalina.startup.HostConfig.deployDirectory Deployment of web application directory [D:\JavaSQL\Java8\apache-tomcat-8.5.24\webapps\Pract8] has finished in [19] ms
18-Apr-2024 15:54:50.009 INFO [localhost-startStop-1] org.apache.catalina.startup.HostConfig.deployDirectory Deploying web application directory [D:\JavaSQL\Java8\apache-tomcat-8.5.24\webapps\Entrega]
18-Apr-2024 15:54:50.037 INFO [localhost-startStop-1] org.apache.jasper.servlet.TldScanner.scanJars At least one JAR was scanned for TLDs yet contained no TLDs. Enable debug logging for this logger for a complete list of JARs that were scanned but no TLDs were found in them. Skipping unneeded JARs during scanning can improve startup time and JSP compilation time.
18-Apr-2024 15:54:50.037 INFO [localhost-startStop-1] org.apache.catalina.startup.HostConfig.deployDirectory Deployment of web application directory [D:\JavaSQL\Java8\apache-tomcat-8.5.24\webapps\Entrega] has finished in [28] ms
18-Apr-2024 15:54:50.037 INFO [localhost-startStop-1] org.apache.catalina.startup.HostConfig.deployDirectory Deploying web application directory [D:\JavaSQL\Java8\apache-tomcat-8.5.24\webapps\matrices8]
18-Apr-2024 15:54:50.053 INFO [localhost-startStop-1] org.apache.jasper.servlet.TldScanner.scanJars At least one JAR was scanned for TLDs yet contained no TLDs. Enable debug logging for this logger for a complete list of JARs that were scanned but no TLDs were found in them. Skipping unneeded JARs during scanning can improve startup time and JSP compilation time.
18-Apr-2024 15:54:50.053 INFO [localhost-startStop-1] org.apache.catalina.startup.HostConfig.deployDirectory Deployment of web application directory [D:\JavaSQL\Java8\apache-tomcat-8.5.24\webapps\matrices8] has finished in [16] ms
18-Apr-2024 15:54:50.053 INFO [localhost-startStop-1] org.apache.catalina.startup.HostConfig.deployDirectory Deploying web application directory [D:\JavaSQL\Java8\apache-tomcat-8.5.24\webapps\TD_E18]
18-Apr-2024 15:54:50.069 INFO [localhost-startStop-1] org.apache.jasper.servlet.TldScanner.scanJars At least one JAR was scanned for TLDs yet contained no TLDs. Enable debug logging for this logger for a complete list of JARs that were scanned but no TLDs were found in them. Skipping unneeded JARs during scanning can improve startup time and JSP compilation time.
18-Apr-2024 15:54:50.069 INFO [localhost-startStop-1] org.apache.catalina.startup.HostConfig.deployDirectory Deployment of web application directory [D:\JavaSQL\Java8\apache-tomcat-8.5.24\webapps\TD_E18] has finished in [16] ms
18-Apr-2024 15:54:50.069 INFO [localhost-startStop-1] org.apache.catalina.startup.HostConfig.deployDirectory Deploying web application directory [D:\JavaSQL\Java8\apache-tomcat-8.5.24\webapps\TB15]
18-Apr-2024 15:54:50.084 INFO [localhost-startStop-1] org.apache.jasper.servlet.TldScanner.scanJars At least one JAR was scanned for TLDs yet contained no TLDs. Enable debug logging for this logger for a complete list of JARs that were scanned but no TLDs were found in them. Skipping unneeded JARs during scanning can improve startup time and JSP compilation time.
18-Apr-2024 15:54:50.084 INFO [localhost-startStop-1] org.apache.catalina.startup.HostConfig.deployDirectory Deployment of web application directory [D:\JavaSQL\Java8\apache-tomcat-8.5.24\webapps\TB15] has finished in [15] ms
18-Apr-2024 15:54:50.100 INFO [localhost-startStop-1] org.apache.catalina.startup.HostConfig.deployDirectory Deploying web application directory [D:\JavaSQL\Java8\apache-tomcat-8.5.24\webapps\S2]
18-Apr-2024 15:54:50.109 INFO [localhost-startStop-1] org.apache.jasper.servlet.TldScanner.scanJars At least one JAR was scanned for TLDs yet contained no TLDs. Enable debug logging for this logger for a complete list of JARs that were scanned but no TLDs were found in them. Skipping unneeded JARs during scanning can improve startup time and JSP compilation time.
18-Apr-2024 15:54:50.109 INFO [localhost-startStop-1] org.apache.catalina.startup.HostConfig.deployDirectory Deployment of web application directory [D:\JavaSQL\Java8\apache-tomcat-8.5.24\webapps\S2] has finished in [9] ms
18-Apr-2024 15:54:50.109 INFO [localhost-startStop-1] org.apache.catalina.startup.HostConfig.deployDirectory Deploying web application directory [D:\JavaSQL\Java8\apache-tomcat-8.5.24\webapps\mock1]
18-Apr-2024 15:54:50.116 INFO [localhost-startStop-1] org.apache.jasper.servlet.TldScanner.scanJars At least one JAR was scanned for TLDs yet contained no TLDs. Enable debug logging for this logger for a complete list of JARs that were scanned but no TLDs were found in them. Skipping unneeded JARs during scanning can improve startup time and JSP compilation time.
18-Apr-2024 15:54:50.116 INFO [localhost-startStop-1] org.apache.catalina.startup.HostConfig.deployDirectory Deployment of web application directory [D:\JavaSQL\Java8\apache-tomcat-8.5.24\webapps\mock1] has finished in [7] ms
18-Apr-2024 15:54:50.116 INFO [localhost-startStop-1] org.apache.catalina.startup.HostConfig.deployDirectory Deploying web application directory [D:\JavaSQL\Java8\apache-tomcat-8.5.24\webapps\mock2]
18-Apr-2024 15:54:50.131 INFO [localhost-startStop-1] org.apache.jasper.servlet.TldScanner.scanJars At least one JAR was scanned for TLDs yet contained no TLDs. Enable debug logging for this logger for a complete list of JARs that were scanned but no TLDs were found in them. Skipping unneeded JARs during scanning can improve startup time and JSP compilation time.
18-Apr-2024 15:54:50.147 INFO [localhost-startStop-1] org.apache.catalina.startup.HostConfig.deployDirectory Deployment of web application directory [D:\JavaSQL\Java8\apache-tomcat-8.5.24\webapps\mock2] has finished in [31] ms
18-Apr-2024 15:54:50.147 INFO [localhost-startStop-1] org.apache.catalina.startup.HostConfig.deployDirectory Deploying web application directory [D:\JavaSQL\Java8\apache-tomcat-8.5.24\webapps\PEB2024]
18-Apr-2024 15:54:50.163 INFO [localhost-startStop-1] org.apache.jasper.servlet.TldScanner.scanJars At least one JAR was scanned for TLDs yet contained no TLDs. Enable debug logging for this logger for a complete list of JARs that were scanned but no TLDs were found in them. Skipping unneeded JARs during scanning can improve startup time and JSP compilation time.
18-Apr-2024 15:54:50.163 INFO [localhost-startStop-1] org.apache.catalina.startup.HostConfig.deployDirectory Deployment of web application directory [D:\JavaSQL\Java8\apache-tomcat-8.5.24\webapps\PEB2024] has finished in [16] ms
18-Apr-2024 15:54:50.163 INFO [localhost-startStop-1] org.apache.catalina.startup.HostConfig.deployDirectory Deploying web application directory [D:\JavaSQL\Java8\apache-tomcat-8.5.24\webapps\Anti2]
18-Apr-2024 15:54:50.179 INFO [localhost-startStop-1] org.apache.jasper.servlet.TldScanner.scanJars At least one JAR was scanned for TLDs yet contained no TLDs. Enable debug logging for this logger for a complete list of JARs that were scanned but no TLDs were found in them. Skipping unneeded JARs during scanning can improve startup time and JSP compilation time.
18-Apr-2024 15:54:50.179 INFO [localhost-startStop-1] org.apache.catalina.startup.HostConfig.deployDirectory Deployment of web application directory [D:\JavaSQL\Java8\apache-tomcat-8.5.24\webapps\Anti2] has finished in [16] ms
18-Apr-2024 15:54:50.179 INFO [localhost-startStop-1] org.apache.catalina.startup.HostConfig.deployDirectory Deploying web application directory [D:\JavaSQL\Java8\apache-tomcat-8.5.24\webapps\Anti1]
18-Apr-2024 15:54:50.258 INFO [localhost-startStop-1] org.apache.jasper.servlet.TldScanner.scanJars At least one JAR was scanned for TLDs yet contained no TLDs. Enable debug logging for this logger for a complete list of JARs that were scanned but no TLDs were found in them. Skipping unneeded JARs during scanning can improve startup time and JSP compilation time.
18-Apr-2024 15:54:50.258 INFO [localhost-startStop-1] org.apache.catalina.startup.HostConfig.deployDirectory Deployment of web application directory [D:\JavaSQL\Java8\apache-tomcat-8.5.24\webapps\Anti1] has finished in [79] ms
18-Apr-2024 15:54:50.258 INFO [main] org.apache.coyote.AbstractProtocol.start Starting ProtocolHandler ["http-nio-8082"]
18-Apr-2024 15:54:50.273 INFO [main] org.apache.coyote.AbstractProtocol.start Starting ProtocolHandler ["ajp-nio-8009"]
18-Apr-2024 15:54:50.273 INFO [main] org.apache.catalina.startup.Catalina.start Server startup in 778 ms
18-Apr-2024 15:58:35.361 INFO [main] org.apache.catalina.core.StandardServer.await A valid shutdown command was received via the shutdown port. Stopping the Server instance.
18-Apr-2024 15:58:35.361 INFO [main] org.apache.coyote.AbstractProtocol.pause Pausing ProtocolHandler ["http-nio-8082"]
18-Apr-2024 15:58:35.637 INFO [main] org.apache.coyote.AbstractProtocol.pause Pausing ProtocolHandler ["ajp-nio-8009"]
18-Apr-2024 15:58:35.842 INFO [main] org.apache.catalina.core.StandardService.stopInternal Stopping service [Catalina]
18-Apr-2024 15:58:35.920 INFO [main] org.apache.coyote.AbstractProtocol.stop Stopping ProtocolHandler ["http-nio-8082"]
18-Apr-2024 15:58:35.920 INFO [main] org.apache.coyote.AbstractProtocol.stop Stopping ProtocolHandler ["ajp-nio-8009"]
18-Apr-2024 15:58:35.927 INFO [main] org.apache.coyote.AbstractProtocol.destroy Destroying ProtocolHandler ["http-nio-8082"]
18-Apr-2024 15:58:35.927 INFO [main] org.apache.coyote.AbstractProtocol.destroy Destroying ProtocolHandler ["ajp-nio-8009"]
18-Apr-2024 15:58:41.373 INFO [main] org.apache.catalina.startup.VersionLoggerListener.log Server version:        Apache Tomcat/8.5.24
18-Apr-2024 15:58:41.373 INFO [main] org.apache.catalina.startup.VersionLoggerListener.log Server built:          Nov 27 2017 13:05:30 UTC
18-Apr-2024 15:58:41.373 INFO [main] org.apache.catalina.startup.VersionLoggerListener.log Server number:         8.5.24.0
18-Apr-2024 15:58:41.373 INFO [main] org.apache.catalina.startup.VersionLoggerListener.log OS Name:               Windows 10
18-Apr-2024 15:58:41.373 INFO [main] org.apache.catalina.startup.VersionLoggerListener.log OS Version:            10.0
18-Apr-2024 15:58:41.373 INFO [main] org.apache.catalina.startup.VersionLoggerListener.log Architecture:          x86
18-Apr-2024 15:58:41.373 INFO [main] org.apache.catalina.startup.VersionLoggerListener.log Java Home:             D:\JavaSQL\Java8\jdk1.8.0_131\jre
18-Apr-2024 15:58:41.373 INFO [main] org.apache.catalina.startup.VersionLoggerListener.log JVM Version:           1.8.0_131-b11
18-Apr-2024 15:58:41.373 INFO [main] org.apache.catalina.startup.VersionLoggerListener.log JVM Vendor:            Oracle Corporation
18-Apr-2024 15:58:41.373 INFO [main] org.apache.catalina.startup.VersionLoggerListener.log CATALINA_BASE:         D:\JavaSQL\Java8\apache-tomcat-8.5.24
18-Apr-2024 15:58:41.373 INFO [main] org.apache.catalina.startup.VersionLoggerListener.log CATALINA_HOME:         D:\JavaSQL\Java8\apache-tomcat-8.5.24
18-Apr-2024 15:58:41.373 INFO [main] org.apache.catalina.startup.VersionLoggerListener.log Command line argument: -Djava.util.logging.config.file=D:\JavaSQL\Java8\apache-tomcat-8.5.24\conf\logging.properties
18-Apr-2024 15:58:41.373 INFO [main] org.apache.catalina.startup.VersionLoggerListener.log Command line argument: -Djava.util.logging.manager=org.apache.juli.ClassLoaderLogManager
18-Apr-2024 15:58:41.373 INFO [main] org.apache.catalina.startup.VersionLoggerListener.log Command line argument: -Djdk.tls.ephemeralDHKeySize=2048
18-Apr-2024 15:58:41.373 INFO [main] org.apache.catalina.startup.VersionLoggerListener.log Command line argument: -Djava.protocol.handler.pkgs=org.apache.catalina.webresources
18-Apr-2024 15:58:41.373 INFO [main] org.apache.catalina.startup.VersionLoggerListener.log Command line argument: -Dignore.endorsed.dirs=
18-Apr-2024 15:58:41.388 INFO [main] org.apache.catalina.startup.VersionLoggerListener.log Command line argument: -Dcatalina.base=D:\JavaSQL\Java8\apache-tomcat-8.5.24
18-Apr-2024 15:58:41.388 INFO [main] org.apache.catalina.startup.VersionLoggerListener.log Command line argument: -Dcatalina.home=D:\JavaSQL\Java8\apache-tomcat-8.5.24
18-Apr-2024 15:58:41.388 INFO [main] org.apache.catalina.startup.VersionLoggerListener.log Command line argument: -Djava.io.tmpdir=D:\JavaSQL\Java8\apache-tomcat-8.5.24\temp
18-Apr-2024 15:58:41.388 INFO [main] org.apache.catalina.core.AprLifecycleListener.lifecycleEvent The APR based Apache Tomcat Native library which allows optimal performance in production environments was not found on the java.library.path: [D:\JavaSQL\Java8\jdk1.8.0_131\bin;C:\WINDOWS\Sun\Java\bin;C:\WINDOWS\system32;C:\WINDOWS;D:\JavaSQL\Java8\jdk1.8.0_131\bin;D:\JavaSQL\Java8\jdk1.8.0_131\db\bin;D:\JavaSQL\Java8\squirrelsql-4.0.0-standard;D:\JavaSQL\Java8\apache-tomcat-8.5.24\bin;C:\WINDOWS\system32;C:\WINDOWS;C:\WINDOWS\System32\Wbem;C:\WINDOWS\System32\WindowsPowerShell\v1.0\;C:\WINDOWS\System32\OpenSSH\;C:\Program Files\dotnet\;C:\Users\Aldoa\Desktop\Infor\bin;C:\Users\Aldoa\AppData\Local\Microsoft\WindowsApps;;.]
18-Apr-2024 15:58:41.452 INFO [main] org.apache.coyote.AbstractProtocol.init Initializing ProtocolHandler ["http-nio-8082"]
18-Apr-2024 15:58:41.625 INFO [main] org.apache.tomcat.util.net.NioSelectorPool.getSharedSelector Using a shared selector for servlet write/read
18-Apr-2024 15:58:41.640 INFO [main] org.apache.coyote.AbstractProtocol.init Initializing ProtocolHandler ["ajp-nio-8009"]
18-Apr-2024 15:58:41.640 INFO [main] org.apache.tomcat.util.net.NioSelectorPool.getSharedSelector Using a shared selector for servlet write/read
18-Apr-2024 15:58:41.640 INFO [main] org.apache.catalina.startup.Catalina.load Initialization processed in 442 ms
18-Apr-2024 15:58:41.656 INFO [main] org.apache.catalina.core.StandardService.startInternal Starting service [Catalina]
18-Apr-2024 15:58:41.656 INFO [main] org.apache.catalina.core.StandardEngine.startInternal Starting Servlet Engine: Apache Tomcat/8.5.24
18-Apr-2024 15:58:41.656 INFO [localhost-startStop-1] org.apache.catalina.startup.HostConfig.deployDirectory Deploying web application directory [D:\JavaSQL\Java8\apache-tomcat-8.5.24\webapps\docs]
18-Apr-2024 15:58:41.813 INFO [localhost-startStop-1] org.apache.jasper.servlet.TldScanner.scanJars At least one JAR was scanned for TLDs yet contained no TLDs. Enable debug logging for this logger for a complete list of JARs that were scanned but no TLDs were found in them. Skipping unneeded JARs during scanning can improve startup time and JSP compilation time.
18-Apr-2024 15:58:41.844 INFO [localhost-startStop-1] org.apache.catalina.startup.HostConfig.deployDirectory Deployment of web application directory [D:\JavaSQL\Java8\apache-tomcat-8.5.24\webapps\docs] has finished in [188] ms
18-Apr-2024 15:58:41.844 INFO [localhost-startStop-1] org.apache.catalina.startup.HostConfig.deployDirectory Deploying web application directory [D:\JavaSQL\Java8\apache-tomcat-8.5.24\webapps\examples]
18-Apr-2024 15:58:41.993 INFO [localhost-startStop-1] org.apache.jasper.servlet.TldScanner.scanJars At least one JAR was scanned for TLDs yet contained no TLDs. Enable debug logging for this logger for a complete list of JARs that were scanned but no TLDs were found in them. Skipping unneeded JARs during scanning can improve startup time and JSP compilation time.
18-Apr-2024 15:58:42.016 INFO [localhost-startStop-1] org.apache.catalina.startup.HostConfig.deployDirectory Deployment of web application directory [D:\JavaSQL\Java8\apache-tomcat-8.5.24\webapps\examples] has finished in [172] ms
18-Apr-2024 15:58:42.016 INFO [localhost-startStop-1] org.apache.catalina.startup.HostConfig.deployDirectory Deploying web application directory [D:\JavaSQL\Java8\apache-tomcat-8.5.24\webapps\host-manager]
18-Apr-2024 15:58:42.035 INFO [localhost-startStop-1] org.apache.jasper.servlet.TldScanner.scanJars At least one JAR was scanned for TLDs yet contained no TLDs. Enable debug logging for this logger for a complete list of JARs that were scanned but no TLDs were found in them. Skipping unneeded JARs during scanning can improve startup time and JSP compilation time.
18-Apr-2024 15:58:42.040 INFO [localhost-startStop-1] org.apache.catalina.startup.HostConfig.deployDirectory Deployment of web application directory [D:\JavaSQL\Java8\apache-tomcat-8.5.24\webapps\host-manager] has finished in [24] ms
18-Apr-2024 15:58:42.041 INFO [localhost-startStop-1] org.apache.catalina.startup.HostConfig.deployDirectory Deploying web application directory [D:\JavaSQL\Java8\apache-tomcat-8.5.24\webapps\ROOT]
18-Apr-2024 15:58:42.051 INFO [localhost-startStop-1] org.apache.jasper.servlet.TldScanner.scanJars At least one JAR was scanned for TLDs yet contained no TLDs. Enable debug logging for this logger for a complete list of JARs that were scanned but no TLDs were found in them. Skipping unneeded JARs during scanning can improve startup time and JSP compilation time.
18-Apr-2024 15:58:42.052 INFO [localhost-startStop-1] org.apache.catalina.startup.HostConfig.deployDirectory Deployment of web application directory [D:\JavaSQL\Java8\apache-tomcat-8.5.24\webapps\ROOT] has finished in [11] ms
18-Apr-2024 15:58:42.053 INFO [localhost-startStop-1] org.apache.catalina.startup.HostConfig.deployDirectory Deploying web application directory [D:\JavaSQL\Java8\apache-tomcat-8.5.24\webapps\SQLServer]
18-Apr-2024 15:58:42.074 INFO [localhost-startStop-1] org.apache.jasper.servlet.TldScanner.scanJars At least one JAR was scanned for TLDs yet contained no TLDs. Enable debug logging for this logger for a complete list of JARs that were scanned but no TLDs were found in them. Skipping unneeded JARs during scanning can improve startup time and JSP compilation time.
18-Apr-2024 15:58:42.077 INFO [localhost-startStop-1] org.apache.catalina.startup.HostConfig.deployDirectory Deployment of web application directory [D:\JavaSQL\Java8\apache-tomcat-8.5.24\webapps\SQLServer] has finished in [24] ms
18-Apr-2024 15:58:42.077 INFO [localhost-startStop-1] org.apache.catalina.startup.HostConfig.deployDirectory Deploying web application directory [D:\JavaSQL\Java8\apache-tomcat-8.5.24\webapps\Servlet1]
18-Apr-2024 15:58:42.090 INFO [localhost-startStop-1] org.apache.jasper.servlet.TldScanner.scanJars At least one JAR was scanned for TLDs yet contained no TLDs. Enable debug logging for this logger for a complete list of JARs that were scanned but no TLDs were found in them. Skipping unneeded JARs during scanning can improve startup time and JSP compilation time.
18-Apr-2024 15:58:42.092 INFO [localhost-startStop-1] org.apache.catalina.startup.HostConfig.deployDirectory Deployment of web application directory [D:\JavaSQL\Java8\apache-tomcat-8.5.24\webapps\Servlet1] has finished in [14] ms
18-Apr-2024 15:58:42.092 INFO [localhost-startStop-1] org.apache.catalina.startup.HostConfig.deployDirectory Deploying web application directory [D:\JavaSQL\Java8\apache-tomcat-8.5.24\webapps\Servlet2]
18-Apr-2024 15:58:42.112 INFO [localhost-startStop-1] org.apache.jasper.servlet.TldScanner.scanJars At least one JAR was scanned for TLDs yet contained no TLDs. Enable debug logging for this logger for a complete list of JARs that were scanned but no TLDs were found in them. Skipping unneeded JARs during scanning can improve startup time and JSP compilation time.
18-Apr-2024 15:58:42.114 INFO [localhost-startStop-1] org.apache.catalina.startup.HostConfig.deployDirectory Deployment of web application directory [D:\JavaSQL\Java8\apache-tomcat-8.5.24\webapps\Servlet2] has finished in [22] ms
18-Apr-2024 15:58:42.115 INFO [localhost-startStop-1] org.apache.catalina.startup.HostConfig.deployDirectory Deploying web application directory [D:\JavaSQL\Java8\apache-tomcat-8.5.24\webapps\Servlet3]
18-Apr-2024 15:58:42.129 INFO [localhost-startStop-1] org.apache.jasper.servlet.TldScanner.scanJars At least one JAR was scanned for TLDs yet contained no TLDs. Enable debug logging for this logger for a complete list of JARs that were scanned but no TLDs were found in them. Skipping unneeded JARs during scanning can improve startup time and JSP compilation time.
18-Apr-2024 15:58:42.131 INFO [localhost-startStop-1] org.apache.catalina.startup.HostConfig.deployDirectory Deployment of web application directory [D:\JavaSQL\Java8\apache-tomcat-8.5.24\webapps\Servlet3] has finished in [16] ms
18-Apr-2024 15:58:42.131 INFO [localhost-startStop-1] org.apache.catalina.startup.HostConfig.deployDirectory Deploying web application directory [D:\JavaSQL\Java8\apache-tomcat-8.5.24\webapps\Servlet4]
18-Apr-2024 15:58:42.147 INFO [localhost-startStop-1] org.apache.jasper.servlet.TldScanner.scanJars At least one JAR was scanned for TLDs yet contained no TLDs. Enable debug logging for this logger for a complete list of JARs that were scanned but no TLDs were found in them. Skipping unneeded JARs during scanning can improve startup time and JSP compilation time.
18-Apr-2024 15:58:42.148 INFO [localhost-startStop-1] org.apache.catalina.startup.HostConfig.deployDirectory Deployment of web application directory [D:\JavaSQL\Java8\apache-tomcat-8.5.24\webapps\Servlet4] has finished in [17] ms
18-Apr-2024 15:58:42.148 INFO [localhost-startStop-1] org.apache.catalina.startup.HostConfig.deployDirectory Deploying web application directory [D:\JavaSQL\Java8\apache-tomcat-8.5.24\webapps\Pract8]
18-Apr-2024 15:58:42.161 INFO [localhost-startStop-1] org.apache.jasper.servlet.TldScanner.scanJars At least one JAR was scanned for TLDs yet contained no TLDs. Enable debug logging for this logger for a complete list of JARs that were scanned but no TLDs were found in them. Skipping unneeded JARs during scanning can improve startup time and JSP compilation time.
18-Apr-2024 15:58:42.163 INFO [localhost-startStop-1] org.apache.catalina.startup.HostConfig.deployDirectory Deployment of web application directory [D:\JavaSQL\Java8\apache-tomcat-8.5.24\webapps\Pract8] has finished in [15] ms
18-Apr-2024 15:58:42.164 INFO [localhost-startStop-1] org.apache.catalina.startup.HostConfig.deployDirectory Deploying web application directory [D:\JavaSQL\Java8\apache-tomcat-8.5.24\webapps\Entrega]
18-Apr-2024 15:58:42.182 INFO [localhost-startStop-1] org.apache.jasper.servlet.TldScanner.scanJars At least one JAR was scanned for TLDs yet contained no TLDs. Enable debug logging for this logger for a complete list of JARs that were scanned but no TLDs were found in them. Skipping unneeded JARs during scanning can improve startup time and JSP compilation time.
18-Apr-2024 15:58:42.184 INFO [localhost-startStop-1] org.apache.catalina.startup.HostConfig.deployDirectory Deployment of web application directory [D:\JavaSQL\Java8\apache-tomcat-8.5.24\webapps\Entrega] has finished in [20] ms
18-Apr-2024 15:58:42.184 INFO [localhost-startStop-1] org.apache.catalina.startup.HostConfig.deployDirectory Deploying web application directory [D:\JavaSQL\Java8\apache-tomcat-8.5.24\webapps\matrices8]
18-Apr-2024 15:58:42.198 INFO [localhost-startStop-1] org.apache.jasper.servlet.TldScanner.scanJars At least one JAR was scanned for TLDs yet contained no TLDs. Enable debug logging for this logger for a complete list of JARs that were scanned but no TLDs were found in them. Skipping unneeded JARs during scanning can improve startup time and JSP compilation time.
18-Apr-2024 15:58:42.200 INFO [localhost-startStop-1] org.apache.catalina.startup.HostConfig.deployDirectory Deployment of web application directory [D:\JavaSQL\Java8\apache-tomcat-8.5.24\webapps\matrices8] has finished in [16] ms
18-Apr-2024 15:58:42.200 INFO [localhost-startStop-1] org.apache.catalina.startup.HostConfig.deployDirectory Deploying web application directory [D:\JavaSQL\Java8\apache-tomcat-8.5.24\webapps\TD_E18]
18-Apr-2024 15:58:42.209 INFO [localhost-startStop-1] org.apache.jasper.servlet.TldScanner.scanJars At least one JAR was scanned for TLDs yet contained no TLDs. Enable debug logging for this logger for a complete list of JARs that were scanned but no TLDs were found in them. Skipping unneeded JARs during scanning can improve startup time and JSP compilation time.
18-Apr-2024 15:58:42.224 INFO [localhost-startStop-1] org.apache.catalina.startup.HostConfig.deployDirectory Deployment of web application directory [D:\JavaSQL\Java8\apache-tomcat-8.5.24\webapps\TD_E18] has finished in [9] ms
18-Apr-2024 15:58:42.224 INFO [localhost-startStop-1] org.apache.catalina.startup.HostConfig.deployDirectory Deploying web application directory [D:\JavaSQL\Java8\apache-tomcat-8.5.24\webapps\TB15]
18-Apr-2024 15:58:42.240 INFO [localhost-startStop-1] org.apache.jasper.servlet.TldScanner.scanJars At least one JAR was scanned for TLDs yet contained no TLDs. Enable debug logging for this logger for a complete list of JARs that were scanned but no TLDs were found in them. Skipping unneeded JARs during scanning can improve startup time and JSP compilation time.
18-Apr-2024 15:58:42.240 INFO [localhost-startStop-1] org.apache.catalina.startup.HostConfig.deployDirectory Deployment of web application directory [D:\JavaSQL\Java8\apache-tomcat-8.5.24\webapps\TB15] has finished in [16] ms
18-Apr-2024 15:58:42.240 INFO [localhost-startStop-1] org.apache.catalina.startup.HostConfig.deployDirectory Deploying web application directory [D:\JavaSQL\Java8\apache-tomcat-8.5.24\webapps\S2]
18-Apr-2024 15:58:42.257 INFO [localhost-startStop-1] org.apache.jasper.servlet.TldScanner.scanJars At least one JAR was scanned for TLDs yet contained no TLDs. Enable debug logging for this logger for a complete list of JARs that were scanned but no TLDs were found in them. Skipping unneeded JARs during scanning can improve startup time and JSP compilation time.
18-Apr-2024 15:58:42.257 INFO [localhost-startStop-1] org.apache.catalina.startup.HostConfig.deployDirectory Deployment of web application directory [D:\JavaSQL\Java8\apache-tomcat-8.5.24\webapps\S2] has finished in [17] ms
18-Apr-2024 15:58:42.257 INFO [localhost-startStop-1] org.apache.catalina.startup.HostConfig.deployDirectory Deploying web application directory [D:\JavaSQL\Java8\apache-tomcat-8.5.24\webapps\mock1]
18-Apr-2024 15:58:42.274 INFO [localhost-startStop-1] org.apache.jasper.servlet.TldScanner.scanJars At least one JAR was scanned for TLDs yet contained no TLDs. Enable debug logging for this logger for a complete list of JARs that were scanned but no TLDs were found in them. Skipping unneeded JARs during scanning can improve startup time and JSP compilation time.
18-Apr-2024 15:58:42.288 INFO [localhost-startStop-1] org.apache.catalina.startup.HostConfig.deployDirectory Deployment of web application directory [D:\JavaSQL\Java8\apache-tomcat-8.5.24\webapps\mock1] has finished in [31] ms
18-Apr-2024 15:58:42.288 INFO [localhost-startStop-1] org.apache.catalina.startup.HostConfig.deployDirectory Deploying web application directory [D:\JavaSQL\Java8\apache-tomcat-8.5.24\webapps\mock2]
18-Apr-2024 15:58:42.288 INFO [localhost-startStop-1] org.apache.jasper.servlet.TldScanner.scanJars At least one JAR was scanned for TLDs yet contained no TLDs. Enable debug logging for this logger for a complete list of JARs that were scanned but no TLDs were found in them. Skipping unneeded JARs during scanning can improve startup time and JSP compilation time.
18-Apr-2024 15:58:42.288 INFO [localhost-startStop-1] org.apache.catalina.startup.HostConfig.deployDirectory Deployment of web application directory [D:\JavaSQL\Java8\apache-tomcat-8.5.24\webapps\mock2] has finished in [0] ms
18-Apr-2024 15:58:42.303 INFO [localhost-startStop-1] org.apache.catalina.startup.HostConfig.deployDirectory Deploying web application directory [D:\JavaSQL\Java8\apache-tomcat-8.5.24\webapps\PEB2024]
18-Apr-2024 15:58:42.319 INFO [localhost-startStop-1] org.apache.jasper.servlet.TldScanner.scanJars At least one JAR was scanned for TLDs yet contained no TLDs. Enable debug logging for this logger for a complete list of JARs that were scanned but no TLDs were found in them. Skipping unneeded JARs during scanning can improve startup time and JSP compilation time.
18-Apr-2024 15:58:42.319 INFO [localhost-startStop-1] org.apache.catalina.startup.HostConfig.deployDirectory Deployment of web application directory [D:\JavaSQL\Java8\apache-tomcat-8.5.24\webapps\PEB2024] has finished in [16] ms
18-Apr-2024 15:58:42.322 INFO [localhost-startStop-1] org.apache.catalina.startup.HostConfig.deployDirectory Deploying web application directory [D:\JavaSQL\Java8\apache-tomcat-8.5.24\webapps\Anti2]
18-Apr-2024 15:58:42.347 INFO [localhost-startStop-1] org.apache.jasper.servlet.TldScanner.scanJars At least one JAR was scanned for TLDs yet contained no TLDs. Enable debug logging for this logger for a complete list of JARs that were scanned but no TLDs were found in them. Skipping unneeded JARs during scanning can improve startup time and JSP compilation time.
18-Apr-2024 15:58:42.349 INFO [localhost-startStop-1] org.apache.catalina.startup.HostConfig.deployDirectory Deployment of web application directory [D:\JavaSQL\Java8\apache-tomcat-8.5.24\webapps\Anti2] has finished in [27] ms
18-Apr-2024 15:58:42.350 INFO [localhost-startStop-1] org.apache.catalina.startup.HostConfig.deployDirectory Deploying web application directory [D:\JavaSQL\Java8\apache-tomcat-8.5.24\webapps\Anti1]
18-Apr-2024 15:58:42.392 INFO [localhost-startStop-1] org.apache.jasper.servlet.TldScanner.scanJars At least one JAR was scanned for TLDs yet contained no TLDs. Enable debug logging for this logger for a complete list of JARs that were scanned but no TLDs were found in them. Skipping unneeded JARs during scanning can improve startup time and JSP compilation time.
18-Apr-2024 15:58:42.392 INFO [localhost-startStop-1] org.apache.catalina.startup.HostConfig.deployDirectory Deployment of web application directory [D:\JavaSQL\Java8\apache-tomcat-8.5.24\webapps\Anti1] has finished in [42] ms
18-Apr-2024 15:58:42.408 INFO [main] org.apache.coyote.AbstractProtocol.start Starting ProtocolHandler ["http-nio-8082"]
18-Apr-2024 15:58:42.408 INFO [main] org.apache.coyote.AbstractProtocol.start Starting ProtocolHandler ["ajp-nio-8009"]
18-Apr-2024 15:58:42.408 INFO [main] org.apache.catalina.startup.Catalina.start Server startup in 777 ms
18-Apr-2024 16:01:23.332 INFO [main] org.apache.catalina.core.StandardServer.await A valid shutdown command was received via the shutdown port. Stopping the Server instance.
18-Apr-2024 16:01:23.332 INFO [main] org.apache.coyote.AbstractProtocol.pause Pausing ProtocolHandler ["http-nio-8082"]
18-Apr-2024 16:01:23.585 INFO [main] org.apache.coyote.AbstractProtocol.pause Pausing ProtocolHandler ["ajp-nio-8009"]
18-Apr-2024 16:01:23.851 INFO [main] org.apache.catalina.core.StandardService.stopInternal Stopping service [Catalina]
18-Apr-2024 16:01:23.930 INFO [main] org.apache.coyote.AbstractProtocol.stop Stopping ProtocolHandler ["http-nio-8082"]
18-Apr-2024 16:01:23.930 INFO [main] org.apache.coyote.AbstractProtocol.stop Stopping ProtocolHandler ["ajp-nio-8009"]
18-Apr-2024 16:01:23.938 INFO [main] org.apache.coyote.AbstractProtocol.destroy Destroying ProtocolHandler ["http-nio-8082"]
18-Apr-2024 16:01:23.939 INFO [main] org.apache.coyote.AbstractProtocol.destroy Destroying ProtocolHandler ["ajp-nio-8009"]
18-Apr-2024 16:01:32.173 INFO [main] org.apache.catalina.startup.VersionLoggerListener.log Server version:        Apache Tomcat/8.5.24
18-Apr-2024 16:01:32.173 INFO [main] org.apache.catalina.startup.VersionLoggerListener.log Server built:          Nov 27 2017 13:05:30 UTC
18-Apr-2024 16:01:32.173 INFO [main] org.apache.catalina.startup.VersionLoggerListener.log Server number:         8.5.24.0
18-Apr-2024 16:01:32.173 INFO [main] org.apache.catalina.startup.VersionLoggerListener.log OS Name:               Windows 10
18-Apr-2024 16:01:32.173 INFO [main] org.apache.catalina.startup.VersionLoggerListener.log OS Version:            10.0
18-Apr-2024 16:01:32.173 INFO [main] org.apache.catalina.startup.VersionLoggerListener.log Architecture:          x86
18-Apr-2024 16:01:32.173 INFO [main] org.apache.catalina.startup.VersionLoggerListener.log Java Home:             D:\JavaSQL\Java8\jdk1.8.0_131\jre
18-Apr-2024 16:01:32.173 INFO [main] org.apache.catalina.startup.VersionLoggerListener.log JVM Version:           1.8.0_131-b11
18-Apr-2024 16:01:32.173 INFO [main] org.apache.catalina.startup.VersionLoggerListener.log JVM Vendor:            Oracle Corporation
18-Apr-2024 16:01:32.173 INFO [main] org.apache.catalina.startup.VersionLoggerListener.log CATALINA_BASE:         D:\JavaSQL\Java8\apache-tomcat-8.5.24
18-Apr-2024 16:01:32.173 INFO [main] org.apache.catalina.startup.VersionLoggerListener.log CATALINA_HOME:         D:\JavaSQL\Java8\apache-tomcat-8.5.24
18-Apr-2024 16:01:32.173 INFO [main] org.apache.catalina.startup.VersionLoggerListener.log Command line argument: -Djava.util.logging.config.file=D:\JavaSQL\Java8\apache-tomcat-8.5.24\conf\logging.properties
18-Apr-2024 16:01:32.173 INFO [main] org.apache.catalina.startup.VersionLoggerListener.log Command line argument: -Djava.util.logging.manager=org.apache.juli.ClassLoaderLogManager
18-Apr-2024 16:01:32.173 INFO [main] org.apache.catalina.startup.VersionLoggerListener.log Command line argument: -Djdk.tls.ephemeralDHKeySize=2048
18-Apr-2024 16:01:32.173 INFO [main] org.apache.catalina.startup.VersionLoggerListener.log Command line argument: -Djava.protocol.handler.pkgs=org.apache.catalina.webresources
18-Apr-2024 16:01:32.173 INFO [main] org.apache.catalina.startup.VersionLoggerListener.log Command line argument: -Dignore.endorsed.dirs=
18-Apr-2024 16:01:32.173 INFO [main] org.apache.catalina.startup.VersionLoggerListener.log Command line argument: -Dcatalina.base=D:\JavaSQL\Java8\apache-tomcat-8.5.24
18-Apr-2024 16:01:32.173 INFO [main] org.apache.catalina.startup.VersionLoggerListener.log Command line argument: -Dcatalina.home=D:\JavaSQL\Java8\apache-tomcat-8.5.24
18-Apr-2024 16:01:32.173 INFO [main] org.apache.catalina.startup.VersionLoggerListener.log Command line argument: -Djava.io.tmpdir=D:\JavaSQL\Java8\apache-tomcat-8.5.24\temp
18-Apr-2024 16:01:32.173 INFO [main] org.apache.catalina.core.AprLifecycleListener.lifecycleEvent The APR based Apache Tomcat Native library which allows optimal performance in production environments was not found on the java.library.path: [D:\JavaSQL\Java8\jdk1.8.0_131\bin;C:\WINDOWS\Sun\Java\bin;C:\WINDOWS\system32;C:\WINDOWS;D:\JavaSQL\Java8\jdk1.8.0_131\bin;D:\JavaSQL\Java8\jdk1.8.0_131\db\bin;D:\JavaSQL\Java8\squirrelsql-4.0.0-standard;D:\JavaSQL\Java8\apache-tomcat-8.5.24\bin;C:\WINDOWS\system32;C:\WINDOWS;C:\WINDOWS\System32\Wbem;C:\WINDOWS\System32\WindowsPowerShell\v1.0\;C:\WINDOWS\System32\OpenSSH\;C:\Program Files\dotnet\;C:\Users\Aldoa\Desktop\Infor\bin;C:\Users\Aldoa\AppData\Local\Microsoft\WindowsApps;;.]
18-Apr-2024 16:01:32.236 INFO [main] org.apache.coyote.AbstractProtocol.init Initializing ProtocolHandler ["http-nio-8082"]
18-Apr-2024 16:01:32.409 INFO [main] org.apache.tomcat.util.net.NioSelectorPool.getSharedSelector Using a shared selector for servlet write/read
18-Apr-2024 16:01:32.409 INFO [main] org.apache.coyote.AbstractProtocol.init Initializing ProtocolHandler ["ajp-nio-8009"]
18-Apr-2024 16:01:32.425 INFO [main] org.apache.tomcat.util.net.NioSelectorPool.getSharedSelector Using a shared selector for servlet write/read
18-Apr-2024 16:01:32.425 INFO [main] org.apache.catalina.startup.Catalina.load Initialization processed in 415 ms
18-Apr-2024 16:01:32.440 INFO [main] org.apache.catalina.core.StandardService.startInternal Starting service [Catalina]
18-Apr-2024 16:01:32.440 INFO [main] org.apache.catalina.core.StandardEngine.startInternal Starting Servlet Engine: Apache Tomcat/8.5.24
18-Apr-2024 16:01:32.440 INFO [localhost-startStop-1] org.apache.catalina.startup.HostConfig.deployDirectory Deploying web application directory [D:\JavaSQL\Java8\apache-tomcat-8.5.24\webapps\docs]
18-Apr-2024 16:01:32.598 INFO [localhost-startStop-1] org.apache.jasper.servlet.TldScanner.scanJars At least one JAR was scanned for TLDs yet contained no TLDs. Enable debug logging for this logger for a complete list of JARs that were scanned but no TLDs were found in them. Skipping unneeded JARs during scanning can improve startup time and JSP compilation time.
18-Apr-2024 16:01:32.646 INFO [localhost-startStop-1] org.apache.catalina.startup.HostConfig.deployDirectory Deployment of web application directory [D:\JavaSQL\Java8\apache-tomcat-8.5.24\webapps\docs] has finished in [206] ms
18-Apr-2024 16:01:32.646 INFO [localhost-startStop-1] org.apache.catalina.startup.HostConfig.deployDirectory Deploying web application directory [D:\JavaSQL\Java8\apache-tomcat-8.5.24\webapps\examples]
18-Apr-2024 16:01:32.782 INFO [localhost-startStop-1] org.apache.jasper.servlet.TldScanner.scanJars At least one JAR was scanned for TLDs yet contained no TLDs. Enable debug logging for this logger for a complete list of JARs that were scanned but no TLDs were found in them. Skipping unneeded JARs during scanning can improve startup time and JSP compilation time.
18-Apr-2024 16:01:32.799 INFO [localhost-startStop-1] org.apache.catalina.startup.HostConfig.deployDirectory Deployment of web application directory [D:\JavaSQL\Java8\apache-tomcat-8.5.24\webapps\examples] has finished in [153] ms
18-Apr-2024 16:01:32.799 INFO [localhost-startStop-1] org.apache.catalina.startup.HostConfig.deployDirectory Deploying web application directory [D:\JavaSQL\Java8\apache-tomcat-8.5.24\webapps\host-manager]
18-Apr-2024 16:01:32.825 INFO [localhost-startStop-1] org.apache.jasper.servlet.TldScanner.scanJars At least one JAR was scanned for TLDs yet contained no TLDs. Enable debug logging for this logger for a complete list of JARs that were scanned but no TLDs were found in them. Skipping unneeded JARs during scanning can improve startup time and JSP compilation time.
18-Apr-2024 16:01:32.830 INFO [localhost-startStop-1] org.apache.catalina.startup.HostConfig.deployDirectory Deployment of web application directory [D:\JavaSQL\Java8\apache-tomcat-8.5.24\webapps\host-manager] has finished in [31] ms
18-Apr-2024 16:01:32.830 INFO [localhost-startStop-1] org.apache.catalina.startup.HostConfig.deployDirectory Deploying web application directory [D:\JavaSQL\Java8\apache-tomcat-8.5.24\webapps\ROOT]
18-Apr-2024 16:01:32.832 INFO [localhost-startStop-1] org.apache.jasper.servlet.TldScanner.scanJars At least one JAR was scanned for TLDs yet contained no TLDs. Enable debug logging for this logger for a complete list of JARs that were scanned but no TLDs were found in them. Skipping unneeded JARs during scanning can improve startup time and JSP compilation time.
18-Apr-2024 16:01:32.832 INFO [localhost-startStop-1] org.apache.catalina.startup.HostConfig.deployDirectory Deployment of web application directory [D:\JavaSQL\Java8\apache-tomcat-8.5.24\webapps\ROOT] has finished in [2] ms
18-Apr-2024 16:01:32.832 INFO [localhost-startStop-1] org.apache.catalina.startup.HostConfig.deployDirectory Deploying web application directory [D:\JavaSQL\Java8\apache-tomcat-8.5.24\webapps\SQLServer]
18-Apr-2024 16:01:32.849 INFO [localhost-startStop-1] org.apache.jasper.servlet.TldScanner.scanJars At least one JAR was scanned for TLDs yet contained no TLDs. Enable debug logging for this logger for a complete list of JARs that were scanned but no TLDs were found in them. Skipping unneeded JARs during scanning can improve startup time and JSP compilation time.
18-Apr-2024 16:01:32.864 INFO [localhost-startStop-1] org.apache.catalina.startup.HostConfig.deployDirectory Deployment of web application directory [D:\JavaSQL\Java8\apache-tomcat-8.5.24\webapps\SQLServer] has finished in [32] ms
18-Apr-2024 16:01:32.864 INFO [localhost-startStop-1] org.apache.catalina.startup.HostConfig.deployDirectory Deploying web application directory [D:\JavaSQL\Java8\apache-tomcat-8.5.24\webapps\Servlet1]
18-Apr-2024 16:01:32.879 INFO [localhost-startStop-1] org.apache.jasper.servlet.TldScanner.scanJars At least one JAR was scanned for TLDs yet contained no TLDs. Enable debug logging for this logger for a complete list of JARs that were scanned but no TLDs were found in them. Skipping unneeded JARs during scanning can improve startup time and JSP compilation time.
18-Apr-2024 16:01:32.880 INFO [localhost-startStop-1] org.apache.catalina.startup.HostConfig.deployDirectory Deployment of web application directory [D:\JavaSQL\Java8\apache-tomcat-8.5.24\webapps\Servlet1] has finished in [16] ms
18-Apr-2024 16:01:32.880 INFO [localhost-startStop-1] org.apache.catalina.startup.HostConfig.deployDirectory Deploying web application directory [D:\JavaSQL\Java8\apache-tomcat-8.5.24\webapps\Servlet2]
18-Apr-2024 16:01:32.902 INFO [localhost-startStop-1] org.apache.jasper.servlet.TldScanner.scanJars At least one JAR was scanned for TLDs yet contained no TLDs. Enable debug logging for this logger for a complete list of JARs that were scanned but no TLDs were found in them. Skipping unneeded JARs during scanning can improve startup time and JSP compilation time.
18-Apr-2024 16:01:32.904 INFO [localhost-startStop-1] org.apache.catalina.startup.HostConfig.deployDirectory Deployment of web application directory [D:\JavaSQL\Java8\apache-tomcat-8.5.24\webapps\Servlet2] has finished in [24] ms
18-Apr-2024 16:01:32.904 INFO [localhost-startStop-1] org.apache.catalina.startup.HostConfig.deployDirectory Deploying web application directory [D:\JavaSQL\Java8\apache-tomcat-8.5.24\webapps\Servlet3]
18-Apr-2024 16:01:32.917 INFO [localhost-startStop-1] org.apache.jasper.servlet.TldScanner.scanJars At least one JAR was scanned for TLDs yet contained no TLDs. Enable debug logging for this logger for a complete list of JARs that were scanned but no TLDs were found in them. Skipping unneeded JARs during scanning can improve startup time and JSP compilation time.
18-Apr-2024 16:01:32.918 INFO [localhost-startStop-1] org.apache.catalina.startup.HostConfig.deployDirectory Deployment of web application directory [D:\JavaSQL\Java8\apache-tomcat-8.5.24\webapps\Servlet3] has finished in [14] ms
18-Apr-2024 16:01:32.919 INFO [localhost-startStop-1] org.apache.catalina.startup.HostConfig.deployDirectory Deploying web application directory [D:\JavaSQL\Java8\apache-tomcat-8.5.24\webapps\Servlet4]
18-Apr-2024 16:01:32.931 INFO [localhost-startStop-1] org.apache.jasper.servlet.TldScanner.scanJars At least one JAR was scanned for TLDs yet contained no TLDs. Enable debug logging for this logger for a complete list of JARs that were scanned but no TLDs were found in them. Skipping unneeded JARs during scanning can improve startup time and JSP compilation time.
18-Apr-2024 16:01:32.931 INFO [localhost-startStop-1] org.apache.catalina.startup.HostConfig.deployDirectory Deployment of web application directory [D:\JavaSQL\Java8\apache-tomcat-8.5.24\webapps\Servlet4] has finished in [12] ms
18-Apr-2024 16:01:32.931 INFO [localhost-startStop-1] org.apache.catalina.startup.HostConfig.deployDirectory Deploying web application directory [D:\JavaSQL\Java8\apache-tomcat-8.5.24\webapps\Pract8]
18-Apr-2024 16:01:32.946 INFO [localhost-startStop-1] org.apache.jasper.servlet.TldScanner.scanJars At least one JAR was scanned for TLDs yet contained no TLDs. Enable debug logging for this logger for a complete list of JARs that were scanned but no TLDs were found in them. Skipping unneeded JARs during scanning can improve startup time and JSP compilation time.
18-Apr-2024 16:01:32.946 INFO [localhost-startStop-1] org.apache.catalina.startup.HostConfig.deployDirectory Deployment of web application directory [D:\JavaSQL\Java8\apache-tomcat-8.5.24\webapps\Pract8] has finished in [15] ms
18-Apr-2024 16:01:32.946 INFO [localhost-startStop-1] org.apache.catalina.startup.HostConfig.deployDirectory Deploying web application directory [D:\JavaSQL\Java8\apache-tomcat-8.5.24\webapps\Entrega]
18-Apr-2024 16:01:32.962 INFO [localhost-startStop-1] org.apache.jasper.servlet.TldScanner.scanJars At least one JAR was scanned for TLDs yet contained no TLDs. Enable debug logging for this logger for a complete list of JARs that were scanned but no TLDs were found in them. Skipping unneeded JARs during scanning can improve startup time and JSP compilation time.
18-Apr-2024 16:01:32.962 INFO [localhost-startStop-1] org.apache.catalina.startup.HostConfig.deployDirectory Deployment of web application directory [D:\JavaSQL\Java8\apache-tomcat-8.5.24\webapps\Entrega] has finished in [16] ms
18-Apr-2024 16:01:32.962 INFO [localhost-startStop-1] org.apache.catalina.startup.HostConfig.deployDirectory Deploying web application directory [D:\JavaSQL\Java8\apache-tomcat-8.5.24\webapps\matrices8]
18-Apr-2024 16:01:32.978 INFO [localhost-startStop-1] org.apache.jasper.servlet.TldScanner.scanJars At least one JAR was scanned for TLDs yet contained no TLDs. Enable debug logging for this logger for a complete list of JARs that were scanned but no TLDs were found in them. Skipping unneeded JARs during scanning can improve startup time and JSP compilation time.
18-Apr-2024 16:01:32.978 INFO [localhost-startStop-1] org.apache.catalina.startup.HostConfig.deployDirectory Deployment of web application directory [D:\JavaSQL\Java8\apache-tomcat-8.5.24\webapps\matrices8] has finished in [16] ms
18-Apr-2024 16:01:32.978 INFO [localhost-startStop-1] org.apache.catalina.startup.HostConfig.deployDirectory Deploying web application directory [D:\JavaSQL\Java8\apache-tomcat-8.5.24\webapps\TD_E18]
18-Apr-2024 16:01:32.997 INFO [localhost-startStop-1] org.apache.jasper.servlet.TldScanner.scanJars At least one JAR was scanned for TLDs yet contained no TLDs. Enable debug logging for this logger for a complete list of JARs that were scanned but no TLDs were found in them. Skipping unneeded JARs during scanning can improve startup time and JSP compilation time.
18-Apr-2024 16:01:32.997 INFO [localhost-startStop-1] org.apache.catalina.startup.HostConfig.deployDirectory Deployment of web application directory [D:\JavaSQL\Java8\apache-tomcat-8.5.24\webapps\TD_E18] has finished in [19] ms
18-Apr-2024 16:01:32.997 INFO [localhost-startStop-1] org.apache.catalina.startup.HostConfig.deployDirectory Deploying web application directory [D:\JavaSQL\Java8\apache-tomcat-8.5.24\webapps\TB15]
18-Apr-2024 16:01:33.010 INFO [localhost-startStop-1] org.apache.jasper.servlet.TldScanner.scanJars At least one JAR was scanned for TLDs yet contained no TLDs. Enable debug logging for this logger for a complete list of JARs that were scanned but no TLDs were found in them. Skipping unneeded JARs during scanning can improve startup time and JSP compilation time.
18-Apr-2024 16:01:33.026 INFO [localhost-startStop-1] org.apache.catalina.startup.HostConfig.deployDirectory Deployment of web application directory [D:\JavaSQL\Java8\apache-tomcat-8.5.24\webapps\TB15] has finished in [13] ms
18-Apr-2024 16:01:33.026 INFO [localhost-startStop-1] org.apache.catalina.startup.HostConfig.deployDirectory Deploying web application directory [D:\JavaSQL\Java8\apache-tomcat-8.5.24\webapps\S2]
18-Apr-2024 16:01:33.026 INFO [localhost-startStop-1] org.apache.jasper.servlet.TldScanner.scanJars At least one JAR was scanned for TLDs yet contained no TLDs. Enable debug logging for this logger for a complete list of JARs that were scanned but no TLDs were found in them. Skipping unneeded JARs during scanning can improve startup time and JSP compilation time.
18-Apr-2024 16:01:33.026 INFO [localhost-startStop-1] org.apache.catalina.startup.HostConfig.deployDirectory Deployment of web application directory [D:\JavaSQL\Java8\apache-tomcat-8.5.24\webapps\S2] has finished in [0] ms
18-Apr-2024 16:01:33.026 INFO [localhost-startStop-1] org.apache.catalina.startup.HostConfig.deployDirectory Deploying web application directory [D:\JavaSQL\Java8\apache-tomcat-8.5.24\webapps\mock1]
18-Apr-2024 16:01:33.042 INFO [localhost-startStop-1] org.apache.jasper.servlet.TldScanner.scanJars At least one JAR was scanned for TLDs yet contained no TLDs. Enable debug logging for this logger for a complete list of JARs that were scanned but no TLDs were found in them. Skipping unneeded JARs during scanning can improve startup time and JSP compilation time.
18-Apr-2024 16:01:33.042 INFO [localhost-startStop-1] org.apache.catalina.startup.HostConfig.deployDirectory Deployment of web application directory [D:\JavaSQL\Java8\apache-tomcat-8.5.24\webapps\mock1] has finished in [16] ms
18-Apr-2024 16:01:33.042 INFO [localhost-startStop-1] org.apache.catalina.startup.HostConfig.deployDirectory Deploying web application directory [D:\JavaSQL\Java8\apache-tomcat-8.5.24\webapps\mock2]
18-Apr-2024 16:01:33.058 INFO [localhost-startStop-1] org.apache.jasper.servlet.TldScanner.scanJars At least one JAR was scanned for TLDs yet contained no TLDs. Enable debug logging for this logger for a complete list of JARs that were scanned but no TLDs were found in them. Skipping unneeded JARs during scanning can improve startup time and JSP compilation time.
18-Apr-2024 16:01:33.058 INFO [localhost-startStop-1] org.apache.catalina.startup.HostConfig.deployDirectory Deployment of web application directory [D:\JavaSQL\Java8\apache-tomcat-8.5.24\webapps\mock2] has finished in [16] ms
18-Apr-2024 16:01:33.058 INFO [localhost-startStop-1] org.apache.catalina.startup.HostConfig.deployDirectory Deploying web application directory [D:\JavaSQL\Java8\apache-tomcat-8.5.24\webapps\PEB2024]
18-Apr-2024 16:01:33.073 INFO [localhost-startStop-1] org.apache.jasper.servlet.TldScanner.scanJars At least one JAR was scanned for TLDs yet contained no TLDs. Enable debug logging for this logger for a complete list of JARs that were scanned but no TLDs were found in them. Skipping unneeded JARs during scanning can improve startup time and JSP compilation time.
18-Apr-2024 16:01:33.088 INFO [localhost-startStop-1] org.apache.catalina.startup.HostConfig.deployDirectory Deployment of web application directory [D:\JavaSQL\Java8\apache-tomcat-8.5.24\webapps\PEB2024] has finished in [30] ms
18-Apr-2024 16:01:33.088 INFO [localhost-startStop-1] org.apache.catalina.startup.HostConfig.deployDirectory Deploying web application directory [D:\JavaSQL\Java8\apache-tomcat-8.5.24\webapps\Anti2]
18-Apr-2024 16:01:33.098 INFO [localhost-startStop-1] org.apache.jasper.servlet.TldScanner.scanJars At least one JAR was scanned for TLDs yet contained no TLDs. Enable debug logging for this logger for a complete list of JARs that were scanned but no TLDs were found in them. Skipping unneeded JARs during scanning can improve startup time and JSP compilation time.
18-Apr-2024 16:01:33.098 INFO [localhost-startStop-1] org.apache.catalina.startup.HostConfig.deployDirectory Deployment of web application directory [D:\JavaSQL\Java8\apache-tomcat-8.5.24\webapps\Anti2] has finished in [10] ms
18-Apr-2024 16:01:33.098 INFO [localhost-startStop-1] org.apache.catalina.startup.HostConfig.deployDirectory Deploying web application directory [D:\JavaSQL\Java8\apache-tomcat-8.5.24\webapps\Anti1]
18-Apr-2024 16:01:33.149 INFO [localhost-startStop-1] org.apache.jasper.servlet.TldScanner.scanJars At least one JAR was scanned for TLDs yet contained no TLDs. Enable debug logging for this logger for a complete list of JARs that were scanned but no TLDs were found in them. Skipping unneeded JARs during scanning can improve startup time and JSP compilation time.
18-Apr-2024 16:01:33.149 INFO [localhost-startStop-1] org.apache.catalina.startup.HostConfig.deployDirectory Deployment of web application directory [D:\JavaSQL\Java8\apache-tomcat-8.5.24\webapps\Anti1] has finished in [51] ms
18-Apr-2024 16:01:33.149 INFO [main] org.apache.coyote.AbstractProtocol.start Starting ProtocolHandler ["http-nio-8082"]
18-Apr-2024 16:01:33.165 INFO [main] org.apache.coyote.AbstractProtocol.start Starting ProtocolHandler ["ajp-nio-8009"]
18-Apr-2024 16:01:33.165 INFO [main] org.apache.catalina.startup.Catalina.start Server startup in 742 ms
18-Apr-2024 16:03:19.339 INFO [main] org.apache.catalina.core.StandardServer.await A valid shutdown command was received via the shutdown port. Stopping the Server instance.
18-Apr-2024 16:03:19.339 INFO [main] org.apache.coyote.AbstractProtocol.pause Pausing ProtocolHandler ["http-nio-8082"]
18-Apr-2024 16:03:19.591 INFO [main] org.apache.coyote.AbstractProtocol.pause Pausing ProtocolHandler ["ajp-nio-8009"]
18-Apr-2024 16:03:19.795 INFO [main] org.apache.catalina.core.StandardService.stopInternal Stopping service [Catalina]
18-Apr-2024 16:03:19.875 INFO [main] org.apache.coyote.AbstractProtocol.stop Stopping ProtocolHandler ["http-nio-8082"]
18-Apr-2024 16:03:19.875 INFO [main] org.apache.coyote.AbstractProtocol.stop Stopping ProtocolHandler ["ajp-nio-8009"]
18-Apr-2024 16:03:19.875 INFO [main] org.apache.coyote.AbstractProtocol.destroy Destroying ProtocolHandler ["http-nio-8082"]
18-Apr-2024 16:03:19.875 INFO [main] org.apache.coyote.AbstractProtocol.destroy Destroying ProtocolHandler ["ajp-nio-8009"]
18-Apr-2024 16:03:35.589 INFO [main] org.apache.catalina.startup.VersionLoggerListener.log Server version:        Apache Tomcat/8.5.24
18-Apr-2024 16:03:35.589 INFO [main] org.apache.catalina.startup.VersionLoggerListener.log Server built:          Nov 27 2017 13:05:30 UTC
18-Apr-2024 16:03:35.589 INFO [main] org.apache.catalina.startup.VersionLoggerListener.log Server number:         8.5.24.0
18-Apr-2024 16:03:35.589 INFO [main] org.apache.catalina.startup.VersionLoggerListener.log OS Name:               Windows 10
18-Apr-2024 16:03:35.589 INFO [main] org.apache.catalina.startup.VersionLoggerListener.log OS Version:            10.0
18-Apr-2024 16:03:35.589 INFO [main] org.apache.catalina.startup.VersionLoggerListener.log Architecture:          x86
18-Apr-2024 16:03:35.589 INFO [main] org.apache.catalina.startup.VersionLoggerListener.log Java Home:             D:\JavaSQL\Java8\jdk1.8.0_131\jre
18-Apr-2024 16:03:35.589 INFO [main] org.apache.catalina.startup.VersionLoggerListener.log JVM Version:           1.8.0_131-b11
18-Apr-2024 16:03:35.589 INFO [main] org.apache.catalina.startup.VersionLoggerListener.log JVM Vendor:            Oracle Corporation
18-Apr-2024 16:03:35.589 INFO [main] org.apache.catalina.startup.VersionLoggerListener.log CATALINA_BASE:         D:\JavaSQL\Java8\apache-tomcat-8.5.24
18-Apr-2024 16:03:35.589 INFO [main] org.apache.catalina.startup.VersionLoggerListener.log CATALINA_HOME:         D:\JavaSQL\Java8\apache-tomcat-8.5.24
18-Apr-2024 16:03:35.589 INFO [main] org.apache.catalina.startup.VersionLoggerListener.log Command line argument: -Djava.util.logging.config.file=D:\JavaSQL\Java8\apache-tomcat-8.5.24\conf\logging.properties
18-Apr-2024 16:03:35.589 INFO [main] org.apache.catalina.startup.VersionLoggerListener.log Command line argument: -Djava.util.logging.manager=org.apache.juli.ClassLoaderLogManager
18-Apr-2024 16:03:35.589 INFO [main] org.apache.catalina.startup.VersionLoggerListener.log Command line argument: -Djdk.tls.ephemeralDHKeySize=2048
18-Apr-2024 16:03:35.589 INFO [main] org.apache.catalina.startup.VersionLoggerListener.log Command line argument: -Djava.protocol.handler.pkgs=org.apache.catalina.webresources
18-Apr-2024 16:03:35.589 INFO [main] org.apache.catalina.startup.VersionLoggerListener.log Command line argument: -Dignore.endorsed.dirs=
18-Apr-2024 16:03:35.589 INFO [main] org.apache.catalina.startup.VersionLoggerListener.log Command line argument: -Dcatalina.base=D:\JavaSQL\Java8\apache-tomcat-8.5.24
18-Apr-2024 16:03:35.589 INFO [main] org.apache.catalina.startup.VersionLoggerListener.log Command line argument: -Dcatalina.home=D:\JavaSQL\Java8\apache-tomcat-8.5.24
18-Apr-2024 16:03:35.589 INFO [main] org.apache.catalina.startup.VersionLoggerListener.log Command line argument: -Djava.io.tmpdir=D:\JavaSQL\Java8\apache-tomcat-8.5.24\temp
18-Apr-2024 16:03:35.589 INFO [main] org.apache.catalina.core.AprLifecycleListener.lifecycleEvent The APR based Apache Tomcat Native library which allows optimal performance in production environments was not found on the java.library.path: [D:\JavaSQL\Java8\jdk1.8.0_131\bin;C:\WINDOWS\Sun\Java\bin;C:\WINDOWS\system32;C:\WINDOWS;D:\JavaSQL\Java8\jdk1.8.0_131\bin;D:\JavaSQL\Java8\jdk1.8.0_131\db\bin;D:\JavaSQL\Java8\squirrelsql-4.0.0-standard;D:\JavaSQL\Java8\apache-tomcat-8.5.24\bin;C:\WINDOWS\system32;C:\WINDOWS;C:\WINDOWS\System32\Wbem;C:\WINDOWS\System32\WindowsPowerShell\v1.0\;C:\WINDOWS\System32\OpenSSH\;C:\Program Files\dotnet\;C:\Users\Aldoa\Desktop\Infor\bin;C:\Users\Aldoa\AppData\Local\Microsoft\WindowsApps;;.]
18-Apr-2024 16:03:35.667 INFO [main] org.apache.coyote.AbstractProtocol.init Initializing ProtocolHandler ["http-nio-8082"]
18-Apr-2024 16:03:35.840 INFO [main] org.apache.tomcat.util.net.NioSelectorPool.getSharedSelector Using a shared selector for servlet write/read
18-Apr-2024 16:03:35.840 INFO [main] org.apache.coyote.AbstractProtocol.init Initializing ProtocolHandler ["ajp-nio-8009"]
18-Apr-2024 16:03:35.840 INFO [main] org.apache.tomcat.util.net.NioSelectorPool.getSharedSelector Using a shared selector for servlet write/read
18-Apr-2024 16:03:35.840 INFO [main] org.apache.catalina.startup.Catalina.load Initialization processed in 423 ms
18-Apr-2024 16:03:35.856 INFO [main] org.apache.catalina.core.StandardService.startInternal Starting service [Catalina]
18-Apr-2024 16:03:35.856 INFO [main] org.apache.catalina.core.StandardEngine.startInternal Starting Servlet Engine: Apache Tomcat/8.5.24
18-Apr-2024 16:03:35.869 INFO [localhost-startStop-1] org.apache.catalina.startup.HostConfig.deployDirectory Deploying web application directory [D:\JavaSQL\Java8\apache-tomcat-8.5.24\webapps\docs]
18-Apr-2024 16:03:36.029 INFO [localhost-startStop-1] org.apache.jasper.servlet.TldScanner.scanJars At least one JAR was scanned for TLDs yet contained no TLDs. Enable debug logging for this logger for a complete list of JARs that were scanned but no TLDs were found in them. Skipping unneeded JARs during scanning can improve startup time and JSP compilation time.
18-Apr-2024 16:03:36.069 INFO [localhost-startStop-1] org.apache.catalina.startup.HostConfig.deployDirectory Deployment of web application directory [D:\JavaSQL\Java8\apache-tomcat-8.5.24\webapps\docs] has finished in [200] ms
18-Apr-2024 16:03:36.069 INFO [localhost-startStop-1] org.apache.catalina.startup.HostConfig.deployDirectory Deploying web application directory [D:\JavaSQL\Java8\apache-tomcat-8.5.24\webapps\examples]
18-Apr-2024 16:03:36.187 INFO [localhost-startStop-1] org.apache.jasper.servlet.TldScanner.scanJars At least one JAR was scanned for TLDs yet contained no TLDs. Enable debug logging for this logger for a complete list of JARs that were scanned but no TLDs were found in them. Skipping unneeded JARs during scanning can improve startup time and JSP compilation time.
18-Apr-2024 16:03:36.218 INFO [localhost-startStop-1] org.apache.catalina.startup.HostConfig.deployDirectory Deployment of web application directory [D:\JavaSQL\Java8\apache-tomcat-8.5.24\webapps\examples] has finished in [149] ms
18-Apr-2024 16:03:36.218 INFO [localhost-startStop-1] org.apache.catalina.startup.HostConfig.deployDirectory Deploying web application directory [D:\JavaSQL\Java8\apache-tomcat-8.5.24\webapps\host-manager]
18-Apr-2024 16:03:36.234 INFO [localhost-startStop-1] org.apache.jasper.servlet.TldScanner.scanJars At least one JAR was scanned for TLDs yet contained no TLDs. Enable debug logging for this logger for a complete list of JARs that were scanned but no TLDs were found in them. Skipping unneeded JARs during scanning can improve startup time and JSP compilation time.
18-Apr-2024 16:03:36.234 INFO [localhost-startStop-1] org.apache.catalina.startup.HostConfig.deployDirectory Deployment of web application directory [D:\JavaSQL\Java8\apache-tomcat-8.5.24\webapps\host-manager] has finished in [16] ms
18-Apr-2024 16:03:36.234 INFO [localhost-startStop-1] org.apache.catalina.startup.HostConfig.deployDirectory Deploying web application directory [D:\JavaSQL\Java8\apache-tomcat-8.5.24\webapps\ROOT]
18-Apr-2024 16:03:36.249 INFO [localhost-startStop-1] org.apache.jasper.servlet.TldScanner.scanJars At least one JAR was scanned for TLDs yet contained no TLDs. Enable debug logging for this logger for a complete list of JARs that were scanned but no TLDs were found in them. Skipping unneeded JARs during scanning can improve startup time and JSP compilation time.
18-Apr-2024 16:03:36.249 INFO [localhost-startStop-1] org.apache.catalina.startup.HostConfig.deployDirectory Deployment of web application directory [D:\JavaSQL\Java8\apache-tomcat-8.5.24\webapps\ROOT] has finished in [15] ms
18-Apr-2024 16:03:36.249 INFO [localhost-startStop-1] org.apache.catalina.startup.HostConfig.deployDirectory Deploying web application directory [D:\JavaSQL\Java8\apache-tomcat-8.5.24\webapps\SQLServer]
18-Apr-2024 16:03:36.280 INFO [localhost-startStop-1] org.apache.jasper.servlet.TldScanner.scanJars At least one JAR was scanned for TLDs yet contained no TLDs. Enable debug logging for this logger for a complete list of JARs that were scanned but no TLDs were found in them. Skipping unneeded JARs during scanning can improve startup time and JSP compilation time.
18-Apr-2024 16:03:36.283 INFO [localhost-startStop-1] org.apache.catalina.startup.HostConfig.deployDirectory Deployment of web application directory [D:\JavaSQL\Java8\apache-tomcat-8.5.24\webapps\SQLServer] has finished in [34] ms
18-Apr-2024 16:03:36.283 INFO [localhost-startStop-1] org.apache.catalina.startup.HostConfig.deployDirectory Deploying web application directory [D:\JavaSQL\Java8\apache-tomcat-8.5.24\webapps\Servlet1]
18-Apr-2024 16:03:36.300 INFO [localhost-startStop-1] org.apache.jasper.servlet.TldScanner.scanJars At least one JAR was scanned for TLDs yet contained no TLDs. Enable debug logging for this logger for a complete list of JARs that were scanned but no TLDs were found in them. Skipping unneeded JARs during scanning can improve startup time and JSP compilation time.
18-Apr-2024 16:03:36.302 INFO [localhost-startStop-1] org.apache.catalina.startup.HostConfig.deployDirectory Deployment of web application directory [D:\JavaSQL\Java8\apache-tomcat-8.5.24\webapps\Servlet1] has finished in [19] ms
18-Apr-2024 16:03:36.302 INFO [localhost-startStop-1] org.apache.catalina.startup.HostConfig.deployDirectory Deploying web application directory [D:\JavaSQL\Java8\apache-tomcat-8.5.24\webapps\Servlet2]
18-Apr-2024 16:03:36.319 INFO [localhost-startStop-1] org.apache.jasper.servlet.TldScanner.scanJars At least one JAR was scanned for TLDs yet contained no TLDs. Enable debug logging for this logger for a complete list of JARs that were scanned but no TLDs were found in them. Skipping unneeded JARs during scanning can improve startup time and JSP compilation time.
18-Apr-2024 16:03:36.321 INFO [localhost-startStop-1] org.apache.catalina.startup.HostConfig.deployDirectory Deployment of web application directory [D:\JavaSQL\Java8\apache-tomcat-8.5.24\webapps\Servlet2] has finished in [19] ms
18-Apr-2024 16:03:36.321 INFO [localhost-startStop-1] org.apache.catalina.startup.HostConfig.deployDirectory Deploying web application directory [D:\JavaSQL\Java8\apache-tomcat-8.5.24\webapps\Servlet3]
18-Apr-2024 16:03:36.337 INFO [localhost-startStop-1] org.apache.jasper.servlet.TldScanner.scanJars At least one JAR was scanned for TLDs yet contained no TLDs. Enable debug logging for this logger for a complete list of JARs that were scanned but no TLDs were found in them. Skipping unneeded JARs during scanning can improve startup time and JSP compilation time.
18-Apr-2024 16:03:36.339 INFO [localhost-startStop-1] org.apache.catalina.startup.HostConfig.deployDirectory Deployment of web application directory [D:\JavaSQL\Java8\apache-tomcat-8.5.24\webapps\Servlet3] has finished in [18] ms
18-Apr-2024 16:03:36.339 INFO [localhost-startStop-1] org.apache.catalina.startup.HostConfig.deployDirectory Deploying web application directory [D:\JavaSQL\Java8\apache-tomcat-8.5.24\webapps\Servlet4]
18-Apr-2024 16:03:36.351 INFO [localhost-startStop-1] org.apache.jasper.servlet.TldScanner.scanJars At least one JAR was scanned for TLDs yet contained no TLDs. Enable debug logging for this logger for a complete list of JARs that were scanned but no TLDs were found in them. Skipping unneeded JARs during scanning can improve startup time and JSP compilation time.
18-Apr-2024 16:03:36.352 INFO [localhost-startStop-1] org.apache.catalina.startup.HostConfig.deployDirectory Deployment of web application directory [D:\JavaSQL\Java8\apache-tomcat-8.5.24\webapps\Servlet4] has finished in [13] ms
18-Apr-2024 16:03:36.354 INFO [localhost-startStop-1] org.apache.catalina.startup.HostConfig.deployDirectory Deploying web application directory [D:\JavaSQL\Java8\apache-tomcat-8.5.24\webapps\Pract8]
18-Apr-2024 16:03:36.369 INFO [localhost-startStop-1] org.apache.jasper.servlet.TldScanner.scanJars At least one JAR was scanned for TLDs yet contained no TLDs. Enable debug logging for this logger for a complete list of JARs that were scanned but no TLDs were found in them. Skipping unneeded JARs during scanning can improve startup time and JSP compilation time.
18-Apr-2024 16:03:36.369 INFO [localhost-startStop-1] org.apache.catalina.startup.HostConfig.deployDirectory Deployment of web application directory [D:\JavaSQL\Java8\apache-tomcat-8.5.24\webapps\Pract8] has finished in [15] ms
18-Apr-2024 16:03:36.369 INFO [localhost-startStop-1] org.apache.catalina.startup.HostConfig.deployDirectory Deploying web application directory [D:\JavaSQL\Java8\apache-tomcat-8.5.24\webapps\Entrega]
18-Apr-2024 16:03:36.389 INFO [localhost-startStop-1] org.apache.jasper.servlet.TldScanner.scanJars At least one JAR was scanned for TLDs yet contained no TLDs. Enable debug logging for this logger for a complete list of JARs that were scanned but no TLDs were found in them. Skipping unneeded JARs during scanning can improve startup time and JSP compilation time.
18-Apr-2024 16:03:36.389 INFO [localhost-startStop-1] org.apache.catalina.startup.HostConfig.deployDirectory Deployment of web application directory [D:\JavaSQL\Java8\apache-tomcat-8.5.24\webapps\Entrega] has finished in [20] ms
18-Apr-2024 16:03:36.389 INFO [localhost-startStop-1] org.apache.catalina.startup.HostConfig.deployDirectory Deploying web application directory [D:\JavaSQL\Java8\apache-tomcat-8.5.24\webapps\matrices8]
18-Apr-2024 16:03:36.404 INFO [localhost-startStop-1] org.apache.jasper.servlet.TldScanner.scanJars At least one JAR was scanned for TLDs yet contained no TLDs. Enable debug logging for this logger for a complete list of JARs that were scanned but no TLDs were found in them. Skipping unneeded JARs during scanning can improve startup time and JSP compilation time.
18-Apr-2024 16:03:36.404 INFO [localhost-startStop-1] org.apache.catalina.startup.HostConfig.deployDirectory Deployment of web application directory [D:\JavaSQL\Java8\apache-tomcat-8.5.24\webapps\matrices8] has finished in [15] ms
18-Apr-2024 16:03:36.404 INFO [localhost-startStop-1] org.apache.catalina.startup.HostConfig.deployDirectory Deploying web application directory [D:\JavaSQL\Java8\apache-tomcat-8.5.24\webapps\TD_E18]
18-Apr-2024 16:03:36.421 INFO [localhost-startStop-1] org.apache.jasper.servlet.TldScanner.scanJars At least one JAR was scanned for TLDs yet contained no TLDs. Enable debug logging for this logger for a complete list of JARs that were scanned but no TLDs were found in them. Skipping unneeded JARs during scanning can improve startup time and JSP compilation time.
18-Apr-2024 16:03:36.421 INFO [localhost-startStop-1] org.apache.catalina.startup.HostConfig.deployDirectory Deployment of web application directory [D:\JavaSQL\Java8\apache-tomcat-8.5.24\webapps\TD_E18] has finished in [17] ms
18-Apr-2024 16:03:36.421 INFO [localhost-startStop-1] org.apache.catalina.startup.HostConfig.deployDirectory Deploying web application directory [D:\JavaSQL\Java8\apache-tomcat-8.5.24\webapps\TB15]
18-Apr-2024 16:03:36.436 INFO [localhost-startStop-1] org.apache.jasper.servlet.TldScanner.scanJars At least one JAR was scanned for TLDs yet contained no TLDs. Enable debug logging for this logger for a complete list of JARs that were scanned but no TLDs were found in them. Skipping unneeded JARs during scanning can improve startup time and JSP compilation time.
18-Apr-2024 16:03:36.436 INFO [localhost-startStop-1] org.apache.catalina.startup.HostConfig.deployDirectory Deployment of web application directory [D:\JavaSQL\Java8\apache-tomcat-8.5.24\webapps\TB15] has finished in [15] ms
18-Apr-2024 16:03:36.436 INFO [localhost-startStop-1] org.apache.catalina.startup.HostConfig.deployDirectory Deploying web application directory [D:\JavaSQL\Java8\apache-tomcat-8.5.24\webapps\S2]
18-Apr-2024 16:03:36.451 INFO [localhost-startStop-1] org.apache.jasper.servlet.TldScanner.scanJars At least one JAR was scanned for TLDs yet contained no TLDs. Enable debug logging for this logger for a complete list of JARs that were scanned but no TLDs were found in them. Skipping unneeded JARs during scanning can improve startup time and JSP compilation time.
18-Apr-2024 16:03:36.451 INFO [localhost-startStop-1] org.apache.catalina.startup.HostConfig.deployDirectory Deployment of web application directory [D:\JavaSQL\Java8\apache-tomcat-8.5.24\webapps\S2] has finished in [15] ms
18-Apr-2024 16:03:36.451 INFO [localhost-startStop-1] org.apache.catalina.startup.HostConfig.deployDirectory Deploying web application directory [D:\JavaSQL\Java8\apache-tomcat-8.5.24\webapps\mock1]
18-Apr-2024 16:03:36.469 INFO [localhost-startStop-1] org.apache.jasper.servlet.TldScanner.scanJars At least one JAR was scanned for TLDs yet contained no TLDs. Enable debug logging for this logger for a complete list of JARs that were scanned but no TLDs were found in them. Skipping unneeded JARs during scanning can improve startup time and JSP compilation time.
18-Apr-2024 16:03:36.469 INFO [localhost-startStop-1] org.apache.catalina.startup.HostConfig.deployDirectory Deployment of web application directory [D:\JavaSQL\Java8\apache-tomcat-8.5.24\webapps\mock1] has finished in [18] ms
18-Apr-2024 16:03:36.469 INFO [localhost-startStop-1] org.apache.catalina.startup.HostConfig.deployDirectory Deploying web application directory [D:\JavaSQL\Java8\apache-tomcat-8.5.24\webapps\mock2]
18-Apr-2024 16:03:36.483 INFO [localhost-startStop-1] org.apache.jasper.servlet.TldScanner.scanJars At least one JAR was scanned for TLDs yet contained no TLDs. Enable debug logging for this logger for a complete list of JARs that were scanned but no TLDs were found in them. Skipping unneeded JARs during scanning can improve startup time and JSP compilation time.
18-Apr-2024 16:03:36.483 INFO [localhost-startStop-1] org.apache.catalina.startup.HostConfig.deployDirectory Deployment of web application directory [D:\JavaSQL\Java8\apache-tomcat-8.5.24\webapps\mock2] has finished in [14] ms
18-Apr-2024 16:03:36.483 INFO [localhost-startStop-1] org.apache.catalina.startup.HostConfig.deployDirectory Deploying web application directory [D:\JavaSQL\Java8\apache-tomcat-8.5.24\webapps\PEB2024]
18-Apr-2024 16:03:36.499 INFO [localhost-startStop-1] org.apache.jasper.servlet.TldScanner.scanJars At least one JAR was scanned for TLDs yet contained no TLDs. Enable debug logging for this logger for a complete list of JARs that were scanned but no TLDs were found in them. Skipping unneeded JARs during scanning can improve startup time and JSP compilation time.
18-Apr-2024 16:03:36.499 INFO [localhost-startStop-1] org.apache.catalina.startup.HostConfig.deployDirectory Deployment of web application directory [D:\JavaSQL\Java8\apache-tomcat-8.5.24\webapps\PEB2024] has finished in [16] ms
18-Apr-2024 16:03:36.499 INFO [localhost-startStop-1] org.apache.catalina.startup.HostConfig.deployDirectory Deploying web application directory [D:\JavaSQL\Java8\apache-tomcat-8.5.24\webapps\Anti2]
18-Apr-2024 16:03:36.531 INFO [localhost-startStop-1] org.apache.jasper.servlet.TldScanner.scanJars At least one JAR was scanned for TLDs yet contained no TLDs. Enable debug logging for this logger for a complete list of JARs that were scanned but no TLDs were found in them. Skipping unneeded JARs during scanning can improve startup time and JSP compilation time.
18-Apr-2024 16:03:36.532 INFO [localhost-startStop-1] org.apache.catalina.startup.HostConfig.deployDirectory Deployment of web application directory [D:\JavaSQL\Java8\apache-tomcat-8.5.24\webapps\Anti2] has finished in [33] ms
18-Apr-2024 16:03:36.532 INFO [localhost-startStop-1] org.apache.catalina.startup.HostConfig.deployDirectory Deploying web application directory [D:\JavaSQL\Java8\apache-tomcat-8.5.24\webapps\Anti1]
18-Apr-2024 16:03:36.582 INFO [localhost-startStop-1] org.apache.jasper.servlet.TldScanner.scanJars At least one JAR was scanned for TLDs yet contained no TLDs. Enable debug logging for this logger for a complete list of JARs that were scanned but no TLDs were found in them. Skipping unneeded JARs during scanning can improve startup time and JSP compilation time.
18-Apr-2024 16:03:36.584 INFO [localhost-startStop-1] org.apache.catalina.startup.HostConfig.deployDirectory Deployment of web application directory [D:\JavaSQL\Java8\apache-tomcat-8.5.24\webapps\Anti1] has finished in [52] ms
18-Apr-2024 16:03:36.587 INFO [main] org.apache.coyote.AbstractProtocol.start Starting ProtocolHandler ["http-nio-8082"]
18-Apr-2024 16:03:36.592 INFO [main] org.apache.coyote.AbstractProtocol.start Starting ProtocolHandler ["ajp-nio-8009"]
18-Apr-2024 16:03:36.592 INFO [main] org.apache.catalina.startup.Catalina.start Server startup in 750 ms
18-Apr-2024 16:04:40.127 INFO [main] org.apache.catalina.core.StandardServer.await A valid shutdown command was received via the shutdown port. Stopping the Server instance.
18-Apr-2024 16:04:40.128 INFO [main] org.apache.coyote.AbstractProtocol.pause Pausing ProtocolHandler ["http-nio-8082"]
18-Apr-2024 16:04:40.365 INFO [main] org.apache.coyote.AbstractProtocol.pause Pausing ProtocolHandler ["ajp-nio-8009"]
18-Apr-2024 16:04:40.593 INFO [main] org.apache.catalina.core.StandardService.stopInternal Stopping service [Catalina]
18-Apr-2024 16:04:40.666 INFO [main] org.apache.coyote.AbstractProtocol.stop Stopping ProtocolHandler ["http-nio-8082"]
18-Apr-2024 16:04:40.667 INFO [main] org.apache.coyote.AbstractProtocol.stop Stopping ProtocolHandler ["ajp-nio-8009"]
18-Apr-2024 16:04:40.679 INFO [main] org.apache.coyote.AbstractProtocol.destroy Destroying ProtocolHandler ["http-nio-8082"]
18-Apr-2024 16:04:40.679 INFO [main] org.apache.coyote.AbstractProtocol.destroy Destroying ProtocolHandler ["ajp-nio-8009"]
18-Apr-2024 18:50:09.175 INFO [main] org.apache.catalina.startup.VersionLoggerListener.log Server version:        Apache Tomcat/8.5.24
18-Apr-2024 18:50:09.183 INFO [main] org.apache.catalina.startup.VersionLoggerListener.log Server built:          Nov 27 2017 13:05:30 UTC
18-Apr-2024 18:50:09.184 INFO [main] org.apache.catalina.startup.VersionLoggerListener.log Server number:         8.5.24.0
18-Apr-2024 18:50:09.184 INFO [main] org.apache.catalina.startup.VersionLoggerListener.log OS Name:               Windows 10
18-Apr-2024 18:50:09.184 INFO [main] org.apache.catalina.startup.VersionLoggerListener.log OS Version:            10.0
18-Apr-2024 18:50:09.184 INFO [main] org.apache.catalina.startup.VersionLoggerListener.log Architecture:          x86
18-Apr-2024 18:50:09.184 INFO [main] org.apache.catalina.startup.VersionLoggerListener.log Java Home:             D:\JavaSQL\Java8\jdk1.8.0_131\jre
18-Apr-2024 18:50:09.184 INFO [main] org.apache.catalina.startup.VersionLoggerListener.log JVM Version:           1.8.0_131-b11
18-Apr-2024 18:50:09.185 INFO [main] org.apache.catalina.startup.VersionLoggerListener.log JVM Vendor:            Oracle Corporation
18-Apr-2024 18:50:09.185 INFO [main] org.apache.catalina.startup.VersionLoggerListener.log CATALINA_BASE:         D:\JavaSQL\Java8\apache-tomcat-8.5.24
18-Apr-2024 18:50:09.185 INFO [main] org.apache.catalina.startup.VersionLoggerListener.log CATALINA_HOME:         D:\JavaSQL\Java8\apache-tomcat-8.5.24
18-Apr-2024 18:50:09.185 INFO [main] org.apache.catalina.startup.VersionLoggerListener.log Command line argument: -Djava.util.logging.config.file=D:\JavaSQL\Java8\apache-tomcat-8.5.24\conf\logging.properties
18-Apr-2024 18:50:09.185 INFO [main] org.apache.catalina.startup.VersionLoggerListener.log Command line argument: -Djava.util.logging.manager=org.apache.juli.ClassLoaderLogManager
18-Apr-2024 18:50:09.186 INFO [main] org.apache.catalina.startup.VersionLoggerListener.log Command line argument: -Djdk.tls.ephemeralDHKeySize=2048
18-Apr-2024 18:50:09.186 INFO [main] org.apache.catalina.startup.VersionLoggerListener.log Command line argument: -Djava.protocol.handler.pkgs=org.apache.catalina.webresources
18-Apr-2024 18:50:09.186 INFO [main] org.apache.catalina.startup.VersionLoggerListener.log Command line argument: -Dignore.endorsed.dirs=
18-Apr-2024 18:50:09.186 INFO [main] org.apache.catalina.startup.VersionLoggerListener.log Command line argument: -Dcatalina.base=D:\JavaSQL\Java8\apache-tomcat-8.5.24
18-Apr-2024 18:50:09.186 INFO [main] org.apache.catalina.startup.VersionLoggerListener.log Command line argument: -Dcatalina.home=D:\JavaSQL\Java8\apache-tomcat-8.5.24
18-Apr-2024 18:50:09.187 INFO [main] org.apache.catalina.startup.VersionLoggerListener.log Command line argument: -Djava.io.tmpdir=D:\JavaSQL\Java8\apache-tomcat-8.5.24\temp
18-Apr-2024 18:50:09.187 INFO [main] org.apache.catalina.core.AprLifecycleListener.lifecycleEvent The APR based Apache Tomcat Native library which allows optimal performance in production environments was not found on the java.library.path: [D:\JavaSQL\Java8\jdk1.8.0_131\bin;C:\WINDOWS\Sun\Java\bin;C:\WINDOWS\system32;C:\WINDOWS;D:\JavaSQL\Java8\jdk1.8.0_131\bin;D:\JavaSQL\Java8\jdk1.8.0_131\db\bin;D:\JavaSQL\Java8\squirrelsql-4.0.0-standard;D:\JavaSQL\Java8\apache-tomcat-8.5.24\bin;C:\Program Files\IBM\ILOG\CPLEX_Studio1210\opl\bin\x64_win64;C:\Program Files\IBM\ILOG\CPLEX_Studio1210\opl\oplide\;C:\Program Files\IBM\ILOG\CPLEX_Studio1210\cplex\bin\x64_win64;C:\Program Files\IBM\ILOG\CPLEX_Studio1210\cpoptimizer\bin\x64_win64;C:\Programs\gurobi1001\win64\bin;C:\Program Files (x86)\NVIDIA Corporation\PhysX\Common;C:\Program Files (x86)\VMware\VMware Player\bin\;C:\Program Files\Eclipse Foundation\jdk-16.0.2.7-hotspot\bin;C:\Program Files\Python38\Scripts\;C:\Program Files\Python38\;C:\WINDOWS\system32;C:\WINDOWS;C:\WINDOWS\System32\Wbem;C:\WINDOWS\System32\WindowsPowerShell\v1.0\;C:\WINDOWS\System32\OpenSSH\;C:\Program Files\dotnet\;C:\Program Files\Microsoft SQL Server\130\Tools\Binn\;C:\Program Files (x86)\dotnet\;C:\Program Files\MATLAB\R2023a\runtime\win64;C:\Program Files\MATLAB\R2023a\bin;C:\Program Files\MATLAB\R2019a\bin;C:\Program Files (x86)\National Instruments\Shared\LabVIEW CLI;C:\Program Files (x86)\IVI Foundation\IVI\bin;C:\Program Files\IVI Foundation\IVI\bin;C:\Program Files (x86)\IVI Foundation\VISA\WinNT\Bin\;C:\Program Files\IVI Foundation\VISA\Win64\Bin\;C:\Program Files (x86)\IVI Foundation\VISA\WinNT\Bin;C:\Program Files\Microsoft SQL Server\Client SDK\ODBC\110\Tools\Binn\;C:\Program Files (x86)\Microsoft SQL Server\120\Tools\Binn\;C:\Program Files\Microsoft SQL Server\120\Tools\Binn\;C:\Program Files\Microsoft SQL Server\120\DTS\Binn\;C:\Program Files (x86)\Windows Kits\8.1\Windows Performance Toolkit\;C:\Program Files\Git\cmd;C:\Program Files\PuTTY\;C:\Program Files\Microsoft VS Code\bin;C:\Program Files\MiKTeX\miktex\bin\x64\;C:\Users\aerrigochan\AppData\Local\Microsoft\WindowsApps;;.]
18-Apr-2024 18:50:10.076 INFO [main] org.apache.coyote.AbstractProtocol.init Initializing ProtocolHandler ["http-nio-8082"]
18-Apr-2024 18:50:15.572 INFO [main] org.apache.tomcat.util.net.NioSelectorPool.getSharedSelector Using a shared selector for servlet write/read
18-Apr-2024 18:50:15.593 INFO [main] org.apache.coyote.AbstractProtocol.init Initializing ProtocolHandler ["ajp-nio-8009"]
18-Apr-2024 18:50:15.595 INFO [main] org.apache.tomcat.util.net.NioSelectorPool.getSharedSelector Using a shared selector for servlet write/read
18-Apr-2024 18:50:15.595 INFO [main] org.apache.catalina.startup.Catalina.load Initialization processed in 8736 ms
18-Apr-2024 18:50:15.730 INFO [main] org.apache.catalina.core.StandardService.startInternal Starting service [Catalina]
18-Apr-2024 18:50:15.730 INFO [main] org.apache.catalina.core.StandardEngine.startInternal Starting Servlet Engine: Apache Tomcat/8.5.24
18-Apr-2024 18:50:15.782 INFO [localhost-startStop-1] org.apache.catalina.startup.HostConfig.deployDirectory Deploying web application directory [D:\JavaSQL\Java8\apache-tomcat-8.5.24\webapps\docs]
18-Apr-2024 18:50:16.921 INFO [localhost-startStop-1] org.apache.jasper.servlet.TldScanner.scanJars At least one JAR was scanned for TLDs yet contained no TLDs. Enable debug logging for this logger for a complete list of JARs that were scanned but no TLDs were found in them. Skipping unneeded JARs during scanning can improve startup time and JSP compilation time.
18-Apr-2024 18:50:17.094 INFO [localhost-startStop-1] org.apache.catalina.startup.HostConfig.deployDirectory Deployment of web application directory [D:\JavaSQL\Java8\apache-tomcat-8.5.24\webapps\docs] has finished in [1,310] ms
18-Apr-2024 18:50:17.095 INFO [localhost-startStop-1] org.apache.catalina.startup.HostConfig.deployDirectory Deploying web application directory [D:\JavaSQL\Java8\apache-tomcat-8.5.24\webapps\examples]
18-Apr-2024 18:50:18.708 INFO [localhost-startStop-1] org.apache.jasper.servlet.TldScanner.scanJars At least one JAR was scanned for TLDs yet contained no TLDs. Enable debug logging for this logger for a complete list of JARs that were scanned but no TLDs were found in them. Skipping unneeded JARs during scanning can improve startup time and JSP compilation time.
18-Apr-2024 18:50:18.755 INFO [localhost-startStop-1] org.apache.catalina.startup.HostConfig.deployDirectory Deployment of web application directory [D:\JavaSQL\Java8\apache-tomcat-8.5.24\webapps\examples] has finished in [1,660] ms
18-Apr-2024 18:50:18.755 INFO [localhost-startStop-1] org.apache.catalina.startup.HostConfig.deployDirectory Deploying web application directory [D:\JavaSQL\Java8\apache-tomcat-8.5.24\webapps\host-manager]
18-Apr-2024 18:50:18.824 INFO [localhost-startStop-1] org.apache.jasper.servlet.TldScanner.scanJars At least one JAR was scanned for TLDs yet contained no TLDs. Enable debug logging for this logger for a complete list of JARs that were scanned but no TLDs were found in them. Skipping unneeded JARs during scanning can improve startup time and JSP compilation time.
18-Apr-2024 18:50:18.827 INFO [localhost-startStop-1] org.apache.catalina.startup.HostConfig.deployDirectory Deployment of web application directory [D:\JavaSQL\Java8\apache-tomcat-8.5.24\webapps\host-manager] has finished in [72] ms
18-Apr-2024 18:50:18.828 INFO [localhost-startStop-1] org.apache.catalina.startup.HostConfig.deployDirectory Deploying web application directory [D:\JavaSQL\Java8\apache-tomcat-8.5.24\webapps\ROOT]
18-Apr-2024 18:50:18.852 INFO [localhost-startStop-1] org.apache.jasper.servlet.TldScanner.scanJars At least one JAR was scanned for TLDs yet contained no TLDs. Enable debug logging for this logger for a complete list of JARs that were scanned but no TLDs were found in them. Skipping unneeded JARs during scanning can improve startup time and JSP compilation time.
18-Apr-2024 18:50:18.854 INFO [localhost-startStop-1] org.apache.catalina.startup.HostConfig.deployDirectory Deployment of web application directory [D:\JavaSQL\Java8\apache-tomcat-8.5.24\webapps\ROOT] has finished in [26] ms
18-Apr-2024 18:50:18.854 INFO [localhost-startStop-1] org.apache.catalina.startup.HostConfig.deployDirectory Deploying web application directory [D:\JavaSQL\Java8\apache-tomcat-8.5.24\webapps\SQLServer]
18-Apr-2024 18:50:18.923 INFO [localhost-startStop-1] org.apache.jasper.servlet.TldScanner.scanJars At least one JAR was scanned for TLDs yet contained no TLDs. Enable debug logging for this logger for a complete list of JARs that were scanned but no TLDs were found in them. Skipping unneeded JARs during scanning can improve startup time and JSP compilation time.
18-Apr-2024 18:50:18.962 INFO [localhost-startStop-1] org.apache.catalina.startup.HostConfig.deployDirectory Deployment of web application directory [D:\JavaSQL\Java8\apache-tomcat-8.5.24\webapps\SQLServer] has finished in [108] ms
18-Apr-2024 18:50:18.963 INFO [localhost-startStop-1] org.apache.catalina.startup.HostConfig.deployDirectory Deploying web application directory [D:\JavaSQL\Java8\apache-tomcat-8.5.24\webapps\Servlet1]
18-Apr-2024 18:50:19.004 INFO [localhost-startStop-1] org.apache.jasper.servlet.TldScanner.scanJars At least one JAR was scanned for TLDs yet contained no TLDs. Enable debug logging for this logger for a complete list of JARs that were scanned but no TLDs were found in them. Skipping unneeded JARs during scanning can improve startup time and JSP compilation time.
18-Apr-2024 18:50:19.007 INFO [localhost-startStop-1] org.apache.catalina.startup.HostConfig.deployDirectory Deployment of web application directory [D:\JavaSQL\Java8\apache-tomcat-8.5.24\webapps\Servlet1] has finished in [43] ms
18-Apr-2024 18:50:19.007 INFO [localhost-startStop-1] org.apache.catalina.startup.HostConfig.deployDirectory Deploying web application directory [D:\JavaSQL\Java8\apache-tomcat-8.5.24\webapps\Servlet2]
18-Apr-2024 18:50:19.052 INFO [localhost-startStop-1] org.apache.jasper.servlet.TldScanner.scanJars At least one JAR was scanned for TLDs yet contained no TLDs. Enable debug logging for this logger for a complete list of JARs that were scanned but no TLDs were found in them. Skipping unneeded JARs during scanning can improve startup time and JSP compilation time.
18-Apr-2024 18:50:19.055 INFO [localhost-startStop-1] org.apache.catalina.startup.HostConfig.deployDirectory Deployment of web application directory [D:\JavaSQL\Java8\apache-tomcat-8.5.24\webapps\Servlet2] has finished in [48] ms
18-Apr-2024 18:50:19.055 INFO [localhost-startStop-1] org.apache.catalina.startup.HostConfig.deployDirectory Deploying web application directory [D:\JavaSQL\Java8\apache-tomcat-8.5.24\webapps\Servlet3]
18-Apr-2024 18:50:19.101 INFO [localhost-startStop-1] org.apache.jasper.servlet.TldScanner.scanJars At least one JAR was scanned for TLDs yet contained no TLDs. Enable debug logging for this logger for a complete list of JARs that were scanned but no TLDs were found in them. Skipping unneeded JARs during scanning can improve startup time and JSP compilation time.
18-Apr-2024 18:50:19.103 INFO [localhost-startStop-1] org.apache.catalina.startup.HostConfig.deployDirectory Deployment of web application directory [D:\JavaSQL\Java8\apache-tomcat-8.5.24\webapps\Servlet3] has finished in [48] ms
18-Apr-2024 18:50:19.103 INFO [localhost-startStop-1] org.apache.catalina.startup.HostConfig.deployDirectory Deploying web application directory [D:\JavaSQL\Java8\apache-tomcat-8.5.24\webapps\Servlet4]
18-Apr-2024 18:50:19.142 INFO [localhost-startStop-1] org.apache.jasper.servlet.TldScanner.scanJars At least one JAR was scanned for TLDs yet contained no TLDs. Enable debug logging for this logger for a complete list of JARs that were scanned but no TLDs were found in them. Skipping unneeded JARs during scanning can improve startup time and JSP compilation time.
18-Apr-2024 18:50:19.145 INFO [localhost-startStop-1] org.apache.catalina.startup.HostConfig.deployDirectory Deployment of web application directory [D:\JavaSQL\Java8\apache-tomcat-8.5.24\webapps\Servlet4] has finished in [42] ms
18-Apr-2024 18:50:19.145 INFO [localhost-startStop-1] org.apache.catalina.startup.HostConfig.deployDirectory Deploying web application directory [D:\JavaSQL\Java8\apache-tomcat-8.5.24\webapps\Pract8]
18-Apr-2024 18:50:19.203 INFO [localhost-startStop-1] org.apache.jasper.servlet.TldScanner.scanJars At least one JAR was scanned for TLDs yet contained no TLDs. Enable debug logging for this logger for a complete list of JARs that were scanned but no TLDs were found in them. Skipping unneeded JARs during scanning can improve startup time and JSP compilation time.
18-Apr-2024 18:50:19.205 INFO [localhost-startStop-1] org.apache.catalina.startup.HostConfig.deployDirectory Deployment of web application directory [D:\JavaSQL\Java8\apache-tomcat-8.5.24\webapps\Pract8] has finished in [60] ms
18-Apr-2024 18:50:19.210 INFO [localhost-startStop-1] org.apache.catalina.startup.HostConfig.deployDirectory Deploying web application directory [D:\JavaSQL\Java8\apache-tomcat-8.5.24\webapps\Entrega]
18-Apr-2024 18:50:19.238 INFO [localhost-startStop-1] org.apache.jasper.servlet.TldScanner.scanJars At least one JAR was scanned for TLDs yet contained no TLDs. Enable debug logging for this logger for a complete list of JARs that were scanned but no TLDs were found in them. Skipping unneeded JARs during scanning can improve startup time and JSP compilation time.
18-Apr-2024 18:50:19.240 INFO [localhost-startStop-1] org.apache.catalina.startup.HostConfig.deployDirectory Deployment of web application directory [D:\JavaSQL\Java8\apache-tomcat-8.5.24\webapps\Entrega] has finished in [30] ms
18-Apr-2024 18:50:19.241 INFO [localhost-startStop-1] org.apache.catalina.startup.HostConfig.deployDirectory Deploying web application directory [D:\JavaSQL\Java8\apache-tomcat-8.5.24\webapps\matrices8]
18-Apr-2024 18:50:19.313 INFO [localhost-startStop-1] org.apache.jasper.servlet.TldScanner.scanJars At least one JAR was scanned for TLDs yet contained no TLDs. Enable debug logging for this logger for a complete list of JARs that were scanned but no TLDs were found in them. Skipping unneeded JARs during scanning can improve startup time and JSP compilation time.
18-Apr-2024 18:50:19.320 INFO [localhost-startStop-1] org.apache.catalina.startup.HostConfig.deployDirectory Deployment of web application directory [D:\JavaSQL\Java8\apache-tomcat-8.5.24\webapps\matrices8] has finished in [79] ms
18-Apr-2024 18:50:19.320 INFO [localhost-startStop-1] org.apache.catalina.startup.HostConfig.deployDirectory Deploying web application directory [D:\JavaSQL\Java8\apache-tomcat-8.5.24\webapps\TD_E18]
18-Apr-2024 18:50:19.450 INFO [localhost-startStop-1] org.apache.jasper.servlet.TldScanner.scanJars At least one JAR was scanned for TLDs yet contained no TLDs. Enable debug logging for this logger for a complete list of JARs that were scanned but no TLDs were found in them. Skipping unneeded JARs during scanning can improve startup time and JSP compilation time.
18-Apr-2024 18:50:19.452 INFO [localhost-startStop-1] org.apache.catalina.startup.HostConfig.deployDirectory Deployment of web application directory [D:\JavaSQL\Java8\apache-tomcat-8.5.24\webapps\TD_E18] has finished in [132] ms
18-Apr-2024 18:50:19.452 INFO [localhost-startStop-1] org.apache.catalina.startup.HostConfig.deployDirectory Deploying web application directory [D:\JavaSQL\Java8\apache-tomcat-8.5.24\webapps\TB15]
18-Apr-2024 18:50:19.561 INFO [localhost-startStop-1] org.apache.jasper.servlet.TldScanner.scanJars At least one JAR was scanned for TLDs yet contained no TLDs. Enable debug logging for this logger for a complete list of JARs that were scanned but no TLDs were found in them. Skipping unneeded JARs during scanning can improve startup time and JSP compilation time.
18-Apr-2024 18:50:19.564 INFO [localhost-startStop-1] org.apache.catalina.startup.HostConfig.deployDirectory Deployment of web application directory [D:\JavaSQL\Java8\apache-tomcat-8.5.24\webapps\TB15] has finished in [112] ms
18-Apr-2024 18:50:19.564 INFO [localhost-startStop-1] org.apache.catalina.startup.HostConfig.deployDirectory Deploying web application directory [D:\JavaSQL\Java8\apache-tomcat-8.5.24\webapps\S2]
18-Apr-2024 18:50:19.606 INFO [localhost-startStop-1] org.apache.jasper.servlet.TldScanner.scanJars At least one JAR was scanned for TLDs yet contained no TLDs. Enable debug logging for this logger for a complete list of JARs that were scanned but no TLDs were found in them. Skipping unneeded JARs during scanning can improve startup time and JSP compilation time.
18-Apr-2024 18:50:19.609 INFO [localhost-startStop-1] org.apache.catalina.startup.HostConfig.deployDirectory Deployment of web application directory [D:\JavaSQL\Java8\apache-tomcat-8.5.24\webapps\S2] has finished in [45] ms
18-Apr-2024 18:50:19.609 INFO [localhost-startStop-1] org.apache.catalina.startup.HostConfig.deployDirectory Deploying web application directory [D:\JavaSQL\Java8\apache-tomcat-8.5.24\webapps\mock1]
18-Apr-2024 18:50:19.667 INFO [localhost-startStop-1] org.apache.jasper.servlet.TldScanner.scanJars At least one JAR was scanned for TLDs yet contained no TLDs. Enable debug logging for this logger for a complete list of JARs that were scanned but no TLDs were found in them. Skipping unneeded JARs during scanning can improve startup time and JSP compilation time.
18-Apr-2024 18:50:19.669 INFO [localhost-startStop-1] org.apache.catalina.startup.HostConfig.deployDirectory Deployment of web application directory [D:\JavaSQL\Java8\apache-tomcat-8.5.24\webapps\mock1] has finished in [60] ms
18-Apr-2024 18:50:19.670 INFO [localhost-startStop-1] org.apache.catalina.startup.HostConfig.deployDirectory Deploying web application directory [D:\JavaSQL\Java8\apache-tomcat-8.5.24\webapps\mock2]
18-Apr-2024 18:50:19.735 INFO [localhost-startStop-1] org.apache.jasper.servlet.TldScanner.scanJars At least one JAR was scanned for TLDs yet contained no TLDs. Enable debug logging for this logger for a complete list of JARs that were scanned but no TLDs were found in them. Skipping unneeded JARs during scanning can improve startup time and JSP compilation time.
18-Apr-2024 18:50:19.737 INFO [localhost-startStop-1] org.apache.catalina.startup.HostConfig.deployDirectory Deployment of web application directory [D:\JavaSQL\Java8\apache-tomcat-8.5.24\webapps\mock2] has finished in [67] ms
18-Apr-2024 18:50:19.737 INFO [localhost-startStop-1] org.apache.catalina.startup.HostConfig.deployDirectory Deploying web application directory [D:\JavaSQL\Java8\apache-tomcat-8.5.24\webapps\PEB2024]
18-Apr-2024 18:50:19.790 INFO [localhost-startStop-1] org.apache.jasper.servlet.TldScanner.scanJars At least one JAR was scanned for TLDs yet contained no TLDs. Enable debug logging for this logger for a complete list of JARs that were scanned but no TLDs were found in them. Skipping unneeded JARs during scanning can improve startup time and JSP compilation time.
18-Apr-2024 18:50:19.793 INFO [localhost-startStop-1] org.apache.catalina.startup.HostConfig.deployDirectory Deployment of web application directory [D:\JavaSQL\Java8\apache-tomcat-8.5.24\webapps\PEB2024] has finished in [56] ms
18-Apr-2024 18:50:19.794 INFO [localhost-startStop-1] org.apache.catalina.startup.HostConfig.deployDirectory Deploying web application directory [D:\JavaSQL\Java8\apache-tomcat-8.5.24\webapps\Anti2]
18-Apr-2024 18:50:19.857 INFO [localhost-startStop-1] org.apache.jasper.servlet.TldScanner.scanJars At least one JAR was scanned for TLDs yet contained no TLDs. Enable debug logging for this logger for a complete list of JARs that were scanned but no TLDs were found in them. Skipping unneeded JARs during scanning can improve startup time and JSP compilation time.
18-Apr-2024 18:50:19.860 INFO [localhost-startStop-1] org.apache.catalina.startup.HostConfig.deployDirectory Deployment of web application directory [D:\JavaSQL\Java8\apache-tomcat-8.5.24\webapps\Anti2] has finished in [66] ms
18-Apr-2024 18:50:19.861 INFO [localhost-startStop-1] org.apache.catalina.startup.HostConfig.deployDirectory Deploying web application directory [D:\JavaSQL\Java8\apache-tomcat-8.5.24\webapps\Anti1]
18-Apr-2024 18:50:19.915 INFO [localhost-startStop-1] org.apache.jasper.servlet.TldScanner.scanJars At least one JAR was scanned for TLDs yet contained no TLDs. Enable debug logging for this logger for a complete list of JARs that were scanned but no TLDs were found in them. Skipping unneeded JARs during scanning can improve startup time and JSP compilation time.
18-Apr-2024 18:50:19.917 INFO [localhost-startStop-1] org.apache.catalina.startup.HostConfig.deployDirectory Deployment of web application directory [D:\JavaSQL\Java8\apache-tomcat-8.5.24\webapps\Anti1] has finished in [56] ms
18-Apr-2024 18:50:19.918 INFO [localhost-startStop-1] org.apache.catalina.startup.HostConfig.deployDirectory Deploying web application directory [D:\JavaSQL\Java8\apache-tomcat-8.5.24\webapps\TD2024_04_18]
18-Apr-2024 18:50:19.985 INFO [localhost-startStop-1] org.apache.jasper.servlet.TldScanner.scanJars At least one JAR was scanned for TLDs yet contained no TLDs. Enable debug logging for this logger for a complete list of JARs that were scanned but no TLDs were found in them. Skipping unneeded JARs during scanning can improve startup time and JSP compilation time.
18-Apr-2024 18:50:19.987 INFO [localhost-startStop-1] org.apache.catalina.startup.HostConfig.deployDirectory Deployment of web application directory [D:\JavaSQL\Java8\apache-tomcat-8.5.24\webapps\TD2024_04_18] has finished in [69] ms
18-Apr-2024 18:50:19.992 INFO [main] org.apache.coyote.AbstractProtocol.start Starting ProtocolHandler ["http-nio-8082"]
18-Apr-2024 18:50:20.000 INFO [main] org.apache.coyote.AbstractProtocol.start Starting ProtocolHandler ["ajp-nio-8009"]
18-Apr-2024 18:50:20.004 INFO [main] org.apache.catalina.startup.Catalina.start Server startup in 4409 ms
18-Apr-2024 18:51:17.801 INFO [main] org.apache.catalina.core.StandardServer.await A valid shutdown command was received via the shutdown port. Stopping the Server instance.
18-Apr-2024 18:51:17.801 INFO [main] org.apache.coyote.AbstractProtocol.pause Pausing ProtocolHandler ["http-nio-8082"]
18-Apr-2024 18:51:18.010 INFO [main] org.apache.coyote.AbstractProtocol.pause Pausing ProtocolHandler ["ajp-nio-8009"]
18-Apr-2024 18:51:18.171 INFO [main] org.apache.catalina.core.StandardService.stopInternal Stopping service [Catalina]
18-Apr-2024 18:51:18.299 INFO [main] org.apache.coyote.AbstractProtocol.stop Stopping ProtocolHandler ["http-nio-8082"]
18-Apr-2024 18:51:18.301 INFO [main] org.apache.coyote.AbstractProtocol.stop Stopping ProtocolHandler ["ajp-nio-8009"]
18-Apr-2024 18:51:18.304 INFO [main] org.apache.coyote.AbstractProtocol.destroy Destroying ProtocolHandler ["http-nio-8082"]
18-Apr-2024 18:51:18.305 INFO [main] org.apache.coyote.AbstractProtocol.destroy Destroying ProtocolHandler ["ajp-nio-8009"]
18-Apr-2024 18:52:23.916 INFO [main] org.apache.catalina.startup.VersionLoggerListener.log Server version:        Apache Tomcat/8.5.24
18-Apr-2024 18:52:23.917 INFO [main] org.apache.catalina.startup.VersionLoggerListener.log Server built:          Nov 27 2017 13:05:30 UTC
18-Apr-2024 18:52:23.918 INFO [main] org.apache.catalina.startup.VersionLoggerListener.log Server number:         8.5.24.0
18-Apr-2024 18:52:23.918 INFO [main] org.apache.catalina.startup.VersionLoggerListener.log OS Name:               Windows 10
18-Apr-2024 18:52:23.918 INFO [main] org.apache.catalina.startup.VersionLoggerListener.log OS Version:            10.0
18-Apr-2024 18:52:23.918 INFO [main] org.apache.catalina.startup.VersionLoggerListener.log Architecture:          x86
18-Apr-2024 18:52:23.918 INFO [main] org.apache.catalina.startup.VersionLoggerListener.log Java Home:             D:\JavaSQL\Java8\jdk1.8.0_131\jre
18-Apr-2024 18:52:23.919 INFO [main] org.apache.catalina.startup.VersionLoggerListener.log JVM Version:           1.8.0_131-b11
18-Apr-2024 18:52:23.919 INFO [main] org.apache.catalina.startup.VersionLoggerListener.log JVM Vendor:            Oracle Corporation
18-Apr-2024 18:52:23.919 INFO [main] org.apache.catalina.startup.VersionLoggerListener.log CATALINA_BASE:         D:\JavaSQL\Java8\apache-tomcat-8.5.24
18-Apr-2024 18:52:23.919 INFO [main] org.apache.catalina.startup.VersionLoggerListener.log CATALINA_HOME:         D:\JavaSQL\Java8\apache-tomcat-8.5.24
18-Apr-2024 18:52:23.919 INFO [main] org.apache.catalina.startup.VersionLoggerListener.log Command line argument: -Djava.util.logging.config.file=D:\JavaSQL\Java8\apache-tomcat-8.5.24\conf\logging.properties
18-Apr-2024 18:52:23.919 INFO [main] org.apache.catalina.startup.VersionLoggerListener.log Command line argument: -Djava.util.logging.manager=org.apache.juli.ClassLoaderLogManager
18-Apr-2024 18:52:23.920 INFO [main] org.apache.catalina.startup.VersionLoggerListener.log Command line argument: -Djdk.tls.ephemeralDHKeySize=2048
18-Apr-2024 18:52:23.920 INFO [main] org.apache.catalina.startup.VersionLoggerListener.log Command line argument: -Djava.protocol.handler.pkgs=org.apache.catalina.webresources
18-Apr-2024 18:52:23.920 INFO [main] org.apache.catalina.startup.VersionLoggerListener.log Command line argument: -Dignore.endorsed.dirs=
18-Apr-2024 18:52:23.920 INFO [main] org.apache.catalina.startup.VersionLoggerListener.log Command line argument: -Dcatalina.base=D:\JavaSQL\Java8\apache-tomcat-8.5.24
18-Apr-2024 18:52:23.921 INFO [main] org.apache.catalina.startup.VersionLoggerListener.log Command line argument: -Dcatalina.home=D:\JavaSQL\Java8\apache-tomcat-8.5.24
18-Apr-2024 18:52:23.921 INFO [main] org.apache.catalina.startup.VersionLoggerListener.log Command line argument: -Djava.io.tmpdir=D:\JavaSQL\Java8\apache-tomcat-8.5.24\temp
18-Apr-2024 18:52:23.922 INFO [main] org.apache.catalina.core.AprLifecycleListener.lifecycleEvent The APR based Apache Tomcat Native library which allows optimal performance in production environments was not found on the java.library.path: [D:\JavaSQL\Java8\jdk1.8.0_131\bin;C:\WINDOWS\Sun\Java\bin;C:\WINDOWS\system32;C:\WINDOWS;D:\JavaSQL\Java8\jdk1.8.0_131\bin;D:\JavaSQL\Java8\jdk1.8.0_131\db\bin;D:\JavaSQL\Java8\squirrelsql-4.0.0-standard;D:\JavaSQL\Java8\apache-tomcat-8.5.24\bin;C:\Program Files\IBM\ILOG\CPLEX_Studio1210\opl\bin\x64_win64;C:\Program Files\IBM\ILOG\CPLEX_Studio1210\opl\oplide\;C:\Program Files\IBM\ILOG\CPLEX_Studio1210\cplex\bin\x64_win64;C:\Program Files\IBM\ILOG\CPLEX_Studio1210\cpoptimizer\bin\x64_win64;C:\Programs\gurobi1001\win64\bin;C:\Program Files (x86)\NVIDIA Corporation\PhysX\Common;C:\Program Files (x86)\VMware\VMware Player\bin\;C:\Program Files\Eclipse Foundation\jdk-16.0.2.7-hotspot\bin;C:\Program Files\Python38\Scripts\;C:\Program Files\Python38\;C:\WINDOWS\system32;C:\WINDOWS;C:\WINDOWS\System32\Wbem;C:\WINDOWS\System32\WindowsPowerShell\v1.0\;C:\WINDOWS\System32\OpenSSH\;C:\Program Files\dotnet\;C:\Program Files\Microsoft SQL Server\130\Tools\Binn\;C:\Program Files (x86)\dotnet\;C:\Program Files\MATLAB\R2023a\runtime\win64;C:\Program Files\MATLAB\R2023a\bin;C:\Program Files\MATLAB\R2019a\bin;C:\Program Files (x86)\National Instruments\Shared\LabVIEW CLI;C:\Program Files (x86)\IVI Foundation\IVI\bin;C:\Program Files\IVI Foundation\IVI\bin;C:\Program Files (x86)\IVI Foundation\VISA\WinNT\Bin\;C:\Program Files\IVI Foundation\VISA\Win64\Bin\;C:\Program Files (x86)\IVI Foundation\VISA\WinNT\Bin;C:\Program Files\Microsoft SQL Server\Client SDK\ODBC\110\Tools\Binn\;C:\Program Files (x86)\Microsoft SQL Server\120\Tools\Binn\;C:\Program Files\Microsoft SQL Server\120\Tools\Binn\;C:\Program Files\Microsoft SQL Server\120\DTS\Binn\;C:\Program Files (x86)\Windows Kits\8.1\Windows Performance Toolkit\;C:\Program Files\Git\cmd;C:\Program Files\PuTTY\;C:\Program Files\Microsoft VS Code\bin;C:\Program Files\MiKTeX\miktex\bin\x64\;C:\Users\aerrigochan\AppData\Local\Microsoft\WindowsApps;;.]
18-Apr-2024 18:52:24.001 INFO [main] org.apache.coyote.AbstractProtocol.init Initializing ProtocolHandler ["http-nio-8082"]
18-Apr-2024 18:52:29.046 INFO [main] org.apache.tomcat.util.net.NioSelectorPool.getSharedSelector Using a shared selector for servlet write/read
18-Apr-2024 18:52:29.051 INFO [main] org.apache.coyote.AbstractProtocol.init Initializing ProtocolHandler ["ajp-nio-8009"]
18-Apr-2024 18:52:29.053 INFO [main] org.apache.tomcat.util.net.NioSelectorPool.getSharedSelector Using a shared selector for servlet write/read
18-Apr-2024 18:52:29.053 INFO [main] org.apache.catalina.startup.Catalina.load Initialization processed in 5371 ms
18-Apr-2024 18:52:29.074 INFO [main] org.apache.catalina.core.StandardService.startInternal Starting service [Catalina]
18-Apr-2024 18:52:29.074 INFO [main] org.apache.catalina.core.StandardEngine.startInternal Starting Servlet Engine: Apache Tomcat/8.5.24
18-Apr-2024 18:52:29.082 INFO [localhost-startStop-1] org.apache.catalina.startup.HostConfig.deployDirectory Deploying web application directory [D:\JavaSQL\Java8\apache-tomcat-8.5.24\webapps\docs]
18-Apr-2024 18:52:29.277 INFO [localhost-startStop-1] org.apache.jasper.servlet.TldScanner.scanJars At least one JAR was scanned for TLDs yet contained no TLDs. Enable debug logging for this logger for a complete list of JARs that were scanned but no TLDs were found in them. Skipping unneeded JARs during scanning can improve startup time and JSP compilation time.
18-Apr-2024 18:52:29.318 INFO [localhost-startStop-1] org.apache.catalina.startup.HostConfig.deployDirectory Deployment of web application directory [D:\JavaSQL\Java8\apache-tomcat-8.5.24\webapps\docs] has finished in [235] ms
18-Apr-2024 18:52:29.318 INFO [localhost-startStop-1] org.apache.catalina.startup.HostConfig.deployDirectory Deploying web application directory [D:\JavaSQL\Java8\apache-tomcat-8.5.24\webapps\examples]
18-Apr-2024 18:52:29.519 INFO [localhost-startStop-1] org.apache.jasper.servlet.TldScanner.scanJars At least one JAR was scanned for TLDs yet contained no TLDs. Enable debug logging for this logger for a complete list of JARs that were scanned but no TLDs were found in them. Skipping unneeded JARs during scanning can improve startup time and JSP compilation time.
18-Apr-2024 18:52:29.550 INFO [localhost-startStop-1] org.apache.catalina.startup.HostConfig.deployDirectory Deployment of web application directory [D:\JavaSQL\Java8\apache-tomcat-8.5.24\webapps\examples] has finished in [232] ms
18-Apr-2024 18:52:29.550 INFO [localhost-startStop-1] org.apache.catalina.startup.HostConfig.deployDirectory Deploying web application directory [D:\JavaSQL\Java8\apache-tomcat-8.5.24\webapps\host-manager]
18-Apr-2024 18:52:29.586 INFO [localhost-startStop-1] org.apache.jasper.servlet.TldScanner.scanJars At least one JAR was scanned for TLDs yet contained no TLDs. Enable debug logging for this logger for a complete list of JARs that were scanned but no TLDs were found in them. Skipping unneeded JARs during scanning can improve startup time and JSP compilation time.
18-Apr-2024 18:52:29.588 INFO [localhost-startStop-1] org.apache.catalina.startup.HostConfig.deployDirectory Deployment of web application directory [D:\JavaSQL\Java8\apache-tomcat-8.5.24\webapps\host-manager] has finished in [38] ms
18-Apr-2024 18:52:29.588 INFO [localhost-startStop-1] org.apache.catalina.startup.HostConfig.deployDirectory Deploying web application directory [D:\JavaSQL\Java8\apache-tomcat-8.5.24\webapps\ROOT]
18-Apr-2024 18:52:29.603 INFO [localhost-startStop-1] org.apache.jasper.servlet.TldScanner.scanJars At least one JAR was scanned for TLDs yet contained no TLDs. Enable debug logging for this logger for a complete list of JARs that were scanned but no TLDs were found in them. Skipping unneeded JARs during scanning can improve startup time and JSP compilation time.
18-Apr-2024 18:52:29.604 INFO [localhost-startStop-1] org.apache.catalina.startup.HostConfig.deployDirectory Deployment of web application directory [D:\JavaSQL\Java8\apache-tomcat-8.5.24\webapps\ROOT] has finished in [16] ms
18-Apr-2024 18:52:29.604 INFO [localhost-startStop-1] org.apache.catalina.startup.HostConfig.deployDirectory Deploying web application directory [D:\JavaSQL\Java8\apache-tomcat-8.5.24\webapps\SQLServer]
18-Apr-2024 18:52:29.627 INFO [localhost-startStop-1] org.apache.jasper.servlet.TldScanner.scanJars At least one JAR was scanned for TLDs yet contained no TLDs. Enable debug logging for this logger for a complete list of JARs that were scanned but no TLDs were found in them. Skipping unneeded JARs during scanning can improve startup time and JSP compilation time.
18-Apr-2024 18:52:29.631 INFO [localhost-startStop-1] org.apache.catalina.startup.HostConfig.deployDirectory Deployment of web application directory [D:\JavaSQL\Java8\apache-tomcat-8.5.24\webapps\SQLServer] has finished in [27] ms
18-Apr-2024 18:52:29.631 INFO [localhost-startStop-1] org.apache.catalina.startup.HostConfig.deployDirectory Deploying web application directory [D:\JavaSQL\Java8\apache-tomcat-8.5.24\webapps\Servlet1]
18-Apr-2024 18:52:29.648 INFO [localhost-startStop-1] org.apache.jasper.servlet.TldScanner.scanJars At least one JAR was scanned for TLDs yet contained no TLDs. Enable debug logging for this logger for a complete list of JARs that were scanned but no TLDs were found in them. Skipping unneeded JARs during scanning can improve startup time and JSP compilation time.
18-Apr-2024 18:52:29.650 INFO [localhost-startStop-1] org.apache.catalina.startup.HostConfig.deployDirectory Deployment of web application directory [D:\JavaSQL\Java8\apache-tomcat-8.5.24\webapps\Servlet1] has finished in [19] ms
18-Apr-2024 18:52:29.650 INFO [localhost-startStop-1] org.apache.catalina.startup.HostConfig.deployDirectory Deploying web application directory [D:\JavaSQL\Java8\apache-tomcat-8.5.24\webapps\Servlet2]
18-Apr-2024 18:52:29.671 INFO [localhost-startStop-1] org.apache.jasper.servlet.TldScanner.scanJars At least one JAR was scanned for TLDs yet contained no TLDs. Enable debug logging for this logger for a complete list of JARs that were scanned but no TLDs were found in them. Skipping unneeded JARs during scanning can improve startup time and JSP compilation time.
18-Apr-2024 18:52:29.673 INFO [localhost-startStop-1] org.apache.catalina.startup.HostConfig.deployDirectory Deployment of web application directory [D:\JavaSQL\Java8\apache-tomcat-8.5.24\webapps\Servlet2] has finished in [23] ms
18-Apr-2024 18:52:29.673 INFO [localhost-startStop-1] org.apache.catalina.startup.HostConfig.deployDirectory Deploying web application directory [D:\JavaSQL\Java8\apache-tomcat-8.5.24\webapps\Servlet3]
18-Apr-2024 18:52:29.691 INFO [localhost-startStop-1] org.apache.jasper.servlet.TldScanner.scanJars At least one JAR was scanned for TLDs yet contained no TLDs. Enable debug logging for this logger for a complete list of JARs that were scanned but no TLDs were found in them. Skipping unneeded JARs during scanning can improve startup time and JSP compilation time.
18-Apr-2024 18:52:29.694 INFO [localhost-startStop-1] org.apache.catalina.startup.HostConfig.deployDirectory Deployment of web application directory [D:\JavaSQL\Java8\apache-tomcat-8.5.24\webapps\Servlet3] has finished in [21] ms
18-Apr-2024 18:52:29.694 INFO [localhost-startStop-1] org.apache.catalina.startup.HostConfig.deployDirectory Deploying web application directory [D:\JavaSQL\Java8\apache-tomcat-8.5.24\webapps\Servlet4]
18-Apr-2024 18:52:29.711 INFO [localhost-startStop-1] org.apache.jasper.servlet.TldScanner.scanJars At least one JAR was scanned for TLDs yet contained no TLDs. Enable debug logging for this logger for a complete list of JARs that were scanned but no TLDs were found in them. Skipping unneeded JARs during scanning can improve startup time and JSP compilation time.
18-Apr-2024 18:52:29.713 INFO [localhost-startStop-1] org.apache.catalina.startup.HostConfig.deployDirectory Deployment of web application directory [D:\JavaSQL\Java8\apache-tomcat-8.5.24\webapps\Servlet4] has finished in [19] ms
18-Apr-2024 18:52:29.713 INFO [localhost-startStop-1] org.apache.catalina.startup.HostConfig.deployDirectory Deploying web application directory [D:\JavaSQL\Java8\apache-tomcat-8.5.24\webapps\Pract8]
18-Apr-2024 18:52:29.732 INFO [localhost-startStop-1] org.apache.jasper.servlet.TldScanner.scanJars At least one JAR was scanned for TLDs yet contained no TLDs. Enable debug logging for this logger for a complete list of JARs that were scanned but no TLDs were found in them. Skipping unneeded JARs during scanning can improve startup time and JSP compilation time.
18-Apr-2024 18:52:29.734 INFO [localhost-startStop-1] org.apache.catalina.startup.HostConfig.deployDirectory Deployment of web application directory [D:\JavaSQL\Java8\apache-tomcat-8.5.24\webapps\Pract8] has finished in [21] ms
18-Apr-2024 18:52:29.734 INFO [localhost-startStop-1] org.apache.catalina.startup.HostConfig.deployDirectory Deploying web application directory [D:\JavaSQL\Java8\apache-tomcat-8.5.24\webapps\Entrega]
18-Apr-2024 18:52:29.759 INFO [localhost-startStop-1] org.apache.jasper.servlet.TldScanner.scanJars At least one JAR was scanned for TLDs yet contained no TLDs. Enable debug logging for this logger for a complete list of JARs that were scanned but no TLDs were found in them. Skipping unneeded JARs during scanning can improve startup time and JSP compilation time.
18-Apr-2024 18:52:29.761 INFO [localhost-startStop-1] org.apache.catalina.startup.HostConfig.deployDirectory Deployment of web application directory [D:\JavaSQL\Java8\apache-tomcat-8.5.24\webapps\Entrega] has finished in [27] ms
18-Apr-2024 18:52:29.761 INFO [localhost-startStop-1] org.apache.catalina.startup.HostConfig.deployDirectory Deploying web application directory [D:\JavaSQL\Java8\apache-tomcat-8.5.24\webapps\matrices8]
18-Apr-2024 18:52:29.781 INFO [localhost-startStop-1] org.apache.jasper.servlet.TldScanner.scanJars At least one JAR was scanned for TLDs yet contained no TLDs. Enable debug logging for this logger for a complete list of JARs that were scanned but no TLDs were found in them. Skipping unneeded JARs during scanning can improve startup time and JSP compilation time.
18-Apr-2024 18:52:29.782 INFO [localhost-startStop-1] org.apache.catalina.startup.HostConfig.deployDirectory Deployment of web application directory [D:\JavaSQL\Java8\apache-tomcat-8.5.24\webapps\matrices8] has finished in [21] ms
18-Apr-2024 18:52:29.782 INFO [localhost-startStop-1] org.apache.catalina.startup.HostConfig.deployDirectory Deploying web application directory [D:\JavaSQL\Java8\apache-tomcat-8.5.24\webapps\TD_E18]
18-Apr-2024 18:52:29.806 INFO [localhost-startStop-1] org.apache.jasper.servlet.TldScanner.scanJars At least one JAR was scanned for TLDs yet contained no TLDs. Enable debug logging for this logger for a complete list of JARs that were scanned but no TLDs were found in them. Skipping unneeded JARs during scanning can improve startup time and JSP compilation time.
18-Apr-2024 18:52:29.807 INFO [localhost-startStop-1] org.apache.catalina.startup.HostConfig.deployDirectory Deployment of web application directory [D:\JavaSQL\Java8\apache-tomcat-8.5.24\webapps\TD_E18] has finished in [25] ms
18-Apr-2024 18:52:29.808 INFO [localhost-startStop-1] org.apache.catalina.startup.HostConfig.deployDirectory Deploying web application directory [D:\JavaSQL\Java8\apache-tomcat-8.5.24\webapps\TB15]
18-Apr-2024 18:52:29.834 INFO [localhost-startStop-1] org.apache.jasper.servlet.TldScanner.scanJars At least one JAR was scanned for TLDs yet contained no TLDs. Enable debug logging for this logger for a complete list of JARs that were scanned but no TLDs were found in them. Skipping unneeded JARs during scanning can improve startup time and JSP compilation time.
18-Apr-2024 18:52:29.836 INFO [localhost-startStop-1] org.apache.catalina.startup.HostConfig.deployDirectory Deployment of web application directory [D:\JavaSQL\Java8\apache-tomcat-8.5.24\webapps\TB15] has finished in [29] ms
18-Apr-2024 18:52:29.836 INFO [localhost-startStop-1] org.apache.catalina.startup.HostConfig.deployDirectory Deploying web application directory [D:\JavaSQL\Java8\apache-tomcat-8.5.24\webapps\S2]
18-Apr-2024 18:52:29.852 INFO [localhost-startStop-1] org.apache.jasper.servlet.TldScanner.scanJars At least one JAR was scanned for TLDs yet contained no TLDs. Enable debug logging for this logger for a complete list of JARs that were scanned but no TLDs were found in them. Skipping unneeded JARs during scanning can improve startup time and JSP compilation time.
18-Apr-2024 18:52:29.854 INFO [localhost-startStop-1] org.apache.catalina.startup.HostConfig.deployDirectory Deployment of web application directory [D:\JavaSQL\Java8\apache-tomcat-8.5.24\webapps\S2] has finished in [18] ms
18-Apr-2024 18:52:29.854 INFO [localhost-startStop-1] org.apache.catalina.startup.HostConfig.deployDirectory Deploying web application directory [D:\JavaSQL\Java8\apache-tomcat-8.5.24\webapps\mock1]
18-Apr-2024 18:52:29.873 INFO [localhost-startStop-1] org.apache.jasper.servlet.TldScanner.scanJars At least one JAR was scanned for TLDs yet contained no TLDs. Enable debug logging for this logger for a complete list of JARs that were scanned but no TLDs were found in them. Skipping unneeded JARs during scanning can improve startup time and JSP compilation time.
18-Apr-2024 18:52:29.875 INFO [localhost-startStop-1] org.apache.catalina.startup.HostConfig.deployDirectory Deployment of web application directory [D:\JavaSQL\Java8\apache-tomcat-8.5.24\webapps\mock1] has finished in [21] ms
18-Apr-2024 18:52:29.876 INFO [localhost-startStop-1] org.apache.catalina.startup.HostConfig.deployDirectory Deploying web application directory [D:\JavaSQL\Java8\apache-tomcat-8.5.24\webapps\mock2]
18-Apr-2024 18:52:29.900 INFO [localhost-startStop-1] org.apache.jasper.servlet.TldScanner.scanJars At least one JAR was scanned for TLDs yet contained no TLDs. Enable debug logging for this logger for a complete list of JARs that were scanned but no TLDs were found in them. Skipping unneeded JARs during scanning can improve startup time and JSP compilation time.
18-Apr-2024 18:52:29.901 INFO [localhost-startStop-1] org.apache.catalina.startup.HostConfig.deployDirectory Deployment of web application directory [D:\JavaSQL\Java8\apache-tomcat-8.5.24\webapps\mock2] has finished in [25] ms
18-Apr-2024 18:52:29.901 INFO [localhost-startStop-1] org.apache.catalina.startup.HostConfig.deployDirectory Deploying web application directory [D:\JavaSQL\Java8\apache-tomcat-8.5.24\webapps\PEB2024]
18-Apr-2024 18:52:29.918 INFO [localhost-startStop-1] org.apache.jasper.servlet.TldScanner.scanJars At least one JAR was scanned for TLDs yet contained no TLDs. Enable debug logging for this logger for a complete list of JARs that were scanned but no TLDs were found in them. Skipping unneeded JARs during scanning can improve startup time and JSP compilation time.
18-Apr-2024 18:52:29.920 INFO [localhost-startStop-1] org.apache.catalina.startup.HostConfig.deployDirectory Deployment of web application directory [D:\JavaSQL\Java8\apache-tomcat-8.5.24\webapps\PEB2024] has finished in [19] ms
18-Apr-2024 18:52:29.920 INFO [localhost-startStop-1] org.apache.catalina.startup.HostConfig.deployDirectory Deploying web application directory [D:\JavaSQL\Java8\apache-tomcat-8.5.24\webapps\Anti2]
18-Apr-2024 18:52:29.939 INFO [localhost-startStop-1] org.apache.jasper.servlet.TldScanner.scanJars At least one JAR was scanned for TLDs yet contained no TLDs. Enable debug logging for this logger for a complete list of JARs that were scanned but no TLDs were found in them. Skipping unneeded JARs during scanning can improve startup time and JSP compilation time.
18-Apr-2024 18:52:29.940 INFO [localhost-startStop-1] org.apache.catalina.startup.HostConfig.deployDirectory Deployment of web application directory [D:\JavaSQL\Java8\apache-tomcat-8.5.24\webapps\Anti2] has finished in [20] ms
18-Apr-2024 18:52:29.940 INFO [localhost-startStop-1] org.apache.catalina.startup.HostConfig.deployDirectory Deploying web application directory [D:\JavaSQL\Java8\apache-tomcat-8.5.24\webapps\Anti1]
18-Apr-2024 18:52:29.964 INFO [localhost-startStop-1] org.apache.jasper.servlet.TldScanner.scanJars At least one JAR was scanned for TLDs yet contained no TLDs. Enable debug logging for this logger for a complete list of JARs that were scanned but no TLDs were found in them. Skipping unneeded JARs during scanning can improve startup time and JSP compilation time.
18-Apr-2024 18:52:29.966 INFO [localhost-startStop-1] org.apache.catalina.startup.HostConfig.deployDirectory Deployment of web application directory [D:\JavaSQL\Java8\apache-tomcat-8.5.24\webapps\Anti1] has finished in [26] ms
18-Apr-2024 18:52:29.966 INFO [localhost-startStop-1] org.apache.catalina.startup.HostConfig.deployDirectory Deploying web application directory [D:\JavaSQL\Java8\apache-tomcat-8.5.24\webapps\TD2024_04_18]
18-Apr-2024 18:52:30.033 INFO [localhost-startStop-1] org.apache.jasper.servlet.TldScanner.scanJars At least one JAR was scanned for TLDs yet contained no TLDs. Enable debug logging for this logger for a complete list of JARs that were scanned but no TLDs were found in them. Skipping unneeded JARs during scanning can improve startup time and JSP compilation time.
18-Apr-2024 18:52:30.035 INFO [localhost-startStop-1] org.apache.catalina.startup.HostConfig.deployDirectory Deployment of web application directory [D:\JavaSQL\Java8\apache-tomcat-8.5.24\webapps\TD2024_04_18] has finished in [69] ms
18-Apr-2024 18:52:30.040 INFO [main] org.apache.coyote.AbstractProtocol.start Starting ProtocolHandler ["http-nio-8082"]
18-Apr-2024 18:52:30.047 INFO [main] org.apache.coyote.AbstractProtocol.start Starting ProtocolHandler ["ajp-nio-8009"]
18-Apr-2024 18:52:30.051 INFO [main] org.apache.catalina.startup.Catalina.start Server startup in 996 ms
18-Apr-2024 18:55:01.650 INFO [main] org.apache.catalina.core.StandardServer.await A valid shutdown command was received via the shutdown port. Stopping the Server instance.
18-Apr-2024 18:55:01.650 INFO [main] org.apache.coyote.AbstractProtocol.pause Pausing ProtocolHandler ["http-nio-8082"]
18-Apr-2024 18:55:01.852 INFO [main] org.apache.coyote.AbstractProtocol.pause Pausing ProtocolHandler ["ajp-nio-8009"]
18-Apr-2024 18:55:02.008 INFO [main] org.apache.catalina.core.StandardService.stopInternal Stopping service [Catalina]
18-Apr-2024 18:55:02.071 INFO [main] org.apache.coyote.AbstractProtocol.stop Stopping ProtocolHandler ["http-nio-8082"]
18-Apr-2024 18:55:02.072 INFO [main] org.apache.coyote.AbstractProtocol.stop Stopping ProtocolHandler ["ajp-nio-8009"]
18-Apr-2024 18:55:02.075 INFO [main] org.apache.coyote.AbstractProtocol.destroy Destroying ProtocolHandler ["http-nio-8082"]
18-Apr-2024 18:55:02.076 INFO [main] org.apache.coyote.AbstractProtocol.destroy Destroying ProtocolHandler ["ajp-nio-8009"]
18-Apr-2024 18:55:16.369 INFO [main] org.apache.catalina.startup.VersionLoggerListener.log Server version:        Apache Tomcat/8.5.24
18-Apr-2024 18:55:16.371 INFO [main] org.apache.catalina.startup.VersionLoggerListener.log Server built:          Nov 27 2017 13:05:30 UTC
18-Apr-2024 18:55:16.371 INFO [main] org.apache.catalina.startup.VersionLoggerListener.log Server number:         8.5.24.0
18-Apr-2024 18:55:16.371 INFO [main] org.apache.catalina.startup.VersionLoggerListener.log OS Name:               Windows 10
18-Apr-2024 18:55:16.371 INFO [main] org.apache.catalina.startup.VersionLoggerListener.log OS Version:            10.0
18-Apr-2024 18:55:16.371 INFO [main] org.apache.catalina.startup.VersionLoggerListener.log Architecture:          x86
18-Apr-2024 18:55:16.372 INFO [main] org.apache.catalina.startup.VersionLoggerListener.log Java Home:             D:\JavaSQL\Java8\jdk1.8.0_131\jre
18-Apr-2024 18:55:16.372 INFO [main] org.apache.catalina.startup.VersionLoggerListener.log JVM Version:           1.8.0_131-b11
18-Apr-2024 18:55:16.372 INFO [main] org.apache.catalina.startup.VersionLoggerListener.log JVM Vendor:            Oracle Corporation
18-Apr-2024 18:55:16.372 INFO [main] org.apache.catalina.startup.VersionLoggerListener.log CATALINA_BASE:         D:\JavaSQL\Java8\apache-tomcat-8.5.24
18-Apr-2024 18:55:16.372 INFO [main] org.apache.catalina.startup.VersionLoggerListener.log CATALINA_HOME:         D:\JavaSQL\Java8\apache-tomcat-8.5.24
18-Apr-2024 18:55:16.373 INFO [main] org.apache.catalina.startup.VersionLoggerListener.log Command line argument: -Djava.util.logging.config.file=D:\JavaSQL\Java8\apache-tomcat-8.5.24\conf\logging.properties
18-Apr-2024 18:55:16.373 INFO [main] org.apache.catalina.startup.VersionLoggerListener.log Command line argument: -Djava.util.logging.manager=org.apache.juli.ClassLoaderLogManager
18-Apr-2024 18:55:16.373 INFO [main] org.apache.catalina.startup.VersionLoggerListener.log Command line argument: -Djdk.tls.ephemeralDHKeySize=2048
18-Apr-2024 18:55:16.373 INFO [main] org.apache.catalina.startup.VersionLoggerListener.log Command line argument: -Djava.protocol.handler.pkgs=org.apache.catalina.webresources
18-Apr-2024 18:55:16.373 INFO [main] org.apache.catalina.startup.VersionLoggerListener.log Command line argument: -Dignore.endorsed.dirs=
18-Apr-2024 18:55:16.373 INFO [main] org.apache.catalina.startup.VersionLoggerListener.log Command line argument: -Dcatalina.base=D:\JavaSQL\Java8\apache-tomcat-8.5.24
18-Apr-2024 18:55:16.374 INFO [main] org.apache.catalina.startup.VersionLoggerListener.log Command line argument: -Dcatalina.home=D:\JavaSQL\Java8\apache-tomcat-8.5.24
18-Apr-2024 18:55:16.374 INFO [main] org.apache.catalina.startup.VersionLoggerListener.log Command line argument: -Djava.io.tmpdir=D:\JavaSQL\Java8\apache-tomcat-8.5.24\temp
18-Apr-2024 18:55:16.375 INFO [main] org.apache.catalina.core.AprLifecycleListener.lifecycleEvent The APR based Apache Tomcat Native library which allows optimal performance in production environments was not found on the java.library.path: [D:\JavaSQL\Java8\jdk1.8.0_131\bin;C:\WINDOWS\Sun\Java\bin;C:\WINDOWS\system32;C:\WINDOWS;D:\JavaSQL\Java8\jdk1.8.0_131\bin;D:\JavaSQL\Java8\jdk1.8.0_131\db\bin;D:\JavaSQL\Java8\squirrelsql-4.0.0-standard;D:\JavaSQL\Java8\apache-tomcat-8.5.24\bin;C:\Program Files\IBM\ILOG\CPLEX_Studio1210\opl\bin\x64_win64;C:\Program Files\IBM\ILOG\CPLEX_Studio1210\opl\oplide\;C:\Program Files\IBM\ILOG\CPLEX_Studio1210\cplex\bin\x64_win64;C:\Program Files\IBM\ILOG\CPLEX_Studio1210\cpoptimizer\bin\x64_win64;C:\Programs\gurobi1001\win64\bin;C:\Program Files (x86)\NVIDIA Corporation\PhysX\Common;C:\Program Files (x86)\VMware\VMware Player\bin\;C:\Program Files\Eclipse Foundation\jdk-16.0.2.7-hotspot\bin;C:\Program Files\Python38\Scripts\;C:\Program Files\Python38\;C:\WINDOWS\system32;C:\WINDOWS;C:\WINDOWS\System32\Wbem;C:\WINDOWS\System32\WindowsPowerShell\v1.0\;C:\WINDOWS\System32\OpenSSH\;C:\Program Files\dotnet\;C:\Program Files\Microsoft SQL Server\130\Tools\Binn\;C:\Program Files (x86)\dotnet\;C:\Program Files\MATLAB\R2023a\runtime\win64;C:\Program Files\MATLAB\R2023a\bin;C:\Program Files\MATLAB\R2019a\bin;C:\Program Files (x86)\National Instruments\Shared\LabVIEW CLI;C:\Program Files (x86)\IVI Foundation\IVI\bin;C:\Program Files\IVI Foundation\IVI\bin;C:\Program Files (x86)\IVI Foundation\VISA\WinNT\Bin\;C:\Program Files\IVI Foundation\VISA\Win64\Bin\;C:\Program Files (x86)\IVI Foundation\VISA\WinNT\Bin;C:\Program Files\Microsoft SQL Server\Client SDK\ODBC\110\Tools\Binn\;C:\Program Files (x86)\Microsoft SQL Server\120\Tools\Binn\;C:\Program Files\Microsoft SQL Server\120\Tools\Binn\;C:\Program Files\Microsoft SQL Server\120\DTS\Binn\;C:\Program Files (x86)\Windows Kits\8.1\Windows Performance Toolkit\;C:\Program Files\Git\cmd;C:\Program Files\PuTTY\;C:\Program Files\Microsoft VS Code\bin;C:\Program Files\MiKTeX\miktex\bin\x64\;C:\Users\aerrigochan\AppData\Local\Microsoft\WindowsApps;;.]
18-Apr-2024 18:55:16.452 INFO [main] org.apache.coyote.AbstractProtocol.init Initializing ProtocolHandler ["http-nio-8082"]
18-Apr-2024 18:55:21.499 INFO [main] org.apache.tomcat.util.net.NioSelectorPool.getSharedSelector Using a shared selector for servlet write/read
18-Apr-2024 18:55:21.504 INFO [main] org.apache.coyote.AbstractProtocol.init Initializing ProtocolHandler ["ajp-nio-8009"]
18-Apr-2024 18:55:21.506 INFO [main] org.apache.tomcat.util.net.NioSelectorPool.getSharedSelector Using a shared selector for servlet write/read
18-Apr-2024 18:55:21.507 INFO [main] org.apache.catalina.startup.Catalina.load Initialization processed in 5370 ms
18-Apr-2024 18:55:21.532 INFO [main] org.apache.catalina.core.StandardService.startInternal Starting service [Catalina]
18-Apr-2024 18:55:21.532 INFO [main] org.apache.catalina.core.StandardEngine.startInternal Starting Servlet Engine: Apache Tomcat/8.5.24
18-Apr-2024 18:55:21.539 INFO [localhost-startStop-1] org.apache.catalina.startup.HostConfig.deployDirectory Deploying web application directory [D:\JavaSQL\Java8\apache-tomcat-8.5.24\webapps\docs]
18-Apr-2024 18:55:21.746 INFO [localhost-startStop-1] org.apache.jasper.servlet.TldScanner.scanJars At least one JAR was scanned for TLDs yet contained no TLDs. Enable debug logging for this logger for a complete list of JARs that were scanned but no TLDs were found in them. Skipping unneeded JARs during scanning can improve startup time and JSP compilation time.
18-Apr-2024 18:55:21.786 INFO [localhost-startStop-1] org.apache.catalina.startup.HostConfig.deployDirectory Deployment of web application directory [D:\JavaSQL\Java8\apache-tomcat-8.5.24\webapps\docs] has finished in [246] ms
18-Apr-2024 18:55:21.786 INFO [localhost-startStop-1] org.apache.catalina.startup.HostConfig.deployDirectory Deploying web application directory [D:\JavaSQL\Java8\apache-tomcat-8.5.24\webapps\examples]
18-Apr-2024 18:55:21.990 INFO [localhost-startStop-1] org.apache.jasper.servlet.TldScanner.scanJars At least one JAR was scanned for TLDs yet contained no TLDs. Enable debug logging for this logger for a complete list of JARs that were scanned but no TLDs were found in them. Skipping unneeded JARs during scanning can improve startup time and JSP compilation time.
18-Apr-2024 18:55:22.023 INFO [localhost-startStop-1] org.apache.catalina.startup.HostConfig.deployDirectory Deployment of web application directory [D:\JavaSQL\Java8\apache-tomcat-8.5.24\webapps\examples] has finished in [237] ms
18-Apr-2024 18:55:22.023 INFO [localhost-startStop-1] org.apache.catalina.startup.HostConfig.deployDirectory Deploying web application directory [D:\JavaSQL\Java8\apache-tomcat-8.5.24\webapps\host-manager]
18-Apr-2024 18:55:22.058 INFO [localhost-startStop-1] org.apache.jasper.servlet.TldScanner.scanJars At least one JAR was scanned for TLDs yet contained no TLDs. Enable debug logging for this logger for a complete list of JARs that were scanned but no TLDs were found in them. Skipping unneeded JARs during scanning can improve startup time and JSP compilation time.
18-Apr-2024 18:55:22.061 INFO [localhost-startStop-1] org.apache.catalina.startup.HostConfig.deployDirectory Deployment of web application directory [D:\JavaSQL\Java8\apache-tomcat-8.5.24\webapps\host-manager] has finished in [38] ms
18-Apr-2024 18:55:22.061 INFO [localhost-startStop-1] org.apache.catalina.startup.HostConfig.deployDirectory Deploying web application directory [D:\JavaSQL\Java8\apache-tomcat-8.5.24\webapps\ROOT]
18-Apr-2024 18:55:22.077 INFO [localhost-startStop-1] org.apache.jasper.servlet.TldScanner.scanJars At least one JAR was scanned for TLDs yet contained no TLDs. Enable debug logging for this logger for a complete list of JARs that were scanned but no TLDs were found in them. Skipping unneeded JARs during scanning can improve startup time and JSP compilation time.
18-Apr-2024 18:55:22.078 INFO [localhost-startStop-1] org.apache.catalina.startup.HostConfig.deployDirectory Deployment of web application directory [D:\JavaSQL\Java8\apache-tomcat-8.5.24\webapps\ROOT] has finished in [17] ms
18-Apr-2024 18:55:22.078 INFO [localhost-startStop-1] org.apache.catalina.startup.HostConfig.deployDirectory Deploying web application directory [D:\JavaSQL\Java8\apache-tomcat-8.5.24\webapps\SQLServer]
18-Apr-2024 18:55:22.100 INFO [localhost-startStop-1] org.apache.jasper.servlet.TldScanner.scanJars At least one JAR was scanned for TLDs yet contained no TLDs. Enable debug logging for this logger for a complete list of JARs that were scanned but no TLDs were found in them. Skipping unneeded JARs during scanning can improve startup time and JSP compilation time.
18-Apr-2024 18:55:22.103 INFO [localhost-startStop-1] org.apache.catalina.startup.HostConfig.deployDirectory Deployment of web application directory [D:\JavaSQL\Java8\apache-tomcat-8.5.24\webapps\SQLServer] has finished in [25] ms
18-Apr-2024 18:55:22.103 INFO [localhost-startStop-1] org.apache.catalina.startup.HostConfig.deployDirectory Deploying web application directory [D:\JavaSQL\Java8\apache-tomcat-8.5.24\webapps\Servlet1]
18-Apr-2024 18:55:22.124 INFO [localhost-startStop-1] org.apache.jasper.servlet.TldScanner.scanJars At least one JAR was scanned for TLDs yet contained no TLDs. Enable debug logging for this logger for a complete list of JARs that were scanned but no TLDs were found in them. Skipping unneeded JARs during scanning can improve startup time and JSP compilation time.
18-Apr-2024 18:55:22.126 INFO [localhost-startStop-1] org.apache.catalina.startup.HostConfig.deployDirectory Deployment of web application directory [D:\JavaSQL\Java8\apache-tomcat-8.5.24\webapps\Servlet1] has finished in [23] ms
18-Apr-2024 18:55:22.127 INFO [localhost-startStop-1] org.apache.catalina.startup.HostConfig.deployDirectory Deploying web application directory [D:\JavaSQL\Java8\apache-tomcat-8.5.24\webapps\Servlet2]
18-Apr-2024 18:55:22.151 INFO [localhost-startStop-1] org.apache.jasper.servlet.TldScanner.scanJars At least one JAR was scanned for TLDs yet contained no TLDs. Enable debug logging for this logger for a complete list of JARs that were scanned but no TLDs were found in them. Skipping unneeded JARs during scanning can improve startup time and JSP compilation time.
18-Apr-2024 18:55:22.152 INFO [localhost-startStop-1] org.apache.catalina.startup.HostConfig.deployDirectory Deployment of web application directory [D:\JavaSQL\Java8\apache-tomcat-8.5.24\webapps\Servlet2] has finished in [25] ms
18-Apr-2024 18:55:22.153 INFO [localhost-startStop-1] org.apache.catalina.startup.HostConfig.deployDirectory Deploying web application directory [D:\JavaSQL\Java8\apache-tomcat-8.5.24\webapps\Servlet3]
18-Apr-2024 18:55:22.171 INFO [localhost-startStop-1] org.apache.jasper.servlet.TldScanner.scanJars At least one JAR was scanned for TLDs yet contained no TLDs. Enable debug logging for this logger for a complete list of JARs that were scanned but no TLDs were found in them. Skipping unneeded JARs during scanning can improve startup time and JSP compilation time.
18-Apr-2024 18:55:22.173 INFO [localhost-startStop-1] org.apache.catalina.startup.HostConfig.deployDirectory Deployment of web application directory [D:\JavaSQL\Java8\apache-tomcat-8.5.24\webapps\Servlet3] has finished in [21] ms
18-Apr-2024 18:55:22.173 INFO [localhost-startStop-1] org.apache.catalina.startup.HostConfig.deployDirectory Deploying web application directory [D:\JavaSQL\Java8\apache-tomcat-8.5.24\webapps\Servlet4]
18-Apr-2024 18:55:22.201 INFO [localhost-startStop-1] org.apache.jasper.servlet.TldScanner.scanJars At least one JAR was scanned for TLDs yet contained no TLDs. Enable debug logging for this logger for a complete list of JARs that were scanned but no TLDs were found in them. Skipping unneeded JARs during scanning can improve startup time and JSP compilation time.
18-Apr-2024 18:55:22.204 INFO [localhost-startStop-1] org.apache.catalina.startup.HostConfig.deployDirectory Deployment of web application directory [D:\JavaSQL\Java8\apache-tomcat-8.5.24\webapps\Servlet4] has finished in [31] ms
18-Apr-2024 18:55:22.204 INFO [localhost-startStop-1] org.apache.catalina.startup.HostConfig.deployDirectory Deploying web application directory [D:\JavaSQL\Java8\apache-tomcat-8.5.24\webapps\Pract8]
18-Apr-2024 18:55:22.225 INFO [localhost-startStop-1] org.apache.jasper.servlet.TldScanner.scanJars At least one JAR was scanned for TLDs yet contained no TLDs. Enable debug logging for this logger for a complete list of JARs that were scanned but no TLDs were found in them. Skipping unneeded JARs during scanning can improve startup time and JSP compilation time.
18-Apr-2024 18:55:22.227 INFO [localhost-startStop-1] org.apache.catalina.startup.HostConfig.deployDirectory Deployment of web application directory [D:\JavaSQL\Java8\apache-tomcat-8.5.24\webapps\Pract8] has finished in [23] ms
18-Apr-2024 18:55:22.230 INFO [localhost-startStop-1] org.apache.catalina.startup.HostConfig.deployDirectory Deploying web application directory [D:\JavaSQL\Java8\apache-tomcat-8.5.24\webapps\Entrega]
18-Apr-2024 18:55:22.251 INFO [localhost-startStop-1] org.apache.jasper.servlet.TldScanner.scanJars At least one JAR was scanned for TLDs yet contained no TLDs. Enable debug logging for this logger for a complete list of JARs that were scanned but no TLDs were found in them. Skipping unneeded JARs during scanning can improve startup time and JSP compilation time.
18-Apr-2024 18:55:22.253 INFO [localhost-startStop-1] org.apache.catalina.startup.HostConfig.deployDirectory Deployment of web application directory [D:\JavaSQL\Java8\apache-tomcat-8.5.24\webapps\Entrega] has finished in [26] ms
18-Apr-2024 18:55:22.253 INFO [localhost-startStop-1] org.apache.catalina.startup.HostConfig.deployDirectory Deploying web application directory [D:\JavaSQL\Java8\apache-tomcat-8.5.24\webapps\matrices8]
18-Apr-2024 18:55:22.277 INFO [localhost-startStop-1] org.apache.jasper.servlet.TldScanner.scanJars At least one JAR was scanned for TLDs yet contained no TLDs. Enable debug logging for this logger for a complete list of JARs that were scanned but no TLDs were found in them. Skipping unneeded JARs during scanning can improve startup time and JSP compilation time.
18-Apr-2024 18:55:22.280 INFO [localhost-startStop-1] org.apache.catalina.startup.HostConfig.deployDirectory Deployment of web application directory [D:\JavaSQL\Java8\apache-tomcat-8.5.24\webapps\matrices8] has finished in [26] ms
18-Apr-2024 18:55:22.280 INFO [localhost-startStop-1] org.apache.catalina.startup.HostConfig.deployDirectory Deploying web application directory [D:\JavaSQL\Java8\apache-tomcat-8.5.24\webapps\TD_E18]
18-Apr-2024 18:55:22.306 INFO [localhost-startStop-1] org.apache.jasper.servlet.TldScanner.scanJars At least one JAR was scanned for TLDs yet contained no TLDs. Enable debug logging for this logger for a complete list of JARs that were scanned but no TLDs were found in them. Skipping unneeded JARs during scanning can improve startup time and JSP compilation time.
18-Apr-2024 18:55:22.309 INFO [localhost-startStop-1] org.apache.catalina.startup.HostConfig.deployDirectory Deployment of web application directory [D:\JavaSQL\Java8\apache-tomcat-8.5.24\webapps\TD_E18] has finished in [29] ms
18-Apr-2024 18:55:22.309 INFO [localhost-startStop-1] org.apache.catalina.startup.HostConfig.deployDirectory Deploying web application directory [D:\JavaSQL\Java8\apache-tomcat-8.5.24\webapps\TB15]
18-Apr-2024 18:55:22.337 INFO [localhost-startStop-1] org.apache.jasper.servlet.TldScanner.scanJars At least one JAR was scanned for TLDs yet contained no TLDs. Enable debug logging for this logger for a complete list of JARs that were scanned but no TLDs were found in them. Skipping unneeded JARs during scanning can improve startup time and JSP compilation time.
18-Apr-2024 18:55:22.339 INFO [localhost-startStop-1] org.apache.catalina.startup.HostConfig.deployDirectory Deployment of web application directory [D:\JavaSQL\Java8\apache-tomcat-8.5.24\webapps\TB15] has finished in [30] ms
18-Apr-2024 18:55:22.339 INFO [localhost-startStop-1] org.apache.catalina.startup.HostConfig.deployDirectory Deploying web application directory [D:\JavaSQL\Java8\apache-tomcat-8.5.24\webapps\S2]
18-Apr-2024 18:55:22.360 INFO [localhost-startStop-1] org.apache.jasper.servlet.TldScanner.scanJars At least one JAR was scanned for TLDs yet contained no TLDs. Enable debug logging for this logger for a complete list of JARs that were scanned but no TLDs were found in them. Skipping unneeded JARs during scanning can improve startup time and JSP compilation time.
18-Apr-2024 18:55:22.362 INFO [localhost-startStop-1] org.apache.catalina.startup.HostConfig.deployDirectory Deployment of web application directory [D:\JavaSQL\Java8\apache-tomcat-8.5.24\webapps\S2] has finished in [23] ms
18-Apr-2024 18:55:22.362 INFO [localhost-startStop-1] org.apache.catalina.startup.HostConfig.deployDirectory Deploying web application directory [D:\JavaSQL\Java8\apache-tomcat-8.5.24\webapps\mock1]
18-Apr-2024 18:55:22.384 INFO [localhost-startStop-1] org.apache.jasper.servlet.TldScanner.scanJars At least one JAR was scanned for TLDs yet contained no TLDs. Enable debug logging for this logger for a complete list of JARs that were scanned but no TLDs were found in them. Skipping unneeded JARs during scanning can improve startup time and JSP compilation time.
18-Apr-2024 18:55:22.386 INFO [localhost-startStop-1] org.apache.catalina.startup.HostConfig.deployDirectory Deployment of web application directory [D:\JavaSQL\Java8\apache-tomcat-8.5.24\webapps\mock1] has finished in [24] ms
18-Apr-2024 18:55:22.386 INFO [localhost-startStop-1] org.apache.catalina.startup.HostConfig.deployDirectory Deploying web application directory [D:\JavaSQL\Java8\apache-tomcat-8.5.24\webapps\mock2]
18-Apr-2024 18:55:22.412 INFO [localhost-startStop-1] org.apache.jasper.servlet.TldScanner.scanJars At least one JAR was scanned for TLDs yet contained no TLDs. Enable debug logging for this logger for a complete list of JARs that were scanned but no TLDs were found in them. Skipping unneeded JARs during scanning can improve startup time and JSP compilation time.
18-Apr-2024 18:55:22.414 INFO [localhost-startStop-1] org.apache.catalina.startup.HostConfig.deployDirectory Deployment of web application directory [D:\JavaSQL\Java8\apache-tomcat-8.5.24\webapps\mock2] has finished in [28] ms
18-Apr-2024 18:55:22.414 INFO [localhost-startStop-1] org.apache.catalina.startup.HostConfig.deployDirectory Deploying web application directory [D:\JavaSQL\Java8\apache-tomcat-8.5.24\webapps\PEB2024]
18-Apr-2024 18:55:22.434 INFO [localhost-startStop-1] org.apache.jasper.servlet.TldScanner.scanJars At least one JAR was scanned for TLDs yet contained no TLDs. Enable debug logging for this logger for a complete list of JARs that were scanned but no TLDs were found in them. Skipping unneeded JARs during scanning can improve startup time and JSP compilation time.
18-Apr-2024 18:55:22.435 INFO [localhost-startStop-1] org.apache.catalina.startup.HostConfig.deployDirectory Deployment of web application directory [D:\JavaSQL\Java8\apache-tomcat-8.5.24\webapps\PEB2024] has finished in [21] ms
18-Apr-2024 18:55:22.435 INFO [localhost-startStop-1] org.apache.catalina.startup.HostConfig.deployDirectory Deploying web application directory [D:\JavaSQL\Java8\apache-tomcat-8.5.24\webapps\Anti2]
18-Apr-2024 18:55:22.456 INFO [localhost-startStop-1] org.apache.jasper.servlet.TldScanner.scanJars At least one JAR was scanned for TLDs yet contained no TLDs. Enable debug logging for this logger for a complete list of JARs that were scanned but no TLDs were found in them. Skipping unneeded JARs during scanning can improve startup time and JSP compilation time.
18-Apr-2024 18:55:22.458 INFO [localhost-startStop-1] org.apache.catalina.startup.HostConfig.deployDirectory Deployment of web application directory [D:\JavaSQL\Java8\apache-tomcat-8.5.24\webapps\Anti2] has finished in [23] ms
18-Apr-2024 18:55:22.458 INFO [localhost-startStop-1] org.apache.catalina.startup.HostConfig.deployDirectory Deploying web application directory [D:\JavaSQL\Java8\apache-tomcat-8.5.24\webapps\Anti1]
18-Apr-2024 18:55:22.480 INFO [localhost-startStop-1] org.apache.jasper.servlet.TldScanner.scanJars At least one JAR was scanned for TLDs yet contained no TLDs. Enable debug logging for this logger for a complete list of JARs that were scanned but no TLDs were found in them. Skipping unneeded JARs during scanning can improve startup time and JSP compilation time.
18-Apr-2024 18:55:22.481 INFO [localhost-startStop-1] org.apache.catalina.startup.HostConfig.deployDirectory Deployment of web application directory [D:\JavaSQL\Java8\apache-tomcat-8.5.24\webapps\Anti1] has finished in [23] ms
18-Apr-2024 18:55:22.482 INFO [localhost-startStop-1] org.apache.catalina.startup.HostConfig.deployDirectory Deploying web application directory [D:\JavaSQL\Java8\apache-tomcat-8.5.24\webapps\TD2024_04_18]
18-Apr-2024 18:55:22.528 INFO [localhost-startStop-1] org.apache.jasper.servlet.TldScanner.scanJars At least one JAR was scanned for TLDs yet contained no TLDs. Enable debug logging for this logger for a complete list of JARs that were scanned but no TLDs were found in them. Skipping unneeded JARs during scanning can improve startup time and JSP compilation time.
18-Apr-2024 18:55:22.530 INFO [localhost-startStop-1] org.apache.catalina.startup.HostConfig.deployDirectory Deployment of web application directory [D:\JavaSQL\Java8\apache-tomcat-8.5.24\webapps\TD2024_04_18] has finished in [49] ms
18-Apr-2024 18:55:22.535 INFO [main] org.apache.coyote.AbstractProtocol.start Starting ProtocolHandler ["http-nio-8082"]
18-Apr-2024 18:55:22.543 INFO [main] org.apache.coyote.AbstractProtocol.start Starting ProtocolHandler ["ajp-nio-8009"]
18-Apr-2024 18:55:22.546 INFO [main] org.apache.catalina.startup.Catalina.start Server startup in 1038 ms
18-Apr-2024 19:13:54.305 INFO [main] org.apache.catalina.core.StandardServer.await A valid shutdown command was received via the shutdown port. Stopping the Server instance.
18-Apr-2024 19:13:54.305 INFO [main] org.apache.coyote.AbstractProtocol.pause Pausing ProtocolHandler ["http-nio-8082"]
18-Apr-2024 19:13:54.499 INFO [main] org.apache.coyote.AbstractProtocol.pause Pausing ProtocolHandler ["ajp-nio-8009"]
18-Apr-2024 19:13:54.659 INFO [main] org.apache.catalina.core.StandardService.stopInternal Stopping service [Catalina]
18-Apr-2024 19:13:54.717 INFO [main] org.apache.coyote.AbstractProtocol.stop Stopping ProtocolHandler ["http-nio-8082"]
18-Apr-2024 19:13:54.719 INFO [main] org.apache.coyote.AbstractProtocol.stop Stopping ProtocolHandler ["ajp-nio-8009"]
18-Apr-2024 19:13:54.721 INFO [main] org.apache.coyote.AbstractProtocol.destroy Destroying ProtocolHandler ["http-nio-8082"]
18-Apr-2024 19:13:54.722 INFO [main] org.apache.coyote.AbstractProtocol.destroy Destroying ProtocolHandler ["ajp-nio-8009"]
