11-Apr-2024 00:09:48.892 INFO [main] org.apache.catalina.startup.VersionLoggerListener.log Server version:        Apache Tomcat/8.5.24
11-Apr-2024 00:09:48.923 INFO [main] org.apache.catalina.startup.VersionLoggerListener.log Server built:          Nov 27 2017 13:05:30 UTC
11-Apr-2024 00:09:48.923 INFO [main] org.apache.catalina.startup.VersionLoggerListener.log Server number:         8.5.24.0
11-Apr-2024 00:09:48.923 INFO [main] org.apache.catalina.startup.VersionLoggerListener.log OS Name:               Windows 10
11-Apr-2024 00:09:48.923 INFO [main] org.apache.catalina.startup.VersionLoggerListener.log OS Version:            10.0
11-Apr-2024 00:09:48.923 INFO [main] org.apache.catalina.startup.VersionLoggerListener.log Architecture:          x86
11-Apr-2024 00:09:48.923 INFO [main] org.apache.catalina.startup.VersionLoggerListener.log Java Home:             D:\JavaSQL\Java8\jdk1.8.0_131\jre
11-Apr-2024 00:09:48.923 INFO [main] org.apache.catalina.startup.VersionLoggerListener.log JVM Version:           1.8.0_131-b11
11-Apr-2024 00:09:48.923 INFO [main] org.apache.catalina.startup.VersionLoggerListener.log JVM Vendor:            Oracle Corporation
11-Apr-2024 00:09:48.923 INFO [main] org.apache.catalina.startup.VersionLoggerListener.log CATALINA_BASE:         D:\JavaSQL\Java8\apache-tomcat-8.5.24
11-Apr-2024 00:09:48.923 INFO [main] org.apache.catalina.startup.VersionLoggerListener.log CATALINA_HOME:         D:\JavaSQL\Java8\apache-tomcat-8.5.24
11-Apr-2024 00:09:48.923 INFO [main] org.apache.catalina.startup.VersionLoggerListener.log Command line argument: -Djava.util.logging.config.file=D:\JavaSQL\Java8\apache-tomcat-8.5.24\conf\logging.properties
11-Apr-2024 00:09:48.923 INFO [main] org.apache.catalina.startup.VersionLoggerListener.log Command line argument: -Djava.util.logging.manager=org.apache.juli.ClassLoaderLogManager
11-Apr-2024 00:09:48.923 INFO [main] org.apache.catalina.startup.VersionLoggerListener.log Command line argument: -Djdk.tls.ephemeralDHKeySize=2048
11-Apr-2024 00:09:48.923 INFO [main] org.apache.catalina.startup.VersionLoggerListener.log Command line argument: -Djava.protocol.handler.pkgs=org.apache.catalina.webresources
11-Apr-2024 00:09:48.923 INFO [main] org.apache.catalina.startup.VersionLoggerListener.log Command line argument: -Dignore.endorsed.dirs=
11-Apr-2024 00:09:48.923 INFO [main] org.apache.catalina.startup.VersionLoggerListener.log Command line argument: -Dcatalina.base=D:\JavaSQL\Java8\apache-tomcat-8.5.24
11-Apr-2024 00:09:48.923 INFO [main] org.apache.catalina.startup.VersionLoggerListener.log Command line argument: -Dcatalina.home=D:\JavaSQL\Java8\apache-tomcat-8.5.24
11-Apr-2024 00:09:48.930 INFO [main] org.apache.catalina.startup.VersionLoggerListener.log Command line argument: -Djava.io.tmpdir=D:\JavaSQL\Java8\apache-tomcat-8.5.24\temp
11-Apr-2024 00:09:48.930 INFO [main] org.apache.catalina.core.AprLifecycleListener.lifecycleEvent The APR based Apache Tomcat Native library which allows optimal performance in production environments was not found on the java.library.path: [D:\JavaSQL\Java8\jdk1.8.0_131\bin;C:\WINDOWS\Sun\Java\bin;C:\WINDOWS\system32;C:\WINDOWS;D:\JavaSQL\Java8\jdk1.8.0_131\bin;D:\JavaSQL\Java8\jdk1.8.0_131\db\bin;D:\JavaSQL\Java8\squirrelsql-4.0.0-standard;D:\JavaSQL\Java8\apache-tomcat-8.5.24\bin;C:\WINDOWS\system32;C:\WINDOWS;C:\WINDOWS\System32\Wbem;C:\WINDOWS\System32\WindowsPowerShell\v1.0\;C:\WINDOWS\System32\OpenSSH\;C:\Program Files\dotnet\;C:\Users\Aldoa\Desktop\Infor\bin;C:\Users\Aldoa\AppData\Local\Microsoft\WindowsApps;;.]
11-Apr-2024 00:09:50.101 INFO [main] org.apache.coyote.AbstractProtocol.init Initializing ProtocolHandler ["http-nio-8082"]
11-Apr-2024 00:09:51.183 INFO [main] org.apache.tomcat.util.net.NioSelectorPool.getSharedSelector Using a shared selector for servlet write/read
11-Apr-2024 00:09:51.215 INFO [main] org.apache.coyote.AbstractProtocol.init Initializing ProtocolHandler ["ajp-nio-8009"]
11-Apr-2024 00:09:51.220 INFO [main] org.apache.tomcat.util.net.NioSelectorPool.getSharedSelector Using a shared selector for servlet write/read
11-Apr-2024 00:09:51.220 INFO [main] org.apache.catalina.startup.Catalina.load Initialization processed in 5183 ms
11-Apr-2024 00:09:51.388 INFO [main] org.apache.catalina.core.StandardService.startInternal Starting service [Catalina]
11-Apr-2024 00:09:51.388 INFO [main] org.apache.catalina.core.StandardEngine.startInternal Starting Servlet Engine: Apache Tomcat/8.5.24
11-Apr-2024 00:09:51.458 INFO [localhost-startStop-1] org.apache.catalina.startup.HostConfig.deployDirectory Deploying web application directory [D:\JavaSQL\Java8\apache-tomcat-8.5.24\webapps\docs]
11-Apr-2024 00:09:53.063 INFO [localhost-startStop-1] org.apache.jasper.servlet.TldScanner.scanJars At least one JAR was scanned for TLDs yet contained no TLDs. Enable debug logging for this logger for a complete list of JARs that were scanned but no TLDs were found in them. Skipping unneeded JARs during scanning can improve startup time and JSP compilation time.
11-Apr-2024 00:09:53.323 INFO [localhost-startStop-1] org.apache.catalina.startup.HostConfig.deployDirectory Deployment of web application directory [D:\JavaSQL\Java8\apache-tomcat-8.5.24\webapps\docs] has finished in [1,865] ms
11-Apr-2024 00:09:53.323 INFO [localhost-startStop-1] org.apache.catalina.startup.HostConfig.deployDirectory Deploying web application directory [D:\JavaSQL\Java8\apache-tomcat-8.5.24\webapps\examples]
11-Apr-2024 00:09:56.982 INFO [localhost-startStop-1] org.apache.jasper.servlet.TldScanner.scanJars At least one JAR was scanned for TLDs yet contained no TLDs. Enable debug logging for this logger for a complete list of JARs that were scanned but no TLDs were found in them. Skipping unneeded JARs during scanning can improve startup time and JSP compilation time.
11-Apr-2024 00:09:57.069 INFO [localhost-startStop-1] org.apache.catalina.startup.HostConfig.deployDirectory Deployment of web application directory [D:\JavaSQL\Java8\apache-tomcat-8.5.24\webapps\examples] has finished in [3,746] ms
11-Apr-2024 00:09:57.069 INFO [localhost-startStop-1] org.apache.catalina.startup.HostConfig.deployDirectory Deploying web application directory [D:\JavaSQL\Java8\apache-tomcat-8.5.24\webapps\host-manager]
11-Apr-2024 00:09:57.206 INFO [localhost-startStop-1] org.apache.jasper.servlet.TldScanner.scanJars At least one JAR was scanned for TLDs yet contained no TLDs. Enable debug logging for this logger for a complete list of JARs that were scanned but no TLDs were found in them. Skipping unneeded JARs during scanning can improve startup time and JSP compilation time.
11-Apr-2024 00:09:57.221 INFO [localhost-startStop-1] org.apache.catalina.startup.HostConfig.deployDirectory Deployment of web application directory [D:\JavaSQL\Java8\apache-tomcat-8.5.24\webapps\host-manager] has finished in [152] ms
11-Apr-2024 00:09:57.221 INFO [localhost-startStop-1] org.apache.catalina.startup.HostConfig.deployDirectory Deploying web application directory [D:\JavaSQL\Java8\apache-tomcat-8.5.24\webapps\ROOT]
11-Apr-2024 00:09:57.285 INFO [localhost-startStop-1] org.apache.jasper.servlet.TldScanner.scanJars At least one JAR was scanned for TLDs yet contained no TLDs. Enable debug logging for this logger for a complete list of JARs that were scanned but no TLDs were found in them. Skipping unneeded JARs during scanning can improve startup time and JSP compilation time.
11-Apr-2024 00:09:57.285 INFO [localhost-startStop-1] org.apache.catalina.startup.HostConfig.deployDirectory Deployment of web application directory [D:\JavaSQL\Java8\apache-tomcat-8.5.24\webapps\ROOT] has finished in [64] ms
11-Apr-2024 00:09:57.285 INFO [localhost-startStop-1] org.apache.catalina.startup.HostConfig.deployDirectory Deploying web application directory [D:\JavaSQL\Java8\apache-tomcat-8.5.24\webapps\SQLServer]
11-Apr-2024 00:09:57.426 INFO [localhost-startStop-1] org.apache.jasper.servlet.TldScanner.scanJars At least one JAR was scanned for TLDs yet contained no TLDs. Enable debug logging for this logger for a complete list of JARs that were scanned but no TLDs were found in them. Skipping unneeded JARs during scanning can improve startup time and JSP compilation time.
11-Apr-2024 00:09:57.474 INFO [localhost-startStop-1] org.apache.catalina.startup.HostConfig.deployDirectory Deployment of web application directory [D:\JavaSQL\Java8\apache-tomcat-8.5.24\webapps\SQLServer] has finished in [189] ms
11-Apr-2024 00:09:57.474 INFO [localhost-startStop-1] org.apache.catalina.startup.HostConfig.deployDirectory Deploying web application directory [D:\JavaSQL\Java8\apache-tomcat-8.5.24\webapps\Servlet1]
11-Apr-2024 00:09:57.585 INFO [localhost-startStop-1] org.apache.jasper.servlet.TldScanner.scanJars At least one JAR was scanned for TLDs yet contained no TLDs. Enable debug logging for this logger for a complete list of JARs that were scanned but no TLDs were found in them. Skipping unneeded JARs during scanning can improve startup time and JSP compilation time.
11-Apr-2024 00:09:57.600 INFO [localhost-startStop-1] org.apache.catalina.startup.HostConfig.deployDirectory Deployment of web application directory [D:\JavaSQL\Java8\apache-tomcat-8.5.24\webapps\Servlet1] has finished in [126] ms
11-Apr-2024 00:09:57.600 INFO [localhost-startStop-1] org.apache.catalina.startup.HostConfig.deployDirectory Deploying web application directory [D:\JavaSQL\Java8\apache-tomcat-8.5.24\webapps\Servlet2]
11-Apr-2024 00:09:57.711 INFO [localhost-startStop-1] org.apache.jasper.servlet.TldScanner.scanJars At least one JAR was scanned for TLDs yet contained no TLDs. Enable debug logging for this logger for a complete list of JARs that were scanned but no TLDs were found in them. Skipping unneeded JARs during scanning can improve startup time and JSP compilation time.
11-Apr-2024 00:09:57.726 INFO [localhost-startStop-1] org.apache.catalina.startup.HostConfig.deployDirectory Deployment of web application directory [D:\JavaSQL\Java8\apache-tomcat-8.5.24\webapps\Servlet2] has finished in [126] ms
11-Apr-2024 00:09:57.726 INFO [localhost-startStop-1] org.apache.catalina.startup.HostConfig.deployDirectory Deploying web application directory [D:\JavaSQL\Java8\apache-tomcat-8.5.24\webapps\Servlet3]
11-Apr-2024 00:09:57.852 INFO [localhost-startStop-1] org.apache.jasper.servlet.TldScanner.scanJars At least one JAR was scanned for TLDs yet contained no TLDs. Enable debug logging for this logger for a complete list of JARs that were scanned but no TLDs were found in them. Skipping unneeded JARs during scanning can improve startup time and JSP compilation time.
11-Apr-2024 00:09:57.852 INFO [localhost-startStop-1] org.apache.catalina.startup.HostConfig.deployDirectory Deployment of web application directory [D:\JavaSQL\Java8\apache-tomcat-8.5.24\webapps\Servlet3] has finished in [126] ms
11-Apr-2024 00:09:57.852 INFO [localhost-startStop-1] org.apache.catalina.startup.HostConfig.deployDirectory Deploying web application directory [D:\JavaSQL\Java8\apache-tomcat-8.5.24\webapps\Servlet4]
11-Apr-2024 00:09:57.971 INFO [localhost-startStop-1] org.apache.jasper.servlet.TldScanner.scanJars At least one JAR was scanned for TLDs yet contained no TLDs. Enable debug logging for this logger for a complete list of JARs that were scanned but no TLDs were found in them. Skipping unneeded JARs during scanning can improve startup time and JSP compilation time.
11-Apr-2024 00:09:57.979 INFO [localhost-startStop-1] org.apache.catalina.startup.HostConfig.deployDirectory Deployment of web application directory [D:\JavaSQL\Java8\apache-tomcat-8.5.24\webapps\Servlet4] has finished in [119] ms
11-Apr-2024 00:09:57.979 INFO [localhost-startStop-1] org.apache.catalina.startup.HostConfig.deployDirectory Deploying web application directory [D:\JavaSQL\Java8\apache-tomcat-8.5.24\webapps\Pract8]
11-Apr-2024 00:09:58.151 INFO [localhost-startStop-1] org.apache.jasper.servlet.TldScanner.scanJars At least one JAR was scanned for TLDs yet contained no TLDs. Enable debug logging for this logger for a complete list of JARs that were scanned but no TLDs were found in them. Skipping unneeded JARs during scanning can improve startup time and JSP compilation time.
11-Apr-2024 00:09:58.157 INFO [localhost-startStop-1] org.apache.catalina.startup.HostConfig.deployDirectory Deployment of web application directory [D:\JavaSQL\Java8\apache-tomcat-8.5.24\webapps\Pract8] has finished in [178] ms
11-Apr-2024 00:09:58.157 INFO [localhost-startStop-1] org.apache.catalina.startup.HostConfig.deployDirectory Deploying web application directory [D:\JavaSQL\Java8\apache-tomcat-8.5.24\webapps\Entrega]
11-Apr-2024 00:09:58.246 INFO [localhost-startStop-1] org.apache.jasper.servlet.TldScanner.scanJars At least one JAR was scanned for TLDs yet contained no TLDs. Enable debug logging for this logger for a complete list of JARs that were scanned but no TLDs were found in them. Skipping unneeded JARs during scanning can improve startup time and JSP compilation time.
11-Apr-2024 00:09:58.246 INFO [localhost-startStop-1] org.apache.catalina.startup.HostConfig.deployDirectory Deployment of web application directory [D:\JavaSQL\Java8\apache-tomcat-8.5.24\webapps\Entrega] has finished in [89] ms
11-Apr-2024 00:09:58.246 INFO [localhost-startStop-1] org.apache.catalina.startup.HostConfig.deployDirectory Deploying web application directory [D:\JavaSQL\Java8\apache-tomcat-8.5.24\webapps\matrices8]
11-Apr-2024 00:09:58.436 INFO [localhost-startStop-1] org.apache.jasper.servlet.TldScanner.scanJars At least one JAR was scanned for TLDs yet contained no TLDs. Enable debug logging for this logger for a complete list of JARs that were scanned but no TLDs were found in them. Skipping unneeded JARs during scanning can improve startup time and JSP compilation time.
11-Apr-2024 00:09:58.452 INFO [localhost-startStop-1] org.apache.catalina.startup.HostConfig.deployDirectory Deployment of web application directory [D:\JavaSQL\Java8\apache-tomcat-8.5.24\webapps\matrices8] has finished in [206] ms
11-Apr-2024 00:09:58.452 INFO [localhost-startStop-1] org.apache.catalina.startup.HostConfig.deployDirectory Deploying web application directory [D:\JavaSQL\Java8\apache-tomcat-8.5.24\webapps\TD_E18]
11-Apr-2024 00:09:58.799 INFO [localhost-startStop-1] org.apache.jasper.servlet.TldScanner.scanJars At least one JAR was scanned for TLDs yet contained no TLDs. Enable debug logging for this logger for a complete list of JARs that were scanned but no TLDs were found in them. Skipping unneeded JARs during scanning can improve startup time and JSP compilation time.
11-Apr-2024 00:09:58.799 INFO [localhost-startStop-1] org.apache.catalina.startup.HostConfig.deployDirectory Deployment of web application directory [D:\JavaSQL\Java8\apache-tomcat-8.5.24\webapps\TD_E18] has finished in [347] ms
11-Apr-2024 00:09:58.799 INFO [localhost-startStop-1] org.apache.catalina.startup.HostConfig.deployDirectory Deploying web application directory [D:\JavaSQL\Java8\apache-tomcat-8.5.24\webapps\TB15]
11-Apr-2024 00:09:59.073 INFO [localhost-startStop-1] org.apache.jasper.servlet.TldScanner.scanJars At least one JAR was scanned for TLDs yet contained no TLDs. Enable debug logging for this logger for a complete list of JARs that were scanned but no TLDs were found in them. Skipping unneeded JARs during scanning can improve startup time and JSP compilation time.
11-Apr-2024 00:09:59.083 INFO [localhost-startStop-1] org.apache.catalina.startup.HostConfig.deployDirectory Deployment of web application directory [D:\JavaSQL\Java8\apache-tomcat-8.5.24\webapps\TB15] has finished in [284] ms
11-Apr-2024 00:09:59.086 INFO [localhost-startStop-1] org.apache.catalina.startup.HostConfig.deployDirectory Deploying web application directory [D:\JavaSQL\Java8\apache-tomcat-8.5.24\webapps\S2]
11-Apr-2024 00:09:59.193 INFO [localhost-startStop-1] org.apache.jasper.servlet.TldScanner.scanJars At least one JAR was scanned for TLDs yet contained no TLDs. Enable debug logging for this logger for a complete list of JARs that were scanned but no TLDs were found in them. Skipping unneeded JARs during scanning can improve startup time and JSP compilation time.
11-Apr-2024 00:09:59.209 INFO [localhost-startStop-1] org.apache.catalina.startup.HostConfig.deployDirectory Deployment of web application directory [D:\JavaSQL\Java8\apache-tomcat-8.5.24\webapps\S2] has finished in [123] ms
11-Apr-2024 00:09:59.209 INFO [localhost-startStop-1] org.apache.catalina.startup.HostConfig.deployDirectory Deploying web application directory [D:\JavaSQL\Java8\apache-tomcat-8.5.24\webapps\mock1]
11-Apr-2024 00:09:59.350 INFO [localhost-startStop-1] org.apache.jasper.servlet.TldScanner.scanJars At least one JAR was scanned for TLDs yet contained no TLDs. Enable debug logging for this logger for a complete list of JARs that were scanned but no TLDs were found in them. Skipping unneeded JARs during scanning can improve startup time and JSP compilation time.
11-Apr-2024 00:09:59.368 INFO [localhost-startStop-1] org.apache.catalina.startup.HostConfig.deployDirectory Deployment of web application directory [D:\JavaSQL\Java8\apache-tomcat-8.5.24\webapps\mock1] has finished in [159] ms
11-Apr-2024 00:09:59.374 INFO [main] org.apache.coyote.AbstractProtocol.start Starting ProtocolHandler ["http-nio-8082"]
11-Apr-2024 00:09:59.391 INFO [main] org.apache.coyote.AbstractProtocol.start Starting ProtocolHandler ["ajp-nio-8009"]
11-Apr-2024 00:09:59.397 INFO [main] org.apache.catalina.startup.Catalina.start Server startup in 8176 ms
11-Apr-2024 00:33:15.544 INFO [main] org.apache.catalina.core.StandardServer.await A valid shutdown command was received via the shutdown port. Stopping the Server instance.
11-Apr-2024 00:33:15.544 INFO [main] org.apache.coyote.AbstractProtocol.pause Pausing ProtocolHandler ["http-nio-8082"]
11-Apr-2024 00:33:16.009 INFO [main] org.apache.coyote.AbstractProtocol.pause Pausing ProtocolHandler ["ajp-nio-8009"]
11-Apr-2024 00:33:16.486 INFO [main] org.apache.catalina.core.StandardService.stopInternal Stopping service [Catalina]
11-Apr-2024 00:33:16.683 INFO [main] org.apache.coyote.AbstractProtocol.stop Stopping ProtocolHandler ["http-nio-8082"]
11-Apr-2024 00:33:16.693 INFO [main] org.apache.coyote.AbstractProtocol.stop Stopping ProtocolHandler ["ajp-nio-8009"]
11-Apr-2024 00:33:16.695 INFO [main] org.apache.coyote.AbstractProtocol.destroy Destroying ProtocolHandler ["http-nio-8082"]
11-Apr-2024 00:33:16.697 INFO [main] org.apache.coyote.AbstractProtocol.destroy Destroying ProtocolHandler ["ajp-nio-8009"]
11-Apr-2024 00:33:18.637 INFO [main] org.apache.catalina.startup.VersionLoggerListener.log Server version:        Apache Tomcat/8.5.24
11-Apr-2024 00:33:18.637 INFO [main] org.apache.catalina.startup.VersionLoggerListener.log Server built:          Nov 27 2017 13:05:30 UTC
11-Apr-2024 00:33:18.637 INFO [main] org.apache.catalina.startup.VersionLoggerListener.log Server number:         8.5.24.0
11-Apr-2024 00:33:18.637 INFO [main] org.apache.catalina.startup.VersionLoggerListener.log OS Name:               Windows 10
11-Apr-2024 00:33:18.637 INFO [main] org.apache.catalina.startup.VersionLoggerListener.log OS Version:            10.0
11-Apr-2024 00:33:18.637 INFO [main] org.apache.catalina.startup.VersionLoggerListener.log Architecture:          x86
11-Apr-2024 00:33:18.637 INFO [main] org.apache.catalina.startup.VersionLoggerListener.log Java Home:             D:\JavaSQL\Java8\jdk1.8.0_131\jre
11-Apr-2024 00:33:18.637 INFO [main] org.apache.catalina.startup.VersionLoggerListener.log JVM Version:           1.8.0_131-b11
11-Apr-2024 00:33:18.637 INFO [main] org.apache.catalina.startup.VersionLoggerListener.log JVM Vendor:            Oracle Corporation
11-Apr-2024 00:33:18.637 INFO [main] org.apache.catalina.startup.VersionLoggerListener.log CATALINA_BASE:         D:\JavaSQL\Java8\apache-tomcat-8.5.24
11-Apr-2024 00:33:18.637 INFO [main] org.apache.catalina.startup.VersionLoggerListener.log CATALINA_HOME:         D:\JavaSQL\Java8\apache-tomcat-8.5.24
11-Apr-2024 00:33:18.637 INFO [main] org.apache.catalina.startup.VersionLoggerListener.log Command line argument: -Djava.util.logging.config.file=D:\JavaSQL\Java8\apache-tomcat-8.5.24\conf\logging.properties
11-Apr-2024 00:33:18.637 INFO [main] org.apache.catalina.startup.VersionLoggerListener.log Command line argument: -Djava.util.logging.manager=org.apache.juli.ClassLoaderLogManager
11-Apr-2024 00:33:18.637 INFO [main] org.apache.catalina.startup.VersionLoggerListener.log Command line argument: -Djdk.tls.ephemeralDHKeySize=2048
11-Apr-2024 00:33:18.637 INFO [main] org.apache.catalina.startup.VersionLoggerListener.log Command line argument: -Djava.protocol.handler.pkgs=org.apache.catalina.webresources
11-Apr-2024 00:33:18.637 INFO [main] org.apache.catalina.startup.VersionLoggerListener.log Command line argument: -Dignore.endorsed.dirs=
11-Apr-2024 00:33:18.637 INFO [main] org.apache.catalina.startup.VersionLoggerListener.log Command line argument: -Dcatalina.base=D:\JavaSQL\Java8\apache-tomcat-8.5.24
11-Apr-2024 00:33:18.637 INFO [main] org.apache.catalina.startup.VersionLoggerListener.log Command line argument: -Dcatalina.home=D:\JavaSQL\Java8\apache-tomcat-8.5.24
11-Apr-2024 00:33:18.637 INFO [main] org.apache.catalina.startup.VersionLoggerListener.log Command line argument: -Djava.io.tmpdir=D:\JavaSQL\Java8\apache-tomcat-8.5.24\temp
11-Apr-2024 00:33:18.637 INFO [main] org.apache.catalina.core.AprLifecycleListener.lifecycleEvent The APR based Apache Tomcat Native library which allows optimal performance in production environments was not found on the java.library.path: [D:\JavaSQL\Java8\jdk1.8.0_131\bin;C:\WINDOWS\Sun\Java\bin;C:\WINDOWS\system32;C:\WINDOWS;D:\JavaSQL\Java8\jdk1.8.0_131\bin;D:\JavaSQL\Java8\jdk1.8.0_131\db\bin;D:\JavaSQL\Java8\squirrelsql-4.0.0-standard;D:\JavaSQL\Java8\apache-tomcat-8.5.24\bin;C:\WINDOWS\system32;C:\WINDOWS;C:\WINDOWS\System32\Wbem;C:\WINDOWS\System32\WindowsPowerShell\v1.0\;C:\WINDOWS\System32\OpenSSH\;C:\Program Files\dotnet\;C:\Users\Aldoa\Desktop\Infor\bin;C:\Users\Aldoa\AppData\Local\Microsoft\WindowsApps;;.]
11-Apr-2024 00:33:18.702 INFO [main] org.apache.coyote.AbstractProtocol.init Initializing ProtocolHandler ["http-nio-8082"]
11-Apr-2024 00:33:18.873 INFO [main] org.apache.tomcat.util.net.NioSelectorPool.getSharedSelector Using a shared selector for servlet write/read
11-Apr-2024 00:33:18.873 INFO [main] org.apache.coyote.AbstractProtocol.init Initializing ProtocolHandler ["ajp-nio-8009"]
11-Apr-2024 00:33:18.873 INFO [main] org.apache.tomcat.util.net.NioSelectorPool.getSharedSelector Using a shared selector for servlet write/read
11-Apr-2024 00:33:18.881 INFO [main] org.apache.catalina.startup.Catalina.load Initialization processed in 411 ms
11-Apr-2024 00:33:18.889 INFO [main] org.apache.catalina.core.StandardService.startInternal Starting service [Catalina]
11-Apr-2024 00:33:18.889 INFO [main] org.apache.catalina.core.StandardEngine.startInternal Starting Servlet Engine: Apache Tomcat/8.5.24
11-Apr-2024 00:33:18.897 INFO [localhost-startStop-1] org.apache.catalina.startup.HostConfig.deployDirectory Deploying web application directory [D:\JavaSQL\Java8\apache-tomcat-8.5.24\webapps\docs]
11-Apr-2024 00:33:19.066 INFO [localhost-startStop-1] org.apache.jasper.servlet.TldScanner.scanJars At least one JAR was scanned for TLDs yet contained no TLDs. Enable debug logging for this logger for a complete list of JARs that were scanned but no TLDs were found in them. Skipping unneeded JARs during scanning can improve startup time and JSP compilation time.
11-Apr-2024 00:33:19.107 INFO [localhost-startStop-1] org.apache.catalina.startup.HostConfig.deployDirectory Deployment of web application directory [D:\JavaSQL\Java8\apache-tomcat-8.5.24\webapps\docs] has finished in [210] ms
11-Apr-2024 00:33:19.107 INFO [localhost-startStop-1] org.apache.catalina.startup.HostConfig.deployDirectory Deploying web application directory [D:\JavaSQL\Java8\apache-tomcat-8.5.24\webapps\examples]
11-Apr-2024 00:33:19.253 INFO [localhost-startStop-1] org.apache.jasper.servlet.TldScanner.scanJars At least one JAR was scanned for TLDs yet contained no TLDs. Enable debug logging for this logger for a complete list of JARs that were scanned but no TLDs were found in them. Skipping unneeded JARs during scanning can improve startup time and JSP compilation time.
11-Apr-2024 00:33:19.277 INFO [localhost-startStop-1] org.apache.catalina.startup.HostConfig.deployDirectory Deployment of web application directory [D:\JavaSQL\Java8\apache-tomcat-8.5.24\webapps\examples] has finished in [170] ms
11-Apr-2024 00:33:19.277 INFO [localhost-startStop-1] org.apache.catalina.startup.HostConfig.deployDirectory Deploying web application directory [D:\JavaSQL\Java8\apache-tomcat-8.5.24\webapps\host-manager]
11-Apr-2024 00:33:19.286 INFO [localhost-startStop-1] org.apache.jasper.servlet.TldScanner.scanJars At least one JAR was scanned for TLDs yet contained no TLDs. Enable debug logging for this logger for a complete list of JARs that were scanned but no TLDs were found in them. Skipping unneeded JARs during scanning can improve startup time and JSP compilation time.
11-Apr-2024 00:33:19.294 INFO [localhost-startStop-1] org.apache.catalina.startup.HostConfig.deployDirectory Deployment of web application directory [D:\JavaSQL\Java8\apache-tomcat-8.5.24\webapps\host-manager] has finished in [17] ms
11-Apr-2024 00:33:19.294 INFO [localhost-startStop-1] org.apache.catalina.startup.HostConfig.deployDirectory Deploying web application directory [D:\JavaSQL\Java8\apache-tomcat-8.5.24\webapps\ROOT]
11-Apr-2024 00:33:19.305 INFO [localhost-startStop-1] org.apache.jasper.servlet.TldScanner.scanJars At least one JAR was scanned for TLDs yet contained no TLDs. Enable debug logging for this logger for a complete list of JARs that were scanned but no TLDs were found in them. Skipping unneeded JARs during scanning can improve startup time and JSP compilation time.
11-Apr-2024 00:33:19.310 INFO [localhost-startStop-1] org.apache.catalina.startup.HostConfig.deployDirectory Deployment of web application directory [D:\JavaSQL\Java8\apache-tomcat-8.5.24\webapps\ROOT] has finished in [16] ms
11-Apr-2024 00:33:19.310 INFO [localhost-startStop-1] org.apache.catalina.startup.HostConfig.deployDirectory Deploying web application directory [D:\JavaSQL\Java8\apache-tomcat-8.5.24\webapps\SQLServer]
11-Apr-2024 00:33:19.326 INFO [localhost-startStop-1] org.apache.jasper.servlet.TldScanner.scanJars At least one JAR was scanned for TLDs yet contained no TLDs. Enable debug logging for this logger for a complete list of JARs that were scanned but no TLDs were found in them. Skipping unneeded JARs during scanning can improve startup time and JSP compilation time.
11-Apr-2024 00:33:19.326 INFO [localhost-startStop-1] org.apache.catalina.startup.HostConfig.deployDirectory Deployment of web application directory [D:\JavaSQL\Java8\apache-tomcat-8.5.24\webapps\SQLServer] has finished in [16] ms
11-Apr-2024 00:33:19.326 INFO [localhost-startStop-1] org.apache.catalina.startup.HostConfig.deployDirectory Deploying web application directory [D:\JavaSQL\Java8\apache-tomcat-8.5.24\webapps\Servlet1]
11-Apr-2024 00:33:19.342 INFO [localhost-startStop-1] org.apache.jasper.servlet.TldScanner.scanJars At least one JAR was scanned for TLDs yet contained no TLDs. Enable debug logging for this logger for a complete list of JARs that were scanned but no TLDs were found in them. Skipping unneeded JARs during scanning can improve startup time and JSP compilation time.
11-Apr-2024 00:33:19.342 INFO [localhost-startStop-1] org.apache.catalina.startup.HostConfig.deployDirectory Deployment of web application directory [D:\JavaSQL\Java8\apache-tomcat-8.5.24\webapps\Servlet1] has finished in [16] ms
11-Apr-2024 00:33:19.342 INFO [localhost-startStop-1] org.apache.catalina.startup.HostConfig.deployDirectory Deploying web application directory [D:\JavaSQL\Java8\apache-tomcat-8.5.24\webapps\Servlet2]
11-Apr-2024 00:33:19.359 INFO [localhost-startStop-1] org.apache.jasper.servlet.TldScanner.scanJars At least one JAR was scanned for TLDs yet contained no TLDs. Enable debug logging for this logger for a complete list of JARs that were scanned but no TLDs were found in them. Skipping unneeded JARs during scanning can improve startup time and JSP compilation time.
11-Apr-2024 00:33:19.359 INFO [localhost-startStop-1] org.apache.catalina.startup.HostConfig.deployDirectory Deployment of web application directory [D:\JavaSQL\Java8\apache-tomcat-8.5.24\webapps\Servlet2] has finished in [17] ms
11-Apr-2024 00:33:19.359 INFO [localhost-startStop-1] org.apache.catalina.startup.HostConfig.deployDirectory Deploying web application directory [D:\JavaSQL\Java8\apache-tomcat-8.5.24\webapps\Servlet3]
11-Apr-2024 00:33:19.375 INFO [localhost-startStop-1] org.apache.jasper.servlet.TldScanner.scanJars At least one JAR was scanned for TLDs yet contained no TLDs. Enable debug logging for this logger for a complete list of JARs that were scanned but no TLDs were found in them. Skipping unneeded JARs during scanning can improve startup time and JSP compilation time.
11-Apr-2024 00:33:19.375 INFO [localhost-startStop-1] org.apache.catalina.startup.HostConfig.deployDirectory Deployment of web application directory [D:\JavaSQL\Java8\apache-tomcat-8.5.24\webapps\Servlet3] has finished in [16] ms
11-Apr-2024 00:33:19.375 INFO [localhost-startStop-1] org.apache.catalina.startup.HostConfig.deployDirectory Deploying web application directory [D:\JavaSQL\Java8\apache-tomcat-8.5.24\webapps\Servlet4]
11-Apr-2024 00:33:19.383 INFO [localhost-startStop-1] org.apache.jasper.servlet.TldScanner.scanJars At least one JAR was scanned for TLDs yet contained no TLDs. Enable debug logging for this logger for a complete list of JARs that were scanned but no TLDs were found in them. Skipping unneeded JARs during scanning can improve startup time and JSP compilation time.
11-Apr-2024 00:33:19.383 INFO [localhost-startStop-1] org.apache.catalina.startup.HostConfig.deployDirectory Deployment of web application directory [D:\JavaSQL\Java8\apache-tomcat-8.5.24\webapps\Servlet4] has finished in [8] ms
11-Apr-2024 00:33:19.391 INFO [localhost-startStop-1] org.apache.catalina.startup.HostConfig.deployDirectory Deploying web application directory [D:\JavaSQL\Java8\apache-tomcat-8.5.24\webapps\Pract8]
11-Apr-2024 00:33:19.400 INFO [localhost-startStop-1] org.apache.jasper.servlet.TldScanner.scanJars At least one JAR was scanned for TLDs yet contained no TLDs. Enable debug logging for this logger for a complete list of JARs that were scanned but no TLDs were found in them. Skipping unneeded JARs during scanning can improve startup time and JSP compilation time.
11-Apr-2024 00:33:19.405 INFO [localhost-startStop-1] org.apache.catalina.startup.HostConfig.deployDirectory Deployment of web application directory [D:\JavaSQL\Java8\apache-tomcat-8.5.24\webapps\Pract8] has finished in [14] ms
11-Apr-2024 00:33:19.405 INFO [localhost-startStop-1] org.apache.catalina.startup.HostConfig.deployDirectory Deploying web application directory [D:\JavaSQL\Java8\apache-tomcat-8.5.24\webapps\Entrega]
11-Apr-2024 00:33:19.424 INFO [localhost-startStop-1] org.apache.jasper.servlet.TldScanner.scanJars At least one JAR was scanned for TLDs yet contained no TLDs. Enable debug logging for this logger for a complete list of JARs that were scanned but no TLDs were found in them. Skipping unneeded JARs during scanning can improve startup time and JSP compilation time.
11-Apr-2024 00:33:19.424 INFO [localhost-startStop-1] org.apache.catalina.startup.HostConfig.deployDirectory Deployment of web application directory [D:\JavaSQL\Java8\apache-tomcat-8.5.24\webapps\Entrega] has finished in [19] ms
11-Apr-2024 00:33:19.424 INFO [localhost-startStop-1] org.apache.catalina.startup.HostConfig.deployDirectory Deploying web application directory [D:\JavaSQL\Java8\apache-tomcat-8.5.24\webapps\matrices8]
11-Apr-2024 00:33:19.440 INFO [localhost-startStop-1] org.apache.jasper.servlet.TldScanner.scanJars At least one JAR was scanned for TLDs yet contained no TLDs. Enable debug logging for this logger for a complete list of JARs that were scanned but no TLDs were found in them. Skipping unneeded JARs during scanning can improve startup time and JSP compilation time.
11-Apr-2024 00:33:19.440 INFO [localhost-startStop-1] org.apache.catalina.startup.HostConfig.deployDirectory Deployment of web application directory [D:\JavaSQL\Java8\apache-tomcat-8.5.24\webapps\matrices8] has finished in [16] ms
11-Apr-2024 00:33:19.440 INFO [localhost-startStop-1] org.apache.catalina.startup.HostConfig.deployDirectory Deploying web application directory [D:\JavaSQL\Java8\apache-tomcat-8.5.24\webapps\TD_E18]
11-Apr-2024 00:33:19.465 INFO [localhost-startStop-1] org.apache.jasper.servlet.TldScanner.scanJars At least one JAR was scanned for TLDs yet contained no TLDs. Enable debug logging for this logger for a complete list of JARs that were scanned but no TLDs were found in them. Skipping unneeded JARs during scanning can improve startup time and JSP compilation time.
11-Apr-2024 00:33:19.465 INFO [localhost-startStop-1] org.apache.catalina.startup.HostConfig.deployDirectory Deployment of web application directory [D:\JavaSQL\Java8\apache-tomcat-8.5.24\webapps\TD_E18] has finished in [25] ms
11-Apr-2024 00:33:19.465 INFO [localhost-startStop-1] org.apache.catalina.startup.HostConfig.deployDirectory Deploying web application directory [D:\JavaSQL\Java8\apache-tomcat-8.5.24\webapps\TB15]
11-Apr-2024 00:33:19.498 INFO [localhost-startStop-1] org.apache.jasper.servlet.TldScanner.scanJars At least one JAR was scanned for TLDs yet contained no TLDs. Enable debug logging for this logger for a complete list of JARs that were scanned but no TLDs were found in them. Skipping unneeded JARs during scanning can improve startup time and JSP compilation time.
11-Apr-2024 00:33:19.498 INFO [localhost-startStop-1] org.apache.catalina.startup.HostConfig.deployDirectory Deployment of web application directory [D:\JavaSQL\Java8\apache-tomcat-8.5.24\webapps\TB15] has finished in [33] ms
11-Apr-2024 00:33:19.498 INFO [localhost-startStop-1] org.apache.catalina.startup.HostConfig.deployDirectory Deploying web application directory [D:\JavaSQL\Java8\apache-tomcat-8.5.24\webapps\S2]
11-Apr-2024 00:33:19.515 INFO [localhost-startStop-1] org.apache.jasper.servlet.TldScanner.scanJars At least one JAR was scanned for TLDs yet contained no TLDs. Enable debug logging for this logger for a complete list of JARs that were scanned but no TLDs were found in them. Skipping unneeded JARs during scanning can improve startup time and JSP compilation time.
11-Apr-2024 00:33:19.515 INFO [localhost-startStop-1] org.apache.catalina.startup.HostConfig.deployDirectory Deployment of web application directory [D:\JavaSQL\Java8\apache-tomcat-8.5.24\webapps\S2] has finished in [17] ms
11-Apr-2024 00:33:19.515 INFO [localhost-startStop-1] org.apache.catalina.startup.HostConfig.deployDirectory Deploying web application directory [D:\JavaSQL\Java8\apache-tomcat-8.5.24\webapps\mock1]
11-Apr-2024 00:33:19.554 INFO [localhost-startStop-1] org.apache.jasper.servlet.TldScanner.scanJars At least one JAR was scanned for TLDs yet contained no TLDs. Enable debug logging for this logger for a complete list of JARs that were scanned but no TLDs were found in them. Skipping unneeded JARs during scanning can improve startup time and JSP compilation time.
11-Apr-2024 00:33:19.554 INFO [localhost-startStop-1] org.apache.catalina.startup.HostConfig.deployDirectory Deployment of web application directory [D:\JavaSQL\Java8\apache-tomcat-8.5.24\webapps\mock1] has finished in [39] ms
11-Apr-2024 00:33:19.554 INFO [main] org.apache.coyote.AbstractProtocol.start Starting ProtocolHandler ["http-nio-8082"]
11-Apr-2024 00:33:19.564 INFO [main] org.apache.coyote.AbstractProtocol.start Starting ProtocolHandler ["ajp-nio-8009"]
11-Apr-2024 00:33:19.564 INFO [main] org.apache.catalina.startup.Catalina.start Server startup in 686 ms
11-Apr-2024 00:34:09.634 INFO [ContainerBackgroundProcessor[StandardEngine[Catalina]]] org.apache.catalina.startup.HostConfig.reload Reloading context [/Pract8]
11-Apr-2024 00:34:09.634 INFO [ContainerBackgroundProcessor[StandardEngine[Catalina]]] org.apache.catalina.core.StandardContext.reload Reloading Context with name [/Pract8] has started
11-Apr-2024 00:34:09.698 INFO [ContainerBackgroundProcessor[StandardEngine[Catalina]]] org.apache.jasper.servlet.TldScanner.scanJars At least one JAR was scanned for TLDs yet contained no TLDs. Enable debug logging for this logger for a complete list of JARs that were scanned but no TLDs were found in them. Skipping unneeded JARs during scanning can improve startup time and JSP compilation time.
11-Apr-2024 00:34:09.698 INFO [ContainerBackgroundProcessor[StandardEngine[Catalina]]] org.apache.catalina.core.StandardContext.reload Reloading Context with name [/Pract8] is completed
11-Apr-2024 00:34:27.561 INFO [main] org.apache.catalina.core.StandardServer.await A valid shutdown command was received via the shutdown port. Stopping the Server instance.
11-Apr-2024 00:34:27.561 INFO [main] org.apache.coyote.AbstractProtocol.pause Pausing ProtocolHandler ["http-nio-8082"]
11-Apr-2024 00:34:28.036 INFO [main] org.apache.coyote.AbstractProtocol.pause Pausing ProtocolHandler ["ajp-nio-8009"]
11-Apr-2024 00:34:28.493 INFO [main] org.apache.catalina.core.StandardService.stopInternal Stopping service [Catalina]
11-Apr-2024 00:34:28.555 INFO [main] org.apache.coyote.AbstractProtocol.stop Stopping ProtocolHandler ["http-nio-8082"]
11-Apr-2024 00:34:28.555 INFO [main] org.apache.coyote.AbstractProtocol.stop Stopping ProtocolHandler ["ajp-nio-8009"]
11-Apr-2024 00:34:28.571 INFO [main] org.apache.coyote.AbstractProtocol.destroy Destroying ProtocolHandler ["http-nio-8082"]
11-Apr-2024 00:34:28.571 INFO [main] org.apache.coyote.AbstractProtocol.destroy Destroying ProtocolHandler ["ajp-nio-8009"]
11-Apr-2024 00:34:34.800 INFO [main] org.apache.catalina.startup.VersionLoggerListener.log Server version:        Apache Tomcat/8.5.24
11-Apr-2024 00:34:34.800 INFO [main] org.apache.catalina.startup.VersionLoggerListener.log Server built:          Nov 27 2017 13:05:30 UTC
11-Apr-2024 00:34:34.800 INFO [main] org.apache.catalina.startup.VersionLoggerListener.log Server number:         8.5.24.0
11-Apr-2024 00:34:34.800 INFO [main] org.apache.catalina.startup.VersionLoggerListener.log OS Name:               Windows 10
11-Apr-2024 00:34:34.800 INFO [main] org.apache.catalina.startup.VersionLoggerListener.log OS Version:            10.0
11-Apr-2024 00:34:34.800 INFO [main] org.apache.catalina.startup.VersionLoggerListener.log Architecture:          x86
11-Apr-2024 00:34:34.800 INFO [main] org.apache.catalina.startup.VersionLoggerListener.log Java Home:             D:\JavaSQL\Java8\jdk1.8.0_131\jre
11-Apr-2024 00:34:34.800 INFO [main] org.apache.catalina.startup.VersionLoggerListener.log JVM Version:           1.8.0_131-b11
11-Apr-2024 00:34:34.800 INFO [main] org.apache.catalina.startup.VersionLoggerListener.log JVM Vendor:            Oracle Corporation
11-Apr-2024 00:34:34.800 INFO [main] org.apache.catalina.startup.VersionLoggerListener.log CATALINA_BASE:         D:\JavaSQL\Java8\apache-tomcat-8.5.24
11-Apr-2024 00:34:34.800 INFO [main] org.apache.catalina.startup.VersionLoggerListener.log CATALINA_HOME:         D:\JavaSQL\Java8\apache-tomcat-8.5.24
11-Apr-2024 00:34:34.800 INFO [main] org.apache.catalina.startup.VersionLoggerListener.log Command line argument: -Djava.util.logging.config.file=D:\JavaSQL\Java8\apache-tomcat-8.5.24\conf\logging.properties
11-Apr-2024 00:34:34.800 INFO [main] org.apache.catalina.startup.VersionLoggerListener.log Command line argument: -Djava.util.logging.manager=org.apache.juli.ClassLoaderLogManager
11-Apr-2024 00:34:34.800 INFO [main] org.apache.catalina.startup.VersionLoggerListener.log Command line argument: -Djdk.tls.ephemeralDHKeySize=2048
11-Apr-2024 00:34:34.800 INFO [main] org.apache.catalina.startup.VersionLoggerListener.log Command line argument: -Djava.protocol.handler.pkgs=org.apache.catalina.webresources
11-Apr-2024 00:34:34.800 INFO [main] org.apache.catalina.startup.VersionLoggerListener.log Command line argument: -Dignore.endorsed.dirs=
11-Apr-2024 00:34:34.800 INFO [main] org.apache.catalina.startup.VersionLoggerListener.log Command line argument: -Dcatalina.base=D:\JavaSQL\Java8\apache-tomcat-8.5.24
11-Apr-2024 00:34:34.800 INFO [main] org.apache.catalina.startup.VersionLoggerListener.log Command line argument: -Dcatalina.home=D:\JavaSQL\Java8\apache-tomcat-8.5.24
11-Apr-2024 00:34:34.800 INFO [main] org.apache.catalina.startup.VersionLoggerListener.log Command line argument: -Djava.io.tmpdir=D:\JavaSQL\Java8\apache-tomcat-8.5.24\temp
11-Apr-2024 00:34:34.800 INFO [main] org.apache.catalina.core.AprLifecycleListener.lifecycleEvent The APR based Apache Tomcat Native library which allows optimal performance in production environments was not found on the java.library.path: [D:\JavaSQL\Java8\jdk1.8.0_131\bin;C:\WINDOWS\Sun\Java\bin;C:\WINDOWS\system32;C:\WINDOWS;D:\JavaSQL\Java8\jdk1.8.0_131\bin;D:\JavaSQL\Java8\jdk1.8.0_131\db\bin;D:\JavaSQL\Java8\squirrelsql-4.0.0-standard;D:\JavaSQL\Java8\apache-tomcat-8.5.24\bin;C:\WINDOWS\system32;C:\WINDOWS;C:\WINDOWS\System32\Wbem;C:\WINDOWS\System32\WindowsPowerShell\v1.0\;C:\WINDOWS\System32\OpenSSH\;C:\Program Files\dotnet\;C:\Users\Aldoa\Desktop\Infor\bin;C:\Users\Aldoa\AppData\Local\Microsoft\WindowsApps;;.]
11-Apr-2024 00:34:34.879 INFO [main] org.apache.coyote.AbstractProtocol.init Initializing ProtocolHandler ["http-nio-8082"]
11-Apr-2024 00:34:35.054 INFO [main] org.apache.tomcat.util.net.NioSelectorPool.getSharedSelector Using a shared selector for servlet write/read
11-Apr-2024 00:34:35.054 INFO [main] org.apache.coyote.AbstractProtocol.init Initializing ProtocolHandler ["ajp-nio-8009"]
11-Apr-2024 00:34:35.054 INFO [main] org.apache.tomcat.util.net.NioSelectorPool.getSharedSelector Using a shared selector for servlet write/read
11-Apr-2024 00:34:35.054 INFO [main] org.apache.catalina.startup.Catalina.load Initialization processed in 413 ms
11-Apr-2024 00:34:35.069 INFO [main] org.apache.catalina.core.StandardService.startInternal Starting service [Catalina]
11-Apr-2024 00:34:35.069 INFO [main] org.apache.catalina.core.StandardEngine.startInternal Starting Servlet Engine: Apache Tomcat/8.5.24
11-Apr-2024 00:34:35.069 INFO [localhost-startStop-1] org.apache.catalina.startup.HostConfig.deployDirectory Deploying web application directory [D:\JavaSQL\Java8\apache-tomcat-8.5.24\webapps\docs]
11-Apr-2024 00:34:35.195 INFO [localhost-startStop-1] org.apache.jasper.servlet.TldScanner.scanJars At least one JAR was scanned for TLDs yet contained no TLDs. Enable debug logging for this logger for a complete list of JARs that were scanned but no TLDs were found in them. Skipping unneeded JARs during scanning can improve startup time and JSP compilation time.
11-Apr-2024 00:34:35.242 INFO [localhost-startStop-1] org.apache.catalina.startup.HostConfig.deployDirectory Deployment of web application directory [D:\JavaSQL\Java8\apache-tomcat-8.5.24\webapps\docs] has finished in [157] ms
11-Apr-2024 00:34:35.242 INFO [localhost-startStop-1] org.apache.catalina.startup.HostConfig.deployDirectory Deploying web application directory [D:\JavaSQL\Java8\apache-tomcat-8.5.24\webapps\examples]
11-Apr-2024 00:34:35.353 INFO [localhost-startStop-1] org.apache.jasper.servlet.TldScanner.scanJars At least one JAR was scanned for TLDs yet contained no TLDs. Enable debug logging for this logger for a complete list of JARs that were scanned but no TLDs were found in them. Skipping unneeded JARs during scanning can improve startup time and JSP compilation time.
11-Apr-2024 00:34:35.384 INFO [localhost-startStop-1] org.apache.catalina.startup.HostConfig.deployDirectory Deployment of web application directory [D:\JavaSQL\Java8\apache-tomcat-8.5.24\webapps\examples] has finished in [142] ms
11-Apr-2024 00:34:35.384 INFO [localhost-startStop-1] org.apache.catalina.startup.HostConfig.deployDirectory Deploying web application directory [D:\JavaSQL\Java8\apache-tomcat-8.5.24\webapps\host-manager]
11-Apr-2024 00:34:35.400 INFO [localhost-startStop-1] org.apache.jasper.servlet.TldScanner.scanJars At least one JAR was scanned for TLDs yet contained no TLDs. Enable debug logging for this logger for a complete list of JARs that were scanned but no TLDs were found in them. Skipping unneeded JARs during scanning can improve startup time and JSP compilation time.
11-Apr-2024 00:34:35.400 INFO [localhost-startStop-1] org.apache.catalina.startup.HostConfig.deployDirectory Deployment of web application directory [D:\JavaSQL\Java8\apache-tomcat-8.5.24\webapps\host-manager] has finished in [16] ms
11-Apr-2024 00:34:35.400 INFO [localhost-startStop-1] org.apache.catalina.startup.HostConfig.deployDirectory Deploying web application directory [D:\JavaSQL\Java8\apache-tomcat-8.5.24\webapps\ROOT]
11-Apr-2024 00:34:35.400 INFO [localhost-startStop-1] org.apache.jasper.servlet.TldScanner.scanJars At least one JAR was scanned for TLDs yet contained no TLDs. Enable debug logging for this logger for a complete list of JARs that were scanned but no TLDs were found in them. Skipping unneeded JARs during scanning can improve startup time and JSP compilation time.
11-Apr-2024 00:34:35.400 INFO [localhost-startStop-1] org.apache.catalina.startup.HostConfig.deployDirectory Deployment of web application directory [D:\JavaSQL\Java8\apache-tomcat-8.5.24\webapps\ROOT] has finished in [0] ms
11-Apr-2024 00:34:35.400 INFO [localhost-startStop-1] org.apache.catalina.startup.HostConfig.deployDirectory Deploying web application directory [D:\JavaSQL\Java8\apache-tomcat-8.5.24\webapps\SQLServer]
11-Apr-2024 00:34:35.416 INFO [localhost-startStop-1] org.apache.jasper.servlet.TldScanner.scanJars At least one JAR was scanned for TLDs yet contained no TLDs. Enable debug logging for this logger for a complete list of JARs that were scanned but no TLDs were found in them. Skipping unneeded JARs during scanning can improve startup time and JSP compilation time.
11-Apr-2024 00:34:35.432 INFO [localhost-startStop-1] org.apache.catalina.startup.HostConfig.deployDirectory Deployment of web application directory [D:\JavaSQL\Java8\apache-tomcat-8.5.24\webapps\SQLServer] has finished in [32] ms
11-Apr-2024 00:34:35.432 INFO [localhost-startStop-1] org.apache.catalina.startup.HostConfig.deployDirectory Deploying web application directory [D:\JavaSQL\Java8\apache-tomcat-8.5.24\webapps\Servlet1]
11-Apr-2024 00:34:35.454 INFO [localhost-startStop-1] org.apache.jasper.servlet.TldScanner.scanJars At least one JAR was scanned for TLDs yet contained no TLDs. Enable debug logging for this logger for a complete list of JARs that were scanned but no TLDs were found in them. Skipping unneeded JARs during scanning can improve startup time and JSP compilation time.
11-Apr-2024 00:34:35.455 INFO [localhost-startStop-1] org.apache.catalina.startup.HostConfig.deployDirectory Deployment of web application directory [D:\JavaSQL\Java8\apache-tomcat-8.5.24\webapps\Servlet1] has finished in [23] ms
11-Apr-2024 00:34:35.457 INFO [localhost-startStop-1] org.apache.catalina.startup.HostConfig.deployDirectory Deploying web application directory [D:\JavaSQL\Java8\apache-tomcat-8.5.24\webapps\Servlet2]
11-Apr-2024 00:34:35.465 INFO [localhost-startStop-1] org.apache.jasper.servlet.TldScanner.scanJars At least one JAR was scanned for TLDs yet contained no TLDs. Enable debug logging for this logger for a complete list of JARs that were scanned but no TLDs were found in them. Skipping unneeded JARs during scanning can improve startup time and JSP compilation time.
11-Apr-2024 00:34:35.473 INFO [localhost-startStop-1] org.apache.catalina.startup.HostConfig.deployDirectory Deployment of web application directory [D:\JavaSQL\Java8\apache-tomcat-8.5.24\webapps\Servlet2] has finished in [16] ms
11-Apr-2024 00:34:35.473 INFO [localhost-startStop-1] org.apache.catalina.startup.HostConfig.deployDirectory Deploying web application directory [D:\JavaSQL\Java8\apache-tomcat-8.5.24\webapps\Servlet3]
11-Apr-2024 00:34:35.481 INFO [localhost-startStop-1] org.apache.jasper.servlet.TldScanner.scanJars At least one JAR was scanned for TLDs yet contained no TLDs. Enable debug logging for this logger for a complete list of JARs that were scanned but no TLDs were found in them. Skipping unneeded JARs during scanning can improve startup time and JSP compilation time.
11-Apr-2024 00:34:35.481 INFO [localhost-startStop-1] org.apache.catalina.startup.HostConfig.deployDirectory Deployment of web application directory [D:\JavaSQL\Java8\apache-tomcat-8.5.24\webapps\Servlet3] has finished in [8] ms
11-Apr-2024 00:34:35.481 INFO [localhost-startStop-1] org.apache.catalina.startup.HostConfig.deployDirectory Deploying web application directory [D:\JavaSQL\Java8\apache-tomcat-8.5.24\webapps\Servlet4]
11-Apr-2024 00:34:35.497 INFO [localhost-startStop-1] org.apache.jasper.servlet.TldScanner.scanJars At least one JAR was scanned for TLDs yet contained no TLDs. Enable debug logging for this logger for a complete list of JARs that were scanned but no TLDs were found in them. Skipping unneeded JARs during scanning can improve startup time and JSP compilation time.
11-Apr-2024 00:34:35.497 INFO [localhost-startStop-1] org.apache.catalina.startup.HostConfig.deployDirectory Deployment of web application directory [D:\JavaSQL\Java8\apache-tomcat-8.5.24\webapps\Servlet4] has finished in [16] ms
11-Apr-2024 00:34:35.497 INFO [localhost-startStop-1] org.apache.catalina.startup.HostConfig.deployDirectory Deploying web application directory [D:\JavaSQL\Java8\apache-tomcat-8.5.24\webapps\Pract8]
11-Apr-2024 00:34:35.513 INFO [localhost-startStop-1] org.apache.jasper.servlet.TldScanner.scanJars At least one JAR was scanned for TLDs yet contained no TLDs. Enable debug logging for this logger for a complete list of JARs that were scanned but no TLDs were found in them. Skipping unneeded JARs during scanning can improve startup time and JSP compilation time.
11-Apr-2024 00:34:35.513 INFO [localhost-startStop-1] org.apache.catalina.startup.HostConfig.deployDirectory Deployment of web application directory [D:\JavaSQL\Java8\apache-tomcat-8.5.24\webapps\Pract8] has finished in [16] ms
11-Apr-2024 00:34:35.513 INFO [localhost-startStop-1] org.apache.catalina.startup.HostConfig.deployDirectory Deploying web application directory [D:\JavaSQL\Java8\apache-tomcat-8.5.24\webapps\Entrega]
11-Apr-2024 00:34:35.528 INFO [localhost-startStop-1] org.apache.jasper.servlet.TldScanner.scanJars At least one JAR was scanned for TLDs yet contained no TLDs. Enable debug logging for this logger for a complete list of JARs that were scanned but no TLDs were found in them. Skipping unneeded JARs during scanning can improve startup time and JSP compilation time.
11-Apr-2024 00:34:35.528 INFO [localhost-startStop-1] org.apache.catalina.startup.HostConfig.deployDirectory Deployment of web application directory [D:\JavaSQL\Java8\apache-tomcat-8.5.24\webapps\Entrega] has finished in [15] ms
11-Apr-2024 00:34:35.528 INFO [localhost-startStop-1] org.apache.catalina.startup.HostConfig.deployDirectory Deploying web application directory [D:\JavaSQL\Java8\apache-tomcat-8.5.24\webapps\matrices8]
11-Apr-2024 00:34:35.544 INFO [localhost-startStop-1] org.apache.jasper.servlet.TldScanner.scanJars At least one JAR was scanned for TLDs yet contained no TLDs. Enable debug logging for this logger for a complete list of JARs that were scanned but no TLDs were found in them. Skipping unneeded JARs during scanning can improve startup time and JSP compilation time.
11-Apr-2024 00:34:35.544 INFO [localhost-startStop-1] org.apache.catalina.startup.HostConfig.deployDirectory Deployment of web application directory [D:\JavaSQL\Java8\apache-tomcat-8.5.24\webapps\matrices8] has finished in [16] ms
11-Apr-2024 00:34:35.544 INFO [localhost-startStop-1] org.apache.catalina.startup.HostConfig.deployDirectory Deploying web application directory [D:\JavaSQL\Java8\apache-tomcat-8.5.24\webapps\TD_E18]
11-Apr-2024 00:34:35.560 INFO [localhost-startStop-1] org.apache.jasper.servlet.TldScanner.scanJars At least one JAR was scanned for TLDs yet contained no TLDs. Enable debug logging for this logger for a complete list of JARs that were scanned but no TLDs were found in them. Skipping unneeded JARs during scanning can improve startup time and JSP compilation time.
11-Apr-2024 00:34:35.560 INFO [localhost-startStop-1] org.apache.catalina.startup.HostConfig.deployDirectory Deployment of web application directory [D:\JavaSQL\Java8\apache-tomcat-8.5.24\webapps\TD_E18] has finished in [16] ms
11-Apr-2024 00:34:35.560 INFO [localhost-startStop-1] org.apache.catalina.startup.HostConfig.deployDirectory Deploying web application directory [D:\JavaSQL\Java8\apache-tomcat-8.5.24\webapps\TB15]
11-Apr-2024 00:34:35.576 INFO [localhost-startStop-1] org.apache.jasper.servlet.TldScanner.scanJars At least one JAR was scanned for TLDs yet contained no TLDs. Enable debug logging for this logger for a complete list of JARs that were scanned but no TLDs were found in them. Skipping unneeded JARs during scanning can improve startup time and JSP compilation time.
11-Apr-2024 00:34:35.576 INFO [localhost-startStop-1] org.apache.catalina.startup.HostConfig.deployDirectory Deployment of web application directory [D:\JavaSQL\Java8\apache-tomcat-8.5.24\webapps\TB15] has finished in [16] ms
11-Apr-2024 00:34:35.576 INFO [localhost-startStop-1] org.apache.catalina.startup.HostConfig.deployDirectory Deploying web application directory [D:\JavaSQL\Java8\apache-tomcat-8.5.24\webapps\S2]
11-Apr-2024 00:34:35.592 INFO [localhost-startStop-1] org.apache.jasper.servlet.TldScanner.scanJars At least one JAR was scanned for TLDs yet contained no TLDs. Enable debug logging for this logger for a complete list of JARs that were scanned but no TLDs were found in them. Skipping unneeded JARs during scanning can improve startup time and JSP compilation time.
11-Apr-2024 00:34:35.592 INFO [localhost-startStop-1] org.apache.catalina.startup.HostConfig.deployDirectory Deployment of web application directory [D:\JavaSQL\Java8\apache-tomcat-8.5.24\webapps\S2] has finished in [16] ms
11-Apr-2024 00:34:35.592 INFO [localhost-startStop-1] org.apache.catalina.startup.HostConfig.deployDirectory Deploying web application directory [D:\JavaSQL\Java8\apache-tomcat-8.5.24\webapps\mock1]
11-Apr-2024 00:34:35.607 INFO [localhost-startStop-1] org.apache.jasper.servlet.TldScanner.scanJars At least one JAR was scanned for TLDs yet contained no TLDs. Enable debug logging for this logger for a complete list of JARs that were scanned but no TLDs were found in them. Skipping unneeded JARs during scanning can improve startup time and JSP compilation time.
11-Apr-2024 00:34:35.623 INFO [localhost-startStop-1] org.apache.catalina.startup.HostConfig.deployDirectory Deployment of web application directory [D:\JavaSQL\Java8\apache-tomcat-8.5.24\webapps\mock1] has finished in [31] ms
11-Apr-2024 00:34:35.623 INFO [main] org.apache.coyote.AbstractProtocol.start Starting ProtocolHandler ["http-nio-8082"]
11-Apr-2024 00:34:35.623 INFO [main] org.apache.coyote.AbstractProtocol.start Starting ProtocolHandler ["ajp-nio-8009"]
11-Apr-2024 00:34:35.623 INFO [main] org.apache.catalina.startup.Catalina.start Server startup in 574 ms
11-Apr-2024 00:35:35.724 INFO [ContainerBackgroundProcessor[StandardEngine[Catalina]]] org.apache.catalina.startup.HostConfig.reload Reloading context [/Pract8]
11-Apr-2024 00:35:35.724 INFO [ContainerBackgroundProcessor[StandardEngine[Catalina]]] org.apache.catalina.core.StandardContext.reload Reloading Context with name [/Pract8] has started
11-Apr-2024 00:35:35.772 INFO [ContainerBackgroundProcessor[StandardEngine[Catalina]]] org.apache.jasper.servlet.TldScanner.scanJars At least one JAR was scanned for TLDs yet contained no TLDs. Enable debug logging for this logger for a complete list of JARs that were scanned but no TLDs were found in them. Skipping unneeded JARs during scanning can improve startup time and JSP compilation time.
11-Apr-2024 00:35:35.772 INFO [ContainerBackgroundProcessor[StandardEngine[Catalina]]] org.apache.catalina.core.StandardContext.reload Reloading Context with name [/Pract8] is completed
11-Apr-2024 00:36:05.822 INFO [ContainerBackgroundProcessor[StandardEngine[Catalina]]] org.apache.catalina.startup.HostConfig.reload Reloading context [/mock1]
11-Apr-2024 00:36:05.822 INFO [ContainerBackgroundProcessor[StandardEngine[Catalina]]] org.apache.catalina.core.StandardContext.reload Reloading Context with name [/mock1] has started
11-Apr-2024 00:36:05.880 INFO [ContainerBackgroundProcessor[StandardEngine[Catalina]]] org.apache.jasper.servlet.TldScanner.scanJars At least one JAR was scanned for TLDs yet contained no TLDs. Enable debug logging for this logger for a complete list of JARs that were scanned but no TLDs were found in them. Skipping unneeded JARs during scanning can improve startup time and JSP compilation time.
11-Apr-2024 00:36:05.896 INFO [ContainerBackgroundProcessor[StandardEngine[Catalina]]] org.apache.catalina.core.StandardContext.reload Reloading Context with name [/mock1] is completed
11-Apr-2024 00:37:14.971 INFO [main] org.apache.catalina.core.StandardServer.await A valid shutdown command was received via the shutdown port. Stopping the Server instance.
11-Apr-2024 00:37:14.971 INFO [main] org.apache.coyote.AbstractProtocol.pause Pausing ProtocolHandler ["http-nio-8082"]
11-Apr-2024 00:37:15.389 INFO [main] org.apache.coyote.AbstractProtocol.pause Pausing ProtocolHandler ["ajp-nio-8009"]
11-Apr-2024 00:37:15.835 INFO [main] org.apache.catalina.core.StandardService.stopInternal Stopping service [Catalina]
11-Apr-2024 00:37:15.914 INFO [main] org.apache.coyote.AbstractProtocol.stop Stopping ProtocolHandler ["http-nio-8082"]
11-Apr-2024 00:37:15.914 INFO [main] org.apache.coyote.AbstractProtocol.stop Stopping ProtocolHandler ["ajp-nio-8009"]
11-Apr-2024 00:37:15.926 INFO [main] org.apache.coyote.AbstractProtocol.destroy Destroying ProtocolHandler ["http-nio-8082"]
11-Apr-2024 00:37:15.927 INFO [main] org.apache.coyote.AbstractProtocol.destroy Destroying ProtocolHandler ["ajp-nio-8009"]
11-Apr-2024 00:37:20.464 INFO [main] org.apache.catalina.startup.VersionLoggerListener.log Server version:        Apache Tomcat/8.5.24
11-Apr-2024 00:37:20.464 INFO [main] org.apache.catalina.startup.VersionLoggerListener.log Server built:          Nov 27 2017 13:05:30 UTC
11-Apr-2024 00:37:20.464 INFO [main] org.apache.catalina.startup.VersionLoggerListener.log Server number:         8.5.24.0
11-Apr-2024 00:37:20.464 INFO [main] org.apache.catalina.startup.VersionLoggerListener.log OS Name:               Windows 10
11-Apr-2024 00:37:20.464 INFO [main] org.apache.catalina.startup.VersionLoggerListener.log OS Version:            10.0
11-Apr-2024 00:37:20.464 INFO [main] org.apache.catalina.startup.VersionLoggerListener.log Architecture:          x86
11-Apr-2024 00:37:20.464 INFO [main] org.apache.catalina.startup.VersionLoggerListener.log Java Home:             D:\JavaSQL\Java8\jdk1.8.0_131\jre
11-Apr-2024 00:37:20.464 INFO [main] org.apache.catalina.startup.VersionLoggerListener.log JVM Version:           1.8.0_131-b11
11-Apr-2024 00:37:20.464 INFO [main] org.apache.catalina.startup.VersionLoggerListener.log JVM Vendor:            Oracle Corporation
11-Apr-2024 00:37:20.464 INFO [main] org.apache.catalina.startup.VersionLoggerListener.log CATALINA_BASE:         D:\JavaSQL\Java8\apache-tomcat-8.5.24
11-Apr-2024 00:37:20.464 INFO [main] org.apache.catalina.startup.VersionLoggerListener.log CATALINA_HOME:         D:\JavaSQL\Java8\apache-tomcat-8.5.24
11-Apr-2024 00:37:20.464 INFO [main] org.apache.catalina.startup.VersionLoggerListener.log Command line argument: -Djava.util.logging.config.file=D:\JavaSQL\Java8\apache-tomcat-8.5.24\conf\logging.properties
11-Apr-2024 00:37:20.464 INFO [main] org.apache.catalina.startup.VersionLoggerListener.log Command line argument: -Djava.util.logging.manager=org.apache.juli.ClassLoaderLogManager
11-Apr-2024 00:37:20.464 INFO [main] org.apache.catalina.startup.VersionLoggerListener.log Command line argument: -Djdk.tls.ephemeralDHKeySize=2048
11-Apr-2024 00:37:20.464 INFO [main] org.apache.catalina.startup.VersionLoggerListener.log Command line argument: -Djava.protocol.handler.pkgs=org.apache.catalina.webresources
11-Apr-2024 00:37:20.464 INFO [main] org.apache.catalina.startup.VersionLoggerListener.log Command line argument: -Dignore.endorsed.dirs=
11-Apr-2024 00:37:20.464 INFO [main] org.apache.catalina.startup.VersionLoggerListener.log Command line argument: -Dcatalina.base=D:\JavaSQL\Java8\apache-tomcat-8.5.24
11-Apr-2024 00:37:20.464 INFO [main] org.apache.catalina.startup.VersionLoggerListener.log Command line argument: -Dcatalina.home=D:\JavaSQL\Java8\apache-tomcat-8.5.24
11-Apr-2024 00:37:20.464 INFO [main] org.apache.catalina.startup.VersionLoggerListener.log Command line argument: -Djava.io.tmpdir=D:\JavaSQL\Java8\apache-tomcat-8.5.24\temp
11-Apr-2024 00:37:20.464 INFO [main] org.apache.catalina.core.AprLifecycleListener.lifecycleEvent The APR based Apache Tomcat Native library which allows optimal performance in production environments was not found on the java.library.path: [D:\JavaSQL\Java8\jdk1.8.0_131\bin;C:\WINDOWS\Sun\Java\bin;C:\WINDOWS\system32;C:\WINDOWS;D:\JavaSQL\Java8\jdk1.8.0_131\bin;D:\JavaSQL\Java8\jdk1.8.0_131\db\bin;D:\JavaSQL\Java8\squirrelsql-4.0.0-standard;D:\JavaSQL\Java8\apache-tomcat-8.5.24\bin;C:\WINDOWS\system32;C:\WINDOWS;C:\WINDOWS\System32\Wbem;C:\WINDOWS\System32\WindowsPowerShell\v1.0\;C:\WINDOWS\System32\OpenSSH\;C:\Program Files\dotnet\;C:\Users\Aldoa\Desktop\Infor\bin;C:\Users\Aldoa\AppData\Local\Microsoft\WindowsApps;;.]
11-Apr-2024 00:37:20.527 INFO [main] org.apache.coyote.AbstractProtocol.init Initializing ProtocolHandler ["http-nio-8082"]
11-Apr-2024 00:37:20.685 INFO [main] org.apache.tomcat.util.net.NioSelectorPool.getSharedSelector Using a shared selector for servlet write/read
11-Apr-2024 00:37:20.685 INFO [main] org.apache.coyote.AbstractProtocol.init Initializing ProtocolHandler ["ajp-nio-8009"]
11-Apr-2024 00:37:20.685 INFO [main] org.apache.tomcat.util.net.NioSelectorPool.getSharedSelector Using a shared selector for servlet write/read
11-Apr-2024 00:37:20.685 INFO [main] org.apache.catalina.startup.Catalina.load Initialization processed in 393 ms
11-Apr-2024 00:37:20.700 INFO [main] org.apache.catalina.core.StandardService.startInternal Starting service [Catalina]
11-Apr-2024 00:37:20.700 INFO [main] org.apache.catalina.core.StandardEngine.startInternal Starting Servlet Engine: Apache Tomcat/8.5.24
11-Apr-2024 00:37:20.700 INFO [localhost-startStop-1] org.apache.catalina.startup.HostConfig.deployDirectory Deploying web application directory [D:\JavaSQL\Java8\apache-tomcat-8.5.24\webapps\docs]
11-Apr-2024 00:37:20.843 INFO [localhost-startStop-1] org.apache.jasper.servlet.TldScanner.scanJars At least one JAR was scanned for TLDs yet contained no TLDs. Enable debug logging for this logger for a complete list of JARs that were scanned but no TLDs were found in them. Skipping unneeded JARs during scanning can improve startup time and JSP compilation time.
11-Apr-2024 00:37:20.875 INFO [localhost-startStop-1] org.apache.catalina.startup.HostConfig.deployDirectory Deployment of web application directory [D:\JavaSQL\Java8\apache-tomcat-8.5.24\webapps\docs] has finished in [175] ms
11-Apr-2024 00:37:20.875 INFO [localhost-startStop-1] org.apache.catalina.startup.HostConfig.deployDirectory Deploying web application directory [D:\JavaSQL\Java8\apache-tomcat-8.5.24\webapps\examples]
11-Apr-2024 00:37:21.003 INFO [localhost-startStop-1] org.apache.jasper.servlet.TldScanner.scanJars At least one JAR was scanned for TLDs yet contained no TLDs. Enable debug logging for this logger for a complete list of JARs that were scanned but no TLDs were found in them. Skipping unneeded JARs during scanning can improve startup time and JSP compilation time.
11-Apr-2024 00:37:21.030 INFO [localhost-startStop-1] org.apache.catalina.startup.HostConfig.deployDirectory Deployment of web application directory [D:\JavaSQL\Java8\apache-tomcat-8.5.24\webapps\examples] has finished in [155] ms
11-Apr-2024 00:37:21.030 INFO [localhost-startStop-1] org.apache.catalina.startup.HostConfig.deployDirectory Deploying web application directory [D:\JavaSQL\Java8\apache-tomcat-8.5.24\webapps\host-manager]
11-Apr-2024 00:37:21.036 INFO [localhost-startStop-1] org.apache.jasper.servlet.TldScanner.scanJars At least one JAR was scanned for TLDs yet contained no TLDs. Enable debug logging for this logger for a complete list of JARs that were scanned but no TLDs were found in them. Skipping unneeded JARs during scanning can improve startup time and JSP compilation time.
11-Apr-2024 00:37:21.047 INFO [localhost-startStop-1] org.apache.catalina.startup.HostConfig.deployDirectory Deployment of web application directory [D:\JavaSQL\Java8\apache-tomcat-8.5.24\webapps\host-manager] has finished in [17] ms
11-Apr-2024 00:37:21.047 INFO [localhost-startStop-1] org.apache.catalina.startup.HostConfig.deployDirectory Deploying web application directory [D:\JavaSQL\Java8\apache-tomcat-8.5.24\webapps\ROOT]
11-Apr-2024 00:37:21.047 INFO [localhost-startStop-1] org.apache.jasper.servlet.TldScanner.scanJars At least one JAR was scanned for TLDs yet contained no TLDs. Enable debug logging for this logger for a complete list of JARs that were scanned but no TLDs were found in them. Skipping unneeded JARs during scanning can improve startup time and JSP compilation time.
11-Apr-2024 00:37:21.047 INFO [localhost-startStop-1] org.apache.catalina.startup.HostConfig.deployDirectory Deployment of web application directory [D:\JavaSQL\Java8\apache-tomcat-8.5.24\webapps\ROOT] has finished in [0] ms
11-Apr-2024 00:37:21.047 INFO [localhost-startStop-1] org.apache.catalina.startup.HostConfig.deployDirectory Deploying web application directory [D:\JavaSQL\Java8\apache-tomcat-8.5.24\webapps\SQLServer]
11-Apr-2024 00:37:21.059 INFO [localhost-startStop-1] org.apache.jasper.servlet.TldScanner.scanJars At least one JAR was scanned for TLDs yet contained no TLDs. Enable debug logging for this logger for a complete list of JARs that were scanned but no TLDs were found in them. Skipping unneeded JARs during scanning can improve startup time and JSP compilation time.
11-Apr-2024 00:37:21.059 INFO [localhost-startStop-1] org.apache.catalina.startup.HostConfig.deployDirectory Deployment of web application directory [D:\JavaSQL\Java8\apache-tomcat-8.5.24\webapps\SQLServer] has finished in [12] ms
11-Apr-2024 00:37:21.075 INFO [localhost-startStop-1] org.apache.catalina.startup.HostConfig.deployDirectory Deploying web application directory [D:\JavaSQL\Java8\apache-tomcat-8.5.24\webapps\Servlet1]
11-Apr-2024 00:37:21.075 INFO [localhost-startStop-1] org.apache.jasper.servlet.TldScanner.scanJars At least one JAR was scanned for TLDs yet contained no TLDs. Enable debug logging for this logger for a complete list of JARs that were scanned but no TLDs were found in them. Skipping unneeded JARs during scanning can improve startup time and JSP compilation time.
11-Apr-2024 00:37:21.075 INFO [localhost-startStop-1] org.apache.catalina.startup.HostConfig.deployDirectory Deployment of web application directory [D:\JavaSQL\Java8\apache-tomcat-8.5.24\webapps\Servlet1] has finished in [0] ms
11-Apr-2024 00:37:21.075 INFO [localhost-startStop-1] org.apache.catalina.startup.HostConfig.deployDirectory Deploying web application directory [D:\JavaSQL\Java8\apache-tomcat-8.5.24\webapps\Servlet2]
11-Apr-2024 00:37:21.091 INFO [localhost-startStop-1] org.apache.jasper.servlet.TldScanner.scanJars At least one JAR was scanned for TLDs yet contained no TLDs. Enable debug logging for this logger for a complete list of JARs that were scanned but no TLDs were found in them. Skipping unneeded JARs during scanning can improve startup time and JSP compilation time.
11-Apr-2024 00:37:21.091 INFO [localhost-startStop-1] org.apache.catalina.startup.HostConfig.deployDirectory Deployment of web application directory [D:\JavaSQL\Java8\apache-tomcat-8.5.24\webapps\Servlet2] has finished in [16] ms
11-Apr-2024 00:37:21.091 INFO [localhost-startStop-1] org.apache.catalina.startup.HostConfig.deployDirectory Deploying web application directory [D:\JavaSQL\Java8\apache-tomcat-8.5.24\webapps\Servlet3]
11-Apr-2024 00:37:21.106 INFO [localhost-startStop-1] org.apache.jasper.servlet.TldScanner.scanJars At least one JAR was scanned for TLDs yet contained no TLDs. Enable debug logging for this logger for a complete list of JARs that were scanned but no TLDs were found in them. Skipping unneeded JARs during scanning can improve startup time and JSP compilation time.
11-Apr-2024 00:37:21.106 INFO [localhost-startStop-1] org.apache.catalina.startup.HostConfig.deployDirectory Deployment of web application directory [D:\JavaSQL\Java8\apache-tomcat-8.5.24\webapps\Servlet3] has finished in [15] ms
11-Apr-2024 00:37:21.106 INFO [localhost-startStop-1] org.apache.catalina.startup.HostConfig.deployDirectory Deploying web application directory [D:\JavaSQL\Java8\apache-tomcat-8.5.24\webapps\Servlet4]
11-Apr-2024 00:37:21.122 INFO [localhost-startStop-1] org.apache.jasper.servlet.TldScanner.scanJars At least one JAR was scanned for TLDs yet contained no TLDs. Enable debug logging for this logger for a complete list of JARs that were scanned but no TLDs were found in them. Skipping unneeded JARs during scanning can improve startup time and JSP compilation time.
11-Apr-2024 00:37:21.122 INFO [localhost-startStop-1] org.apache.catalina.startup.HostConfig.deployDirectory Deployment of web application directory [D:\JavaSQL\Java8\apache-tomcat-8.5.24\webapps\Servlet4] has finished in [16] ms
11-Apr-2024 00:37:21.122 INFO [localhost-startStop-1] org.apache.catalina.startup.HostConfig.deployDirectory Deploying web application directory [D:\JavaSQL\Java8\apache-tomcat-8.5.24\webapps\Pract8]
11-Apr-2024 00:37:21.138 INFO [localhost-startStop-1] org.apache.jasper.servlet.TldScanner.scanJars At least one JAR was scanned for TLDs yet contained no TLDs. Enable debug logging for this logger for a complete list of JARs that were scanned but no TLDs were found in them. Skipping unneeded JARs during scanning can improve startup time and JSP compilation time.
11-Apr-2024 00:37:21.138 INFO [localhost-startStop-1] org.apache.catalina.startup.HostConfig.deployDirectory Deployment of web application directory [D:\JavaSQL\Java8\apache-tomcat-8.5.24\webapps\Pract8] has finished in [16] ms
11-Apr-2024 00:37:21.138 INFO [localhost-startStop-1] org.apache.catalina.startup.HostConfig.deployDirectory Deploying web application directory [D:\JavaSQL\Java8\apache-tomcat-8.5.24\webapps\Entrega]
11-Apr-2024 00:37:21.160 INFO [localhost-startStop-1] org.apache.jasper.servlet.TldScanner.scanJars At least one JAR was scanned for TLDs yet contained no TLDs. Enable debug logging for this logger for a complete list of JARs that were scanned but no TLDs were found in them. Skipping unneeded JARs during scanning can improve startup time and JSP compilation time.
11-Apr-2024 00:37:21.160 INFO [localhost-startStop-1] org.apache.catalina.startup.HostConfig.deployDirectory Deployment of web application directory [D:\JavaSQL\Java8\apache-tomcat-8.5.24\webapps\Entrega] has finished in [22] ms
11-Apr-2024 00:37:21.160 INFO [localhost-startStop-1] org.apache.catalina.startup.HostConfig.deployDirectory Deploying web application directory [D:\JavaSQL\Java8\apache-tomcat-8.5.24\webapps\matrices8]
11-Apr-2024 00:37:21.171 INFO [localhost-startStop-1] org.apache.jasper.servlet.TldScanner.scanJars At least one JAR was scanned for TLDs yet contained no TLDs. Enable debug logging for this logger for a complete list of JARs that were scanned but no TLDs were found in them. Skipping unneeded JARs during scanning can improve startup time and JSP compilation time.
11-Apr-2024 00:37:21.171 INFO [localhost-startStop-1] org.apache.catalina.startup.HostConfig.deployDirectory Deployment of web application directory [D:\JavaSQL\Java8\apache-tomcat-8.5.24\webapps\matrices8] has finished in [11] ms
11-Apr-2024 00:37:21.171 INFO [localhost-startStop-1] org.apache.catalina.startup.HostConfig.deployDirectory Deploying web application directory [D:\JavaSQL\Java8\apache-tomcat-8.5.24\webapps\TD_E18]
11-Apr-2024 00:37:21.185 INFO [localhost-startStop-1] org.apache.jasper.servlet.TldScanner.scanJars At least one JAR was scanned for TLDs yet contained no TLDs. Enable debug logging for this logger for a complete list of JARs that were scanned but no TLDs were found in them. Skipping unneeded JARs during scanning can improve startup time and JSP compilation time.
11-Apr-2024 00:37:21.185 INFO [localhost-startStop-1] org.apache.catalina.startup.HostConfig.deployDirectory Deployment of web application directory [D:\JavaSQL\Java8\apache-tomcat-8.5.24\webapps\TD_E18] has finished in [14] ms
11-Apr-2024 00:37:21.185 INFO [localhost-startStop-1] org.apache.catalina.startup.HostConfig.deployDirectory Deploying web application directory [D:\JavaSQL\Java8\apache-tomcat-8.5.24\webapps\TB15]
11-Apr-2024 00:37:21.217 INFO [localhost-startStop-1] org.apache.jasper.servlet.TldScanner.scanJars At least one JAR was scanned for TLDs yet contained no TLDs. Enable debug logging for this logger for a complete list of JARs that were scanned but no TLDs were found in them. Skipping unneeded JARs during scanning can improve startup time and JSP compilation time.
11-Apr-2024 00:37:21.217 INFO [localhost-startStop-1] org.apache.catalina.startup.HostConfig.deployDirectory Deployment of web application directory [D:\JavaSQL\Java8\apache-tomcat-8.5.24\webapps\TB15] has finished in [32] ms
11-Apr-2024 00:37:21.217 INFO [localhost-startStop-1] org.apache.catalina.startup.HostConfig.deployDirectory Deploying web application directory [D:\JavaSQL\Java8\apache-tomcat-8.5.24\webapps\S2]
11-Apr-2024 00:37:21.217 INFO [localhost-startStop-1] org.apache.jasper.servlet.TldScanner.scanJars At least one JAR was scanned for TLDs yet contained no TLDs. Enable debug logging for this logger for a complete list of JARs that were scanned but no TLDs were found in them. Skipping unneeded JARs during scanning can improve startup time and JSP compilation time.
11-Apr-2024 00:37:21.232 INFO [localhost-startStop-1] org.apache.catalina.startup.HostConfig.deployDirectory Deployment of web application directory [D:\JavaSQL\Java8\apache-tomcat-8.5.24\webapps\S2] has finished in [15] ms
11-Apr-2024 00:37:21.232 INFO [localhost-startStop-1] org.apache.catalina.startup.HostConfig.deployDirectory Deploying web application directory [D:\JavaSQL\Java8\apache-tomcat-8.5.24\webapps\mock1]
11-Apr-2024 00:37:21.280 INFO [localhost-startStop-1] org.apache.jasper.servlet.TldScanner.scanJars At least one JAR was scanned for TLDs yet contained no TLDs. Enable debug logging for this logger for a complete list of JARs that were scanned but no TLDs were found in them. Skipping unneeded JARs during scanning can improve startup time and JSP compilation time.
11-Apr-2024 00:37:21.280 INFO [localhost-startStop-1] org.apache.catalina.startup.HostConfig.deployDirectory Deployment of web application directory [D:\JavaSQL\Java8\apache-tomcat-8.5.24\webapps\mock1] has finished in [48] ms
11-Apr-2024 00:37:21.280 INFO [main] org.apache.coyote.AbstractProtocol.start Starting ProtocolHandler ["http-nio-8082"]
11-Apr-2024 00:37:21.295 INFO [main] org.apache.coyote.AbstractProtocol.start Starting ProtocolHandler ["ajp-nio-8009"]
11-Apr-2024 00:37:21.295 INFO [main] org.apache.catalina.startup.Catalina.start Server startup in 603 ms
11-Apr-2024 00:37:39.081 INFO [main] org.apache.catalina.core.StandardServer.await A valid shutdown command was received via the shutdown port. Stopping the Server instance.
11-Apr-2024 00:37:39.081 INFO [main] org.apache.coyote.AbstractProtocol.pause Pausing ProtocolHandler ["http-nio-8082"]
11-Apr-2024 00:37:39.522 INFO [main] org.apache.coyote.AbstractProtocol.pause Pausing ProtocolHandler ["ajp-nio-8009"]
11-Apr-2024 00:37:39.970 INFO [main] org.apache.catalina.core.StandardService.stopInternal Stopping service [Catalina]
11-Apr-2024 00:37:40.018 INFO [main] org.apache.coyote.AbstractProtocol.stop Stopping ProtocolHandler ["http-nio-8082"]
11-Apr-2024 00:37:40.018 INFO [main] org.apache.coyote.AbstractProtocol.stop Stopping ProtocolHandler ["ajp-nio-8009"]
11-Apr-2024 00:37:40.018 INFO [main] org.apache.coyote.AbstractProtocol.destroy Destroying ProtocolHandler ["http-nio-8082"]
11-Apr-2024 00:37:40.018 INFO [main] org.apache.coyote.AbstractProtocol.destroy Destroying ProtocolHandler ["ajp-nio-8009"]
11-Apr-2024 00:37:43.422 INFO [main] org.apache.catalina.startup.VersionLoggerListener.log Server version:        Apache Tomcat/8.5.24
11-Apr-2024 00:37:43.422 INFO [main] org.apache.catalina.startup.VersionLoggerListener.log Server built:          Nov 27 2017 13:05:30 UTC
11-Apr-2024 00:37:43.422 INFO [main] org.apache.catalina.startup.VersionLoggerListener.log Server number:         8.5.24.0
11-Apr-2024 00:37:43.422 INFO [main] org.apache.catalina.startup.VersionLoggerListener.log OS Name:               Windows 10
11-Apr-2024 00:37:43.422 INFO [main] org.apache.catalina.startup.VersionLoggerListener.log OS Version:            10.0
11-Apr-2024 00:37:43.422 INFO [main] org.apache.catalina.startup.VersionLoggerListener.log Architecture:          x86
11-Apr-2024 00:37:43.422 INFO [main] org.apache.catalina.startup.VersionLoggerListener.log Java Home:             D:\JavaSQL\Java8\jdk1.8.0_131\jre
11-Apr-2024 00:37:43.422 INFO [main] org.apache.catalina.startup.VersionLoggerListener.log JVM Version:           1.8.0_131-b11
11-Apr-2024 00:37:43.422 INFO [main] org.apache.catalina.startup.VersionLoggerListener.log JVM Vendor:            Oracle Corporation
11-Apr-2024 00:37:43.422 INFO [main] org.apache.catalina.startup.VersionLoggerListener.log CATALINA_BASE:         D:\JavaSQL\Java8\apache-tomcat-8.5.24
11-Apr-2024 00:37:43.422 INFO [main] org.apache.catalina.startup.VersionLoggerListener.log CATALINA_HOME:         D:\JavaSQL\Java8\apache-tomcat-8.5.24
11-Apr-2024 00:37:43.422 INFO [main] org.apache.catalina.startup.VersionLoggerListener.log Command line argument: -Djava.util.logging.config.file=D:\JavaSQL\Java8\apache-tomcat-8.5.24\conf\logging.properties
11-Apr-2024 00:37:43.422 INFO [main] org.apache.catalina.startup.VersionLoggerListener.log Command line argument: -Djava.util.logging.manager=org.apache.juli.ClassLoaderLogManager
11-Apr-2024 00:37:43.422 INFO [main] org.apache.catalina.startup.VersionLoggerListener.log Command line argument: -Djdk.tls.ephemeralDHKeySize=2048
11-Apr-2024 00:37:43.422 INFO [main] org.apache.catalina.startup.VersionLoggerListener.log Command line argument: -Djava.protocol.handler.pkgs=org.apache.catalina.webresources
11-Apr-2024 00:37:43.422 INFO [main] org.apache.catalina.startup.VersionLoggerListener.log Command line argument: -Dignore.endorsed.dirs=
11-Apr-2024 00:37:43.422 INFO [main] org.apache.catalina.startup.VersionLoggerListener.log Command line argument: -Dcatalina.base=D:\JavaSQL\Java8\apache-tomcat-8.5.24
11-Apr-2024 00:37:43.422 INFO [main] org.apache.catalina.startup.VersionLoggerListener.log Command line argument: -Dcatalina.home=D:\JavaSQL\Java8\apache-tomcat-8.5.24
11-Apr-2024 00:37:43.422 INFO [main] org.apache.catalina.startup.VersionLoggerListener.log Command line argument: -Djava.io.tmpdir=D:\JavaSQL\Java8\apache-tomcat-8.5.24\temp
11-Apr-2024 00:37:43.422 INFO [main] org.apache.catalina.core.AprLifecycleListener.lifecycleEvent The APR based Apache Tomcat Native library which allows optimal performance in production environments was not found on the java.library.path: [D:\JavaSQL\Java8\jdk1.8.0_131\bin;C:\WINDOWS\Sun\Java\bin;C:\WINDOWS\system32;C:\WINDOWS;D:\JavaSQL\Java8\jdk1.8.0_131\bin;D:\JavaSQL\Java8\jdk1.8.0_131\db\bin;D:\JavaSQL\Java8\squirrelsql-4.0.0-standard;D:\JavaSQL\Java8\apache-tomcat-8.5.24\bin;C:\WINDOWS\system32;C:\WINDOWS;C:\WINDOWS\System32\Wbem;C:\WINDOWS\System32\WindowsPowerShell\v1.0\;C:\WINDOWS\System32\OpenSSH\;C:\Program Files\dotnet\;C:\Users\Aldoa\Desktop\Infor\bin;C:\Users\Aldoa\AppData\Local\Microsoft\WindowsApps;;.]
11-Apr-2024 00:37:43.485 INFO [main] org.apache.coyote.AbstractProtocol.init Initializing ProtocolHandler ["http-nio-8082"]
11-Apr-2024 00:37:43.658 INFO [main] org.apache.tomcat.util.net.NioSelectorPool.getSharedSelector Using a shared selector for servlet write/read
11-Apr-2024 00:37:43.674 INFO [main] org.apache.coyote.AbstractProtocol.init Initializing ProtocolHandler ["ajp-nio-8009"]
11-Apr-2024 00:37:43.674 INFO [main] org.apache.tomcat.util.net.NioSelectorPool.getSharedSelector Using a shared selector for servlet write/read
11-Apr-2024 00:37:43.674 INFO [main] org.apache.catalina.startup.Catalina.load Initialization processed in 420 ms
11-Apr-2024 00:37:43.690 INFO [main] org.apache.catalina.core.StandardService.startInternal Starting service [Catalina]
11-Apr-2024 00:37:43.690 INFO [main] org.apache.catalina.core.StandardEngine.startInternal Starting Servlet Engine: Apache Tomcat/8.5.24
11-Apr-2024 00:37:43.690 INFO [localhost-startStop-1] org.apache.catalina.startup.HostConfig.deployDirectory Deploying web application directory [D:\JavaSQL\Java8\apache-tomcat-8.5.24\webapps\docs]
11-Apr-2024 00:37:43.816 INFO [localhost-startStop-1] org.apache.jasper.servlet.TldScanner.scanJars At least one JAR was scanned for TLDs yet contained no TLDs. Enable debug logging for this logger for a complete list of JARs that were scanned but no TLDs were found in them. Skipping unneeded JARs during scanning can improve startup time and JSP compilation time.
11-Apr-2024 00:37:43.849 INFO [localhost-startStop-1] org.apache.catalina.startup.HostConfig.deployDirectory Deployment of web application directory [D:\JavaSQL\Java8\apache-tomcat-8.5.24\webapps\docs] has finished in [159] ms
11-Apr-2024 00:37:43.849 INFO [localhost-startStop-1] org.apache.catalina.startup.HostConfig.deployDirectory Deploying web application directory [D:\JavaSQL\Java8\apache-tomcat-8.5.24\webapps\examples]
11-Apr-2024 00:37:43.958 INFO [localhost-startStop-1] org.apache.jasper.servlet.TldScanner.scanJars At least one JAR was scanned for TLDs yet contained no TLDs. Enable debug logging for this logger for a complete list of JARs that were scanned but no TLDs were found in them. Skipping unneeded JARs during scanning can improve startup time and JSP compilation time.
11-Apr-2024 00:37:43.989 INFO [localhost-startStop-1] org.apache.catalina.startup.HostConfig.deployDirectory Deployment of web application directory [D:\JavaSQL\Java8\apache-tomcat-8.5.24\webapps\examples] has finished in [140] ms
11-Apr-2024 00:37:43.989 INFO [localhost-startStop-1] org.apache.catalina.startup.HostConfig.deployDirectory Deploying web application directory [D:\JavaSQL\Java8\apache-tomcat-8.5.24\webapps\host-manager]
11-Apr-2024 00:37:44.005 INFO [localhost-startStop-1] org.apache.jasper.servlet.TldScanner.scanJars At least one JAR was scanned for TLDs yet contained no TLDs. Enable debug logging for this logger for a complete list of JARs that were scanned but no TLDs were found in them. Skipping unneeded JARs during scanning can improve startup time and JSP compilation time.
11-Apr-2024 00:37:44.014 INFO [localhost-startStop-1] org.apache.catalina.startup.HostConfig.deployDirectory Deployment of web application directory [D:\JavaSQL\Java8\apache-tomcat-8.5.24\webapps\host-manager] has finished in [25] ms
11-Apr-2024 00:37:44.014 INFO [localhost-startStop-1] org.apache.catalina.startup.HostConfig.deployDirectory Deploying web application directory [D:\JavaSQL\Java8\apache-tomcat-8.5.24\webapps\ROOT]
11-Apr-2024 00:37:44.028 INFO [localhost-startStop-1] org.apache.jasper.servlet.TldScanner.scanJars At least one JAR was scanned for TLDs yet contained no TLDs. Enable debug logging for this logger for a complete list of JARs that were scanned but no TLDs were found in them. Skipping unneeded JARs during scanning can improve startup time and JSP compilation time.
11-Apr-2024 00:37:44.028 INFO [localhost-startStop-1] org.apache.catalina.startup.HostConfig.deployDirectory Deployment of web application directory [D:\JavaSQL\Java8\apache-tomcat-8.5.24\webapps\ROOT] has finished in [14] ms
11-Apr-2024 00:37:44.028 INFO [localhost-startStop-1] org.apache.catalina.startup.HostConfig.deployDirectory Deploying web application directory [D:\JavaSQL\Java8\apache-tomcat-8.5.24\webapps\SQLServer]
11-Apr-2024 00:37:44.047 INFO [localhost-startStop-1] org.apache.jasper.servlet.TldScanner.scanJars At least one JAR was scanned for TLDs yet contained no TLDs. Enable debug logging for this logger for a complete list of JARs that were scanned but no TLDs were found in them. Skipping unneeded JARs during scanning can improve startup time and JSP compilation time.
11-Apr-2024 00:37:44.051 INFO [localhost-startStop-1] org.apache.catalina.startup.HostConfig.deployDirectory Deployment of web application directory [D:\JavaSQL\Java8\apache-tomcat-8.5.24\webapps\SQLServer] has finished in [22] ms
11-Apr-2024 00:37:44.051 INFO [localhost-startStop-1] org.apache.catalina.startup.HostConfig.deployDirectory Deploying web application directory [D:\JavaSQL\Java8\apache-tomcat-8.5.24\webapps\Servlet1]
11-Apr-2024 00:37:44.063 INFO [localhost-startStop-1] org.apache.jasper.servlet.TldScanner.scanJars At least one JAR was scanned for TLDs yet contained no TLDs. Enable debug logging for this logger for a complete list of JARs that were scanned but no TLDs were found in them. Skipping unneeded JARs during scanning can improve startup time and JSP compilation time.
11-Apr-2024 00:37:44.063 INFO [localhost-startStop-1] org.apache.catalina.startup.HostConfig.deployDirectory Deployment of web application directory [D:\JavaSQL\Java8\apache-tomcat-8.5.24\webapps\Servlet1] has finished in [12] ms
11-Apr-2024 00:37:44.064 INFO [localhost-startStop-1] org.apache.catalina.startup.HostConfig.deployDirectory Deploying web application directory [D:\JavaSQL\Java8\apache-tomcat-8.5.24\webapps\Servlet2]
11-Apr-2024 00:37:44.081 INFO [localhost-startStop-1] org.apache.jasper.servlet.TldScanner.scanJars At least one JAR was scanned for TLDs yet contained no TLDs. Enable debug logging for this logger for a complete list of JARs that were scanned but no TLDs were found in them. Skipping unneeded JARs during scanning can improve startup time and JSP compilation time.
11-Apr-2024 00:37:44.081 INFO [localhost-startStop-1] org.apache.catalina.startup.HostConfig.deployDirectory Deployment of web application directory [D:\JavaSQL\Java8\apache-tomcat-8.5.24\webapps\Servlet2] has finished in [17] ms
11-Apr-2024 00:37:44.081 INFO [localhost-startStop-1] org.apache.catalina.startup.HostConfig.deployDirectory Deploying web application directory [D:\JavaSQL\Java8\apache-tomcat-8.5.24\webapps\Servlet3]
11-Apr-2024 00:37:44.097 INFO [localhost-startStop-1] org.apache.jasper.servlet.TldScanner.scanJars At least one JAR was scanned for TLDs yet contained no TLDs. Enable debug logging for this logger for a complete list of JARs that were scanned but no TLDs were found in them. Skipping unneeded JARs during scanning can improve startup time and JSP compilation time.
11-Apr-2024 00:37:44.099 INFO [localhost-startStop-1] org.apache.catalina.startup.HostConfig.deployDirectory Deployment of web application directory [D:\JavaSQL\Java8\apache-tomcat-8.5.24\webapps\Servlet3] has finished in [18] ms
11-Apr-2024 00:37:44.099 INFO [localhost-startStop-1] org.apache.catalina.startup.HostConfig.deployDirectory Deploying web application directory [D:\JavaSQL\Java8\apache-tomcat-8.5.24\webapps\Servlet4]
11-Apr-2024 00:37:44.106 INFO [localhost-startStop-1] org.apache.jasper.servlet.TldScanner.scanJars At least one JAR was scanned for TLDs yet contained no TLDs. Enable debug logging for this logger for a complete list of JARs that were scanned but no TLDs were found in them. Skipping unneeded JARs during scanning can improve startup time and JSP compilation time.
11-Apr-2024 00:37:44.106 INFO [localhost-startStop-1] org.apache.catalina.startup.HostConfig.deployDirectory Deployment of web application directory [D:\JavaSQL\Java8\apache-tomcat-8.5.24\webapps\Servlet4] has finished in [7] ms
11-Apr-2024 00:37:44.106 INFO [localhost-startStop-1] org.apache.catalina.startup.HostConfig.deployDirectory Deploying web application directory [D:\JavaSQL\Java8\apache-tomcat-8.5.24\webapps\Pract8]
11-Apr-2024 00:37:44.127 INFO [localhost-startStop-1] org.apache.jasper.servlet.TldScanner.scanJars At least one JAR was scanned for TLDs yet contained no TLDs. Enable debug logging for this logger for a complete list of JARs that were scanned but no TLDs were found in them. Skipping unneeded JARs during scanning can improve startup time and JSP compilation time.
11-Apr-2024 00:37:44.130 INFO [localhost-startStop-1] org.apache.catalina.startup.HostConfig.deployDirectory Deployment of web application directory [D:\JavaSQL\Java8\apache-tomcat-8.5.24\webapps\Pract8] has finished in [21] ms
11-Apr-2024 00:37:44.130 INFO [localhost-startStop-1] org.apache.catalina.startup.HostConfig.deployDirectory Deploying web application directory [D:\JavaSQL\Java8\apache-tomcat-8.5.24\webapps\Entrega]
11-Apr-2024 00:37:44.148 INFO [localhost-startStop-1] org.apache.jasper.servlet.TldScanner.scanJars At least one JAR was scanned for TLDs yet contained no TLDs. Enable debug logging for this logger for a complete list of JARs that were scanned but no TLDs were found in them. Skipping unneeded JARs during scanning can improve startup time and JSP compilation time.
11-Apr-2024 00:37:44.150 INFO [localhost-startStop-1] org.apache.catalina.startup.HostConfig.deployDirectory Deployment of web application directory [D:\JavaSQL\Java8\apache-tomcat-8.5.24\webapps\Entrega] has finished in [20] ms
11-Apr-2024 00:37:44.150 INFO [localhost-startStop-1] org.apache.catalina.startup.HostConfig.deployDirectory Deploying web application directory [D:\JavaSQL\Java8\apache-tomcat-8.5.24\webapps\matrices8]
11-Apr-2024 00:37:44.163 INFO [localhost-startStop-1] org.apache.jasper.servlet.TldScanner.scanJars At least one JAR was scanned for TLDs yet contained no TLDs. Enable debug logging for this logger for a complete list of JARs that were scanned but no TLDs were found in them. Skipping unneeded JARs during scanning can improve startup time and JSP compilation time.
11-Apr-2024 00:37:44.163 INFO [localhost-startStop-1] org.apache.catalina.startup.HostConfig.deployDirectory Deployment of web application directory [D:\JavaSQL\Java8\apache-tomcat-8.5.24\webapps\matrices8] has finished in [13] ms
11-Apr-2024 00:37:44.163 INFO [localhost-startStop-1] org.apache.catalina.startup.HostConfig.deployDirectory Deploying web application directory [D:\JavaSQL\Java8\apache-tomcat-8.5.24\webapps\TD_E18]
11-Apr-2024 00:37:44.184 INFO [localhost-startStop-1] org.apache.jasper.servlet.TldScanner.scanJars At least one JAR was scanned for TLDs yet contained no TLDs. Enable debug logging for this logger for a complete list of JARs that were scanned but no TLDs were found in them. Skipping unneeded JARs during scanning can improve startup time and JSP compilation time.
11-Apr-2024 00:37:44.184 INFO [localhost-startStop-1] org.apache.catalina.startup.HostConfig.deployDirectory Deployment of web application directory [D:\JavaSQL\Java8\apache-tomcat-8.5.24\webapps\TD_E18] has finished in [21] ms
11-Apr-2024 00:37:44.184 INFO [localhost-startStop-1] org.apache.catalina.startup.HostConfig.deployDirectory Deploying web application directory [D:\JavaSQL\Java8\apache-tomcat-8.5.24\webapps\TB15]
11-Apr-2024 00:37:44.205 INFO [localhost-startStop-1] org.apache.jasper.servlet.TldScanner.scanJars At least one JAR was scanned for TLDs yet contained no TLDs. Enable debug logging for this logger for a complete list of JARs that were scanned but no TLDs were found in them. Skipping unneeded JARs during scanning can improve startup time and JSP compilation time.
11-Apr-2024 00:37:44.207 INFO [localhost-startStop-1] org.apache.catalina.startup.HostConfig.deployDirectory Deployment of web application directory [D:\JavaSQL\Java8\apache-tomcat-8.5.24\webapps\TB15] has finished in [23] ms
11-Apr-2024 00:37:44.207 INFO [localhost-startStop-1] org.apache.catalina.startup.HostConfig.deployDirectory Deploying web application directory [D:\JavaSQL\Java8\apache-tomcat-8.5.24\webapps\S2]
11-Apr-2024 00:37:44.219 INFO [localhost-startStop-1] org.apache.jasper.servlet.TldScanner.scanJars At least one JAR was scanned for TLDs yet contained no TLDs. Enable debug logging for this logger for a complete list of JARs that were scanned but no TLDs were found in them. Skipping unneeded JARs during scanning can improve startup time and JSP compilation time.
11-Apr-2024 00:37:44.221 INFO [localhost-startStop-1] org.apache.catalina.startup.HostConfig.deployDirectory Deployment of web application directory [D:\JavaSQL\Java8\apache-tomcat-8.5.24\webapps\S2] has finished in [14] ms
11-Apr-2024 00:37:44.221 INFO [localhost-startStop-1] org.apache.catalina.startup.HostConfig.deployDirectory Deploying web application directory [D:\JavaSQL\Java8\apache-tomcat-8.5.24\webapps\mock1]
11-Apr-2024 00:37:44.254 INFO [localhost-startStop-1] org.apache.jasper.servlet.TldScanner.scanJars At least one JAR was scanned for TLDs yet contained no TLDs. Enable debug logging for this logger for a complete list of JARs that were scanned but no TLDs were found in them. Skipping unneeded JARs during scanning can improve startup time and JSP compilation time.
11-Apr-2024 00:37:44.254 INFO [localhost-startStop-1] org.apache.catalina.startup.HostConfig.deployDirectory Deployment of web application directory [D:\JavaSQL\Java8\apache-tomcat-8.5.24\webapps\mock1] has finished in [33] ms
11-Apr-2024 00:37:44.262 INFO [main] org.apache.coyote.AbstractProtocol.start Starting ProtocolHandler ["http-nio-8082"]
11-Apr-2024 00:37:44.268 INFO [main] org.apache.coyote.AbstractProtocol.start Starting ProtocolHandler ["ajp-nio-8009"]
11-Apr-2024 00:37:44.271 INFO [main] org.apache.catalina.startup.Catalina.start Server startup in 595 ms
11-Apr-2024 00:38:17.993 INFO [main] org.apache.catalina.core.StandardServer.await A valid shutdown command was received via the shutdown port. Stopping the Server instance.
11-Apr-2024 00:38:17.993 INFO [main] org.apache.coyote.AbstractProtocol.pause Pausing ProtocolHandler ["http-nio-8082"]
11-Apr-2024 00:38:18.460 INFO [main] org.apache.coyote.AbstractProtocol.pause Pausing ProtocolHandler ["ajp-nio-8009"]
11-Apr-2024 00:38:18.791 INFO [main] org.apache.catalina.core.StandardService.stopInternal Stopping service [Catalina]
11-Apr-2024 00:38:18.854 INFO [main] org.apache.coyote.AbstractProtocol.stop Stopping ProtocolHandler ["http-nio-8082"]
11-Apr-2024 00:38:18.862 INFO [main] org.apache.coyote.AbstractProtocol.stop Stopping ProtocolHandler ["ajp-nio-8009"]
11-Apr-2024 00:38:18.863 INFO [main] org.apache.coyote.AbstractProtocol.destroy Destroying ProtocolHandler ["http-nio-8082"]
11-Apr-2024 00:38:18.864 INFO [main] org.apache.coyote.AbstractProtocol.destroy Destroying ProtocolHandler ["ajp-nio-8009"]
11-Apr-2024 00:38:20.363 INFO [main] org.apache.catalina.startup.VersionLoggerListener.log Server version:        Apache Tomcat/8.5.24
11-Apr-2024 00:38:20.363 INFO [main] org.apache.catalina.startup.VersionLoggerListener.log Server built:          Nov 27 2017 13:05:30 UTC
11-Apr-2024 00:38:20.363 INFO [main] org.apache.catalina.startup.VersionLoggerListener.log Server number:         8.5.24.0
11-Apr-2024 00:38:20.363 INFO [main] org.apache.catalina.startup.VersionLoggerListener.log OS Name:               Windows 10
11-Apr-2024 00:38:20.363 INFO [main] org.apache.catalina.startup.VersionLoggerListener.log OS Version:            10.0
11-Apr-2024 00:38:20.363 INFO [main] org.apache.catalina.startup.VersionLoggerListener.log Architecture:          x86
11-Apr-2024 00:38:20.363 INFO [main] org.apache.catalina.startup.VersionLoggerListener.log Java Home:             D:\JavaSQL\Java8\jdk1.8.0_131\jre
11-Apr-2024 00:38:20.363 INFO [main] org.apache.catalina.startup.VersionLoggerListener.log JVM Version:           1.8.0_131-b11
11-Apr-2024 00:38:20.363 INFO [main] org.apache.catalina.startup.VersionLoggerListener.log JVM Vendor:            Oracle Corporation
11-Apr-2024 00:38:20.363 INFO [main] org.apache.catalina.startup.VersionLoggerListener.log CATALINA_BASE:         D:\JavaSQL\Java8\apache-tomcat-8.5.24
11-Apr-2024 00:38:20.363 INFO [main] org.apache.catalina.startup.VersionLoggerListener.log CATALINA_HOME:         D:\JavaSQL\Java8\apache-tomcat-8.5.24
11-Apr-2024 00:38:20.363 INFO [main] org.apache.catalina.startup.VersionLoggerListener.log Command line argument: -Djava.util.logging.config.file=D:\JavaSQL\Java8\apache-tomcat-8.5.24\conf\logging.properties
11-Apr-2024 00:38:20.363 INFO [main] org.apache.catalina.startup.VersionLoggerListener.log Command line argument: -Djava.util.logging.manager=org.apache.juli.ClassLoaderLogManager
11-Apr-2024 00:38:20.363 INFO [main] org.apache.catalina.startup.VersionLoggerListener.log Command line argument: -Djdk.tls.ephemeralDHKeySize=2048
11-Apr-2024 00:38:20.363 INFO [main] org.apache.catalina.startup.VersionLoggerListener.log Command line argument: -Djava.protocol.handler.pkgs=org.apache.catalina.webresources
11-Apr-2024 00:38:20.363 INFO [main] org.apache.catalina.startup.VersionLoggerListener.log Command line argument: -Dignore.endorsed.dirs=
11-Apr-2024 00:38:20.363 INFO [main] org.apache.catalina.startup.VersionLoggerListener.log Command line argument: -Dcatalina.base=D:\JavaSQL\Java8\apache-tomcat-8.5.24
11-Apr-2024 00:38:20.363 INFO [main] org.apache.catalina.startup.VersionLoggerListener.log Command line argument: -Dcatalina.home=D:\JavaSQL\Java8\apache-tomcat-8.5.24
11-Apr-2024 00:38:20.363 INFO [main] org.apache.catalina.startup.VersionLoggerListener.log Command line argument: -Djava.io.tmpdir=D:\JavaSQL\Java8\apache-tomcat-8.5.24\temp
11-Apr-2024 00:38:20.363 INFO [main] org.apache.catalina.core.AprLifecycleListener.lifecycleEvent The APR based Apache Tomcat Native library which allows optimal performance in production environments was not found on the java.library.path: [D:\JavaSQL\Java8\jdk1.8.0_131\bin;C:\WINDOWS\Sun\Java\bin;C:\WINDOWS\system32;C:\WINDOWS;D:\JavaSQL\Java8\jdk1.8.0_131\bin;D:\JavaSQL\Java8\jdk1.8.0_131\db\bin;D:\JavaSQL\Java8\squirrelsql-4.0.0-standard;D:\JavaSQL\Java8\apache-tomcat-8.5.24\bin;C:\WINDOWS\system32;C:\WINDOWS;C:\WINDOWS\System32\Wbem;C:\WINDOWS\System32\WindowsPowerShell\v1.0\;C:\WINDOWS\System32\OpenSSH\;C:\Program Files\dotnet\;C:\Users\Aldoa\Desktop\Infor\bin;C:\Users\Aldoa\AppData\Local\Microsoft\WindowsApps;;.]
11-Apr-2024 00:38:20.447 INFO [main] org.apache.coyote.AbstractProtocol.init Initializing ProtocolHandler ["http-nio-8082"]
11-Apr-2024 00:38:20.618 INFO [main] org.apache.tomcat.util.net.NioSelectorPool.getSharedSelector Using a shared selector for servlet write/read
11-Apr-2024 00:38:20.618 INFO [main] org.apache.coyote.AbstractProtocol.init Initializing ProtocolHandler ["ajp-nio-8009"]
11-Apr-2024 00:38:20.634 INFO [main] org.apache.tomcat.util.net.NioSelectorPool.getSharedSelector Using a shared selector for servlet write/read
11-Apr-2024 00:38:20.634 INFO [main] org.apache.catalina.startup.Catalina.load Initialization processed in 475 ms
11-Apr-2024 00:38:20.648 INFO [main] org.apache.catalina.core.StandardService.startInternal Starting service [Catalina]
11-Apr-2024 00:38:20.648 INFO [main] org.apache.catalina.core.StandardEngine.startInternal Starting Servlet Engine: Apache Tomcat/8.5.24
11-Apr-2024 00:38:20.650 INFO [localhost-startStop-1] org.apache.catalina.startup.HostConfig.deployDirectory Deploying web application directory [D:\JavaSQL\Java8\apache-tomcat-8.5.24\webapps\docs]
11-Apr-2024 00:38:20.785 INFO [localhost-startStop-1] org.apache.jasper.servlet.TldScanner.scanJars At least one JAR was scanned for TLDs yet contained no TLDs. Enable debug logging for this logger for a complete list of JARs that were scanned but no TLDs were found in them. Skipping unneeded JARs during scanning can improve startup time and JSP compilation time.
11-Apr-2024 00:38:20.825 INFO [localhost-startStop-1] org.apache.catalina.startup.HostConfig.deployDirectory Deployment of web application directory [D:\JavaSQL\Java8\apache-tomcat-8.5.24\webapps\docs] has finished in [175] ms
11-Apr-2024 00:38:20.825 INFO [localhost-startStop-1] org.apache.catalina.startup.HostConfig.deployDirectory Deploying web application directory [D:\JavaSQL\Java8\apache-tomcat-8.5.24\webapps\examples]
11-Apr-2024 00:38:20.959 INFO [localhost-startStop-1] org.apache.jasper.servlet.TldScanner.scanJars At least one JAR was scanned for TLDs yet contained no TLDs. Enable debug logging for this logger for a complete list of JARs that were scanned but no TLDs were found in them. Skipping unneeded JARs during scanning can improve startup time and JSP compilation time.
11-Apr-2024 00:38:20.991 INFO [localhost-startStop-1] org.apache.catalina.startup.HostConfig.deployDirectory Deployment of web application directory [D:\JavaSQL\Java8\apache-tomcat-8.5.24\webapps\examples] has finished in [166] ms
11-Apr-2024 00:38:20.991 INFO [localhost-startStop-1] org.apache.catalina.startup.HostConfig.deployDirectory Deploying web application directory [D:\JavaSQL\Java8\apache-tomcat-8.5.24\webapps\host-manager]
11-Apr-2024 00:38:20.999 INFO [localhost-startStop-1] org.apache.jasper.servlet.TldScanner.scanJars At least one JAR was scanned for TLDs yet contained no TLDs. Enable debug logging for this logger for a complete list of JARs that were scanned but no TLDs were found in them. Skipping unneeded JARs during scanning can improve startup time and JSP compilation time.
11-Apr-2024 00:38:21.015 INFO [localhost-startStop-1] org.apache.catalina.startup.HostConfig.deployDirectory Deployment of web application directory [D:\JavaSQL\Java8\apache-tomcat-8.5.24\webapps\host-manager] has finished in [24] ms
11-Apr-2024 00:38:21.015 INFO [localhost-startStop-1] org.apache.catalina.startup.HostConfig.deployDirectory Deploying web application directory [D:\JavaSQL\Java8\apache-tomcat-8.5.24\webapps\ROOT]
11-Apr-2024 00:38:21.015 INFO [localhost-startStop-1] org.apache.jasper.servlet.TldScanner.scanJars At least one JAR was scanned for TLDs yet contained no TLDs. Enable debug logging for this logger for a complete list of JARs that were scanned but no TLDs were found in them. Skipping unneeded JARs during scanning can improve startup time and JSP compilation time.
11-Apr-2024 00:38:21.015 INFO [localhost-startStop-1] org.apache.catalina.startup.HostConfig.deployDirectory Deployment of web application directory [D:\JavaSQL\Java8\apache-tomcat-8.5.24\webapps\ROOT] has finished in [0] ms
11-Apr-2024 00:38:21.015 INFO [localhost-startStop-1] org.apache.catalina.startup.HostConfig.deployDirectory Deploying web application directory [D:\JavaSQL\Java8\apache-tomcat-8.5.24\webapps\SQLServer]
11-Apr-2024 00:38:21.031 INFO [localhost-startStop-1] org.apache.jasper.servlet.TldScanner.scanJars At least one JAR was scanned for TLDs yet contained no TLDs. Enable debug logging for this logger for a complete list of JARs that were scanned but no TLDs were found in them. Skipping unneeded JARs during scanning can improve startup time and JSP compilation time.
11-Apr-2024 00:38:21.046 INFO [localhost-startStop-1] org.apache.catalina.startup.HostConfig.deployDirectory Deployment of web application directory [D:\JavaSQL\Java8\apache-tomcat-8.5.24\webapps\SQLServer] has finished in [31] ms
11-Apr-2024 00:38:21.046 INFO [localhost-startStop-1] org.apache.catalina.startup.HostConfig.deployDirectory Deploying web application directory [D:\JavaSQL\Java8\apache-tomcat-8.5.24\webapps\Servlet1]
11-Apr-2024 00:38:21.047 INFO [localhost-startStop-1] org.apache.jasper.servlet.TldScanner.scanJars At least one JAR was scanned for TLDs yet contained no TLDs. Enable debug logging for this logger for a complete list of JARs that were scanned but no TLDs were found in them. Skipping unneeded JARs during scanning can improve startup time and JSP compilation time.
11-Apr-2024 00:38:21.047 INFO [localhost-startStop-1] org.apache.catalina.startup.HostConfig.deployDirectory Deployment of web application directory [D:\JavaSQL\Java8\apache-tomcat-8.5.24\webapps\Servlet1] has finished in [1] ms
11-Apr-2024 00:38:21.047 INFO [localhost-startStop-1] org.apache.catalina.startup.HostConfig.deployDirectory Deploying web application directory [D:\JavaSQL\Java8\apache-tomcat-8.5.24\webapps\Servlet2]
11-Apr-2024 00:38:21.064 INFO [localhost-startStop-1] org.apache.jasper.servlet.TldScanner.scanJars At least one JAR was scanned for TLDs yet contained no TLDs. Enable debug logging for this logger for a complete list of JARs that were scanned but no TLDs were found in them. Skipping unneeded JARs during scanning can improve startup time and JSP compilation time.
11-Apr-2024 00:38:21.078 INFO [localhost-startStop-1] org.apache.catalina.startup.HostConfig.deployDirectory Deployment of web application directory [D:\JavaSQL\Java8\apache-tomcat-8.5.24\webapps\Servlet2] has finished in [31] ms
11-Apr-2024 00:38:21.078 INFO [localhost-startStop-1] org.apache.catalina.startup.HostConfig.deployDirectory Deploying web application directory [D:\JavaSQL\Java8\apache-tomcat-8.5.24\webapps\Servlet3]
11-Apr-2024 00:38:21.078 INFO [localhost-startStop-1] org.apache.jasper.servlet.TldScanner.scanJars At least one JAR was scanned for TLDs yet contained no TLDs. Enable debug logging for this logger for a complete list of JARs that were scanned but no TLDs were found in them. Skipping unneeded JARs during scanning can improve startup time and JSP compilation time.
11-Apr-2024 00:38:21.078 INFO [localhost-startStop-1] org.apache.catalina.startup.HostConfig.deployDirectory Deployment of web application directory [D:\JavaSQL\Java8\apache-tomcat-8.5.24\webapps\Servlet3] has finished in [0] ms
11-Apr-2024 00:38:21.094 INFO [localhost-startStop-1] org.apache.catalina.startup.HostConfig.deployDirectory Deploying web application directory [D:\JavaSQL\Java8\apache-tomcat-8.5.24\webapps\Servlet4]
11-Apr-2024 00:38:21.110 INFO [localhost-startStop-1] org.apache.jasper.servlet.TldScanner.scanJars At least one JAR was scanned for TLDs yet contained no TLDs. Enable debug logging for this logger for a complete list of JARs that were scanned but no TLDs were found in them. Skipping unneeded JARs during scanning can improve startup time and JSP compilation time.
11-Apr-2024 00:38:21.110 INFO [localhost-startStop-1] org.apache.catalina.startup.HostConfig.deployDirectory Deployment of web application directory [D:\JavaSQL\Java8\apache-tomcat-8.5.24\webapps\Servlet4] has finished in [32] ms
11-Apr-2024 00:38:21.110 INFO [localhost-startStop-1] org.apache.catalina.startup.HostConfig.deployDirectory Deploying web application directory [D:\JavaSQL\Java8\apache-tomcat-8.5.24\webapps\Pract8]
11-Apr-2024 00:38:21.125 INFO [localhost-startStop-1] org.apache.jasper.servlet.TldScanner.scanJars At least one JAR was scanned for TLDs yet contained no TLDs. Enable debug logging for this logger for a complete list of JARs that were scanned but no TLDs were found in them. Skipping unneeded JARs during scanning can improve startup time and JSP compilation time.
11-Apr-2024 00:38:21.125 INFO [localhost-startStop-1] org.apache.catalina.startup.HostConfig.deployDirectory Deployment of web application directory [D:\JavaSQL\Java8\apache-tomcat-8.5.24\webapps\Pract8] has finished in [15] ms
11-Apr-2024 00:38:21.125 INFO [localhost-startStop-1] org.apache.catalina.startup.HostConfig.deployDirectory Deploying web application directory [D:\JavaSQL\Java8\apache-tomcat-8.5.24\webapps\Entrega]
11-Apr-2024 00:38:21.148 INFO [localhost-startStop-1] org.apache.jasper.servlet.TldScanner.scanJars At least one JAR was scanned for TLDs yet contained no TLDs. Enable debug logging for this logger for a complete list of JARs that were scanned but no TLDs were found in them. Skipping unneeded JARs during scanning can improve startup time and JSP compilation time.
11-Apr-2024 00:38:21.149 INFO [localhost-startStop-1] org.apache.catalina.startup.HostConfig.deployDirectory Deployment of web application directory [D:\JavaSQL\Java8\apache-tomcat-8.5.24\webapps\Entrega] has finished in [24] ms
11-Apr-2024 00:38:21.149 INFO [localhost-startStop-1] org.apache.catalina.startup.HostConfig.deployDirectory Deploying web application directory [D:\JavaSQL\Java8\apache-tomcat-8.5.24\webapps\matrices8]
11-Apr-2024 00:38:21.167 INFO [localhost-startStop-1] org.apache.jasper.servlet.TldScanner.scanJars At least one JAR was scanned for TLDs yet contained no TLDs. Enable debug logging for this logger for a complete list of JARs that were scanned but no TLDs were found in them. Skipping unneeded JARs during scanning can improve startup time and JSP compilation time.
11-Apr-2024 00:38:21.167 INFO [localhost-startStop-1] org.apache.catalina.startup.HostConfig.deployDirectory Deployment of web application directory [D:\JavaSQL\Java8\apache-tomcat-8.5.24\webapps\matrices8] has finished in [18] ms
11-Apr-2024 00:38:21.167 INFO [localhost-startStop-1] org.apache.catalina.startup.HostConfig.deployDirectory Deploying web application directory [D:\JavaSQL\Java8\apache-tomcat-8.5.24\webapps\TD_E18]
11-Apr-2024 00:38:21.188 INFO [localhost-startStop-1] org.apache.jasper.servlet.TldScanner.scanJars At least one JAR was scanned for TLDs yet contained no TLDs. Enable debug logging for this logger for a complete list of JARs that were scanned but no TLDs were found in them. Skipping unneeded JARs during scanning can improve startup time and JSP compilation time.
11-Apr-2024 00:38:21.188 INFO [localhost-startStop-1] org.apache.catalina.startup.HostConfig.deployDirectory Deployment of web application directory [D:\JavaSQL\Java8\apache-tomcat-8.5.24\webapps\TD_E18] has finished in [21] ms
11-Apr-2024 00:38:21.188 INFO [localhost-startStop-1] org.apache.catalina.startup.HostConfig.deployDirectory Deploying web application directory [D:\JavaSQL\Java8\apache-tomcat-8.5.24\webapps\TB15]
11-Apr-2024 00:38:21.210 INFO [localhost-startStop-1] org.apache.jasper.servlet.TldScanner.scanJars At least one JAR was scanned for TLDs yet contained no TLDs. Enable debug logging for this logger for a complete list of JARs that were scanned but no TLDs were found in them. Skipping unneeded JARs during scanning can improve startup time and JSP compilation time.
11-Apr-2024 00:38:21.212 INFO [localhost-startStop-1] org.apache.catalina.startup.HostConfig.deployDirectory Deployment of web application directory [D:\JavaSQL\Java8\apache-tomcat-8.5.24\webapps\TB15] has finished in [24] ms
11-Apr-2024 00:38:21.213 INFO [localhost-startStop-1] org.apache.catalina.startup.HostConfig.deployDirectory Deploying web application directory [D:\JavaSQL\Java8\apache-tomcat-8.5.24\webapps\S2]
11-Apr-2024 00:38:21.230 INFO [localhost-startStop-1] org.apache.jasper.servlet.TldScanner.scanJars At least one JAR was scanned for TLDs yet contained no TLDs. Enable debug logging for this logger for a complete list of JARs that were scanned but no TLDs were found in them. Skipping unneeded JARs during scanning can improve startup time and JSP compilation time.
11-Apr-2024 00:38:21.232 INFO [localhost-startStop-1] org.apache.catalina.startup.HostConfig.deployDirectory Deployment of web application directory [D:\JavaSQL\Java8\apache-tomcat-8.5.24\webapps\S2] has finished in [20] ms
11-Apr-2024 00:38:21.232 INFO [localhost-startStop-1] org.apache.catalina.startup.HostConfig.deployDirectory Deploying web application directory [D:\JavaSQL\Java8\apache-tomcat-8.5.24\webapps\mock1]
11-Apr-2024 00:38:21.269 INFO [localhost-startStop-1] org.apache.jasper.servlet.TldScanner.scanJars At least one JAR was scanned for TLDs yet contained no TLDs. Enable debug logging for this logger for a complete list of JARs that were scanned but no TLDs were found in them. Skipping unneeded JARs during scanning can improve startup time and JSP compilation time.
11-Apr-2024 00:38:21.277 INFO [localhost-startStop-1] org.apache.catalina.startup.HostConfig.deployDirectory Deployment of web application directory [D:\JavaSQL\Java8\apache-tomcat-8.5.24\webapps\mock1] has finished in [45] ms
11-Apr-2024 00:38:21.280 INFO [main] org.apache.coyote.AbstractProtocol.start Starting ProtocolHandler ["http-nio-8082"]
11-Apr-2024 00:38:21.285 INFO [main] org.apache.coyote.AbstractProtocol.start Starting ProtocolHandler ["ajp-nio-8009"]
11-Apr-2024 00:38:21.285 INFO [main] org.apache.catalina.startup.Catalina.start Server startup in 654 ms
11-Apr-2024 00:38:44.627 INFO [main] org.apache.catalina.core.StandardServer.await A valid shutdown command was received via the shutdown port. Stopping the Server instance.
11-Apr-2024 00:38:44.627 INFO [main] org.apache.coyote.AbstractProtocol.pause Pausing ProtocolHandler ["http-nio-8082"]
11-Apr-2024 00:38:45.030 INFO [main] org.apache.coyote.AbstractProtocol.pause Pausing ProtocolHandler ["ajp-nio-8009"]
11-Apr-2024 00:38:45.311 INFO [main] org.apache.catalina.core.StandardService.stopInternal Stopping service [Catalina]
11-Apr-2024 00:38:45.447 INFO [main] org.apache.coyote.AbstractProtocol.stop Stopping ProtocolHandler ["http-nio-8082"]
11-Apr-2024 00:38:45.447 INFO [main] org.apache.coyote.AbstractProtocol.stop Stopping ProtocolHandler ["ajp-nio-8009"]
11-Apr-2024 00:38:45.447 INFO [main] org.apache.coyote.AbstractProtocol.destroy Destroying ProtocolHandler ["http-nio-8082"]
11-Apr-2024 00:38:45.447 INFO [main] org.apache.coyote.AbstractProtocol.destroy Destroying ProtocolHandler ["ajp-nio-8009"]
11-Apr-2024 00:38:46.755 INFO [main] org.apache.catalina.startup.VersionLoggerListener.log Server version:        Apache Tomcat/8.5.24
11-Apr-2024 00:38:46.755 INFO [main] org.apache.catalina.startup.VersionLoggerListener.log Server built:          Nov 27 2017 13:05:30 UTC
11-Apr-2024 00:38:46.755 INFO [main] org.apache.catalina.startup.VersionLoggerListener.log Server number:         8.5.24.0
11-Apr-2024 00:38:46.755 INFO [main] org.apache.catalina.startup.VersionLoggerListener.log OS Name:               Windows 10
11-Apr-2024 00:38:46.755 INFO [main] org.apache.catalina.startup.VersionLoggerListener.log OS Version:            10.0
11-Apr-2024 00:38:46.755 INFO [main] org.apache.catalina.startup.VersionLoggerListener.log Architecture:          x86
11-Apr-2024 00:38:46.755 INFO [main] org.apache.catalina.startup.VersionLoggerListener.log Java Home:             D:\JavaSQL\Java8\jdk1.8.0_131\jre
11-Apr-2024 00:38:46.755 INFO [main] org.apache.catalina.startup.VersionLoggerListener.log JVM Version:           1.8.0_131-b11
11-Apr-2024 00:38:46.763 INFO [main] org.apache.catalina.startup.VersionLoggerListener.log JVM Vendor:            Oracle Corporation
11-Apr-2024 00:38:46.763 INFO [main] org.apache.catalina.startup.VersionLoggerListener.log CATALINA_BASE:         D:\JavaSQL\Java8\apache-tomcat-8.5.24
11-Apr-2024 00:38:46.763 INFO [main] org.apache.catalina.startup.VersionLoggerListener.log CATALINA_HOME:         D:\JavaSQL\Java8\apache-tomcat-8.5.24
11-Apr-2024 00:38:46.763 INFO [main] org.apache.catalina.startup.VersionLoggerListener.log Command line argument: -Djava.util.logging.config.file=D:\JavaSQL\Java8\apache-tomcat-8.5.24\conf\logging.properties
11-Apr-2024 00:38:46.763 INFO [main] org.apache.catalina.startup.VersionLoggerListener.log Command line argument: -Djava.util.logging.manager=org.apache.juli.ClassLoaderLogManager
11-Apr-2024 00:38:46.763 INFO [main] org.apache.catalina.startup.VersionLoggerListener.log Command line argument: -Djdk.tls.ephemeralDHKeySize=2048
11-Apr-2024 00:38:46.763 INFO [main] org.apache.catalina.startup.VersionLoggerListener.log Command line argument: -Djava.protocol.handler.pkgs=org.apache.catalina.webresources
11-Apr-2024 00:38:46.763 INFO [main] org.apache.catalina.startup.VersionLoggerListener.log Command line argument: -Dignore.endorsed.dirs=
11-Apr-2024 00:38:46.763 INFO [main] org.apache.catalina.startup.VersionLoggerListener.log Command line argument: -Dcatalina.base=D:\JavaSQL\Java8\apache-tomcat-8.5.24
11-Apr-2024 00:38:46.763 INFO [main] org.apache.catalina.startup.VersionLoggerListener.log Command line argument: -Dcatalina.home=D:\JavaSQL\Java8\apache-tomcat-8.5.24
11-Apr-2024 00:38:46.763 INFO [main] org.apache.catalina.startup.VersionLoggerListener.log Command line argument: -Djava.io.tmpdir=D:\JavaSQL\Java8\apache-tomcat-8.5.24\temp
11-Apr-2024 00:38:46.763 INFO [main] org.apache.catalina.core.AprLifecycleListener.lifecycleEvent The APR based Apache Tomcat Native library which allows optimal performance in production environments was not found on the java.library.path: [D:\JavaSQL\Java8\jdk1.8.0_131\bin;C:\WINDOWS\Sun\Java\bin;C:\WINDOWS\system32;C:\WINDOWS;D:\JavaSQL\Java8\jdk1.8.0_131\bin;D:\JavaSQL\Java8\jdk1.8.0_131\db\bin;D:\JavaSQL\Java8\squirrelsql-4.0.0-standard;D:\JavaSQL\Java8\apache-tomcat-8.5.24\bin;C:\WINDOWS\system32;C:\WINDOWS;C:\WINDOWS\System32\Wbem;C:\WINDOWS\System32\WindowsPowerShell\v1.0\;C:\WINDOWS\System32\OpenSSH\;C:\Program Files\dotnet\;C:\Users\Aldoa\Desktop\Infor\bin;C:\Users\Aldoa\AppData\Local\Microsoft\WindowsApps;;.]
11-Apr-2024 00:38:46.820 INFO [main] org.apache.coyote.AbstractProtocol.init Initializing ProtocolHandler ["http-nio-8082"]
11-Apr-2024 00:38:47.007 INFO [main] org.apache.tomcat.util.net.NioSelectorPool.getSharedSelector Using a shared selector for servlet write/read
11-Apr-2024 00:38:47.015 INFO [main] org.apache.coyote.AbstractProtocol.init Initializing ProtocolHandler ["ajp-nio-8009"]
11-Apr-2024 00:38:47.015 INFO [main] org.apache.tomcat.util.net.NioSelectorPool.getSharedSelector Using a shared selector for servlet write/read
11-Apr-2024 00:38:47.015 INFO [main] org.apache.catalina.startup.Catalina.load Initialization processed in 431 ms
11-Apr-2024 00:38:47.033 INFO [main] org.apache.catalina.core.StandardService.startInternal Starting service [Catalina]
11-Apr-2024 00:38:47.033 INFO [main] org.apache.catalina.core.StandardEngine.startInternal Starting Servlet Engine: Apache Tomcat/8.5.24
11-Apr-2024 00:38:47.039 INFO [localhost-startStop-1] org.apache.catalina.startup.HostConfig.deployDirectory Deploying web application directory [D:\JavaSQL\Java8\apache-tomcat-8.5.24\webapps\docs]
11-Apr-2024 00:38:47.161 INFO [localhost-startStop-1] org.apache.jasper.servlet.TldScanner.scanJars At least one JAR was scanned for TLDs yet contained no TLDs. Enable debug logging for this logger for a complete list of JARs that were scanned but no TLDs were found in them. Skipping unneeded JARs during scanning can improve startup time and JSP compilation time.
11-Apr-2024 00:38:47.194 INFO [localhost-startStop-1] org.apache.catalina.startup.HostConfig.deployDirectory Deployment of web application directory [D:\JavaSQL\Java8\apache-tomcat-8.5.24\webapps\docs] has finished in [161] ms
11-Apr-2024 00:38:47.194 INFO [localhost-startStop-1] org.apache.catalina.startup.HostConfig.deployDirectory Deploying web application directory [D:\JavaSQL\Java8\apache-tomcat-8.5.24\webapps\examples]
11-Apr-2024 00:38:47.315 INFO [localhost-startStop-1] org.apache.jasper.servlet.TldScanner.scanJars At least one JAR was scanned for TLDs yet contained no TLDs. Enable debug logging for this logger for a complete list of JARs that were scanned but no TLDs were found in them. Skipping unneeded JARs during scanning can improve startup time and JSP compilation time.
11-Apr-2024 00:38:47.332 INFO [localhost-startStop-1] org.apache.catalina.startup.HostConfig.deployDirectory Deployment of web application directory [D:\JavaSQL\Java8\apache-tomcat-8.5.24\webapps\examples] has finished in [138] ms
11-Apr-2024 00:38:47.332 INFO [localhost-startStop-1] org.apache.catalina.startup.HostConfig.deployDirectory Deploying web application directory [D:\JavaSQL\Java8\apache-tomcat-8.5.24\webapps\host-manager]
11-Apr-2024 00:38:47.348 INFO [localhost-startStop-1] org.apache.jasper.servlet.TldScanner.scanJars At least one JAR was scanned for TLDs yet contained no TLDs. Enable debug logging for this logger for a complete list of JARs that were scanned but no TLDs were found in them. Skipping unneeded JARs during scanning can improve startup time and JSP compilation time.
11-Apr-2024 00:38:47.356 INFO [localhost-startStop-1] org.apache.catalina.startup.HostConfig.deployDirectory Deployment of web application directory [D:\JavaSQL\Java8\apache-tomcat-8.5.24\webapps\host-manager] has finished in [24] ms
11-Apr-2024 00:38:47.356 INFO [localhost-startStop-1] org.apache.catalina.startup.HostConfig.deployDirectory Deploying web application directory [D:\JavaSQL\Java8\apache-tomcat-8.5.24\webapps\ROOT]
11-Apr-2024 00:38:47.365 INFO [localhost-startStop-1] org.apache.jasper.servlet.TldScanner.scanJars At least one JAR was scanned for TLDs yet contained no TLDs. Enable debug logging for this logger for a complete list of JARs that were scanned but no TLDs were found in them. Skipping unneeded JARs during scanning can improve startup time and JSP compilation time.
11-Apr-2024 00:38:47.365 INFO [localhost-startStop-1] org.apache.catalina.startup.HostConfig.deployDirectory Deployment of web application directory [D:\JavaSQL\Java8\apache-tomcat-8.5.24\webapps\ROOT] has finished in [9] ms
11-Apr-2024 00:38:47.365 INFO [localhost-startStop-1] org.apache.catalina.startup.HostConfig.deployDirectory Deploying web application directory [D:\JavaSQL\Java8\apache-tomcat-8.5.24\webapps\SQLServer]
11-Apr-2024 00:38:47.380 INFO [localhost-startStop-1] org.apache.jasper.servlet.TldScanner.scanJars At least one JAR was scanned for TLDs yet contained no TLDs. Enable debug logging for this logger for a complete list of JARs that were scanned but no TLDs were found in them. Skipping unneeded JARs during scanning can improve startup time and JSP compilation time.
11-Apr-2024 00:38:47.380 INFO [localhost-startStop-1] org.apache.catalina.startup.HostConfig.deployDirectory Deployment of web application directory [D:\JavaSQL\Java8\apache-tomcat-8.5.24\webapps\SQLServer] has finished in [15] ms
11-Apr-2024 00:38:47.380 INFO [localhost-startStop-1] org.apache.catalina.startup.HostConfig.deployDirectory Deploying web application directory [D:\JavaSQL\Java8\apache-tomcat-8.5.24\webapps\Servlet1]
11-Apr-2024 00:38:47.388 INFO [localhost-startStop-1] org.apache.jasper.servlet.TldScanner.scanJars At least one JAR was scanned for TLDs yet contained no TLDs. Enable debug logging for this logger for a complete list of JARs that were scanned but no TLDs were found in them. Skipping unneeded JARs during scanning can improve startup time and JSP compilation time.
11-Apr-2024 00:38:47.396 INFO [localhost-startStop-1] org.apache.catalina.startup.HostConfig.deployDirectory Deployment of web application directory [D:\JavaSQL\Java8\apache-tomcat-8.5.24\webapps\Servlet1] has finished in [16] ms
11-Apr-2024 00:38:47.396 INFO [localhost-startStop-1] org.apache.catalina.startup.HostConfig.deployDirectory Deploying web application directory [D:\JavaSQL\Java8\apache-tomcat-8.5.24\webapps\Servlet2]
11-Apr-2024 00:38:47.405 INFO [localhost-startStop-1] org.apache.jasper.servlet.TldScanner.scanJars At least one JAR was scanned for TLDs yet contained no TLDs. Enable debug logging for this logger for a complete list of JARs that were scanned but no TLDs were found in them. Skipping unneeded JARs during scanning can improve startup time and JSP compilation time.
11-Apr-2024 00:38:47.413 INFO [localhost-startStop-1] org.apache.catalina.startup.HostConfig.deployDirectory Deployment of web application directory [D:\JavaSQL\Java8\apache-tomcat-8.5.24\webapps\Servlet2] has finished in [17] ms
11-Apr-2024 00:38:47.413 INFO [localhost-startStop-1] org.apache.catalina.startup.HostConfig.deployDirectory Deploying web application directory [D:\JavaSQL\Java8\apache-tomcat-8.5.24\webapps\Servlet3]
11-Apr-2024 00:38:47.421 INFO [localhost-startStop-1] org.apache.jasper.servlet.TldScanner.scanJars At least one JAR was scanned for TLDs yet contained no TLDs. Enable debug logging for this logger for a complete list of JARs that were scanned but no TLDs were found in them. Skipping unneeded JARs during scanning can improve startup time and JSP compilation time.
11-Apr-2024 00:38:47.421 INFO [localhost-startStop-1] org.apache.catalina.startup.HostConfig.deployDirectory Deployment of web application directory [D:\JavaSQL\Java8\apache-tomcat-8.5.24\webapps\Servlet3] has finished in [8] ms
11-Apr-2024 00:38:47.421 INFO [localhost-startStop-1] org.apache.catalina.startup.HostConfig.deployDirectory Deploying web application directory [D:\JavaSQL\Java8\apache-tomcat-8.5.24\webapps\Servlet4]
11-Apr-2024 00:38:47.437 INFO [localhost-startStop-1] org.apache.jasper.servlet.TldScanner.scanJars At least one JAR was scanned for TLDs yet contained no TLDs. Enable debug logging for this logger for a complete list of JARs that were scanned but no TLDs were found in them. Skipping unneeded JARs during scanning can improve startup time and JSP compilation time.
11-Apr-2024 00:38:47.437 INFO [localhost-startStop-1] org.apache.catalina.startup.HostConfig.deployDirectory Deployment of web application directory [D:\JavaSQL\Java8\apache-tomcat-8.5.24\webapps\Servlet4] has finished in [16] ms
11-Apr-2024 00:38:47.437 INFO [localhost-startStop-1] org.apache.catalina.startup.HostConfig.deployDirectory Deploying web application directory [D:\JavaSQL\Java8\apache-tomcat-8.5.24\webapps\Pract8]
11-Apr-2024 00:38:47.452 INFO [localhost-startStop-1] org.apache.jasper.servlet.TldScanner.scanJars At least one JAR was scanned for TLDs yet contained no TLDs. Enable debug logging for this logger for a complete list of JARs that were scanned but no TLDs were found in them. Skipping unneeded JARs during scanning can improve startup time and JSP compilation time.
11-Apr-2024 00:38:47.453 INFO [localhost-startStop-1] org.apache.catalina.startup.HostConfig.deployDirectory Deployment of web application directory [D:\JavaSQL\Java8\apache-tomcat-8.5.24\webapps\Pract8] has finished in [16] ms
11-Apr-2024 00:38:47.453 INFO [localhost-startStop-1] org.apache.catalina.startup.HostConfig.deployDirectory Deploying web application directory [D:\JavaSQL\Java8\apache-tomcat-8.5.24\webapps\Entrega]
11-Apr-2024 00:38:47.469 INFO [localhost-startStop-1] org.apache.jasper.servlet.TldScanner.scanJars At least one JAR was scanned for TLDs yet contained no TLDs. Enable debug logging for this logger for a complete list of JARs that were scanned but no TLDs were found in them. Skipping unneeded JARs during scanning can improve startup time and JSP compilation time.
11-Apr-2024 00:38:47.469 INFO [localhost-startStop-1] org.apache.catalina.startup.HostConfig.deployDirectory Deployment of web application directory [D:\JavaSQL\Java8\apache-tomcat-8.5.24\webapps\Entrega] has finished in [16] ms
11-Apr-2024 00:38:47.469 INFO [localhost-startStop-1] org.apache.catalina.startup.HostConfig.deployDirectory Deploying web application directory [D:\JavaSQL\Java8\apache-tomcat-8.5.24\webapps\matrices8]
11-Apr-2024 00:38:47.469 INFO [localhost-startStop-1] org.apache.jasper.servlet.TldScanner.scanJars At least one JAR was scanned for TLDs yet contained no TLDs. Enable debug logging for this logger for a complete list of JARs that were scanned but no TLDs were found in them. Skipping unneeded JARs during scanning can improve startup time and JSP compilation time.
11-Apr-2024 00:38:47.485 INFO [localhost-startStop-1] org.apache.catalina.startup.HostConfig.deployDirectory Deployment of web application directory [D:\JavaSQL\Java8\apache-tomcat-8.5.24\webapps\matrices8] has finished in [15] ms
11-Apr-2024 00:38:47.485 INFO [localhost-startStop-1] org.apache.catalina.startup.HostConfig.deployDirectory Deploying web application directory [D:\JavaSQL\Java8\apache-tomcat-8.5.24\webapps\TD_E18]
11-Apr-2024 00:38:47.492 INFO [localhost-startStop-1] org.apache.jasper.servlet.TldScanner.scanJars At least one JAR was scanned for TLDs yet contained no TLDs. Enable debug logging for this logger for a complete list of JARs that were scanned but no TLDs were found in them. Skipping unneeded JARs during scanning can improve startup time and JSP compilation time.
11-Apr-2024 00:38:47.501 INFO [localhost-startStop-1] org.apache.catalina.startup.HostConfig.deployDirectory Deployment of web application directory [D:\JavaSQL\Java8\apache-tomcat-8.5.24\webapps\TD_E18] has finished in [16] ms
11-Apr-2024 00:38:47.501 INFO [localhost-startStop-1] org.apache.catalina.startup.HostConfig.deployDirectory Deploying web application directory [D:\JavaSQL\Java8\apache-tomcat-8.5.24\webapps\TB15]
11-Apr-2024 00:38:47.517 INFO [localhost-startStop-1] org.apache.jasper.servlet.TldScanner.scanJars At least one JAR was scanned for TLDs yet contained no TLDs. Enable debug logging for this logger for a complete list of JARs that were scanned but no TLDs were found in them. Skipping unneeded JARs during scanning can improve startup time and JSP compilation time.
11-Apr-2024 00:38:47.517 INFO [localhost-startStop-1] org.apache.catalina.startup.HostConfig.deployDirectory Deployment of web application directory [D:\JavaSQL\Java8\apache-tomcat-8.5.24\webapps\TB15] has finished in [16] ms
11-Apr-2024 00:38:47.517 INFO [localhost-startStop-1] org.apache.catalina.startup.HostConfig.deployDirectory Deploying web application directory [D:\JavaSQL\Java8\apache-tomcat-8.5.24\webapps\S2]
11-Apr-2024 00:38:47.525 INFO [localhost-startStop-1] org.apache.jasper.servlet.TldScanner.scanJars At least one JAR was scanned for TLDs yet contained no TLDs. Enable debug logging for this logger for a complete list of JARs that were scanned but no TLDs were found in them. Skipping unneeded JARs during scanning can improve startup time and JSP compilation time.
11-Apr-2024 00:38:47.533 INFO [localhost-startStop-1] org.apache.catalina.startup.HostConfig.deployDirectory Deployment of web application directory [D:\JavaSQL\Java8\apache-tomcat-8.5.24\webapps\S2] has finished in [16] ms
11-Apr-2024 00:38:47.533 INFO [localhost-startStop-1] org.apache.catalina.startup.HostConfig.deployDirectory Deploying web application directory [D:\JavaSQL\Java8\apache-tomcat-8.5.24\webapps\mock1]
11-Apr-2024 00:38:47.565 INFO [localhost-startStop-1] org.apache.jasper.servlet.TldScanner.scanJars At least one JAR was scanned for TLDs yet contained no TLDs. Enable debug logging for this logger for a complete list of JARs that were scanned but no TLDs were found in them. Skipping unneeded JARs during scanning can improve startup time and JSP compilation time.
11-Apr-2024 00:38:47.565 INFO [localhost-startStop-1] org.apache.catalina.startup.HostConfig.deployDirectory Deployment of web application directory [D:\JavaSQL\Java8\apache-tomcat-8.5.24\webapps\mock1] has finished in [32] ms
11-Apr-2024 00:38:47.565 INFO [main] org.apache.coyote.AbstractProtocol.start Starting ProtocolHandler ["http-nio-8082"]
11-Apr-2024 00:38:47.574 INFO [main] org.apache.coyote.AbstractProtocol.start Starting ProtocolHandler ["ajp-nio-8009"]
11-Apr-2024 00:38:47.574 INFO [main] org.apache.catalina.startup.Catalina.start Server startup in 558 ms
11-Apr-2024 00:50:39.481 INFO [main] org.apache.catalina.core.StandardServer.await A valid shutdown command was received via the shutdown port. Stopping the Server instance.
11-Apr-2024 00:50:39.481 INFO [main] org.apache.coyote.AbstractProtocol.pause Pausing ProtocolHandler ["http-nio-8082"]
11-Apr-2024 00:50:39.934 INFO [main] org.apache.coyote.AbstractProtocol.pause Pausing ProtocolHandler ["ajp-nio-8009"]
11-Apr-2024 00:50:40.315 INFO [main] org.apache.catalina.core.StandardService.stopInternal Stopping service [Catalina]
11-Apr-2024 00:50:40.374 INFO [main] org.apache.coyote.AbstractProtocol.stop Stopping ProtocolHandler ["http-nio-8082"]
11-Apr-2024 00:50:40.374 INFO [main] org.apache.coyote.AbstractProtocol.stop Stopping ProtocolHandler ["ajp-nio-8009"]
11-Apr-2024 00:50:40.380 INFO [main] org.apache.coyote.AbstractProtocol.destroy Destroying ProtocolHandler ["http-nio-8082"]
11-Apr-2024 00:50:40.381 INFO [main] org.apache.coyote.AbstractProtocol.destroy Destroying ProtocolHandler ["ajp-nio-8009"]
11-Apr-2024 00:51:00.891 INFO [main] org.apache.catalina.startup.VersionLoggerListener.log Server version:        Apache Tomcat/8.5.24
11-Apr-2024 00:51:00.891 INFO [main] org.apache.catalina.startup.VersionLoggerListener.log Server built:          Nov 27 2017 13:05:30 UTC
11-Apr-2024 00:51:00.891 INFO [main] org.apache.catalina.startup.VersionLoggerListener.log Server number:         8.5.24.0
11-Apr-2024 00:51:00.891 INFO [main] org.apache.catalina.startup.VersionLoggerListener.log OS Name:               Windows 10
11-Apr-2024 00:51:00.891 INFO [main] org.apache.catalina.startup.VersionLoggerListener.log OS Version:            10.0
11-Apr-2024 00:51:00.891 INFO [main] org.apache.catalina.startup.VersionLoggerListener.log Architecture:          x86
11-Apr-2024 00:51:00.891 INFO [main] org.apache.catalina.startup.VersionLoggerListener.log Java Home:             D:\JavaSQL\Java8\jdk1.8.0_131\jre
11-Apr-2024 00:51:00.891 INFO [main] org.apache.catalina.startup.VersionLoggerListener.log JVM Version:           1.8.0_131-b11
11-Apr-2024 00:51:00.891 INFO [main] org.apache.catalina.startup.VersionLoggerListener.log JVM Vendor:            Oracle Corporation
11-Apr-2024 00:51:00.891 INFO [main] org.apache.catalina.startup.VersionLoggerListener.log CATALINA_BASE:         D:\JavaSQL\Java8\apache-tomcat-8.5.24
11-Apr-2024 00:51:00.891 INFO [main] org.apache.catalina.startup.VersionLoggerListener.log CATALINA_HOME:         D:\JavaSQL\Java8\apache-tomcat-8.5.24
11-Apr-2024 00:51:00.891 INFO [main] org.apache.catalina.startup.VersionLoggerListener.log Command line argument: -Djava.util.logging.config.file=D:\JavaSQL\Java8\apache-tomcat-8.5.24\conf\logging.properties
11-Apr-2024 00:51:00.891 INFO [main] org.apache.catalina.startup.VersionLoggerListener.log Command line argument: -Djava.util.logging.manager=org.apache.juli.ClassLoaderLogManager
11-Apr-2024 00:51:00.891 INFO [main] org.apache.catalina.startup.VersionLoggerListener.log Command line argument: -Djdk.tls.ephemeralDHKeySize=2048
11-Apr-2024 00:51:00.891 INFO [main] org.apache.catalina.startup.VersionLoggerListener.log Command line argument: -Djava.protocol.handler.pkgs=org.apache.catalina.webresources
11-Apr-2024 00:51:00.891 INFO [main] org.apache.catalina.startup.VersionLoggerListener.log Command line argument: -Dignore.endorsed.dirs=
11-Apr-2024 00:51:00.891 INFO [main] org.apache.catalina.startup.VersionLoggerListener.log Command line argument: -Dcatalina.base=D:\JavaSQL\Java8\apache-tomcat-8.5.24
11-Apr-2024 00:51:00.891 INFO [main] org.apache.catalina.startup.VersionLoggerListener.log Command line argument: -Dcatalina.home=D:\JavaSQL\Java8\apache-tomcat-8.5.24
11-Apr-2024 00:51:00.891 INFO [main] org.apache.catalina.startup.VersionLoggerListener.log Command line argument: -Djava.io.tmpdir=D:\JavaSQL\Java8\apache-tomcat-8.5.24\temp
11-Apr-2024 00:51:00.891 INFO [main] org.apache.catalina.core.AprLifecycleListener.lifecycleEvent The APR based Apache Tomcat Native library which allows optimal performance in production environments was not found on the java.library.path: [D:\JavaSQL\Java8\jdk1.8.0_131\bin;C:\WINDOWS\Sun\Java\bin;C:\WINDOWS\system32;C:\WINDOWS;D:\JavaSQL\Java8\jdk1.8.0_131\bin;D:\JavaSQL\Java8\jdk1.8.0_131\db\bin;D:\JavaSQL\Java8\squirrelsql-4.0.0-standard;D:\JavaSQL\Java8\apache-tomcat-8.5.24\bin;C:\WINDOWS\system32;C:\WINDOWS;C:\WINDOWS\System32\Wbem;C:\WINDOWS\System32\WindowsPowerShell\v1.0\;C:\WINDOWS\System32\OpenSSH\;C:\Program Files\dotnet\;C:\Users\Aldoa\Desktop\Infor\bin;C:\Users\Aldoa\AppData\Local\Microsoft\WindowsApps;;.]
11-Apr-2024 00:51:00.954 INFO [main] org.apache.coyote.AbstractProtocol.init Initializing ProtocolHandler ["http-nio-8082"]
11-Apr-2024 00:51:01.128 INFO [main] org.apache.tomcat.util.net.NioSelectorPool.getSharedSelector Using a shared selector for servlet write/read
11-Apr-2024 00:51:01.128 INFO [main] org.apache.coyote.AbstractProtocol.init Initializing ProtocolHandler ["ajp-nio-8009"]
11-Apr-2024 00:51:01.128 INFO [main] org.apache.tomcat.util.net.NioSelectorPool.getSharedSelector Using a shared selector for servlet write/read
11-Apr-2024 00:51:01.128 INFO [main] org.apache.catalina.startup.Catalina.load Initialization processed in 412 ms
11-Apr-2024 00:51:01.143 INFO [main] org.apache.catalina.core.StandardService.startInternal Starting service [Catalina]
11-Apr-2024 00:51:01.143 INFO [main] org.apache.catalina.core.StandardEngine.startInternal Starting Servlet Engine: Apache Tomcat/8.5.24
11-Apr-2024 00:51:01.159 INFO [localhost-startStop-1] org.apache.catalina.startup.HostConfig.deployDirectory Deploying web application directory [D:\JavaSQL\Java8\apache-tomcat-8.5.24\webapps\docs]
11-Apr-2024 00:51:01.292 INFO [localhost-startStop-1] org.apache.jasper.servlet.TldScanner.scanJars At least one JAR was scanned for TLDs yet contained no TLDs. Enable debug logging for this logger for a complete list of JARs that were scanned but no TLDs were found in them. Skipping unneeded JARs during scanning can improve startup time and JSP compilation time.
11-Apr-2024 00:51:01.317 INFO [localhost-startStop-1] org.apache.catalina.startup.HostConfig.deployDirectory Deployment of web application directory [D:\JavaSQL\Java8\apache-tomcat-8.5.24\webapps\docs] has finished in [158] ms
11-Apr-2024 00:51:01.317 INFO [localhost-startStop-1] org.apache.catalina.startup.HostConfig.deployDirectory Deploying web application directory [D:\JavaSQL\Java8\apache-tomcat-8.5.24\webapps\examples]
11-Apr-2024 00:51:01.442 INFO [localhost-startStop-1] org.apache.jasper.servlet.TldScanner.scanJars At least one JAR was scanned for TLDs yet contained no TLDs. Enable debug logging for this logger for a complete list of JARs that were scanned but no TLDs were found in them. Skipping unneeded JARs during scanning can improve startup time and JSP compilation time.
11-Apr-2024 00:51:01.458 INFO [localhost-startStop-1] org.apache.catalina.startup.HostConfig.deployDirectory Deployment of web application directory [D:\JavaSQL\Java8\apache-tomcat-8.5.24\webapps\examples] has finished in [141] ms
11-Apr-2024 00:51:01.458 INFO [localhost-startStop-1] org.apache.catalina.startup.HostConfig.deployDirectory Deploying web application directory [D:\JavaSQL\Java8\apache-tomcat-8.5.24\webapps\host-manager]
11-Apr-2024 00:51:01.473 INFO [localhost-startStop-1] org.apache.jasper.servlet.TldScanner.scanJars At least one JAR was scanned for TLDs yet contained no TLDs. Enable debug logging for this logger for a complete list of JARs that were scanned but no TLDs were found in them. Skipping unneeded JARs during scanning can improve startup time and JSP compilation time.
11-Apr-2024 00:51:01.473 INFO [localhost-startStop-1] org.apache.catalina.startup.HostConfig.deployDirectory Deployment of web application directory [D:\JavaSQL\Java8\apache-tomcat-8.5.24\webapps\host-manager] has finished in [15] ms
11-Apr-2024 00:51:01.473 INFO [localhost-startStop-1] org.apache.catalina.startup.HostConfig.deployDirectory Deploying web application directory [D:\JavaSQL\Java8\apache-tomcat-8.5.24\webapps\ROOT]
11-Apr-2024 00:51:01.492 INFO [localhost-startStop-1] org.apache.jasper.servlet.TldScanner.scanJars At least one JAR was scanned for TLDs yet contained no TLDs. Enable debug logging for this logger for a complete list of JARs that were scanned but no TLDs were found in them. Skipping unneeded JARs during scanning can improve startup time and JSP compilation time.
11-Apr-2024 00:51:01.492 INFO [localhost-startStop-1] org.apache.catalina.startup.HostConfig.deployDirectory Deployment of web application directory [D:\JavaSQL\Java8\apache-tomcat-8.5.24\webapps\ROOT] has finished in [19] ms
11-Apr-2024 00:51:01.492 INFO [localhost-startStop-1] org.apache.catalina.startup.HostConfig.deployDirectory Deploying web application directory [D:\JavaSQL\Java8\apache-tomcat-8.5.24\webapps\SQLServer]
11-Apr-2024 00:51:01.505 INFO [localhost-startStop-1] org.apache.jasper.servlet.TldScanner.scanJars At least one JAR was scanned for TLDs yet contained no TLDs. Enable debug logging for this logger for a complete list of JARs that were scanned but no TLDs were found in them. Skipping unneeded JARs during scanning can improve startup time and JSP compilation time.
11-Apr-2024 00:51:01.505 INFO [localhost-startStop-1] org.apache.catalina.startup.HostConfig.deployDirectory Deployment of web application directory [D:\JavaSQL\Java8\apache-tomcat-8.5.24\webapps\SQLServer] has finished in [13] ms
11-Apr-2024 00:51:01.505 INFO [localhost-startStop-1] org.apache.catalina.startup.HostConfig.deployDirectory Deploying web application directory [D:\JavaSQL\Java8\apache-tomcat-8.5.24\webapps\Servlet1]
11-Apr-2024 00:51:01.521 INFO [localhost-startStop-1] org.apache.jasper.servlet.TldScanner.scanJars At least one JAR was scanned for TLDs yet contained no TLDs. Enable debug logging for this logger for a complete list of JARs that were scanned but no TLDs were found in them. Skipping unneeded JARs during scanning can improve startup time and JSP compilation time.
11-Apr-2024 00:51:01.521 INFO [localhost-startStop-1] org.apache.catalina.startup.HostConfig.deployDirectory Deployment of web application directory [D:\JavaSQL\Java8\apache-tomcat-8.5.24\webapps\Servlet1] has finished in [16] ms
11-Apr-2024 00:51:01.521 INFO [localhost-startStop-1] org.apache.catalina.startup.HostConfig.deployDirectory Deploying web application directory [D:\JavaSQL\Java8\apache-tomcat-8.5.24\webapps\Servlet2]
11-Apr-2024 00:51:01.536 INFO [localhost-startStop-1] org.apache.jasper.servlet.TldScanner.scanJars At least one JAR was scanned for TLDs yet contained no TLDs. Enable debug logging for this logger for a complete list of JARs that were scanned but no TLDs were found in them. Skipping unneeded JARs during scanning can improve startup time and JSP compilation time.
11-Apr-2024 00:51:01.536 INFO [localhost-startStop-1] org.apache.catalina.startup.HostConfig.deployDirectory Deployment of web application directory [D:\JavaSQL\Java8\apache-tomcat-8.5.24\webapps\Servlet2] has finished in [15] ms
11-Apr-2024 00:51:01.536 INFO [localhost-startStop-1] org.apache.catalina.startup.HostConfig.deployDirectory Deploying web application directory [D:\JavaSQL\Java8\apache-tomcat-8.5.24\webapps\Servlet3]
11-Apr-2024 00:51:01.552 INFO [localhost-startStop-1] org.apache.jasper.servlet.TldScanner.scanJars At least one JAR was scanned for TLDs yet contained no TLDs. Enable debug logging for this logger for a complete list of JARs that were scanned but no TLDs were found in them. Skipping unneeded JARs during scanning can improve startup time and JSP compilation time.
11-Apr-2024 00:51:01.552 INFO [localhost-startStop-1] org.apache.catalina.startup.HostConfig.deployDirectory Deployment of web application directory [D:\JavaSQL\Java8\apache-tomcat-8.5.24\webapps\Servlet3] has finished in [16] ms
11-Apr-2024 00:51:01.552 INFO [localhost-startStop-1] org.apache.catalina.startup.HostConfig.deployDirectory Deploying web application directory [D:\JavaSQL\Java8\apache-tomcat-8.5.24\webapps\Servlet4]
11-Apr-2024 00:51:01.567 INFO [localhost-startStop-1] org.apache.jasper.servlet.TldScanner.scanJars At least one JAR was scanned for TLDs yet contained no TLDs. Enable debug logging for this logger for a complete list of JARs that were scanned but no TLDs were found in them. Skipping unneeded JARs during scanning can improve startup time and JSP compilation time.
11-Apr-2024 00:51:01.567 INFO [localhost-startStop-1] org.apache.catalina.startup.HostConfig.deployDirectory Deployment of web application directory [D:\JavaSQL\Java8\apache-tomcat-8.5.24\webapps\Servlet4] has finished in [15] ms
11-Apr-2024 00:51:01.567 INFO [localhost-startStop-1] org.apache.catalina.startup.HostConfig.deployDirectory Deploying web application directory [D:\JavaSQL\Java8\apache-tomcat-8.5.24\webapps\Pract8]
11-Apr-2024 00:51:01.583 INFO [localhost-startStop-1] org.apache.jasper.servlet.TldScanner.scanJars At least one JAR was scanned for TLDs yet contained no TLDs. Enable debug logging for this logger for a complete list of JARs that were scanned but no TLDs were found in them. Skipping unneeded JARs during scanning can improve startup time and JSP compilation time.
11-Apr-2024 00:51:01.583 INFO [localhost-startStop-1] org.apache.catalina.startup.HostConfig.deployDirectory Deployment of web application directory [D:\JavaSQL\Java8\apache-tomcat-8.5.24\webapps\Pract8] has finished in [16] ms
11-Apr-2024 00:51:01.583 INFO [localhost-startStop-1] org.apache.catalina.startup.HostConfig.deployDirectory Deploying web application directory [D:\JavaSQL\Java8\apache-tomcat-8.5.24\webapps\Entrega]
11-Apr-2024 00:51:01.599 INFO [localhost-startStop-1] org.apache.jasper.servlet.TldScanner.scanJars At least one JAR was scanned for TLDs yet contained no TLDs. Enable debug logging for this logger for a complete list of JARs that were scanned but no TLDs were found in them. Skipping unneeded JARs during scanning can improve startup time and JSP compilation time.
11-Apr-2024 00:51:01.599 INFO [localhost-startStop-1] org.apache.catalina.startup.HostConfig.deployDirectory Deployment of web application directory [D:\JavaSQL\Java8\apache-tomcat-8.5.24\webapps\Entrega] has finished in [16] ms
11-Apr-2024 00:51:01.599 INFO [localhost-startStop-1] org.apache.catalina.startup.HostConfig.deployDirectory Deploying web application directory [D:\JavaSQL\Java8\apache-tomcat-8.5.24\webapps\matrices8]
11-Apr-2024 00:51:01.615 INFO [localhost-startStop-1] org.apache.jasper.servlet.TldScanner.scanJars At least one JAR was scanned for TLDs yet contained no TLDs. Enable debug logging for this logger for a complete list of JARs that were scanned but no TLDs were found in them. Skipping unneeded JARs during scanning can improve startup time and JSP compilation time.
11-Apr-2024 00:51:01.615 INFO [localhost-startStop-1] org.apache.catalina.startup.HostConfig.deployDirectory Deployment of web application directory [D:\JavaSQL\Java8\apache-tomcat-8.5.24\webapps\matrices8] has finished in [16] ms
11-Apr-2024 00:51:01.615 INFO [localhost-startStop-1] org.apache.catalina.startup.HostConfig.deployDirectory Deploying web application directory [D:\JavaSQL\Java8\apache-tomcat-8.5.24\webapps\TD_E18]
11-Apr-2024 00:51:01.630 INFO [localhost-startStop-1] org.apache.jasper.servlet.TldScanner.scanJars At least one JAR was scanned for TLDs yet contained no TLDs. Enable debug logging for this logger for a complete list of JARs that were scanned but no TLDs were found in them. Skipping unneeded JARs during scanning can improve startup time and JSP compilation time.
11-Apr-2024 00:51:01.630 INFO [localhost-startStop-1] org.apache.catalina.startup.HostConfig.deployDirectory Deployment of web application directory [D:\JavaSQL\Java8\apache-tomcat-8.5.24\webapps\TD_E18] has finished in [15] ms
11-Apr-2024 00:51:01.630 INFO [localhost-startStop-1] org.apache.catalina.startup.HostConfig.deployDirectory Deploying web application directory [D:\JavaSQL\Java8\apache-tomcat-8.5.24\webapps\TB15]
11-Apr-2024 00:51:01.646 INFO [localhost-startStop-1] org.apache.jasper.servlet.TldScanner.scanJars At least one JAR was scanned for TLDs yet contained no TLDs. Enable debug logging for this logger for a complete list of JARs that were scanned but no TLDs were found in them. Skipping unneeded JARs during scanning can improve startup time and JSP compilation time.
11-Apr-2024 00:51:01.646 INFO [localhost-startStop-1] org.apache.catalina.startup.HostConfig.deployDirectory Deployment of web application directory [D:\JavaSQL\Java8\apache-tomcat-8.5.24\webapps\TB15] has finished in [16] ms
11-Apr-2024 00:51:01.646 INFO [localhost-startStop-1] org.apache.catalina.startup.HostConfig.deployDirectory Deploying web application directory [D:\JavaSQL\Java8\apache-tomcat-8.5.24\webapps\S2]
11-Apr-2024 00:51:01.663 INFO [localhost-startStop-1] org.apache.jasper.servlet.TldScanner.scanJars At least one JAR was scanned for TLDs yet contained no TLDs. Enable debug logging for this logger for a complete list of JARs that were scanned but no TLDs were found in them. Skipping unneeded JARs during scanning can improve startup time and JSP compilation time.
11-Apr-2024 00:51:01.663 INFO [localhost-startStop-1] org.apache.catalina.startup.HostConfig.deployDirectory Deployment of web application directory [D:\JavaSQL\Java8\apache-tomcat-8.5.24\webapps\S2] has finished in [17] ms
11-Apr-2024 00:51:01.663 INFO [localhost-startStop-1] org.apache.catalina.startup.HostConfig.deployDirectory Deploying web application directory [D:\JavaSQL\Java8\apache-tomcat-8.5.24\webapps\mock1]
11-Apr-2024 00:51:01.710 INFO [localhost-startStop-1] org.apache.jasper.servlet.TldScanner.scanJars At least one JAR was scanned for TLDs yet contained no TLDs. Enable debug logging for this logger for a complete list of JARs that were scanned but no TLDs were found in them. Skipping unneeded JARs during scanning can improve startup time and JSP compilation time.
11-Apr-2024 00:51:01.710 INFO [localhost-startStop-1] org.apache.catalina.startup.HostConfig.deployDirectory Deployment of web application directory [D:\JavaSQL\Java8\apache-tomcat-8.5.24\webapps\mock1] has finished in [47] ms
11-Apr-2024 00:51:01.710 INFO [main] org.apache.coyote.AbstractProtocol.start Starting ProtocolHandler ["http-nio-8082"]
11-Apr-2024 00:51:01.727 INFO [main] org.apache.coyote.AbstractProtocol.start Starting ProtocolHandler ["ajp-nio-8009"]
11-Apr-2024 00:51:01.727 INFO [main] org.apache.catalina.startup.Catalina.start Server startup in 586 ms
11-Apr-2024 00:51:45.019 INFO [main] org.apache.catalina.core.StandardServer.await A valid shutdown command was received via the shutdown port. Stopping the Server instance.
11-Apr-2024 00:51:45.019 INFO [main] org.apache.coyote.AbstractProtocol.pause Pausing ProtocolHandler ["http-nio-8082"]
11-Apr-2024 00:51:45.430 INFO [main] org.apache.coyote.AbstractProtocol.pause Pausing ProtocolHandler ["ajp-nio-8009"]
11-Apr-2024 00:51:45.888 INFO [main] org.apache.catalina.core.StandardService.stopInternal Stopping service [Catalina]
11-Apr-2024 00:51:45.968 INFO [main] org.apache.coyote.AbstractProtocol.stop Stopping ProtocolHandler ["http-nio-8082"]
11-Apr-2024 00:51:45.968 INFO [main] org.apache.coyote.AbstractProtocol.stop Stopping ProtocolHandler ["ajp-nio-8009"]
11-Apr-2024 00:51:45.968 INFO [main] org.apache.coyote.AbstractProtocol.destroy Destroying ProtocolHandler ["http-nio-8082"]
11-Apr-2024 00:51:45.974 INFO [main] org.apache.coyote.AbstractProtocol.destroy Destroying ProtocolHandler ["ajp-nio-8009"]
11-Apr-2024 00:51:48.753 INFO [main] org.apache.catalina.startup.VersionLoggerListener.log Server version:        Apache Tomcat/8.5.24
11-Apr-2024 00:51:48.753 INFO [main] org.apache.catalina.startup.VersionLoggerListener.log Server built:          Nov 27 2017 13:05:30 UTC
11-Apr-2024 00:51:48.753 INFO [main] org.apache.catalina.startup.VersionLoggerListener.log Server number:         8.5.24.0
11-Apr-2024 00:51:48.753 INFO [main] org.apache.catalina.startup.VersionLoggerListener.log OS Name:               Windows 10
11-Apr-2024 00:51:48.753 INFO [main] org.apache.catalina.startup.VersionLoggerListener.log OS Version:            10.0
11-Apr-2024 00:51:48.753 INFO [main] org.apache.catalina.startup.VersionLoggerListener.log Architecture:          x86
11-Apr-2024 00:51:48.753 INFO [main] org.apache.catalina.startup.VersionLoggerListener.log Java Home:             D:\JavaSQL\Java8\jdk1.8.0_131\jre
11-Apr-2024 00:51:48.753 INFO [main] org.apache.catalina.startup.VersionLoggerListener.log JVM Version:           1.8.0_131-b11
11-Apr-2024 00:51:48.753 INFO [main] org.apache.catalina.startup.VersionLoggerListener.log JVM Vendor:            Oracle Corporation
11-Apr-2024 00:51:48.753 INFO [main] org.apache.catalina.startup.VersionLoggerListener.log CATALINA_BASE:         D:\JavaSQL\Java8\apache-tomcat-8.5.24
11-Apr-2024 00:51:48.753 INFO [main] org.apache.catalina.startup.VersionLoggerListener.log CATALINA_HOME:         D:\JavaSQL\Java8\apache-tomcat-8.5.24
11-Apr-2024 00:51:48.753 INFO [main] org.apache.catalina.startup.VersionLoggerListener.log Command line argument: -Djava.util.logging.config.file=D:\JavaSQL\Java8\apache-tomcat-8.5.24\conf\logging.properties
11-Apr-2024 00:51:48.753 INFO [main] org.apache.catalina.startup.VersionLoggerListener.log Command line argument: -Djava.util.logging.manager=org.apache.juli.ClassLoaderLogManager
11-Apr-2024 00:51:48.753 INFO [main] org.apache.catalina.startup.VersionLoggerListener.log Command line argument: -Djdk.tls.ephemeralDHKeySize=2048
11-Apr-2024 00:51:48.753 INFO [main] org.apache.catalina.startup.VersionLoggerListener.log Command line argument: -Djava.protocol.handler.pkgs=org.apache.catalina.webresources
11-Apr-2024 00:51:48.753 INFO [main] org.apache.catalina.startup.VersionLoggerListener.log Command line argument: -Dignore.endorsed.dirs=
11-Apr-2024 00:51:48.753 INFO [main] org.apache.catalina.startup.VersionLoggerListener.log Command line argument: -Dcatalina.base=D:\JavaSQL\Java8\apache-tomcat-8.5.24
11-Apr-2024 00:51:48.753 INFO [main] org.apache.catalina.startup.VersionLoggerListener.log Command line argument: -Dcatalina.home=D:\JavaSQL\Java8\apache-tomcat-8.5.24
11-Apr-2024 00:51:48.753 INFO [main] org.apache.catalina.startup.VersionLoggerListener.log Command line argument: -Djava.io.tmpdir=D:\JavaSQL\Java8\apache-tomcat-8.5.24\temp
11-Apr-2024 00:51:48.753 INFO [main] org.apache.catalina.core.AprLifecycleListener.lifecycleEvent The APR based Apache Tomcat Native library which allows optimal performance in production environments was not found on the java.library.path: [D:\JavaSQL\Java8\jdk1.8.0_131\bin;C:\WINDOWS\Sun\Java\bin;C:\WINDOWS\system32;C:\WINDOWS;D:\JavaSQL\Java8\jdk1.8.0_131\bin;D:\JavaSQL\Java8\jdk1.8.0_131\db\bin;D:\JavaSQL\Java8\squirrelsql-4.0.0-standard;D:\JavaSQL\Java8\apache-tomcat-8.5.24\bin;C:\WINDOWS\system32;C:\WINDOWS;C:\WINDOWS\System32\Wbem;C:\WINDOWS\System32\WindowsPowerShell\v1.0\;C:\WINDOWS\System32\OpenSSH\;C:\Program Files\dotnet\;C:\Users\Aldoa\Desktop\Infor\bin;C:\Users\Aldoa\AppData\Local\Microsoft\WindowsApps;;.]
11-Apr-2024 00:51:48.825 INFO [main] org.apache.coyote.AbstractProtocol.init Initializing ProtocolHandler ["http-nio-8082"]
11-Apr-2024 00:51:48.992 INFO [main] org.apache.tomcat.util.net.NioSelectorPool.getSharedSelector Using a shared selector for servlet write/read
11-Apr-2024 00:51:48.992 INFO [main] org.apache.coyote.AbstractProtocol.init Initializing ProtocolHandler ["ajp-nio-8009"]
11-Apr-2024 00:51:48.992 INFO [main] org.apache.tomcat.util.net.NioSelectorPool.getSharedSelector Using a shared selector for servlet write/read
11-Apr-2024 00:51:48.992 INFO [main] org.apache.catalina.startup.Catalina.load Initialization processed in 433 ms
11-Apr-2024 00:51:49.007 INFO [main] org.apache.catalina.core.StandardService.startInternal Starting service [Catalina]
11-Apr-2024 00:51:49.007 INFO [main] org.apache.catalina.core.StandardEngine.startInternal Starting Servlet Engine: Apache Tomcat/8.5.24
11-Apr-2024 00:51:49.023 INFO [localhost-startStop-1] org.apache.catalina.startup.HostConfig.deployDirectory Deploying web application directory [D:\JavaSQL\Java8\apache-tomcat-8.5.24\webapps\docs]
11-Apr-2024 00:51:49.184 INFO [localhost-startStop-1] org.apache.jasper.servlet.TldScanner.scanJars At least one JAR was scanned for TLDs yet contained no TLDs. Enable debug logging for this logger for a complete list of JARs that were scanned but no TLDs were found in them. Skipping unneeded JARs during scanning can improve startup time and JSP compilation time.
11-Apr-2024 00:51:49.216 INFO [localhost-startStop-1] org.apache.catalina.startup.HostConfig.deployDirectory Deployment of web application directory [D:\JavaSQL\Java8\apache-tomcat-8.5.24\webapps\docs] has finished in [193] ms
11-Apr-2024 00:51:49.216 INFO [localhost-startStop-1] org.apache.catalina.startup.HostConfig.deployDirectory Deploying web application directory [D:\JavaSQL\Java8\apache-tomcat-8.5.24\webapps\examples]
11-Apr-2024 00:51:49.343 INFO [localhost-startStop-1] org.apache.jasper.servlet.TldScanner.scanJars At least one JAR was scanned for TLDs yet contained no TLDs. Enable debug logging for this logger for a complete list of JARs that were scanned but no TLDs were found in them. Skipping unneeded JARs during scanning can improve startup time and JSP compilation time.
11-Apr-2024 00:51:49.360 INFO [localhost-startStop-1] org.apache.catalina.startup.HostConfig.deployDirectory Deployment of web application directory [D:\JavaSQL\Java8\apache-tomcat-8.5.24\webapps\examples] has finished in [144] ms
11-Apr-2024 00:51:49.360 INFO [localhost-startStop-1] org.apache.catalina.startup.HostConfig.deployDirectory Deploying web application directory [D:\JavaSQL\Java8\apache-tomcat-8.5.24\webapps\host-manager]
11-Apr-2024 00:51:49.375 INFO [localhost-startStop-1] org.apache.jasper.servlet.TldScanner.scanJars At least one JAR was scanned for TLDs yet contained no TLDs. Enable debug logging for this logger for a complete list of JARs that were scanned but no TLDs were found in them. Skipping unneeded JARs during scanning can improve startup time and JSP compilation time.
11-Apr-2024 00:51:49.391 INFO [localhost-startStop-1] org.apache.catalina.startup.HostConfig.deployDirectory Deployment of web application directory [D:\JavaSQL\Java8\apache-tomcat-8.5.24\webapps\host-manager] has finished in [31] ms
11-Apr-2024 00:51:49.391 INFO [localhost-startStop-1] org.apache.catalina.startup.HostConfig.deployDirectory Deploying web application directory [D:\JavaSQL\Java8\apache-tomcat-8.5.24\webapps\ROOT]
11-Apr-2024 00:51:49.391 INFO [localhost-startStop-1] org.apache.jasper.servlet.TldScanner.scanJars At least one JAR was scanned for TLDs yet contained no TLDs. Enable debug logging for this logger for a complete list of JARs that were scanned but no TLDs were found in them. Skipping unneeded JARs during scanning can improve startup time and JSP compilation time.
11-Apr-2024 00:51:49.391 INFO [localhost-startStop-1] org.apache.catalina.startup.HostConfig.deployDirectory Deployment of web application directory [D:\JavaSQL\Java8\apache-tomcat-8.5.24\webapps\ROOT] has finished in [0] ms
11-Apr-2024 00:51:49.391 INFO [localhost-startStop-1] org.apache.catalina.startup.HostConfig.deployDirectory Deploying web application directory [D:\JavaSQL\Java8\apache-tomcat-8.5.24\webapps\SQLServer]
11-Apr-2024 00:51:49.418 INFO [localhost-startStop-1] org.apache.jasper.servlet.TldScanner.scanJars At least one JAR was scanned for TLDs yet contained no TLDs. Enable debug logging for this logger for a complete list of JARs that were scanned but no TLDs were found in them. Skipping unneeded JARs during scanning can improve startup time and JSP compilation time.
11-Apr-2024 00:51:49.418 INFO [localhost-startStop-1] org.apache.catalina.startup.HostConfig.deployDirectory Deployment of web application directory [D:\JavaSQL\Java8\apache-tomcat-8.5.24\webapps\SQLServer] has finished in [27] ms
11-Apr-2024 00:51:49.423 INFO [localhost-startStop-1] org.apache.catalina.startup.HostConfig.deployDirectory Deploying web application directory [D:\JavaSQL\Java8\apache-tomcat-8.5.24\webapps\Servlet1]
11-Apr-2024 00:51:49.434 INFO [localhost-startStop-1] org.apache.jasper.servlet.TldScanner.scanJars At least one JAR was scanned for TLDs yet contained no TLDs. Enable debug logging for this logger for a complete list of JARs that were scanned but no TLDs were found in them. Skipping unneeded JARs during scanning can improve startup time and JSP compilation time.
11-Apr-2024 00:51:49.434 INFO [localhost-startStop-1] org.apache.catalina.startup.HostConfig.deployDirectory Deployment of web application directory [D:\JavaSQL\Java8\apache-tomcat-8.5.24\webapps\Servlet1] has finished in [11] ms
11-Apr-2024 00:51:49.434 INFO [localhost-startStop-1] org.apache.catalina.startup.HostConfig.deployDirectory Deploying web application directory [D:\JavaSQL\Java8\apache-tomcat-8.5.24\webapps\Servlet2]
11-Apr-2024 00:51:49.456 INFO [localhost-startStop-1] org.apache.jasper.servlet.TldScanner.scanJars At least one JAR was scanned for TLDs yet contained no TLDs. Enable debug logging for this logger for a complete list of JARs that were scanned but no TLDs were found in them. Skipping unneeded JARs during scanning can improve startup time and JSP compilation time.
11-Apr-2024 00:51:49.458 INFO [localhost-startStop-1] org.apache.catalina.startup.HostConfig.deployDirectory Deployment of web application directory [D:\JavaSQL\Java8\apache-tomcat-8.5.24\webapps\Servlet2] has finished in [24] ms
11-Apr-2024 00:51:49.458 INFO [localhost-startStop-1] org.apache.catalina.startup.HostConfig.deployDirectory Deploying web application directory [D:\JavaSQL\Java8\apache-tomcat-8.5.24\webapps\Servlet3]
11-Apr-2024 00:51:49.479 INFO [localhost-startStop-1] org.apache.jasper.servlet.TldScanner.scanJars At least one JAR was scanned for TLDs yet contained no TLDs. Enable debug logging for this logger for a complete list of JARs that were scanned but no TLDs were found in them. Skipping unneeded JARs during scanning can improve startup time and JSP compilation time.
11-Apr-2024 00:51:49.487 INFO [localhost-startStop-1] org.apache.catalina.startup.HostConfig.deployDirectory Deployment of web application directory [D:\JavaSQL\Java8\apache-tomcat-8.5.24\webapps\Servlet3] has finished in [29] ms
11-Apr-2024 00:51:49.487 INFO [localhost-startStop-1] org.apache.catalina.startup.HostConfig.deployDirectory Deploying web application directory [D:\JavaSQL\Java8\apache-tomcat-8.5.24\webapps\Servlet4]
11-Apr-2024 00:51:49.495 INFO [localhost-startStop-1] org.apache.jasper.servlet.TldScanner.scanJars At least one JAR was scanned for TLDs yet contained no TLDs. Enable debug logging for this logger for a complete list of JARs that were scanned but no TLDs were found in them. Skipping unneeded JARs during scanning can improve startup time and JSP compilation time.
11-Apr-2024 00:51:49.499 INFO [localhost-startStop-1] org.apache.catalina.startup.HostConfig.deployDirectory Deployment of web application directory [D:\JavaSQL\Java8\apache-tomcat-8.5.24\webapps\Servlet4] has finished in [12] ms
11-Apr-2024 00:51:49.499 INFO [localhost-startStop-1] org.apache.catalina.startup.HostConfig.deployDirectory Deploying web application directory [D:\JavaSQL\Java8\apache-tomcat-8.5.24\webapps\Pract8]
11-Apr-2024 00:51:49.511 INFO [localhost-startStop-1] org.apache.jasper.servlet.TldScanner.scanJars At least one JAR was scanned for TLDs yet contained no TLDs. Enable debug logging for this logger for a complete list of JARs that were scanned but no TLDs were found in them. Skipping unneeded JARs during scanning can improve startup time and JSP compilation time.
11-Apr-2024 00:51:49.520 INFO [localhost-startStop-1] org.apache.catalina.startup.HostConfig.deployDirectory Deployment of web application directory [D:\JavaSQL\Java8\apache-tomcat-8.5.24\webapps\Pract8] has finished in [21] ms
11-Apr-2024 00:51:49.520 INFO [localhost-startStop-1] org.apache.catalina.startup.HostConfig.deployDirectory Deploying web application directory [D:\JavaSQL\Java8\apache-tomcat-8.5.24\webapps\Entrega]
11-Apr-2024 00:51:49.536 INFO [localhost-startStop-1] org.apache.jasper.servlet.TldScanner.scanJars At least one JAR was scanned for TLDs yet contained no TLDs. Enable debug logging for this logger for a complete list of JARs that were scanned but no TLDs were found in them. Skipping unneeded JARs during scanning can improve startup time and JSP compilation time.
11-Apr-2024 00:51:49.536 INFO [localhost-startStop-1] org.apache.catalina.startup.HostConfig.deployDirectory Deployment of web application directory [D:\JavaSQL\Java8\apache-tomcat-8.5.24\webapps\Entrega] has finished in [16] ms
11-Apr-2024 00:51:49.536 INFO [localhost-startStop-1] org.apache.catalina.startup.HostConfig.deployDirectory Deploying web application directory [D:\JavaSQL\Java8\apache-tomcat-8.5.24\webapps\matrices8]
11-Apr-2024 00:51:49.551 INFO [localhost-startStop-1] org.apache.jasper.servlet.TldScanner.scanJars At least one JAR was scanned for TLDs yet contained no TLDs. Enable debug logging for this logger for a complete list of JARs that were scanned but no TLDs were found in them. Skipping unneeded JARs during scanning can improve startup time and JSP compilation time.
11-Apr-2024 00:51:49.551 INFO [localhost-startStop-1] org.apache.catalina.startup.HostConfig.deployDirectory Deployment of web application directory [D:\JavaSQL\Java8\apache-tomcat-8.5.24\webapps\matrices8] has finished in [15] ms
11-Apr-2024 00:51:49.551 INFO [localhost-startStop-1] org.apache.catalina.startup.HostConfig.deployDirectory Deploying web application directory [D:\JavaSQL\Java8\apache-tomcat-8.5.24\webapps\TD_E18]
11-Apr-2024 00:51:49.574 INFO [localhost-startStop-1] org.apache.jasper.servlet.TldScanner.scanJars At least one JAR was scanned for TLDs yet contained no TLDs. Enable debug logging for this logger for a complete list of JARs that were scanned but no TLDs were found in them. Skipping unneeded JARs during scanning can improve startup time and JSP compilation time.
11-Apr-2024 00:51:49.574 INFO [localhost-startStop-1] org.apache.catalina.startup.HostConfig.deployDirectory Deployment of web application directory [D:\JavaSQL\Java8\apache-tomcat-8.5.24\webapps\TD_E18] has finished in [23] ms
11-Apr-2024 00:51:49.574 INFO [localhost-startStop-1] org.apache.catalina.startup.HostConfig.deployDirectory Deploying web application directory [D:\JavaSQL\Java8\apache-tomcat-8.5.24\webapps\TB15]
11-Apr-2024 00:51:49.583 INFO [localhost-startStop-1] org.apache.jasper.servlet.TldScanner.scanJars At least one JAR was scanned for TLDs yet contained no TLDs. Enable debug logging for this logger for a complete list of JARs that were scanned but no TLDs were found in them. Skipping unneeded JARs during scanning can improve startup time and JSP compilation time.
11-Apr-2024 00:51:49.599 INFO [localhost-startStop-1] org.apache.catalina.startup.HostConfig.deployDirectory Deployment of web application directory [D:\JavaSQL\Java8\apache-tomcat-8.5.24\webapps\TB15] has finished in [25] ms
11-Apr-2024 00:51:49.599 INFO [localhost-startStop-1] org.apache.catalina.startup.HostConfig.deployDirectory Deploying web application directory [D:\JavaSQL\Java8\apache-tomcat-8.5.24\webapps\S2]
11-Apr-2024 00:51:49.614 INFO [localhost-startStop-1] org.apache.jasper.servlet.TldScanner.scanJars At least one JAR was scanned for TLDs yet contained no TLDs. Enable debug logging for this logger for a complete list of JARs that were scanned but no TLDs were found in them. Skipping unneeded JARs during scanning can improve startup time and JSP compilation time.
11-Apr-2024 00:51:49.614 INFO [localhost-startStop-1] org.apache.catalina.startup.HostConfig.deployDirectory Deployment of web application directory [D:\JavaSQL\Java8\apache-tomcat-8.5.24\webapps\S2] has finished in [15] ms
11-Apr-2024 00:51:49.614 INFO [localhost-startStop-1] org.apache.catalina.startup.HostConfig.deployDirectory Deploying web application directory [D:\JavaSQL\Java8\apache-tomcat-8.5.24\webapps\mock1]
11-Apr-2024 00:51:49.661 INFO [localhost-startStop-1] org.apache.jasper.servlet.TldScanner.scanJars At least one JAR was scanned for TLDs yet contained no TLDs. Enable debug logging for this logger for a complete list of JARs that were scanned but no TLDs were found in them. Skipping unneeded JARs during scanning can improve startup time and JSP compilation time.
11-Apr-2024 00:51:49.661 INFO [localhost-startStop-1] org.apache.catalina.startup.HostConfig.deployDirectory Deployment of web application directory [D:\JavaSQL\Java8\apache-tomcat-8.5.24\webapps\mock1] has finished in [47] ms
11-Apr-2024 00:51:49.661 INFO [main] org.apache.coyote.AbstractProtocol.start Starting ProtocolHandler ["http-nio-8082"]
11-Apr-2024 00:51:49.661 INFO [main] org.apache.coyote.AbstractProtocol.start Starting ProtocolHandler ["ajp-nio-8009"]
11-Apr-2024 00:51:49.661 INFO [main] org.apache.catalina.startup.Catalina.start Server startup in 666 ms
11-Apr-2024 00:52:00.479 INFO [main] org.apache.catalina.core.StandardServer.await A valid shutdown command was received via the shutdown port. Stopping the Server instance.
11-Apr-2024 00:52:00.479 INFO [main] org.apache.coyote.AbstractProtocol.pause Pausing ProtocolHandler ["http-nio-8082"]
11-Apr-2024 00:52:00.858 INFO [main] org.apache.coyote.AbstractProtocol.pause Pausing ProtocolHandler ["ajp-nio-8009"]
11-Apr-2024 00:52:01.301 INFO [main] org.apache.catalina.core.StandardService.stopInternal Stopping service [Catalina]
11-Apr-2024 00:52:01.348 INFO [main] org.apache.coyote.AbstractProtocol.stop Stopping ProtocolHandler ["http-nio-8082"]
11-Apr-2024 00:52:01.348 INFO [main] org.apache.coyote.AbstractProtocol.stop Stopping ProtocolHandler ["ajp-nio-8009"]
11-Apr-2024 00:52:01.354 INFO [main] org.apache.coyote.AbstractProtocol.destroy Destroying ProtocolHandler ["http-nio-8082"]
11-Apr-2024 00:52:01.354 INFO [main] org.apache.coyote.AbstractProtocol.destroy Destroying ProtocolHandler ["ajp-nio-8009"]
11-Apr-2024 00:53:36.531 INFO [main] org.apache.catalina.startup.VersionLoggerListener.log Server version:        Apache Tomcat/8.5.24
11-Apr-2024 00:53:36.531 INFO [main] org.apache.catalina.startup.VersionLoggerListener.log Server built:          Nov 27 2017 13:05:30 UTC
11-Apr-2024 00:53:36.531 INFO [main] org.apache.catalina.startup.VersionLoggerListener.log Server number:         8.5.24.0
11-Apr-2024 00:53:36.531 INFO [main] org.apache.catalina.startup.VersionLoggerListener.log OS Name:               Windows 10
11-Apr-2024 00:53:36.531 INFO [main] org.apache.catalina.startup.VersionLoggerListener.log OS Version:            10.0
11-Apr-2024 00:53:36.531 INFO [main] org.apache.catalina.startup.VersionLoggerListener.log Architecture:          x86
11-Apr-2024 00:53:36.531 INFO [main] org.apache.catalina.startup.VersionLoggerListener.log Java Home:             D:\JavaSQL\Java8\jdk1.8.0_131\jre
11-Apr-2024 00:53:36.531 INFO [main] org.apache.catalina.startup.VersionLoggerListener.log JVM Version:           1.8.0_131-b11
11-Apr-2024 00:53:36.531 INFO [main] org.apache.catalina.startup.VersionLoggerListener.log JVM Vendor:            Oracle Corporation
11-Apr-2024 00:53:36.531 INFO [main] org.apache.catalina.startup.VersionLoggerListener.log CATALINA_BASE:         D:\JavaSQL\Java8\apache-tomcat-8.5.24
11-Apr-2024 00:53:36.531 INFO [main] org.apache.catalina.startup.VersionLoggerListener.log CATALINA_HOME:         D:\JavaSQL\Java8\apache-tomcat-8.5.24
11-Apr-2024 00:53:36.531 INFO [main] org.apache.catalina.startup.VersionLoggerListener.log Command line argument: -Djava.util.logging.config.file=D:\JavaSQL\Java8\apache-tomcat-8.5.24\conf\logging.properties
11-Apr-2024 00:53:36.531 INFO [main] org.apache.catalina.startup.VersionLoggerListener.log Command line argument: -Djava.util.logging.manager=org.apache.juli.ClassLoaderLogManager
11-Apr-2024 00:53:36.531 INFO [main] org.apache.catalina.startup.VersionLoggerListener.log Command line argument: -Djdk.tls.ephemeralDHKeySize=2048
11-Apr-2024 00:53:36.531 INFO [main] org.apache.catalina.startup.VersionLoggerListener.log Command line argument: -Djava.protocol.handler.pkgs=org.apache.catalina.webresources
11-Apr-2024 00:53:36.531 INFO [main] org.apache.catalina.startup.VersionLoggerListener.log Command line argument: -Dignore.endorsed.dirs=
11-Apr-2024 00:53:36.531 INFO [main] org.apache.catalina.startup.VersionLoggerListener.log Command line argument: -Dcatalina.base=D:\JavaSQL\Java8\apache-tomcat-8.5.24
11-Apr-2024 00:53:36.531 INFO [main] org.apache.catalina.startup.VersionLoggerListener.log Command line argument: -Dcatalina.home=D:\JavaSQL\Java8\apache-tomcat-8.5.24
11-Apr-2024 00:53:36.531 INFO [main] org.apache.catalina.startup.VersionLoggerListener.log Command line argument: -Djava.io.tmpdir=D:\JavaSQL\Java8\apache-tomcat-8.5.24\temp
11-Apr-2024 00:53:36.547 INFO [main] org.apache.catalina.core.AprLifecycleListener.lifecycleEvent The APR based Apache Tomcat Native library which allows optimal performance in production environments was not found on the java.library.path: [D:\JavaSQL\Java8\jdk1.8.0_131\bin;C:\WINDOWS\Sun\Java\bin;C:\WINDOWS\system32;C:\WINDOWS;D:\JavaSQL\Java8\jdk1.8.0_131\bin;D:\JavaSQL\Java8\jdk1.8.0_131\db\bin;D:\JavaSQL\Java8\squirrelsql-4.0.0-standard;D:\JavaSQL\Java8\apache-tomcat-8.5.24\bin;C:\WINDOWS\system32;C:\WINDOWS;C:\WINDOWS\System32\Wbem;C:\WINDOWS\System32\WindowsPowerShell\v1.0\;C:\WINDOWS\System32\OpenSSH\;C:\Program Files\dotnet\;C:\Users\Aldoa\Desktop\Infor\bin;C:\Users\Aldoa\AppData\Local\Microsoft\WindowsApps;;.]
11-Apr-2024 00:53:36.610 INFO [main] org.apache.coyote.AbstractProtocol.init Initializing ProtocolHandler ["http-nio-8082"]
11-Apr-2024 00:53:36.815 INFO [main] org.apache.tomcat.util.net.NioSelectorPool.getSharedSelector Using a shared selector for servlet write/read
11-Apr-2024 00:53:36.815 INFO [main] org.apache.coyote.AbstractProtocol.init Initializing ProtocolHandler ["ajp-nio-8009"]
11-Apr-2024 00:53:36.815 INFO [main] org.apache.tomcat.util.net.NioSelectorPool.getSharedSelector Using a shared selector for servlet write/read
11-Apr-2024 00:53:36.815 INFO [main] org.apache.catalina.startup.Catalina.load Initialization processed in 467 ms
11-Apr-2024 00:53:36.831 INFO [main] org.apache.catalina.core.StandardService.startInternal Starting service [Catalina]
11-Apr-2024 00:53:36.831 INFO [main] org.apache.catalina.core.StandardEngine.startInternal Starting Servlet Engine: Apache Tomcat/8.5.24
11-Apr-2024 00:53:36.849 INFO [localhost-startStop-1] org.apache.catalina.startup.HostConfig.deployDirectory Deploying web application directory [D:\JavaSQL\Java8\apache-tomcat-8.5.24\webapps\docs]
11-Apr-2024 00:53:37.010 INFO [localhost-startStop-1] org.apache.jasper.servlet.TldScanner.scanJars At least one JAR was scanned for TLDs yet contained no TLDs. Enable debug logging for this logger for a complete list of JARs that were scanned but no TLDs were found in them. Skipping unneeded JARs during scanning can improve startup time and JSP compilation time.
11-Apr-2024 00:53:37.052 INFO [localhost-startStop-1] org.apache.catalina.startup.HostConfig.deployDirectory Deployment of web application directory [D:\JavaSQL\Java8\apache-tomcat-8.5.24\webapps\docs] has finished in [203] ms
11-Apr-2024 00:53:37.052 INFO [localhost-startStop-1] org.apache.catalina.startup.HostConfig.deployDirectory Deploying web application directory [D:\JavaSQL\Java8\apache-tomcat-8.5.24\webapps\examples]
11-Apr-2024 00:53:37.181 INFO [localhost-startStop-1] org.apache.jasper.servlet.TldScanner.scanJars At least one JAR was scanned for TLDs yet contained no TLDs. Enable debug logging for this logger for a complete list of JARs that were scanned but no TLDs were found in them. Skipping unneeded JARs during scanning can improve startup time and JSP compilation time.
11-Apr-2024 00:53:37.196 INFO [localhost-startStop-1] org.apache.catalina.startup.HostConfig.deployDirectory Deployment of web application directory [D:\JavaSQL\Java8\apache-tomcat-8.5.24\webapps\examples] has finished in [144] ms
11-Apr-2024 00:53:37.196 INFO [localhost-startStop-1] org.apache.catalina.startup.HostConfig.deployDirectory Deploying web application directory [D:\JavaSQL\Java8\apache-tomcat-8.5.24\webapps\host-manager]
11-Apr-2024 00:53:37.212 INFO [localhost-startStop-1] org.apache.jasper.servlet.TldScanner.scanJars At least one JAR was scanned for TLDs yet contained no TLDs. Enable debug logging for this logger for a complete list of JARs that were scanned but no TLDs were found in them. Skipping unneeded JARs during scanning can improve startup time and JSP compilation time.
11-Apr-2024 00:53:37.212 INFO [localhost-startStop-1] org.apache.catalina.startup.HostConfig.deployDirectory Deployment of web application directory [D:\JavaSQL\Java8\apache-tomcat-8.5.24\webapps\host-manager] has finished in [16] ms
11-Apr-2024 00:53:37.212 INFO [localhost-startStop-1] org.apache.catalina.startup.HostConfig.deployDirectory Deploying web application directory [D:\JavaSQL\Java8\apache-tomcat-8.5.24\webapps\ROOT]
11-Apr-2024 00:53:37.228 INFO [localhost-startStop-1] org.apache.jasper.servlet.TldScanner.scanJars At least one JAR was scanned for TLDs yet contained no TLDs. Enable debug logging for this logger for a complete list of JARs that were scanned but no TLDs were found in them. Skipping unneeded JARs during scanning can improve startup time and JSP compilation time.
11-Apr-2024 00:53:37.228 INFO [localhost-startStop-1] org.apache.catalina.startup.HostConfig.deployDirectory Deployment of web application directory [D:\JavaSQL\Java8\apache-tomcat-8.5.24\webapps\ROOT] has finished in [16] ms
11-Apr-2024 00:53:37.228 INFO [localhost-startStop-1] org.apache.catalina.startup.HostConfig.deployDirectory Deploying web application directory [D:\JavaSQL\Java8\apache-tomcat-8.5.24\webapps\SQLServer]
11-Apr-2024 00:53:37.243 INFO [localhost-startStop-1] org.apache.jasper.servlet.TldScanner.scanJars At least one JAR was scanned for TLDs yet contained no TLDs. Enable debug logging for this logger for a complete list of JARs that were scanned but no TLDs were found in them. Skipping unneeded JARs during scanning can improve startup time and JSP compilation time.
11-Apr-2024 00:53:37.243 INFO [localhost-startStop-1] org.apache.catalina.startup.HostConfig.deployDirectory Deployment of web application directory [D:\JavaSQL\Java8\apache-tomcat-8.5.24\webapps\SQLServer] has finished in [15] ms
11-Apr-2024 00:53:37.243 INFO [localhost-startStop-1] org.apache.catalina.startup.HostConfig.deployDirectory Deploying web application directory [D:\JavaSQL\Java8\apache-tomcat-8.5.24\webapps\Servlet1]
11-Apr-2024 00:53:37.260 INFO [localhost-startStop-1] org.apache.jasper.servlet.TldScanner.scanJars At least one JAR was scanned for TLDs yet contained no TLDs. Enable debug logging for this logger for a complete list of JARs that were scanned but no TLDs were found in them. Skipping unneeded JARs during scanning can improve startup time and JSP compilation time.
11-Apr-2024 00:53:37.260 INFO [localhost-startStop-1] org.apache.catalina.startup.HostConfig.deployDirectory Deployment of web application directory [D:\JavaSQL\Java8\apache-tomcat-8.5.24\webapps\Servlet1] has finished in [17] ms
11-Apr-2024 00:53:37.260 INFO [localhost-startStop-1] org.apache.catalina.startup.HostConfig.deployDirectory Deploying web application directory [D:\JavaSQL\Java8\apache-tomcat-8.5.24\webapps\Servlet2]
11-Apr-2024 00:53:37.285 INFO [localhost-startStop-1] org.apache.jasper.servlet.TldScanner.scanJars At least one JAR was scanned for TLDs yet contained no TLDs. Enable debug logging for this logger for a complete list of JARs that were scanned but no TLDs were found in them. Skipping unneeded JARs during scanning can improve startup time and JSP compilation time.
11-Apr-2024 00:53:37.291 INFO [localhost-startStop-1] org.apache.catalina.startup.HostConfig.deployDirectory Deployment of web application directory [D:\JavaSQL\Java8\apache-tomcat-8.5.24\webapps\Servlet2] has finished in [30] ms
11-Apr-2024 00:53:37.291 INFO [localhost-startStop-1] org.apache.catalina.startup.HostConfig.deployDirectory Deploying web application directory [D:\JavaSQL\Java8\apache-tomcat-8.5.24\webapps\Servlet3]
11-Apr-2024 00:53:37.316 INFO [localhost-startStop-1] org.apache.jasper.servlet.TldScanner.scanJars At least one JAR was scanned for TLDs yet contained no TLDs. Enable debug logging for this logger for a complete list of JARs that were scanned but no TLDs were found in them. Skipping unneeded JARs during scanning can improve startup time and JSP compilation time.
11-Apr-2024 00:53:37.316 INFO [localhost-startStop-1] org.apache.catalina.startup.HostConfig.deployDirectory Deployment of web application directory [D:\JavaSQL\Java8\apache-tomcat-8.5.24\webapps\Servlet3] has finished in [25] ms
11-Apr-2024 00:53:37.316 INFO [localhost-startStop-1] org.apache.catalina.startup.HostConfig.deployDirectory Deploying web application directory [D:\JavaSQL\Java8\apache-tomcat-8.5.24\webapps\Servlet4]
11-Apr-2024 00:53:37.343 INFO [localhost-startStop-1] org.apache.jasper.servlet.TldScanner.scanJars At least one JAR was scanned for TLDs yet contained no TLDs. Enable debug logging for this logger for a complete list of JARs that were scanned but no TLDs were found in them. Skipping unneeded JARs during scanning can improve startup time and JSP compilation time.
11-Apr-2024 00:53:37.343 INFO [localhost-startStop-1] org.apache.catalina.startup.HostConfig.deployDirectory Deployment of web application directory [D:\JavaSQL\Java8\apache-tomcat-8.5.24\webapps\Servlet4] has finished in [27] ms
11-Apr-2024 00:53:37.343 INFO [localhost-startStop-1] org.apache.catalina.startup.HostConfig.deployDirectory Deploying web application directory [D:\JavaSQL\Java8\apache-tomcat-8.5.24\webapps\Pract8]
11-Apr-2024 00:53:37.357 INFO [localhost-startStop-1] org.apache.jasper.servlet.TldScanner.scanJars At least one JAR was scanned for TLDs yet contained no TLDs. Enable debug logging for this logger for a complete list of JARs that were scanned but no TLDs were found in them. Skipping unneeded JARs during scanning can improve startup time and JSP compilation time.
11-Apr-2024 00:53:37.357 INFO [localhost-startStop-1] org.apache.catalina.startup.HostConfig.deployDirectory Deployment of web application directory [D:\JavaSQL\Java8\apache-tomcat-8.5.24\webapps\Pract8] has finished in [14] ms
11-Apr-2024 00:53:37.357 INFO [localhost-startStop-1] org.apache.catalina.startup.HostConfig.deployDirectory Deploying web application directory [D:\JavaSQL\Java8\apache-tomcat-8.5.24\webapps\Entrega]
11-Apr-2024 00:53:37.379 INFO [localhost-startStop-1] org.apache.jasper.servlet.TldScanner.scanJars At least one JAR was scanned for TLDs yet contained no TLDs. Enable debug logging for this logger for a complete list of JARs that were scanned but no TLDs were found in them. Skipping unneeded JARs during scanning can improve startup time and JSP compilation time.
11-Apr-2024 00:53:37.379 INFO [localhost-startStop-1] org.apache.catalina.startup.HostConfig.deployDirectory Deployment of web application directory [D:\JavaSQL\Java8\apache-tomcat-8.5.24\webapps\Entrega] has finished in [22] ms
11-Apr-2024 00:53:37.379 INFO [localhost-startStop-1] org.apache.catalina.startup.HostConfig.deployDirectory Deploying web application directory [D:\JavaSQL\Java8\apache-tomcat-8.5.24\webapps\matrices8]
11-Apr-2024 00:53:37.390 INFO [localhost-startStop-1] org.apache.jasper.servlet.TldScanner.scanJars At least one JAR was scanned for TLDs yet contained no TLDs. Enable debug logging for this logger for a complete list of JARs that were scanned but no TLDs were found in them. Skipping unneeded JARs during scanning can improve startup time and JSP compilation time.
11-Apr-2024 00:53:37.390 INFO [localhost-startStop-1] org.apache.catalina.startup.HostConfig.deployDirectory Deployment of web application directory [D:\JavaSQL\Java8\apache-tomcat-8.5.24\webapps\matrices8] has finished in [11] ms
11-Apr-2024 00:53:37.390 INFO [localhost-startStop-1] org.apache.catalina.startup.HostConfig.deployDirectory Deploying web application directory [D:\JavaSQL\Java8\apache-tomcat-8.5.24\webapps\TD_E18]
11-Apr-2024 00:53:37.419 INFO [localhost-startStop-1] org.apache.jasper.servlet.TldScanner.scanJars At least one JAR was scanned for TLDs yet contained no TLDs. Enable debug logging for this logger for a complete list of JARs that were scanned but no TLDs were found in them. Skipping unneeded JARs during scanning can improve startup time and JSP compilation time.
11-Apr-2024 00:53:37.419 INFO [localhost-startStop-1] org.apache.catalina.startup.HostConfig.deployDirectory Deployment of web application directory [D:\JavaSQL\Java8\apache-tomcat-8.5.24\webapps\TD_E18] has finished in [29] ms
11-Apr-2024 00:53:37.419 INFO [localhost-startStop-1] org.apache.catalina.startup.HostConfig.deployDirectory Deploying web application directory [D:\JavaSQL\Java8\apache-tomcat-8.5.24\webapps\TB15]
11-Apr-2024 00:53:37.442 INFO [localhost-startStop-1] org.apache.jasper.servlet.TldScanner.scanJars At least one JAR was scanned for TLDs yet contained no TLDs. Enable debug logging for this logger for a complete list of JARs that were scanned but no TLDs were found in them. Skipping unneeded JARs during scanning can improve startup time and JSP compilation time.
11-Apr-2024 00:53:37.442 INFO [localhost-startStop-1] org.apache.catalina.startup.HostConfig.deployDirectory Deployment of web application directory [D:\JavaSQL\Java8\apache-tomcat-8.5.24\webapps\TB15] has finished in [23] ms
11-Apr-2024 00:53:37.442 INFO [localhost-startStop-1] org.apache.catalina.startup.HostConfig.deployDirectory Deploying web application directory [D:\JavaSQL\Java8\apache-tomcat-8.5.24\webapps\S2]
11-Apr-2024 00:53:37.458 INFO [localhost-startStop-1] org.apache.jasper.servlet.TldScanner.scanJars At least one JAR was scanned for TLDs yet contained no TLDs. Enable debug logging for this logger for a complete list of JARs that were scanned but no TLDs were found in them. Skipping unneeded JARs during scanning can improve startup time and JSP compilation time.
11-Apr-2024 00:53:37.458 INFO [localhost-startStop-1] org.apache.catalina.startup.HostConfig.deployDirectory Deployment of web application directory [D:\JavaSQL\Java8\apache-tomcat-8.5.24\webapps\S2] has finished in [16] ms
11-Apr-2024 00:53:37.458 INFO [localhost-startStop-1] org.apache.catalina.startup.HostConfig.deployDirectory Deploying web application directory [D:\JavaSQL\Java8\apache-tomcat-8.5.24\webapps\mock1]
11-Apr-2024 00:53:37.491 INFO [localhost-startStop-1] org.apache.jasper.servlet.TldScanner.scanJars At least one JAR was scanned for TLDs yet contained no TLDs. Enable debug logging for this logger for a complete list of JARs that were scanned but no TLDs were found in them. Skipping unneeded JARs during scanning can improve startup time and JSP compilation time.
11-Apr-2024 00:53:37.491 INFO [localhost-startStop-1] org.apache.catalina.startup.HostConfig.deployDirectory Deployment of web application directory [D:\JavaSQL\Java8\apache-tomcat-8.5.24\webapps\mock1] has finished in [33] ms
11-Apr-2024 00:53:37.491 INFO [main] org.apache.coyote.AbstractProtocol.start Starting ProtocolHandler ["http-nio-8082"]
11-Apr-2024 00:53:37.507 INFO [main] org.apache.coyote.AbstractProtocol.start Starting ProtocolHandler ["ajp-nio-8009"]
11-Apr-2024 00:53:37.507 INFO [main] org.apache.catalina.startup.Catalina.start Server startup in 688 ms
11-Apr-2024 00:54:29.997 INFO [main] org.apache.catalina.core.StandardServer.await A valid shutdown command was received via the shutdown port. Stopping the Server instance.
11-Apr-2024 00:54:29.999 INFO [main] org.apache.coyote.AbstractProtocol.pause Pausing ProtocolHandler ["http-nio-8082"]
11-Apr-2024 00:54:30.468 INFO [main] org.apache.coyote.AbstractProtocol.pause Pausing ProtocolHandler ["ajp-nio-8009"]
11-Apr-2024 00:54:30.869 INFO [main] org.apache.catalina.core.StandardService.stopInternal Stopping service [Catalina]
11-Apr-2024 00:54:30.918 INFO [main] org.apache.coyote.AbstractProtocol.stop Stopping ProtocolHandler ["http-nio-8082"]
11-Apr-2024 00:54:30.918 INFO [main] org.apache.coyote.AbstractProtocol.stop Stopping ProtocolHandler ["ajp-nio-8009"]
11-Apr-2024 00:54:30.918 INFO [main] org.apache.coyote.AbstractProtocol.destroy Destroying ProtocolHandler ["http-nio-8082"]
11-Apr-2024 00:54:30.918 INFO [main] org.apache.coyote.AbstractProtocol.destroy Destroying ProtocolHandler ["ajp-nio-8009"]
11-Apr-2024 00:54:32.482 INFO [main] org.apache.catalina.startup.VersionLoggerListener.log Server version:        Apache Tomcat/8.5.24
11-Apr-2024 00:54:32.482 INFO [main] org.apache.catalina.startup.VersionLoggerListener.log Server built:          Nov 27 2017 13:05:30 UTC
11-Apr-2024 00:54:32.482 INFO [main] org.apache.catalina.startup.VersionLoggerListener.log Server number:         8.5.24.0
11-Apr-2024 00:54:32.482 INFO [main] org.apache.catalina.startup.VersionLoggerListener.log OS Name:               Windows 10
11-Apr-2024 00:54:32.482 INFO [main] org.apache.catalina.startup.VersionLoggerListener.log OS Version:            10.0
11-Apr-2024 00:54:32.482 INFO [main] org.apache.catalina.startup.VersionLoggerListener.log Architecture:          x86
11-Apr-2024 00:54:32.482 INFO [main] org.apache.catalina.startup.VersionLoggerListener.log Java Home:             D:\JavaSQL\Java8\jdk1.8.0_131\jre
11-Apr-2024 00:54:32.482 INFO [main] org.apache.catalina.startup.VersionLoggerListener.log JVM Version:           1.8.0_131-b11
11-Apr-2024 00:54:32.482 INFO [main] org.apache.catalina.startup.VersionLoggerListener.log JVM Vendor:            Oracle Corporation
11-Apr-2024 00:54:32.482 INFO [main] org.apache.catalina.startup.VersionLoggerListener.log CATALINA_BASE:         D:\JavaSQL\Java8\apache-tomcat-8.5.24
11-Apr-2024 00:54:32.482 INFO [main] org.apache.catalina.startup.VersionLoggerListener.log CATALINA_HOME:         D:\JavaSQL\Java8\apache-tomcat-8.5.24
11-Apr-2024 00:54:32.482 INFO [main] org.apache.catalina.startup.VersionLoggerListener.log Command line argument: -Djava.util.logging.config.file=D:\JavaSQL\Java8\apache-tomcat-8.5.24\conf\logging.properties
11-Apr-2024 00:54:32.482 INFO [main] org.apache.catalina.startup.VersionLoggerListener.log Command line argument: -Djava.util.logging.manager=org.apache.juli.ClassLoaderLogManager
11-Apr-2024 00:54:32.482 INFO [main] org.apache.catalina.startup.VersionLoggerListener.log Command line argument: -Djdk.tls.ephemeralDHKeySize=2048
11-Apr-2024 00:54:32.482 INFO [main] org.apache.catalina.startup.VersionLoggerListener.log Command line argument: -Djava.protocol.handler.pkgs=org.apache.catalina.webresources
11-Apr-2024 00:54:32.482 INFO [main] org.apache.catalina.startup.VersionLoggerListener.log Command line argument: -Dignore.endorsed.dirs=
11-Apr-2024 00:54:32.482 INFO [main] org.apache.catalina.startup.VersionLoggerListener.log Command line argument: -Dcatalina.base=D:\JavaSQL\Java8\apache-tomcat-8.5.24
11-Apr-2024 00:54:32.482 INFO [main] org.apache.catalina.startup.VersionLoggerListener.log Command line argument: -Dcatalina.home=D:\JavaSQL\Java8\apache-tomcat-8.5.24
11-Apr-2024 00:54:32.482 INFO [main] org.apache.catalina.startup.VersionLoggerListener.log Command line argument: -Djava.io.tmpdir=D:\JavaSQL\Java8\apache-tomcat-8.5.24\temp
11-Apr-2024 00:54:32.482 INFO [main] org.apache.catalina.core.AprLifecycleListener.lifecycleEvent The APR based Apache Tomcat Native library which allows optimal performance in production environments was not found on the java.library.path: [D:\JavaSQL\Java8\jdk1.8.0_131\bin;C:\WINDOWS\Sun\Java\bin;C:\WINDOWS\system32;C:\WINDOWS;D:\JavaSQL\Java8\jdk1.8.0_131\bin;D:\JavaSQL\Java8\jdk1.8.0_131\db\bin;D:\JavaSQL\Java8\squirrelsql-4.0.0-standard;D:\JavaSQL\Java8\apache-tomcat-8.5.24\bin;C:\WINDOWS\system32;C:\WINDOWS;C:\WINDOWS\System32\Wbem;C:\WINDOWS\System32\WindowsPowerShell\v1.0\;C:\WINDOWS\System32\OpenSSH\;C:\Program Files\dotnet\;C:\Users\Aldoa\Desktop\Infor\bin;C:\Users\Aldoa\AppData\Local\Microsoft\WindowsApps;;.]
11-Apr-2024 00:54:32.545 INFO [main] org.apache.coyote.AbstractProtocol.init Initializing ProtocolHandler ["http-nio-8082"]
11-Apr-2024 00:54:32.719 INFO [main] org.apache.tomcat.util.net.NioSelectorPool.getSharedSelector Using a shared selector for servlet write/read
11-Apr-2024 00:54:32.719 INFO [main] org.apache.coyote.AbstractProtocol.init Initializing ProtocolHandler ["ajp-nio-8009"]
11-Apr-2024 00:54:32.719 INFO [main] org.apache.tomcat.util.net.NioSelectorPool.getSharedSelector Using a shared selector for servlet write/read
11-Apr-2024 00:54:32.719 INFO [main] org.apache.catalina.startup.Catalina.load Initialization processed in 445 ms
11-Apr-2024 00:54:32.735 INFO [main] org.apache.catalina.core.StandardService.startInternal Starting service [Catalina]
11-Apr-2024 00:54:32.735 INFO [main] org.apache.catalina.core.StandardEngine.startInternal Starting Servlet Engine: Apache Tomcat/8.5.24
11-Apr-2024 00:54:32.751 INFO [localhost-startStop-1] org.apache.catalina.startup.HostConfig.deployDirectory Deploying web application directory [D:\JavaSQL\Java8\apache-tomcat-8.5.24\webapps\docs]
11-Apr-2024 00:54:32.894 INFO [localhost-startStop-1] org.apache.jasper.servlet.TldScanner.scanJars At least one JAR was scanned for TLDs yet contained no TLDs. Enable debug logging for this logger for a complete list of JARs that were scanned but no TLDs were found in them. Skipping unneeded JARs during scanning can improve startup time and JSP compilation time.
11-Apr-2024 00:54:32.926 INFO [localhost-startStop-1] org.apache.catalina.startup.HostConfig.deployDirectory Deployment of web application directory [D:\JavaSQL\Java8\apache-tomcat-8.5.24\webapps\docs] has finished in [175] ms
11-Apr-2024 00:54:32.926 INFO [localhost-startStop-1] org.apache.catalina.startup.HostConfig.deployDirectory Deploying web application directory [D:\JavaSQL\Java8\apache-tomcat-8.5.24\webapps\examples]
11-Apr-2024 00:54:33.077 INFO [localhost-startStop-1] org.apache.jasper.servlet.TldScanner.scanJars At least one JAR was scanned for TLDs yet contained no TLDs. Enable debug logging for this logger for a complete list of JARs that were scanned but no TLDs were found in them. Skipping unneeded JARs during scanning can improve startup time and JSP compilation time.
11-Apr-2024 00:54:33.099 INFO [localhost-startStop-1] org.apache.catalina.startup.HostConfig.deployDirectory Deployment of web application directory [D:\JavaSQL\Java8\apache-tomcat-8.5.24\webapps\examples] has finished in [173] ms
11-Apr-2024 00:54:33.099 INFO [localhost-startStop-1] org.apache.catalina.startup.HostConfig.deployDirectory Deploying web application directory [D:\JavaSQL\Java8\apache-tomcat-8.5.24\webapps\host-manager]
11-Apr-2024 00:54:33.111 INFO [localhost-startStop-1] org.apache.jasper.servlet.TldScanner.scanJars At least one JAR was scanned for TLDs yet contained no TLDs. Enable debug logging for this logger for a complete list of JARs that were scanned but no TLDs were found in them. Skipping unneeded JARs during scanning can improve startup time and JSP compilation time.
11-Apr-2024 00:54:33.127 INFO [localhost-startStop-1] org.apache.catalina.startup.HostConfig.deployDirectory Deployment of web application directory [D:\JavaSQL\Java8\apache-tomcat-8.5.24\webapps\host-manager] has finished in [28] ms
11-Apr-2024 00:54:33.127 INFO [localhost-startStop-1] org.apache.catalina.startup.HostConfig.deployDirectory Deploying web application directory [D:\JavaSQL\Java8\apache-tomcat-8.5.24\webapps\ROOT]
11-Apr-2024 00:54:33.127 INFO [localhost-startStop-1] org.apache.jasper.servlet.TldScanner.scanJars At least one JAR was scanned for TLDs yet contained no TLDs. Enable debug logging for this logger for a complete list of JARs that were scanned but no TLDs were found in them. Skipping unneeded JARs during scanning can improve startup time and JSP compilation time.
11-Apr-2024 00:54:33.139 INFO [localhost-startStop-1] org.apache.catalina.startup.HostConfig.deployDirectory Deployment of web application directory [D:\JavaSQL\Java8\apache-tomcat-8.5.24\webapps\ROOT] has finished in [12] ms
11-Apr-2024 00:54:33.142 INFO [localhost-startStop-1] org.apache.catalina.startup.HostConfig.deployDirectory Deploying web application directory [D:\JavaSQL\Java8\apache-tomcat-8.5.24\webapps\SQLServer]
11-Apr-2024 00:54:33.158 INFO [localhost-startStop-1] org.apache.jasper.servlet.TldScanner.scanJars At least one JAR was scanned for TLDs yet contained no TLDs. Enable debug logging for this logger for a complete list of JARs that were scanned but no TLDs were found in them. Skipping unneeded JARs during scanning can improve startup time and JSP compilation time.
11-Apr-2024 00:54:33.162 INFO [localhost-startStop-1] org.apache.catalina.startup.HostConfig.deployDirectory Deployment of web application directory [D:\JavaSQL\Java8\apache-tomcat-8.5.24\webapps\SQLServer] has finished in [20] ms
11-Apr-2024 00:54:33.162 INFO [localhost-startStop-1] org.apache.catalina.startup.HostConfig.deployDirectory Deploying web application directory [D:\JavaSQL\Java8\apache-tomcat-8.5.24\webapps\Servlet1]
11-Apr-2024 00:54:33.178 INFO [localhost-startStop-1] org.apache.jasper.servlet.TldScanner.scanJars At least one JAR was scanned for TLDs yet contained no TLDs. Enable debug logging for this logger for a complete list of JARs that were scanned but no TLDs were found in them. Skipping unneeded JARs during scanning can improve startup time and JSP compilation time.
11-Apr-2024 00:54:33.178 INFO [localhost-startStop-1] org.apache.catalina.startup.HostConfig.deployDirectory Deployment of web application directory [D:\JavaSQL\Java8\apache-tomcat-8.5.24\webapps\Servlet1] has finished in [16] ms
11-Apr-2024 00:54:33.178 INFO [localhost-startStop-1] org.apache.catalina.startup.HostConfig.deployDirectory Deploying web application directory [D:\JavaSQL\Java8\apache-tomcat-8.5.24\webapps\Servlet2]
11-Apr-2024 00:54:33.196 INFO [localhost-startStop-1] org.apache.jasper.servlet.TldScanner.scanJars At least one JAR was scanned for TLDs yet contained no TLDs. Enable debug logging for this logger for a complete list of JARs that were scanned but no TLDs were found in them. Skipping unneeded JARs during scanning can improve startup time and JSP compilation time.
11-Apr-2024 00:54:33.196 INFO [localhost-startStop-1] org.apache.catalina.startup.HostConfig.deployDirectory Deployment of web application directory [D:\JavaSQL\Java8\apache-tomcat-8.5.24\webapps\Servlet2] has finished in [18] ms
11-Apr-2024 00:54:33.196 INFO [localhost-startStop-1] org.apache.catalina.startup.HostConfig.deployDirectory Deploying web application directory [D:\JavaSQL\Java8\apache-tomcat-8.5.24\webapps\Servlet3]
11-Apr-2024 00:54:33.213 INFO [localhost-startStop-1] org.apache.jasper.servlet.TldScanner.scanJars At least one JAR was scanned for TLDs yet contained no TLDs. Enable debug logging for this logger for a complete list of JARs that were scanned but no TLDs were found in them. Skipping unneeded JARs during scanning can improve startup time and JSP compilation time.
11-Apr-2024 00:54:33.213 INFO [localhost-startStop-1] org.apache.catalina.startup.HostConfig.deployDirectory Deployment of web application directory [D:\JavaSQL\Java8\apache-tomcat-8.5.24\webapps\Servlet3] has finished in [17] ms
11-Apr-2024 00:54:33.213 INFO [localhost-startStop-1] org.apache.catalina.startup.HostConfig.deployDirectory Deploying web application directory [D:\JavaSQL\Java8\apache-tomcat-8.5.24\webapps\Servlet4]
11-Apr-2024 00:54:33.228 INFO [localhost-startStop-1] org.apache.jasper.servlet.TldScanner.scanJars At least one JAR was scanned for TLDs yet contained no TLDs. Enable debug logging for this logger for a complete list of JARs that were scanned but no TLDs were found in them. Skipping unneeded JARs during scanning can improve startup time and JSP compilation time.
11-Apr-2024 00:54:33.228 INFO [localhost-startStop-1] org.apache.catalina.startup.HostConfig.deployDirectory Deployment of web application directory [D:\JavaSQL\Java8\apache-tomcat-8.5.24\webapps\Servlet4] has finished in [15] ms
11-Apr-2024 00:54:33.228 INFO [localhost-startStop-1] org.apache.catalina.startup.HostConfig.deployDirectory Deploying web application directory [D:\JavaSQL\Java8\apache-tomcat-8.5.24\webapps\Pract8]
11-Apr-2024 00:54:33.245 INFO [localhost-startStop-1] org.apache.jasper.servlet.TldScanner.scanJars At least one JAR was scanned for TLDs yet contained no TLDs. Enable debug logging for this logger for a complete list of JARs that were scanned but no TLDs were found in them. Skipping unneeded JARs during scanning can improve startup time and JSP compilation time.
11-Apr-2024 00:54:33.245 INFO [localhost-startStop-1] org.apache.catalina.startup.HostConfig.deployDirectory Deployment of web application directory [D:\JavaSQL\Java8\apache-tomcat-8.5.24\webapps\Pract8] has finished in [17] ms
11-Apr-2024 00:54:33.255 INFO [localhost-startStop-1] org.apache.catalina.startup.HostConfig.deployDirectory Deploying web application directory [D:\JavaSQL\Java8\apache-tomcat-8.5.24\webapps\Entrega]
11-Apr-2024 00:54:33.272 INFO [localhost-startStop-1] org.apache.jasper.servlet.TldScanner.scanJars At least one JAR was scanned for TLDs yet contained no TLDs. Enable debug logging for this logger for a complete list of JARs that were scanned but no TLDs were found in them. Skipping unneeded JARs during scanning can improve startup time and JSP compilation time.
11-Apr-2024 00:54:33.276 INFO [localhost-startStop-1] org.apache.catalina.startup.HostConfig.deployDirectory Deployment of web application directory [D:\JavaSQL\Java8\apache-tomcat-8.5.24\webapps\Entrega] has finished in [21] ms
11-Apr-2024 00:54:33.276 INFO [localhost-startStop-1] org.apache.catalina.startup.HostConfig.deployDirectory Deploying web application directory [D:\JavaSQL\Java8\apache-tomcat-8.5.24\webapps\matrices8]
11-Apr-2024 00:54:33.288 INFO [localhost-startStop-1] org.apache.jasper.servlet.TldScanner.scanJars At least one JAR was scanned for TLDs yet contained no TLDs. Enable debug logging for this logger for a complete list of JARs that were scanned but no TLDs were found in them. Skipping unneeded JARs during scanning can improve startup time and JSP compilation time.
11-Apr-2024 00:54:33.288 INFO [localhost-startStop-1] org.apache.catalina.startup.HostConfig.deployDirectory Deployment of web application directory [D:\JavaSQL\Java8\apache-tomcat-8.5.24\webapps\matrices8] has finished in [12] ms
11-Apr-2024 00:54:33.288 INFO [localhost-startStop-1] org.apache.catalina.startup.HostConfig.deployDirectory Deploying web application directory [D:\JavaSQL\Java8\apache-tomcat-8.5.24\webapps\TD_E18]
11-Apr-2024 00:54:33.296 INFO [localhost-startStop-1] org.apache.jasper.servlet.TldScanner.scanJars At least one JAR was scanned for TLDs yet contained no TLDs. Enable debug logging for this logger for a complete list of JARs that were scanned but no TLDs were found in them. Skipping unneeded JARs during scanning can improve startup time and JSP compilation time.
11-Apr-2024 00:54:33.311 INFO [localhost-startStop-1] org.apache.catalina.startup.HostConfig.deployDirectory Deployment of web application directory [D:\JavaSQL\Java8\apache-tomcat-8.5.24\webapps\TD_E18] has finished in [23] ms
11-Apr-2024 00:54:33.311 INFO [localhost-startStop-1] org.apache.catalina.startup.HostConfig.deployDirectory Deploying web application directory [D:\JavaSQL\Java8\apache-tomcat-8.5.24\webapps\TB15]
11-Apr-2024 00:54:33.327 INFO [localhost-startStop-1] org.apache.jasper.servlet.TldScanner.scanJars At least one JAR was scanned for TLDs yet contained no TLDs. Enable debug logging for this logger for a complete list of JARs that were scanned but no TLDs were found in them. Skipping unneeded JARs during scanning can improve startup time and JSP compilation time.
11-Apr-2024 00:54:33.327 INFO [localhost-startStop-1] org.apache.catalina.startup.HostConfig.deployDirectory Deployment of web application directory [D:\JavaSQL\Java8\apache-tomcat-8.5.24\webapps\TB15] has finished in [16] ms
11-Apr-2024 00:54:33.327 INFO [localhost-startStop-1] org.apache.catalina.startup.HostConfig.deployDirectory Deploying web application directory [D:\JavaSQL\Java8\apache-tomcat-8.5.24\webapps\S2]
11-Apr-2024 00:54:33.343 INFO [localhost-startStop-1] org.apache.jasper.servlet.TldScanner.scanJars At least one JAR was scanned for TLDs yet contained no TLDs. Enable debug logging for this logger for a complete list of JARs that were scanned but no TLDs were found in them. Skipping unneeded JARs during scanning can improve startup time and JSP compilation time.
11-Apr-2024 00:54:33.343 INFO [localhost-startStop-1] org.apache.catalina.startup.HostConfig.deployDirectory Deployment of web application directory [D:\JavaSQL\Java8\apache-tomcat-8.5.24\webapps\S2] has finished in [16] ms
11-Apr-2024 00:54:33.343 INFO [localhost-startStop-1] org.apache.catalina.startup.HostConfig.deployDirectory Deploying web application directory [D:\JavaSQL\Java8\apache-tomcat-8.5.24\webapps\mock1]
11-Apr-2024 00:54:33.418 INFO [localhost-startStop-1] org.apache.jasper.servlet.TldScanner.scanJars At least one JAR was scanned for TLDs yet contained no TLDs. Enable debug logging for this logger for a complete list of JARs that were scanned but no TLDs were found in them. Skipping unneeded JARs during scanning can improve startup time and JSP compilation time.
11-Apr-2024 00:54:33.418 INFO [localhost-startStop-1] org.apache.catalina.startup.HostConfig.deployDirectory Deployment of web application directory [D:\JavaSQL\Java8\apache-tomcat-8.5.24\webapps\mock1] has finished in [75] ms
11-Apr-2024 00:54:33.418 INFO [main] org.apache.coyote.AbstractProtocol.start Starting ProtocolHandler ["http-nio-8082"]
11-Apr-2024 00:54:33.427 INFO [main] org.apache.coyote.AbstractProtocol.start Starting ProtocolHandler ["ajp-nio-8009"]
11-Apr-2024 00:54:33.427 INFO [main] org.apache.catalina.startup.Catalina.start Server startup in 701 ms
11-Apr-2024 00:56:01.346 INFO [main] org.apache.catalina.core.StandardServer.await A valid shutdown command was received via the shutdown port. Stopping the Server instance.
11-Apr-2024 00:56:01.346 INFO [main] org.apache.coyote.AbstractProtocol.pause Pausing ProtocolHandler ["http-nio-8082"]
11-Apr-2024 00:56:01.820 INFO [main] org.apache.coyote.AbstractProtocol.pause Pausing ProtocolHandler ["ajp-nio-8009"]
11-Apr-2024 00:56:02.205 INFO [main] org.apache.catalina.core.StandardService.stopInternal Stopping service [Catalina]
11-Apr-2024 00:56:02.253 INFO [main] org.apache.coyote.AbstractProtocol.stop Stopping ProtocolHandler ["http-nio-8082"]
11-Apr-2024 00:56:02.253 INFO [main] org.apache.coyote.AbstractProtocol.stop Stopping ProtocolHandler ["ajp-nio-8009"]
11-Apr-2024 00:56:02.253 INFO [main] org.apache.coyote.AbstractProtocol.destroy Destroying ProtocolHandler ["http-nio-8082"]
11-Apr-2024 00:56:02.268 INFO [main] org.apache.coyote.AbstractProtocol.destroy Destroying ProtocolHandler ["ajp-nio-8009"]
11-Apr-2024 00:56:04.060 INFO [main] org.apache.catalina.startup.VersionLoggerListener.log Server version:        Apache Tomcat/8.5.24
11-Apr-2024 00:56:04.060 INFO [main] org.apache.catalina.startup.VersionLoggerListener.log Server built:          Nov 27 2017 13:05:30 UTC
11-Apr-2024 00:56:04.060 INFO [main] org.apache.catalina.startup.VersionLoggerListener.log Server number:         8.5.24.0
11-Apr-2024 00:56:04.060 INFO [main] org.apache.catalina.startup.VersionLoggerListener.log OS Name:               Windows 10
11-Apr-2024 00:56:04.060 INFO [main] org.apache.catalina.startup.VersionLoggerListener.log OS Version:            10.0
11-Apr-2024 00:56:04.060 INFO [main] org.apache.catalina.startup.VersionLoggerListener.log Architecture:          x86
11-Apr-2024 00:56:04.060 INFO [main] org.apache.catalina.startup.VersionLoggerListener.log Java Home:             D:\JavaSQL\Java8\jdk1.8.0_131\jre
11-Apr-2024 00:56:04.060 INFO [main] org.apache.catalina.startup.VersionLoggerListener.log JVM Version:           1.8.0_131-b11
11-Apr-2024 00:56:04.060 INFO [main] org.apache.catalina.startup.VersionLoggerListener.log JVM Vendor:            Oracle Corporation
11-Apr-2024 00:56:04.060 INFO [main] org.apache.catalina.startup.VersionLoggerListener.log CATALINA_BASE:         D:\JavaSQL\Java8\apache-tomcat-8.5.24
11-Apr-2024 00:56:04.060 INFO [main] org.apache.catalina.startup.VersionLoggerListener.log CATALINA_HOME:         D:\JavaSQL\Java8\apache-tomcat-8.5.24
11-Apr-2024 00:56:04.060 INFO [main] org.apache.catalina.startup.VersionLoggerListener.log Command line argument: -Djava.util.logging.config.file=D:\JavaSQL\Java8\apache-tomcat-8.5.24\conf\logging.properties
11-Apr-2024 00:56:04.060 INFO [main] org.apache.catalina.startup.VersionLoggerListener.log Command line argument: -Djava.util.logging.manager=org.apache.juli.ClassLoaderLogManager
11-Apr-2024 00:56:04.060 INFO [main] org.apache.catalina.startup.VersionLoggerListener.log Command line argument: -Djdk.tls.ephemeralDHKeySize=2048
11-Apr-2024 00:56:04.060 INFO [main] org.apache.catalina.startup.VersionLoggerListener.log Command line argument: -Djava.protocol.handler.pkgs=org.apache.catalina.webresources
11-Apr-2024 00:56:04.060 INFO [main] org.apache.catalina.startup.VersionLoggerListener.log Command line argument: -Dignore.endorsed.dirs=
11-Apr-2024 00:56:04.060 INFO [main] org.apache.catalina.startup.VersionLoggerListener.log Command line argument: -Dcatalina.base=D:\JavaSQL\Java8\apache-tomcat-8.5.24
11-Apr-2024 00:56:04.060 INFO [main] org.apache.catalina.startup.VersionLoggerListener.log Command line argument: -Dcatalina.home=D:\JavaSQL\Java8\apache-tomcat-8.5.24
11-Apr-2024 00:56:04.060 INFO [main] org.apache.catalina.startup.VersionLoggerListener.log Command line argument: -Djava.io.tmpdir=D:\JavaSQL\Java8\apache-tomcat-8.5.24\temp
11-Apr-2024 00:56:04.060 INFO [main] org.apache.catalina.core.AprLifecycleListener.lifecycleEvent The APR based Apache Tomcat Native library which allows optimal performance in production environments was not found on the java.library.path: [D:\JavaSQL\Java8\jdk1.8.0_131\bin;C:\WINDOWS\Sun\Java\bin;C:\WINDOWS\system32;C:\WINDOWS;D:\JavaSQL\Java8\jdk1.8.0_131\bin;D:\JavaSQL\Java8\jdk1.8.0_131\db\bin;D:\JavaSQL\Java8\squirrelsql-4.0.0-standard;D:\JavaSQL\Java8\apache-tomcat-8.5.24\bin;C:\WINDOWS\system32;C:\WINDOWS;C:\WINDOWS\System32\Wbem;C:\WINDOWS\System32\WindowsPowerShell\v1.0\;C:\WINDOWS\System32\OpenSSH\;C:\Program Files\dotnet\;C:\Users\Aldoa\Desktop\Infor\bin;C:\Users\Aldoa\AppData\Local\Microsoft\WindowsApps;;.]
11-Apr-2024 00:56:04.123 INFO [main] org.apache.coyote.AbstractProtocol.init Initializing ProtocolHandler ["http-nio-8082"]
11-Apr-2024 00:56:04.324 INFO [main] org.apache.tomcat.util.net.NioSelectorPool.getSharedSelector Using a shared selector for servlet write/read
11-Apr-2024 00:56:04.329 INFO [main] org.apache.coyote.AbstractProtocol.init Initializing ProtocolHandler ["ajp-nio-8009"]
11-Apr-2024 00:56:04.329 INFO [main] org.apache.tomcat.util.net.NioSelectorPool.getSharedSelector Using a shared selector for servlet write/read
11-Apr-2024 00:56:04.329 INFO [main] org.apache.catalina.startup.Catalina.load Initialization processed in 449 ms
11-Apr-2024 00:56:04.345 INFO [main] org.apache.catalina.core.StandardService.startInternal Starting service [Catalina]
11-Apr-2024 00:56:04.345 INFO [main] org.apache.catalina.core.StandardEngine.startInternal Starting Servlet Engine: Apache Tomcat/8.5.24
11-Apr-2024 00:56:04.345 INFO [localhost-startStop-1] org.apache.catalina.startup.HostConfig.deployDirectory Deploying web application directory [D:\JavaSQL\Java8\apache-tomcat-8.5.24\webapps\docs]
11-Apr-2024 00:56:04.495 INFO [localhost-startStop-1] org.apache.jasper.servlet.TldScanner.scanJars At least one JAR was scanned for TLDs yet contained no TLDs. Enable debug logging for this logger for a complete list of JARs that were scanned but no TLDs were found in them. Skipping unneeded JARs during scanning can improve startup time and JSP compilation time.
11-Apr-2024 00:56:04.519 INFO [localhost-startStop-1] org.apache.catalina.startup.HostConfig.deployDirectory Deployment of web application directory [D:\JavaSQL\Java8\apache-tomcat-8.5.24\webapps\docs] has finished in [174] ms
11-Apr-2024 00:56:04.519 INFO [localhost-startStop-1] org.apache.catalina.startup.HostConfig.deployDirectory Deploying web application directory [D:\JavaSQL\Java8\apache-tomcat-8.5.24\webapps\examples]
11-Apr-2024 00:56:04.697 INFO [localhost-startStop-1] org.apache.jasper.servlet.TldScanner.scanJars At least one JAR was scanned for TLDs yet contained no TLDs. Enable debug logging for this logger for a complete list of JARs that were scanned but no TLDs were found in them. Skipping unneeded JARs during scanning can improve startup time and JSP compilation time.
11-Apr-2024 00:56:04.729 INFO [localhost-startStop-1] org.apache.catalina.startup.HostConfig.deployDirectory Deployment of web application directory [D:\JavaSQL\Java8\apache-tomcat-8.5.24\webapps\examples] has finished in [210] ms
11-Apr-2024 00:56:04.729 INFO [localhost-startStop-1] org.apache.catalina.startup.HostConfig.deployDirectory Deploying web application directory [D:\JavaSQL\Java8\apache-tomcat-8.5.24\webapps\host-manager]
11-Apr-2024 00:56:04.744 INFO [localhost-startStop-1] org.apache.jasper.servlet.TldScanner.scanJars At least one JAR was scanned for TLDs yet contained no TLDs. Enable debug logging for this logger for a complete list of JARs that were scanned but no TLDs were found in them. Skipping unneeded JARs during scanning can improve startup time and JSP compilation time.
11-Apr-2024 00:56:04.746 INFO [localhost-startStop-1] org.apache.catalina.startup.HostConfig.deployDirectory Deployment of web application directory [D:\JavaSQL\Java8\apache-tomcat-8.5.24\webapps\host-manager] has finished in [17] ms
11-Apr-2024 00:56:04.746 INFO [localhost-startStop-1] org.apache.catalina.startup.HostConfig.deployDirectory Deploying web application directory [D:\JavaSQL\Java8\apache-tomcat-8.5.24\webapps\ROOT]
11-Apr-2024 00:56:04.757 INFO [localhost-startStop-1] org.apache.jasper.servlet.TldScanner.scanJars At least one JAR was scanned for TLDs yet contained no TLDs. Enable debug logging for this logger for a complete list of JARs that were scanned but no TLDs were found in them. Skipping unneeded JARs during scanning can improve startup time and JSP compilation time.
11-Apr-2024 00:56:04.757 INFO [localhost-startStop-1] org.apache.catalina.startup.HostConfig.deployDirectory Deployment of web application directory [D:\JavaSQL\Java8\apache-tomcat-8.5.24\webapps\ROOT] has finished in [11] ms
11-Apr-2024 00:56:04.757 INFO [localhost-startStop-1] org.apache.catalina.startup.HostConfig.deployDirectory Deploying web application directory [D:\JavaSQL\Java8\apache-tomcat-8.5.24\webapps\SQLServer]
11-Apr-2024 00:56:04.770 INFO [localhost-startStop-1] org.apache.jasper.servlet.TldScanner.scanJars At least one JAR was scanned for TLDs yet contained no TLDs. Enable debug logging for this logger for a complete list of JARs that were scanned but no TLDs were found in them. Skipping unneeded JARs during scanning can improve startup time and JSP compilation time.
11-Apr-2024 00:56:04.770 INFO [localhost-startStop-1] org.apache.catalina.startup.HostConfig.deployDirectory Deployment of web application directory [D:\JavaSQL\Java8\apache-tomcat-8.5.24\webapps\SQLServer] has finished in [13] ms
11-Apr-2024 00:56:04.770 INFO [localhost-startStop-1] org.apache.catalina.startup.HostConfig.deployDirectory Deploying web application directory [D:\JavaSQL\Java8\apache-tomcat-8.5.24\webapps\Servlet1]
11-Apr-2024 00:56:04.786 INFO [localhost-startStop-1] org.apache.jasper.servlet.TldScanner.scanJars At least one JAR was scanned for TLDs yet contained no TLDs. Enable debug logging for this logger for a complete list of JARs that were scanned but no TLDs were found in them. Skipping unneeded JARs during scanning can improve startup time and JSP compilation time.
11-Apr-2024 00:56:04.786 INFO [localhost-startStop-1] org.apache.catalina.startup.HostConfig.deployDirectory Deployment of web application directory [D:\JavaSQL\Java8\apache-tomcat-8.5.24\webapps\Servlet1] has finished in [16] ms
11-Apr-2024 00:56:04.786 INFO [localhost-startStop-1] org.apache.catalina.startup.HostConfig.deployDirectory Deploying web application directory [D:\JavaSQL\Java8\apache-tomcat-8.5.24\webapps\Servlet2]
11-Apr-2024 00:56:04.802 INFO [localhost-startStop-1] org.apache.jasper.servlet.TldScanner.scanJars At least one JAR was scanned for TLDs yet contained no TLDs. Enable debug logging for this logger for a complete list of JARs that were scanned but no TLDs were found in them. Skipping unneeded JARs during scanning can improve startup time and JSP compilation time.
11-Apr-2024 00:56:04.802 INFO [localhost-startStop-1] org.apache.catalina.startup.HostConfig.deployDirectory Deployment of web application directory [D:\JavaSQL\Java8\apache-tomcat-8.5.24\webapps\Servlet2] has finished in [16] ms
11-Apr-2024 00:56:04.802 INFO [localhost-startStop-1] org.apache.catalina.startup.HostConfig.deployDirectory Deploying web application directory [D:\JavaSQL\Java8\apache-tomcat-8.5.24\webapps\Servlet3]
11-Apr-2024 00:56:04.824 INFO [localhost-startStop-1] org.apache.jasper.servlet.TldScanner.scanJars At least one JAR was scanned for TLDs yet contained no TLDs. Enable debug logging for this logger for a complete list of JARs that were scanned but no TLDs were found in them. Skipping unneeded JARs during scanning can improve startup time and JSP compilation time.
11-Apr-2024 00:56:04.824 INFO [localhost-startStop-1] org.apache.catalina.startup.HostConfig.deployDirectory Deployment of web application directory [D:\JavaSQL\Java8\apache-tomcat-8.5.24\webapps\Servlet3] has finished in [22] ms
11-Apr-2024 00:56:04.824 INFO [localhost-startStop-1] org.apache.catalina.startup.HostConfig.deployDirectory Deploying web application directory [D:\JavaSQL\Java8\apache-tomcat-8.5.24\webapps\Servlet4]
11-Apr-2024 00:56:04.834 INFO [localhost-startStop-1] org.apache.jasper.servlet.TldScanner.scanJars At least one JAR was scanned for TLDs yet contained no TLDs. Enable debug logging for this logger for a complete list of JARs that were scanned but no TLDs were found in them. Skipping unneeded JARs during scanning can improve startup time and JSP compilation time.
11-Apr-2024 00:56:04.834 INFO [localhost-startStop-1] org.apache.catalina.startup.HostConfig.deployDirectory Deployment of web application directory [D:\JavaSQL\Java8\apache-tomcat-8.5.24\webapps\Servlet4] has finished in [10] ms
11-Apr-2024 00:56:04.834 INFO [localhost-startStop-1] org.apache.catalina.startup.HostConfig.deployDirectory Deploying web application directory [D:\JavaSQL\Java8\apache-tomcat-8.5.24\webapps\Pract8]
11-Apr-2024 00:56:04.850 INFO [localhost-startStop-1] org.apache.jasper.servlet.TldScanner.scanJars At least one JAR was scanned for TLDs yet contained no TLDs. Enable debug logging for this logger for a complete list of JARs that were scanned but no TLDs were found in them. Skipping unneeded JARs during scanning can improve startup time and JSP compilation time.
11-Apr-2024 00:56:04.850 INFO [localhost-startStop-1] org.apache.catalina.startup.HostConfig.deployDirectory Deployment of web application directory [D:\JavaSQL\Java8\apache-tomcat-8.5.24\webapps\Pract8] has finished in [16] ms
11-Apr-2024 00:56:04.850 INFO [localhost-startStop-1] org.apache.catalina.startup.HostConfig.deployDirectory Deploying web application directory [D:\JavaSQL\Java8\apache-tomcat-8.5.24\webapps\Entrega]
11-Apr-2024 00:56:04.874 INFO [localhost-startStop-1] org.apache.jasper.servlet.TldScanner.scanJars At least one JAR was scanned for TLDs yet contained no TLDs. Enable debug logging for this logger for a complete list of JARs that were scanned but no TLDs were found in them. Skipping unneeded JARs during scanning can improve startup time and JSP compilation time.
11-Apr-2024 00:56:04.874 INFO [localhost-startStop-1] org.apache.catalina.startup.HostConfig.deployDirectory Deployment of web application directory [D:\JavaSQL\Java8\apache-tomcat-8.5.24\webapps\Entrega] has finished in [24] ms
11-Apr-2024 00:56:04.874 INFO [localhost-startStop-1] org.apache.catalina.startup.HostConfig.deployDirectory Deploying web application directory [D:\JavaSQL\Java8\apache-tomcat-8.5.24\webapps\matrices8]
11-Apr-2024 00:56:04.881 INFO [localhost-startStop-1] org.apache.jasper.servlet.TldScanner.scanJars At least one JAR was scanned for TLDs yet contained no TLDs. Enable debug logging for this logger for a complete list of JARs that were scanned but no TLDs were found in them. Skipping unneeded JARs during scanning can improve startup time and JSP compilation time.
11-Apr-2024 00:56:04.897 INFO [localhost-startStop-1] org.apache.catalina.startup.HostConfig.deployDirectory Deployment of web application directory [D:\JavaSQL\Java8\apache-tomcat-8.5.24\webapps\matrices8] has finished in [7] ms
11-Apr-2024 00:56:04.897 INFO [localhost-startStop-1] org.apache.catalina.startup.HostConfig.deployDirectory Deploying web application directory [D:\JavaSQL\Java8\apache-tomcat-8.5.24\webapps\TD_E18]
11-Apr-2024 00:56:04.913 INFO [localhost-startStop-1] org.apache.jasper.servlet.TldScanner.scanJars At least one JAR was scanned for TLDs yet contained no TLDs. Enable debug logging for this logger for a complete list of JARs that were scanned but no TLDs were found in them. Skipping unneeded JARs during scanning can improve startup time and JSP compilation time.
11-Apr-2024 00:56:04.913 INFO [localhost-startStop-1] org.apache.catalina.startup.HostConfig.deployDirectory Deployment of web application directory [D:\JavaSQL\Java8\apache-tomcat-8.5.24\webapps\TD_E18] has finished in [16] ms
11-Apr-2024 00:56:04.913 INFO [localhost-startStop-1] org.apache.catalina.startup.HostConfig.deployDirectory Deploying web application directory [D:\JavaSQL\Java8\apache-tomcat-8.5.24\webapps\TB15]
11-Apr-2024 00:56:04.929 INFO [localhost-startStop-1] org.apache.jasper.servlet.TldScanner.scanJars At least one JAR was scanned for TLDs yet contained no TLDs. Enable debug logging for this logger for a complete list of JARs that were scanned but no TLDs were found in them. Skipping unneeded JARs during scanning can improve startup time and JSP compilation time.
11-Apr-2024 00:56:04.929 INFO [localhost-startStop-1] org.apache.catalina.startup.HostConfig.deployDirectory Deployment of web application directory [D:\JavaSQL\Java8\apache-tomcat-8.5.24\webapps\TB15] has finished in [16] ms
11-Apr-2024 00:56:04.929 INFO [localhost-startStop-1] org.apache.catalina.startup.HostConfig.deployDirectory Deploying web application directory [D:\JavaSQL\Java8\apache-tomcat-8.5.24\webapps\S2]
11-Apr-2024 00:56:04.958 INFO [localhost-startStop-1] org.apache.jasper.servlet.TldScanner.scanJars At least one JAR was scanned for TLDs yet contained no TLDs. Enable debug logging for this logger for a complete list of JARs that were scanned but no TLDs were found in them. Skipping unneeded JARs during scanning can improve startup time and JSP compilation time.
11-Apr-2024 00:56:04.960 INFO [localhost-startStop-1] org.apache.catalina.startup.HostConfig.deployDirectory Deployment of web application directory [D:\JavaSQL\Java8\apache-tomcat-8.5.24\webapps\S2] has finished in [31] ms
11-Apr-2024 00:56:04.960 INFO [localhost-startStop-1] org.apache.catalina.startup.HostConfig.deployDirectory Deploying web application directory [D:\JavaSQL\Java8\apache-tomcat-8.5.24\webapps\mock1]
11-Apr-2024 00:56:05.008 INFO [localhost-startStop-1] org.apache.jasper.servlet.TldScanner.scanJars At least one JAR was scanned for TLDs yet contained no TLDs. Enable debug logging for this logger for a complete list of JARs that were scanned but no TLDs were found in them. Skipping unneeded JARs during scanning can improve startup time and JSP compilation time.
11-Apr-2024 00:56:05.008 INFO [localhost-startStop-1] org.apache.catalina.startup.HostConfig.deployDirectory Deployment of web application directory [D:\JavaSQL\Java8\apache-tomcat-8.5.24\webapps\mock1] has finished in [48] ms
11-Apr-2024 00:56:05.013 INFO [main] org.apache.coyote.AbstractProtocol.start Starting ProtocolHandler ["http-nio-8082"]
11-Apr-2024 00:56:05.013 INFO [main] org.apache.coyote.AbstractProtocol.start Starting ProtocolHandler ["ajp-nio-8009"]
11-Apr-2024 00:56:05.024 INFO [main] org.apache.catalina.startup.Catalina.start Server startup in 694 ms
11-Apr-2024 01:07:09.616 INFO [main] org.apache.catalina.core.StandardServer.await A valid shutdown command was received via the shutdown port. Stopping the Server instance.
11-Apr-2024 01:07:09.616 INFO [main] org.apache.coyote.AbstractProtocol.pause Pausing ProtocolHandler ["http-nio-8082"]
11-Apr-2024 01:07:10.014 INFO [main] org.apache.coyote.AbstractProtocol.pause Pausing ProtocolHandler ["ajp-nio-8009"]
11-Apr-2024 01:07:10.371 INFO [main] org.apache.catalina.core.StandardService.stopInternal Stopping service [Catalina]
11-Apr-2024 01:07:10.418 INFO [main] org.apache.coyote.AbstractProtocol.stop Stopping ProtocolHandler ["http-nio-8082"]
11-Apr-2024 01:07:10.418 INFO [main] org.apache.coyote.AbstractProtocol.stop Stopping ProtocolHandler ["ajp-nio-8009"]
11-Apr-2024 01:07:10.418 INFO [main] org.apache.coyote.AbstractProtocol.destroy Destroying ProtocolHandler ["http-nio-8082"]
11-Apr-2024 01:07:10.418 INFO [main] org.apache.coyote.AbstractProtocol.destroy Destroying ProtocolHandler ["ajp-nio-8009"]
11-Apr-2024 01:07:12.292 INFO [main] org.apache.catalina.startup.VersionLoggerListener.log Server version:        Apache Tomcat/8.5.24
11-Apr-2024 01:07:12.292 INFO [main] org.apache.catalina.startup.VersionLoggerListener.log Server built:          Nov 27 2017 13:05:30 UTC
11-Apr-2024 01:07:12.292 INFO [main] org.apache.catalina.startup.VersionLoggerListener.log Server number:         8.5.24.0
11-Apr-2024 01:07:12.292 INFO [main] org.apache.catalina.startup.VersionLoggerListener.log OS Name:               Windows 10
11-Apr-2024 01:07:12.308 INFO [main] org.apache.catalina.startup.VersionLoggerListener.log OS Version:            10.0
11-Apr-2024 01:07:12.308 INFO [main] org.apache.catalina.startup.VersionLoggerListener.log Architecture:          x86
11-Apr-2024 01:07:12.308 INFO [main] org.apache.catalina.startup.VersionLoggerListener.log Java Home:             D:\JavaSQL\Java8\jdk1.8.0_131\jre
11-Apr-2024 01:07:12.308 INFO [main] org.apache.catalina.startup.VersionLoggerListener.log JVM Version:           1.8.0_131-b11
11-Apr-2024 01:07:12.308 INFO [main] org.apache.catalina.startup.VersionLoggerListener.log JVM Vendor:            Oracle Corporation
11-Apr-2024 01:07:12.308 INFO [main] org.apache.catalina.startup.VersionLoggerListener.log CATALINA_BASE:         D:\JavaSQL\Java8\apache-tomcat-8.5.24
11-Apr-2024 01:07:12.308 INFO [main] org.apache.catalina.startup.VersionLoggerListener.log CATALINA_HOME:         D:\JavaSQL\Java8\apache-tomcat-8.5.24
11-Apr-2024 01:07:12.308 INFO [main] org.apache.catalina.startup.VersionLoggerListener.log Command line argument: -Djava.util.logging.config.file=D:\JavaSQL\Java8\apache-tomcat-8.5.24\conf\logging.properties
11-Apr-2024 01:07:12.308 INFO [main] org.apache.catalina.startup.VersionLoggerListener.log Command line argument: -Djava.util.logging.manager=org.apache.juli.ClassLoaderLogManager
11-Apr-2024 01:07:12.308 INFO [main] org.apache.catalina.startup.VersionLoggerListener.log Command line argument: -Djdk.tls.ephemeralDHKeySize=2048
11-Apr-2024 01:07:12.309 INFO [main] org.apache.catalina.startup.VersionLoggerListener.log Command line argument: -Djava.protocol.handler.pkgs=org.apache.catalina.webresources
11-Apr-2024 01:07:12.309 INFO [main] org.apache.catalina.startup.VersionLoggerListener.log Command line argument: -Dignore.endorsed.dirs=
11-Apr-2024 01:07:12.309 INFO [main] org.apache.catalina.startup.VersionLoggerListener.log Command line argument: -Dcatalina.base=D:\JavaSQL\Java8\apache-tomcat-8.5.24
11-Apr-2024 01:07:12.309 INFO [main] org.apache.catalina.startup.VersionLoggerListener.log Command line argument: -Dcatalina.home=D:\JavaSQL\Java8\apache-tomcat-8.5.24
11-Apr-2024 01:07:12.309 INFO [main] org.apache.catalina.startup.VersionLoggerListener.log Command line argument: -Djava.io.tmpdir=D:\JavaSQL\Java8\apache-tomcat-8.5.24\temp
11-Apr-2024 01:07:12.309 INFO [main] org.apache.catalina.core.AprLifecycleListener.lifecycleEvent The APR based Apache Tomcat Native library which allows optimal performance in production environments was not found on the java.library.path: [D:\JavaSQL\Java8\jdk1.8.0_131\bin;C:\WINDOWS\Sun\Java\bin;C:\WINDOWS\system32;C:\WINDOWS;D:\JavaSQL\Java8\jdk1.8.0_131\bin;D:\JavaSQL\Java8\jdk1.8.0_131\db\bin;D:\JavaSQL\Java8\squirrelsql-4.0.0-standard;D:\JavaSQL\Java8\apache-tomcat-8.5.24\bin;C:\WINDOWS\system32;C:\WINDOWS;C:\WINDOWS\System32\Wbem;C:\WINDOWS\System32\WindowsPowerShell\v1.0\;C:\WINDOWS\System32\OpenSSH\;C:\Program Files\dotnet\;C:\Users\Aldoa\Desktop\Infor\bin;C:\Users\Aldoa\AppData\Local\Microsoft\WindowsApps;;.]
11-Apr-2024 01:07:12.371 INFO [main] org.apache.coyote.AbstractProtocol.init Initializing ProtocolHandler ["http-nio-8082"]
11-Apr-2024 01:07:12.545 INFO [main] org.apache.tomcat.util.net.NioSelectorPool.getSharedSelector Using a shared selector for servlet write/read
11-Apr-2024 01:07:12.545 INFO [main] org.apache.coyote.AbstractProtocol.init Initializing ProtocolHandler ["ajp-nio-8009"]
11-Apr-2024 01:07:12.545 INFO [main] org.apache.tomcat.util.net.NioSelectorPool.getSharedSelector Using a shared selector for servlet write/read
11-Apr-2024 01:07:12.545 INFO [main] org.apache.catalina.startup.Catalina.load Initialization processed in 419 ms
11-Apr-2024 01:07:12.578 INFO [main] org.apache.catalina.core.StandardService.startInternal Starting service [Catalina]
11-Apr-2024 01:07:12.578 INFO [main] org.apache.catalina.core.StandardEngine.startInternal Starting Servlet Engine: Apache Tomcat/8.5.24
11-Apr-2024 01:07:12.578 INFO [localhost-startStop-1] org.apache.catalina.startup.HostConfig.deployDirectory Deploying web application directory [D:\JavaSQL\Java8\apache-tomcat-8.5.24\webapps\docs]
11-Apr-2024 01:07:12.734 INFO [localhost-startStop-1] org.apache.jasper.servlet.TldScanner.scanJars At least one JAR was scanned for TLDs yet contained no TLDs. Enable debug logging for this logger for a complete list of JARs that were scanned but no TLDs were found in them. Skipping unneeded JARs during scanning can improve startup time and JSP compilation time.
11-Apr-2024 01:07:12.781 INFO [localhost-startStop-1] org.apache.catalina.startup.HostConfig.deployDirectory Deployment of web application directory [D:\JavaSQL\Java8\apache-tomcat-8.5.24\webapps\docs] has finished in [203] ms
11-Apr-2024 01:07:12.781 INFO [localhost-startStop-1] org.apache.catalina.startup.HostConfig.deployDirectory Deploying web application directory [D:\JavaSQL\Java8\apache-tomcat-8.5.24\webapps\examples]
11-Apr-2024 01:07:12.907 INFO [localhost-startStop-1] org.apache.jasper.servlet.TldScanner.scanJars At least one JAR was scanned for TLDs yet contained no TLDs. Enable debug logging for this logger for a complete list of JARs that were scanned but no TLDs were found in them. Skipping unneeded JARs during scanning can improve startup time and JSP compilation time.
11-Apr-2024 01:07:12.923 INFO [localhost-startStop-1] org.apache.catalina.startup.HostConfig.deployDirectory Deployment of web application directory [D:\JavaSQL\Java8\apache-tomcat-8.5.24\webapps\examples] has finished in [142] ms
11-Apr-2024 01:07:12.923 INFO [localhost-startStop-1] org.apache.catalina.startup.HostConfig.deployDirectory Deploying web application directory [D:\JavaSQL\Java8\apache-tomcat-8.5.24\webapps\host-manager]
11-Apr-2024 01:07:12.939 INFO [localhost-startStop-1] org.apache.jasper.servlet.TldScanner.scanJars At least one JAR was scanned for TLDs yet contained no TLDs. Enable debug logging for this logger for a complete list of JARs that were scanned but no TLDs were found in them. Skipping unneeded JARs during scanning can improve startup time and JSP compilation time.
11-Apr-2024 01:07:12.939 INFO [localhost-startStop-1] org.apache.catalina.startup.HostConfig.deployDirectory Deployment of web application directory [D:\JavaSQL\Java8\apache-tomcat-8.5.24\webapps\host-manager] has finished in [16] ms
11-Apr-2024 01:07:12.939 INFO [localhost-startStop-1] org.apache.catalina.startup.HostConfig.deployDirectory Deploying web application directory [D:\JavaSQL\Java8\apache-tomcat-8.5.24\webapps\ROOT]
11-Apr-2024 01:07:12.955 INFO [localhost-startStop-1] org.apache.jasper.servlet.TldScanner.scanJars At least one JAR was scanned for TLDs yet contained no TLDs. Enable debug logging for this logger for a complete list of JARs that were scanned but no TLDs were found in them. Skipping unneeded JARs during scanning can improve startup time and JSP compilation time.
11-Apr-2024 01:07:12.955 INFO [localhost-startStop-1] org.apache.catalina.startup.HostConfig.deployDirectory Deployment of web application directory [D:\JavaSQL\Java8\apache-tomcat-8.5.24\webapps\ROOT] has finished in [16] ms
11-Apr-2024 01:07:12.955 INFO [localhost-startStop-1] org.apache.catalina.startup.HostConfig.deployDirectory Deploying web application directory [D:\JavaSQL\Java8\apache-tomcat-8.5.24\webapps\SQLServer]
11-Apr-2024 01:07:12.970 INFO [localhost-startStop-1] org.apache.jasper.servlet.TldScanner.scanJars At least one JAR was scanned for TLDs yet contained no TLDs. Enable debug logging for this logger for a complete list of JARs that were scanned but no TLDs were found in them. Skipping unneeded JARs during scanning can improve startup time and JSP compilation time.
11-Apr-2024 01:07:12.970 INFO [localhost-startStop-1] org.apache.catalina.startup.HostConfig.deployDirectory Deployment of web application directory [D:\JavaSQL\Java8\apache-tomcat-8.5.24\webapps\SQLServer] has finished in [15] ms
11-Apr-2024 01:07:12.970 INFO [localhost-startStop-1] org.apache.catalina.startup.HostConfig.deployDirectory Deploying web application directory [D:\JavaSQL\Java8\apache-tomcat-8.5.24\webapps\Servlet1]
11-Apr-2024 01:07:12.987 INFO [localhost-startStop-1] org.apache.jasper.servlet.TldScanner.scanJars At least one JAR was scanned for TLDs yet contained no TLDs. Enable debug logging for this logger for a complete list of JARs that were scanned but no TLDs were found in them. Skipping unneeded JARs during scanning can improve startup time and JSP compilation time.
11-Apr-2024 01:07:12.987 INFO [localhost-startStop-1] org.apache.catalina.startup.HostConfig.deployDirectory Deployment of web application directory [D:\JavaSQL\Java8\apache-tomcat-8.5.24\webapps\Servlet1] has finished in [17] ms
11-Apr-2024 01:07:12.987 INFO [localhost-startStop-1] org.apache.catalina.startup.HostConfig.deployDirectory Deploying web application directory [D:\JavaSQL\Java8\apache-tomcat-8.5.24\webapps\Servlet2]
11-Apr-2024 01:07:13.011 INFO [localhost-startStop-1] org.apache.jasper.servlet.TldScanner.scanJars At least one JAR was scanned for TLDs yet contained no TLDs. Enable debug logging for this logger for a complete list of JARs that were scanned but no TLDs were found in them. Skipping unneeded JARs during scanning can improve startup time and JSP compilation time.
11-Apr-2024 01:07:13.018 INFO [localhost-startStop-1] org.apache.catalina.startup.HostConfig.deployDirectory Deployment of web application directory [D:\JavaSQL\Java8\apache-tomcat-8.5.24\webapps\Servlet2] has finished in [31] ms
11-Apr-2024 01:07:13.018 INFO [localhost-startStop-1] org.apache.catalina.startup.HostConfig.deployDirectory Deploying web application directory [D:\JavaSQL\Java8\apache-tomcat-8.5.24\webapps\Servlet3]
11-Apr-2024 01:07:13.018 INFO [localhost-startStop-1] org.apache.jasper.servlet.TldScanner.scanJars At least one JAR was scanned for TLDs yet contained no TLDs. Enable debug logging for this logger for a complete list of JARs that were scanned but no TLDs were found in them. Skipping unneeded JARs during scanning can improve startup time and JSP compilation time.
11-Apr-2024 01:07:13.034 INFO [localhost-startStop-1] org.apache.catalina.startup.HostConfig.deployDirectory Deployment of web application directory [D:\JavaSQL\Java8\apache-tomcat-8.5.24\webapps\Servlet3] has finished in [16] ms
11-Apr-2024 01:07:13.034 INFO [localhost-startStop-1] org.apache.catalina.startup.HostConfig.deployDirectory Deploying web application directory [D:\JavaSQL\Java8\apache-tomcat-8.5.24\webapps\Servlet4]
11-Apr-2024 01:07:13.034 INFO [localhost-startStop-1] org.apache.jasper.servlet.TldScanner.scanJars At least one JAR was scanned for TLDs yet contained no TLDs. Enable debug logging for this logger for a complete list of JARs that were scanned but no TLDs were found in them. Skipping unneeded JARs during scanning can improve startup time and JSP compilation time.
11-Apr-2024 01:07:13.049 INFO [localhost-startStop-1] org.apache.catalina.startup.HostConfig.deployDirectory Deployment of web application directory [D:\JavaSQL\Java8\apache-tomcat-8.5.24\webapps\Servlet4] has finished in [15] ms
11-Apr-2024 01:07:13.049 INFO [localhost-startStop-1] org.apache.catalina.startup.HostConfig.deployDirectory Deploying web application directory [D:\JavaSQL\Java8\apache-tomcat-8.5.24\webapps\Pract8]
11-Apr-2024 01:07:13.065 INFO [localhost-startStop-1] org.apache.jasper.servlet.TldScanner.scanJars At least one JAR was scanned for TLDs yet contained no TLDs. Enable debug logging for this logger for a complete list of JARs that were scanned but no TLDs were found in them. Skipping unneeded JARs during scanning can improve startup time and JSP compilation time.
11-Apr-2024 01:07:13.065 INFO [localhost-startStop-1] org.apache.catalina.startup.HostConfig.deployDirectory Deployment of web application directory [D:\JavaSQL\Java8\apache-tomcat-8.5.24\webapps\Pract8] has finished in [16] ms
11-Apr-2024 01:07:13.065 INFO [localhost-startStop-1] org.apache.catalina.startup.HostConfig.deployDirectory Deploying web application directory [D:\JavaSQL\Java8\apache-tomcat-8.5.24\webapps\Entrega]
11-Apr-2024 01:07:13.090 INFO [localhost-startStop-1] org.apache.jasper.servlet.TldScanner.scanJars At least one JAR was scanned for TLDs yet contained no TLDs. Enable debug logging for this logger for a complete list of JARs that were scanned but no TLDs were found in them. Skipping unneeded JARs during scanning can improve startup time and JSP compilation time.
11-Apr-2024 01:07:13.090 INFO [localhost-startStop-1] org.apache.catalina.startup.HostConfig.deployDirectory Deployment of web application directory [D:\JavaSQL\Java8\apache-tomcat-8.5.24\webapps\Entrega] has finished in [25] ms
11-Apr-2024 01:07:13.090 INFO [localhost-startStop-1] org.apache.catalina.startup.HostConfig.deployDirectory Deploying web application directory [D:\JavaSQL\Java8\apache-tomcat-8.5.24\webapps\matrices8]
11-Apr-2024 01:07:13.111 INFO [localhost-startStop-1] org.apache.jasper.servlet.TldScanner.scanJars At least one JAR was scanned for TLDs yet contained no TLDs. Enable debug logging for this logger for a complete list of JARs that were scanned but no TLDs were found in them. Skipping unneeded JARs during scanning can improve startup time and JSP compilation time.
11-Apr-2024 01:07:13.111 INFO [localhost-startStop-1] org.apache.catalina.startup.HostConfig.deployDirectory Deployment of web application directory [D:\JavaSQL\Java8\apache-tomcat-8.5.24\webapps\matrices8] has finished in [21] ms
11-Apr-2024 01:07:13.111 INFO [localhost-startStop-1] org.apache.catalina.startup.HostConfig.deployDirectory Deploying web application directory [D:\JavaSQL\Java8\apache-tomcat-8.5.24\webapps\TD_E18]
11-Apr-2024 01:07:13.138 INFO [localhost-startStop-1] org.apache.jasper.servlet.TldScanner.scanJars At least one JAR was scanned for TLDs yet contained no TLDs. Enable debug logging for this logger for a complete list of JARs that were scanned but no TLDs were found in them. Skipping unneeded JARs during scanning can improve startup time and JSP compilation time.
11-Apr-2024 01:07:13.138 INFO [localhost-startStop-1] org.apache.catalina.startup.HostConfig.deployDirectory Deployment of web application directory [D:\JavaSQL\Java8\apache-tomcat-8.5.24\webapps\TD_E18] has finished in [27] ms
11-Apr-2024 01:07:13.138 INFO [localhost-startStop-1] org.apache.catalina.startup.HostConfig.deployDirectory Deploying web application directory [D:\JavaSQL\Java8\apache-tomcat-8.5.24\webapps\TB15]
11-Apr-2024 01:07:13.161 INFO [localhost-startStop-1] org.apache.jasper.servlet.TldScanner.scanJars At least one JAR was scanned for TLDs yet contained no TLDs. Enable debug logging for this logger for a complete list of JARs that were scanned but no TLDs were found in them. Skipping unneeded JARs during scanning can improve startup time and JSP compilation time.
11-Apr-2024 01:07:13.161 INFO [localhost-startStop-1] org.apache.catalina.startup.HostConfig.deployDirectory Deployment of web application directory [D:\JavaSQL\Java8\apache-tomcat-8.5.24\webapps\TB15] has finished in [23] ms
11-Apr-2024 01:07:13.161 INFO [localhost-startStop-1] org.apache.catalina.startup.HostConfig.deployDirectory Deploying web application directory [D:\JavaSQL\Java8\apache-tomcat-8.5.24\webapps\S2]
11-Apr-2024 01:07:13.175 INFO [localhost-startStop-1] org.apache.jasper.servlet.TldScanner.scanJars At least one JAR was scanned for TLDs yet contained no TLDs. Enable debug logging for this logger for a complete list of JARs that were scanned but no TLDs were found in them. Skipping unneeded JARs during scanning can improve startup time and JSP compilation time.
11-Apr-2024 01:07:13.175 INFO [localhost-startStop-1] org.apache.catalina.startup.HostConfig.deployDirectory Deployment of web application directory [D:\JavaSQL\Java8\apache-tomcat-8.5.24\webapps\S2] has finished in [14] ms
11-Apr-2024 01:07:13.186 INFO [localhost-startStop-1] org.apache.catalina.startup.HostConfig.deployDirectory Deploying web application directory [D:\JavaSQL\Java8\apache-tomcat-8.5.24\webapps\mock1]
11-Apr-2024 01:07:13.241 INFO [localhost-startStop-1] org.apache.jasper.servlet.TldScanner.scanJars At least one JAR was scanned for TLDs yet contained no TLDs. Enable debug logging for this logger for a complete list of JARs that were scanned but no TLDs were found in them. Skipping unneeded JARs during scanning can improve startup time and JSP compilation time.
11-Apr-2024 01:07:13.241 INFO [localhost-startStop-1] org.apache.catalina.startup.HostConfig.deployDirectory Deployment of web application directory [D:\JavaSQL\Java8\apache-tomcat-8.5.24\webapps\mock1] has finished in [55] ms
11-Apr-2024 01:07:13.251 INFO [main] org.apache.coyote.AbstractProtocol.start Starting ProtocolHandler ["http-nio-8082"]
11-Apr-2024 01:07:13.257 INFO [main] org.apache.coyote.AbstractProtocol.start Starting ProtocolHandler ["ajp-nio-8009"]
11-Apr-2024 01:07:13.257 INFO [main] org.apache.catalina.startup.Catalina.start Server startup in 711 ms
11-Apr-2024 01:07:43.451 INFO [main] org.apache.catalina.core.StandardServer.await A valid shutdown command was received via the shutdown port. Stopping the Server instance.
11-Apr-2024 01:07:43.451 INFO [main] org.apache.coyote.AbstractProtocol.pause Pausing ProtocolHandler ["http-nio-8082"]
11-Apr-2024 01:07:43.908 INFO [main] org.apache.coyote.AbstractProtocol.pause Pausing ProtocolHandler ["ajp-nio-8009"]
11-Apr-2024 01:07:44.287 INFO [main] org.apache.catalina.core.StandardService.stopInternal Stopping service [Catalina]
11-Apr-2024 01:07:44.365 INFO [main] org.apache.coyote.AbstractProtocol.stop Stopping ProtocolHandler ["http-nio-8082"]
11-Apr-2024 01:07:44.365 INFO [main] org.apache.coyote.AbstractProtocol.stop Stopping ProtocolHandler ["ajp-nio-8009"]
11-Apr-2024 01:07:44.369 INFO [main] org.apache.coyote.AbstractProtocol.destroy Destroying ProtocolHandler ["http-nio-8082"]
11-Apr-2024 01:07:44.369 INFO [main] org.apache.coyote.AbstractProtocol.destroy Destroying ProtocolHandler ["ajp-nio-8009"]
11-Apr-2024 01:07:45.481 INFO [main] org.apache.catalina.startup.VersionLoggerListener.log Server version:        Apache Tomcat/8.5.24
11-Apr-2024 01:07:45.481 INFO [main] org.apache.catalina.startup.VersionLoggerListener.log Server built:          Nov 27 2017 13:05:30 UTC
11-Apr-2024 01:07:45.481 INFO [main] org.apache.catalina.startup.VersionLoggerListener.log Server number:         8.5.24.0
11-Apr-2024 01:07:45.481 INFO [main] org.apache.catalina.startup.VersionLoggerListener.log OS Name:               Windows 10
11-Apr-2024 01:07:45.481 INFO [main] org.apache.catalina.startup.VersionLoggerListener.log OS Version:            10.0
11-Apr-2024 01:07:45.481 INFO [main] org.apache.catalina.startup.VersionLoggerListener.log Architecture:          x86
11-Apr-2024 01:07:45.481 INFO [main] org.apache.catalina.startup.VersionLoggerListener.log Java Home:             D:\JavaSQL\Java8\jdk1.8.0_131\jre
11-Apr-2024 01:07:45.481 INFO [main] org.apache.catalina.startup.VersionLoggerListener.log JVM Version:           1.8.0_131-b11
11-Apr-2024 01:07:45.481 INFO [main] org.apache.catalina.startup.VersionLoggerListener.log JVM Vendor:            Oracle Corporation
11-Apr-2024 01:07:45.481 INFO [main] org.apache.catalina.startup.VersionLoggerListener.log CATALINA_BASE:         D:\JavaSQL\Java8\apache-tomcat-8.5.24
11-Apr-2024 01:07:45.487 INFO [main] org.apache.catalina.startup.VersionLoggerListener.log CATALINA_HOME:         D:\JavaSQL\Java8\apache-tomcat-8.5.24
11-Apr-2024 01:07:45.487 INFO [main] org.apache.catalina.startup.VersionLoggerListener.log Command line argument: -Djava.util.logging.config.file=D:\JavaSQL\Java8\apache-tomcat-8.5.24\conf\logging.properties
11-Apr-2024 01:07:45.487 INFO [main] org.apache.catalina.startup.VersionLoggerListener.log Command line argument: -Djava.util.logging.manager=org.apache.juli.ClassLoaderLogManager
11-Apr-2024 01:07:45.487 INFO [main] org.apache.catalina.startup.VersionLoggerListener.log Command line argument: -Djdk.tls.ephemeralDHKeySize=2048
11-Apr-2024 01:07:45.487 INFO [main] org.apache.catalina.startup.VersionLoggerListener.log Command line argument: -Djava.protocol.handler.pkgs=org.apache.catalina.webresources
11-Apr-2024 01:07:45.487 INFO [main] org.apache.catalina.startup.VersionLoggerListener.log Command line argument: -Dignore.endorsed.dirs=
11-Apr-2024 01:07:45.487 INFO [main] org.apache.catalina.startup.VersionLoggerListener.log Command line argument: -Dcatalina.base=D:\JavaSQL\Java8\apache-tomcat-8.5.24
11-Apr-2024 01:07:45.487 INFO [main] org.apache.catalina.startup.VersionLoggerListener.log Command line argument: -Dcatalina.home=D:\JavaSQL\Java8\apache-tomcat-8.5.24
11-Apr-2024 01:07:45.487 INFO [main] org.apache.catalina.startup.VersionLoggerListener.log Command line argument: -Djava.io.tmpdir=D:\JavaSQL\Java8\apache-tomcat-8.5.24\temp
11-Apr-2024 01:07:45.487 INFO [main] org.apache.catalina.core.AprLifecycleListener.lifecycleEvent The APR based Apache Tomcat Native library which allows optimal performance in production environments was not found on the java.library.path: [D:\JavaSQL\Java8\jdk1.8.0_131\bin;C:\WINDOWS\Sun\Java\bin;C:\WINDOWS\system32;C:\WINDOWS;D:\JavaSQL\Java8\jdk1.8.0_131\bin;D:\JavaSQL\Java8\jdk1.8.0_131\db\bin;D:\JavaSQL\Java8\squirrelsql-4.0.0-standard;D:\JavaSQL\Java8\apache-tomcat-8.5.24\bin;C:\WINDOWS\system32;C:\WINDOWS;C:\WINDOWS\System32\Wbem;C:\WINDOWS\System32\WindowsPowerShell\v1.0\;C:\WINDOWS\System32\OpenSSH\;C:\Program Files\dotnet\;C:\Users\Aldoa\Desktop\Infor\bin;C:\Users\Aldoa\AppData\Local\Microsoft\WindowsApps;;.]
11-Apr-2024 01:07:45.555 INFO [main] org.apache.coyote.AbstractProtocol.init Initializing ProtocolHandler ["http-nio-8082"]
11-Apr-2024 01:07:45.751 INFO [main] org.apache.tomcat.util.net.NioSelectorPool.getSharedSelector Using a shared selector for servlet write/read
11-Apr-2024 01:07:45.753 INFO [main] org.apache.coyote.AbstractProtocol.init Initializing ProtocolHandler ["ajp-nio-8009"]
11-Apr-2024 01:07:45.753 INFO [main] org.apache.tomcat.util.net.NioSelectorPool.getSharedSelector Using a shared selector for servlet write/read
11-Apr-2024 01:07:45.753 INFO [main] org.apache.catalina.startup.Catalina.load Initialization processed in 496 ms
11-Apr-2024 01:07:45.767 INFO [main] org.apache.catalina.core.StandardService.startInternal Starting service [Catalina]
11-Apr-2024 01:07:45.767 INFO [main] org.apache.catalina.core.StandardEngine.startInternal Starting Servlet Engine: Apache Tomcat/8.5.24
11-Apr-2024 01:07:45.776 INFO [localhost-startStop-1] org.apache.catalina.startup.HostConfig.deployDirectory Deploying web application directory [D:\JavaSQL\Java8\apache-tomcat-8.5.24\webapps\docs]
11-Apr-2024 01:07:45.953 INFO [localhost-startStop-1] org.apache.jasper.servlet.TldScanner.scanJars At least one JAR was scanned for TLDs yet contained no TLDs. Enable debug logging for this logger for a complete list of JARs that were scanned but no TLDs were found in them. Skipping unneeded JARs during scanning can improve startup time and JSP compilation time.
11-Apr-2024 01:07:45.991 INFO [localhost-startStop-1] org.apache.catalina.startup.HostConfig.deployDirectory Deployment of web application directory [D:\JavaSQL\Java8\apache-tomcat-8.5.24\webapps\docs] has finished in [215] ms
11-Apr-2024 01:07:45.999 INFO [localhost-startStop-1] org.apache.catalina.startup.HostConfig.deployDirectory Deploying web application directory [D:\JavaSQL\Java8\apache-tomcat-8.5.24\webapps\examples]
11-Apr-2024 01:07:46.154 INFO [localhost-startStop-1] org.apache.jasper.servlet.TldScanner.scanJars At least one JAR was scanned for TLDs yet contained no TLDs. Enable debug logging for this logger for a complete list of JARs that were scanned but no TLDs were found in them. Skipping unneeded JARs during scanning can improve startup time and JSP compilation time.
11-Apr-2024 01:07:46.182 INFO [localhost-startStop-1] org.apache.catalina.startup.HostConfig.deployDirectory Deployment of web application directory [D:\JavaSQL\Java8\apache-tomcat-8.5.24\webapps\examples] has finished in [183] ms
11-Apr-2024 01:07:46.182 INFO [localhost-startStop-1] org.apache.catalina.startup.HostConfig.deployDirectory Deploying web application directory [D:\JavaSQL\Java8\apache-tomcat-8.5.24\webapps\host-manager]
11-Apr-2024 01:07:46.204 INFO [localhost-startStop-1] org.apache.jasper.servlet.TldScanner.scanJars At least one JAR was scanned for TLDs yet contained no TLDs. Enable debug logging for this logger for a complete list of JARs that were scanned but no TLDs were found in them. Skipping unneeded JARs during scanning can improve startup time and JSP compilation time.
11-Apr-2024 01:07:46.210 INFO [localhost-startStop-1] org.apache.catalina.startup.HostConfig.deployDirectory Deployment of web application directory [D:\JavaSQL\Java8\apache-tomcat-8.5.24\webapps\host-manager] has finished in [28] ms
11-Apr-2024 01:07:46.210 INFO [localhost-startStop-1] org.apache.catalina.startup.HostConfig.deployDirectory Deploying web application directory [D:\JavaSQL\Java8\apache-tomcat-8.5.24\webapps\ROOT]
11-Apr-2024 01:07:46.223 INFO [localhost-startStop-1] org.apache.jasper.servlet.TldScanner.scanJars At least one JAR was scanned for TLDs yet contained no TLDs. Enable debug logging for this logger for a complete list of JARs that were scanned but no TLDs were found in them. Skipping unneeded JARs during scanning can improve startup time and JSP compilation time.
11-Apr-2024 01:07:46.224 INFO [localhost-startStop-1] org.apache.catalina.startup.HostConfig.deployDirectory Deployment of web application directory [D:\JavaSQL\Java8\apache-tomcat-8.5.24\webapps\ROOT] has finished in [14] ms
11-Apr-2024 01:07:46.224 INFO [localhost-startStop-1] org.apache.catalina.startup.HostConfig.deployDirectory Deploying web application directory [D:\JavaSQL\Java8\apache-tomcat-8.5.24\webapps\SQLServer]
11-Apr-2024 01:07:46.243 INFO [localhost-startStop-1] org.apache.jasper.servlet.TldScanner.scanJars At least one JAR was scanned for TLDs yet contained no TLDs. Enable debug logging for this logger for a complete list of JARs that were scanned but no TLDs were found in them. Skipping unneeded JARs during scanning can improve startup time and JSP compilation time.
11-Apr-2024 01:07:46.243 INFO [localhost-startStop-1] org.apache.catalina.startup.HostConfig.deployDirectory Deployment of web application directory [D:\JavaSQL\Java8\apache-tomcat-8.5.24\webapps\SQLServer] has finished in [19] ms
11-Apr-2024 01:07:46.243 INFO [localhost-startStop-1] org.apache.catalina.startup.HostConfig.deployDirectory Deploying web application directory [D:\JavaSQL\Java8\apache-tomcat-8.5.24\webapps\Servlet1]
11-Apr-2024 01:07:46.259 INFO [localhost-startStop-1] org.apache.jasper.servlet.TldScanner.scanJars At least one JAR was scanned for TLDs yet contained no TLDs. Enable debug logging for this logger for a complete list of JARs that were scanned but no TLDs were found in them. Skipping unneeded JARs during scanning can improve startup time and JSP compilation time.
11-Apr-2024 01:07:46.259 INFO [localhost-startStop-1] org.apache.catalina.startup.HostConfig.deployDirectory Deployment of web application directory [D:\JavaSQL\Java8\apache-tomcat-8.5.24\webapps\Servlet1] has finished in [16] ms
11-Apr-2024 01:07:46.259 INFO [localhost-startStop-1] org.apache.catalina.startup.HostConfig.deployDirectory Deploying web application directory [D:\JavaSQL\Java8\apache-tomcat-8.5.24\webapps\Servlet2]
11-Apr-2024 01:07:46.276 INFO [localhost-startStop-1] org.apache.jasper.servlet.TldScanner.scanJars At least one JAR was scanned for TLDs yet contained no TLDs. Enable debug logging for this logger for a complete list of JARs that were scanned but no TLDs were found in them. Skipping unneeded JARs during scanning can improve startup time and JSP compilation time.
11-Apr-2024 01:07:46.283 INFO [localhost-startStop-1] org.apache.catalina.startup.HostConfig.deployDirectory Deployment of web application directory [D:\JavaSQL\Java8\apache-tomcat-8.5.24\webapps\Servlet2] has finished in [24] ms
11-Apr-2024 01:07:46.283 INFO [localhost-startStop-1] org.apache.catalina.startup.HostConfig.deployDirectory Deploying web application directory [D:\JavaSQL\Java8\apache-tomcat-8.5.24\webapps\Servlet3]
11-Apr-2024 01:07:46.291 INFO [localhost-startStop-1] org.apache.jasper.servlet.TldScanner.scanJars At least one JAR was scanned for TLDs yet contained no TLDs. Enable debug logging for this logger for a complete list of JARs that were scanned but no TLDs were found in them. Skipping unneeded JARs during scanning can improve startup time and JSP compilation time.
11-Apr-2024 01:07:46.291 INFO [localhost-startStop-1] org.apache.catalina.startup.HostConfig.deployDirectory Deployment of web application directory [D:\JavaSQL\Java8\apache-tomcat-8.5.24\webapps\Servlet3] has finished in [8] ms
11-Apr-2024 01:07:46.291 INFO [localhost-startStop-1] org.apache.catalina.startup.HostConfig.deployDirectory Deploying web application directory [D:\JavaSQL\Java8\apache-tomcat-8.5.24\webapps\Servlet4]
11-Apr-2024 01:07:46.306 INFO [localhost-startStop-1] org.apache.jasper.servlet.TldScanner.scanJars At least one JAR was scanned for TLDs yet contained no TLDs. Enable debug logging for this logger for a complete list of JARs that were scanned but no TLDs were found in them. Skipping unneeded JARs during scanning can improve startup time and JSP compilation time.
11-Apr-2024 01:07:46.315 INFO [localhost-startStop-1] org.apache.catalina.startup.HostConfig.deployDirectory Deployment of web application directory [D:\JavaSQL\Java8\apache-tomcat-8.5.24\webapps\Servlet4] has finished in [24] ms
11-Apr-2024 01:07:46.315 INFO [localhost-startStop-1] org.apache.catalina.startup.HostConfig.deployDirectory Deploying web application directory [D:\JavaSQL\Java8\apache-tomcat-8.5.24\webapps\Pract8]
11-Apr-2024 01:07:46.335 INFO [localhost-startStop-1] org.apache.jasper.servlet.TldScanner.scanJars At least one JAR was scanned for TLDs yet contained no TLDs. Enable debug logging for this logger for a complete list of JARs that were scanned but no TLDs were found in them. Skipping unneeded JARs during scanning can improve startup time and JSP compilation time.
11-Apr-2024 01:07:46.339 INFO [localhost-startStop-1] org.apache.catalina.startup.HostConfig.deployDirectory Deployment of web application directory [D:\JavaSQL\Java8\apache-tomcat-8.5.24\webapps\Pract8] has finished in [20] ms
11-Apr-2024 01:07:46.339 INFO [localhost-startStop-1] org.apache.catalina.startup.HostConfig.deployDirectory Deploying web application directory [D:\JavaSQL\Java8\apache-tomcat-8.5.24\webapps\Entrega]
11-Apr-2024 01:07:46.356 INFO [localhost-startStop-1] org.apache.jasper.servlet.TldScanner.scanJars At least one JAR was scanned for TLDs yet contained no TLDs. Enable debug logging for this logger for a complete list of JARs that were scanned but no TLDs were found in them. Skipping unneeded JARs during scanning can improve startup time and JSP compilation time.
11-Apr-2024 01:07:46.356 INFO [localhost-startStop-1] org.apache.catalina.startup.HostConfig.deployDirectory Deployment of web application directory [D:\JavaSQL\Java8\apache-tomcat-8.5.24\webapps\Entrega] has finished in [17] ms
11-Apr-2024 01:07:46.356 INFO [localhost-startStop-1] org.apache.catalina.startup.HostConfig.deployDirectory Deploying web application directory [D:\JavaSQL\Java8\apache-tomcat-8.5.24\webapps\matrices8]
11-Apr-2024 01:07:46.376 INFO [localhost-startStop-1] org.apache.jasper.servlet.TldScanner.scanJars At least one JAR was scanned for TLDs yet contained no TLDs. Enable debug logging for this logger for a complete list of JARs that were scanned but no TLDs were found in them. Skipping unneeded JARs during scanning can improve startup time and JSP compilation time.
11-Apr-2024 01:07:46.376 INFO [localhost-startStop-1] org.apache.catalina.startup.HostConfig.deployDirectory Deployment of web application directory [D:\JavaSQL\Java8\apache-tomcat-8.5.24\webapps\matrices8] has finished in [20] ms
11-Apr-2024 01:07:46.376 INFO [localhost-startStop-1] org.apache.catalina.startup.HostConfig.deployDirectory Deploying web application directory [D:\JavaSQL\Java8\apache-tomcat-8.5.24\webapps\TD_E18]
11-Apr-2024 01:07:46.400 INFO [localhost-startStop-1] org.apache.jasper.servlet.TldScanner.scanJars At least one JAR was scanned for TLDs yet contained no TLDs. Enable debug logging for this logger for a complete list of JARs that were scanned but no TLDs were found in them. Skipping unneeded JARs during scanning can improve startup time and JSP compilation time.
11-Apr-2024 01:07:46.402 INFO [localhost-startStop-1] org.apache.catalina.startup.HostConfig.deployDirectory Deployment of web application directory [D:\JavaSQL\Java8\apache-tomcat-8.5.24\webapps\TD_E18] has finished in [26] ms
11-Apr-2024 01:07:46.402 INFO [localhost-startStop-1] org.apache.catalina.startup.HostConfig.deployDirectory Deploying web application directory [D:\JavaSQL\Java8\apache-tomcat-8.5.24\webapps\TB15]
11-Apr-2024 01:07:46.421 INFO [localhost-startStop-1] org.apache.jasper.servlet.TldScanner.scanJars At least one JAR was scanned for TLDs yet contained no TLDs. Enable debug logging for this logger for a complete list of JARs that were scanned but no TLDs were found in them. Skipping unneeded JARs during scanning can improve startup time and JSP compilation time.
11-Apr-2024 01:07:46.421 INFO [localhost-startStop-1] org.apache.catalina.startup.HostConfig.deployDirectory Deployment of web application directory [D:\JavaSQL\Java8\apache-tomcat-8.5.24\webapps\TB15] has finished in [19] ms
11-Apr-2024 01:07:46.421 INFO [localhost-startStop-1] org.apache.catalina.startup.HostConfig.deployDirectory Deploying web application directory [D:\JavaSQL\Java8\apache-tomcat-8.5.24\webapps\S2]
11-Apr-2024 01:07:46.441 INFO [localhost-startStop-1] org.apache.jasper.servlet.TldScanner.scanJars At least one JAR was scanned for TLDs yet contained no TLDs. Enable debug logging for this logger for a complete list of JARs that were scanned but no TLDs were found in them. Skipping unneeded JARs during scanning can improve startup time and JSP compilation time.
11-Apr-2024 01:07:46.441 INFO [localhost-startStop-1] org.apache.catalina.startup.HostConfig.deployDirectory Deployment of web application directory [D:\JavaSQL\Java8\apache-tomcat-8.5.24\webapps\S2] has finished in [20] ms
11-Apr-2024 01:07:46.441 INFO [localhost-startStop-1] org.apache.catalina.startup.HostConfig.deployDirectory Deploying web application directory [D:\JavaSQL\Java8\apache-tomcat-8.5.24\webapps\mock1]
11-Apr-2024 01:07:46.483 INFO [localhost-startStop-1] org.apache.jasper.servlet.TldScanner.scanJars At least one JAR was scanned for TLDs yet contained no TLDs. Enable debug logging for this logger for a complete list of JARs that were scanned but no TLDs were found in them. Skipping unneeded JARs during scanning can improve startup time and JSP compilation time.
11-Apr-2024 01:07:46.501 INFO [localhost-startStop-1] org.apache.catalina.startup.HostConfig.deployDirectory Deployment of web application directory [D:\JavaSQL\Java8\apache-tomcat-8.5.24\webapps\mock1] has finished in [60] ms
11-Apr-2024 01:07:46.504 INFO [main] org.apache.coyote.AbstractProtocol.start Starting ProtocolHandler ["http-nio-8082"]
11-Apr-2024 01:07:46.505 INFO [main] org.apache.coyote.AbstractProtocol.start Starting ProtocolHandler ["ajp-nio-8009"]
11-Apr-2024 01:07:46.505 INFO [main] org.apache.catalina.startup.Catalina.start Server startup in 757 ms
11-Apr-2024 01:09:49.894 INFO [main] org.apache.catalina.core.StandardServer.await A valid shutdown command was received via the shutdown port. Stopping the Server instance.
11-Apr-2024 01:09:49.894 INFO [main] org.apache.coyote.AbstractProtocol.pause Pausing ProtocolHandler ["http-nio-8082"]
11-Apr-2024 01:09:50.366 INFO [main] org.apache.coyote.AbstractProtocol.pause Pausing ProtocolHandler ["ajp-nio-8009"]
11-Apr-2024 01:09:50.783 INFO [main] org.apache.catalina.core.StandardService.stopInternal Stopping service [Catalina]
11-Apr-2024 01:09:50.846 INFO [main] org.apache.coyote.AbstractProtocol.stop Stopping ProtocolHandler ["http-nio-8082"]
11-Apr-2024 01:09:50.861 INFO [main] org.apache.coyote.AbstractProtocol.stop Stopping ProtocolHandler ["ajp-nio-8009"]
11-Apr-2024 01:09:50.861 INFO [main] org.apache.coyote.AbstractProtocol.destroy Destroying ProtocolHandler ["http-nio-8082"]
11-Apr-2024 01:09:50.863 INFO [main] org.apache.coyote.AbstractProtocol.destroy Destroying ProtocolHandler ["ajp-nio-8009"]
11-Apr-2024 01:09:52.657 INFO [main] org.apache.catalina.startup.VersionLoggerListener.log Server version:        Apache Tomcat/8.5.24
11-Apr-2024 01:09:52.673 INFO [main] org.apache.catalina.startup.VersionLoggerListener.log Server built:          Nov 27 2017 13:05:30 UTC
11-Apr-2024 01:09:52.673 INFO [main] org.apache.catalina.startup.VersionLoggerListener.log Server number:         8.5.24.0
11-Apr-2024 01:09:52.673 INFO [main] org.apache.catalina.startup.VersionLoggerListener.log OS Name:               Windows 10
11-Apr-2024 01:09:52.673 INFO [main] org.apache.catalina.startup.VersionLoggerListener.log OS Version:            10.0
11-Apr-2024 01:09:52.673 INFO [main] org.apache.catalina.startup.VersionLoggerListener.log Architecture:          x86
11-Apr-2024 01:09:52.673 INFO [main] org.apache.catalina.startup.VersionLoggerListener.log Java Home:             D:\JavaSQL\Java8\jdk1.8.0_131\jre
11-Apr-2024 01:09:52.673 INFO [main] org.apache.catalina.startup.VersionLoggerListener.log JVM Version:           1.8.0_131-b11
11-Apr-2024 01:09:52.673 INFO [main] org.apache.catalina.startup.VersionLoggerListener.log JVM Vendor:            Oracle Corporation
11-Apr-2024 01:09:52.673 INFO [main] org.apache.catalina.startup.VersionLoggerListener.log CATALINA_BASE:         D:\JavaSQL\Java8\apache-tomcat-8.5.24
11-Apr-2024 01:09:52.673 INFO [main] org.apache.catalina.startup.VersionLoggerListener.log CATALINA_HOME:         D:\JavaSQL\Java8\apache-tomcat-8.5.24
11-Apr-2024 01:09:52.673 INFO [main] org.apache.catalina.startup.VersionLoggerListener.log Command line argument: -Djava.util.logging.config.file=D:\JavaSQL\Java8\apache-tomcat-8.5.24\conf\logging.properties
11-Apr-2024 01:09:52.674 INFO [main] org.apache.catalina.startup.VersionLoggerListener.log Command line argument: -Djava.util.logging.manager=org.apache.juli.ClassLoaderLogManager
11-Apr-2024 01:09:52.674 INFO [main] org.apache.catalina.startup.VersionLoggerListener.log Command line argument: -Djdk.tls.ephemeralDHKeySize=2048
11-Apr-2024 01:09:52.674 INFO [main] org.apache.catalina.startup.VersionLoggerListener.log Command line argument: -Djava.protocol.handler.pkgs=org.apache.catalina.webresources
11-Apr-2024 01:09:52.674 INFO [main] org.apache.catalina.startup.VersionLoggerListener.log Command line argument: -Dignore.endorsed.dirs=
11-Apr-2024 01:09:52.674 INFO [main] org.apache.catalina.startup.VersionLoggerListener.log Command line argument: -Dcatalina.base=D:\JavaSQL\Java8\apache-tomcat-8.5.24
11-Apr-2024 01:09:52.674 INFO [main] org.apache.catalina.startup.VersionLoggerListener.log Command line argument: -Dcatalina.home=D:\JavaSQL\Java8\apache-tomcat-8.5.24
11-Apr-2024 01:09:52.674 INFO [main] org.apache.catalina.startup.VersionLoggerListener.log Command line argument: -Djava.io.tmpdir=D:\JavaSQL\Java8\apache-tomcat-8.5.24\temp
11-Apr-2024 01:09:52.674 INFO [main] org.apache.catalina.core.AprLifecycleListener.lifecycleEvent The APR based Apache Tomcat Native library which allows optimal performance in production environments was not found on the java.library.path: [D:\JavaSQL\Java8\jdk1.8.0_131\bin;C:\WINDOWS\Sun\Java\bin;C:\WINDOWS\system32;C:\WINDOWS;D:\JavaSQL\Java8\jdk1.8.0_131\bin;D:\JavaSQL\Java8\jdk1.8.0_131\db\bin;D:\JavaSQL\Java8\squirrelsql-4.0.0-standard;D:\JavaSQL\Java8\apache-tomcat-8.5.24\bin;C:\WINDOWS\system32;C:\WINDOWS;C:\WINDOWS\System32\Wbem;C:\WINDOWS\System32\WindowsPowerShell\v1.0\;C:\WINDOWS\System32\OpenSSH\;C:\Program Files\dotnet\;C:\Users\Aldoa\Desktop\Infor\bin;C:\Users\Aldoa\AppData\Local\Microsoft\WindowsApps;;.]
11-Apr-2024 01:09:52.736 INFO [main] org.apache.coyote.AbstractProtocol.init Initializing ProtocolHandler ["http-nio-8082"]
11-Apr-2024 01:09:52.926 INFO [main] org.apache.tomcat.util.net.NioSelectorPool.getSharedSelector Using a shared selector for servlet write/read
11-Apr-2024 01:09:52.933 INFO [main] org.apache.coyote.AbstractProtocol.init Initializing ProtocolHandler ["ajp-nio-8009"]
11-Apr-2024 01:09:52.935 INFO [main] org.apache.tomcat.util.net.NioSelectorPool.getSharedSelector Using a shared selector for servlet write/read
11-Apr-2024 01:09:52.935 INFO [main] org.apache.catalina.startup.Catalina.load Initialization processed in 433 ms
11-Apr-2024 01:09:52.951 INFO [main] org.apache.catalina.core.StandardService.startInternal Starting service [Catalina]
11-Apr-2024 01:09:52.951 INFO [main] org.apache.catalina.core.StandardEngine.startInternal Starting Servlet Engine: Apache Tomcat/8.5.24
11-Apr-2024 01:09:52.951 INFO [localhost-startStop-1] org.apache.catalina.startup.HostConfig.deployDirectory Deploying web application directory [D:\JavaSQL\Java8\apache-tomcat-8.5.24\webapps\docs]
11-Apr-2024 01:09:53.115 INFO [localhost-startStop-1] org.apache.jasper.servlet.TldScanner.scanJars At least one JAR was scanned for TLDs yet contained no TLDs. Enable debug logging for this logger for a complete list of JARs that were scanned but no TLDs were found in them. Skipping unneeded JARs during scanning can improve startup time and JSP compilation time.
11-Apr-2024 01:09:53.157 INFO [localhost-startStop-1] org.apache.catalina.startup.HostConfig.deployDirectory Deployment of web application directory [D:\JavaSQL\Java8\apache-tomcat-8.5.24\webapps\docs] has finished in [206] ms
11-Apr-2024 01:09:53.157 INFO [localhost-startStop-1] org.apache.catalina.startup.HostConfig.deployDirectory Deploying web application directory [D:\JavaSQL\Java8\apache-tomcat-8.5.24\webapps\examples]
11-Apr-2024 01:09:53.301 INFO [localhost-startStop-1] org.apache.jasper.servlet.TldScanner.scanJars At least one JAR was scanned for TLDs yet contained no TLDs. Enable debug logging for this logger for a complete list of JARs that were scanned but no TLDs were found in them. Skipping unneeded JARs during scanning can improve startup time and JSP compilation time.
11-Apr-2024 01:09:53.336 INFO [localhost-startStop-1] org.apache.catalina.startup.HostConfig.deployDirectory Deployment of web application directory [D:\JavaSQL\Java8\apache-tomcat-8.5.24\webapps\examples] has finished in [179] ms
11-Apr-2024 01:09:53.336 INFO [localhost-startStop-1] org.apache.catalina.startup.HostConfig.deployDirectory Deploying web application directory [D:\JavaSQL\Java8\apache-tomcat-8.5.24\webapps\host-manager]
11-Apr-2024 01:09:53.352 INFO [localhost-startStop-1] org.apache.jasper.servlet.TldScanner.scanJars At least one JAR was scanned for TLDs yet contained no TLDs. Enable debug logging for this logger for a complete list of JARs that were scanned but no TLDs were found in them. Skipping unneeded JARs during scanning can improve startup time and JSP compilation time.
11-Apr-2024 01:09:53.364 INFO [localhost-startStop-1] org.apache.catalina.startup.HostConfig.deployDirectory Deployment of web application directory [D:\JavaSQL\Java8\apache-tomcat-8.5.24\webapps\host-manager] has finished in [28] ms
11-Apr-2024 01:09:53.364 INFO [localhost-startStop-1] org.apache.catalina.startup.HostConfig.deployDirectory Deploying web application directory [D:\JavaSQL\Java8\apache-tomcat-8.5.24\webapps\ROOT]
11-Apr-2024 01:09:53.378 INFO [localhost-startStop-1] org.apache.jasper.servlet.TldScanner.scanJars At least one JAR was scanned for TLDs yet contained no TLDs. Enable debug logging for this logger for a complete list of JARs that were scanned but no TLDs were found in them. Skipping unneeded JARs during scanning can improve startup time and JSP compilation time.
11-Apr-2024 01:09:53.378 INFO [localhost-startStop-1] org.apache.catalina.startup.HostConfig.deployDirectory Deployment of web application directory [D:\JavaSQL\Java8\apache-tomcat-8.5.24\webapps\ROOT] has finished in [14] ms
11-Apr-2024 01:09:53.378 INFO [localhost-startStop-1] org.apache.catalina.startup.HostConfig.deployDirectory Deploying web application directory [D:\JavaSQL\Java8\apache-tomcat-8.5.24\webapps\SQLServer]
11-Apr-2024 01:09:53.398 INFO [localhost-startStop-1] org.apache.jasper.servlet.TldScanner.scanJars At least one JAR was scanned for TLDs yet contained no TLDs. Enable debug logging for this logger for a complete list of JARs that were scanned but no TLDs were found in them. Skipping unneeded JARs during scanning can improve startup time and JSP compilation time.
11-Apr-2024 01:09:53.402 INFO [localhost-startStop-1] org.apache.catalina.startup.HostConfig.deployDirectory Deployment of web application directory [D:\JavaSQL\Java8\apache-tomcat-8.5.24\webapps\SQLServer] has finished in [24] ms
11-Apr-2024 01:09:53.402 INFO [localhost-startStop-1] org.apache.catalina.startup.HostConfig.deployDirectory Deploying web application directory [D:\JavaSQL\Java8\apache-tomcat-8.5.24\webapps\Servlet1]
11-Apr-2024 01:09:53.418 INFO [localhost-startStop-1] org.apache.jasper.servlet.TldScanner.scanJars At least one JAR was scanned for TLDs yet contained no TLDs. Enable debug logging for this logger for a complete list of JARs that were scanned but no TLDs were found in them. Skipping unneeded JARs during scanning can improve startup time and JSP compilation time.
11-Apr-2024 01:09:53.418 INFO [localhost-startStop-1] org.apache.catalina.startup.HostConfig.deployDirectory Deployment of web application directory [D:\JavaSQL\Java8\apache-tomcat-8.5.24\webapps\Servlet1] has finished in [16] ms
11-Apr-2024 01:09:53.418 INFO [localhost-startStop-1] org.apache.catalina.startup.HostConfig.deployDirectory Deploying web application directory [D:\JavaSQL\Java8\apache-tomcat-8.5.24\webapps\Servlet2]
11-Apr-2024 01:09:53.434 INFO [localhost-startStop-1] org.apache.jasper.servlet.TldScanner.scanJars At least one JAR was scanned for TLDs yet contained no TLDs. Enable debug logging for this logger for a complete list of JARs that were scanned but no TLDs were found in them. Skipping unneeded JARs during scanning can improve startup time and JSP compilation time.
11-Apr-2024 01:09:53.442 INFO [localhost-startStop-1] org.apache.catalina.startup.HostConfig.deployDirectory Deployment of web application directory [D:\JavaSQL\Java8\apache-tomcat-8.5.24\webapps\Servlet2] has finished in [24] ms
11-Apr-2024 01:09:53.442 INFO [localhost-startStop-1] org.apache.catalina.startup.HostConfig.deployDirectory Deploying web application directory [D:\JavaSQL\Java8\apache-tomcat-8.5.24\webapps\Servlet3]
11-Apr-2024 01:09:53.458 INFO [localhost-startStop-1] org.apache.jasper.servlet.TldScanner.scanJars At least one JAR was scanned for TLDs yet contained no TLDs. Enable debug logging for this logger for a complete list of JARs that were scanned but no TLDs were found in them. Skipping unneeded JARs during scanning can improve startup time and JSP compilation time.
11-Apr-2024 01:09:53.458 INFO [localhost-startStop-1] org.apache.catalina.startup.HostConfig.deployDirectory Deployment of web application directory [D:\JavaSQL\Java8\apache-tomcat-8.5.24\webapps\Servlet3] has finished in [16] ms
11-Apr-2024 01:09:53.458 INFO [localhost-startStop-1] org.apache.catalina.startup.HostConfig.deployDirectory Deploying web application directory [D:\JavaSQL\Java8\apache-tomcat-8.5.24\webapps\Servlet4]
11-Apr-2024 01:09:53.470 INFO [localhost-startStop-1] org.apache.jasper.servlet.TldScanner.scanJars At least one JAR was scanned for TLDs yet contained no TLDs. Enable debug logging for this logger for a complete list of JARs that were scanned but no TLDs were found in them. Skipping unneeded JARs during scanning can improve startup time and JSP compilation time.
11-Apr-2024 01:09:53.478 INFO [localhost-startStop-1] org.apache.catalina.startup.HostConfig.deployDirectory Deployment of web application directory [D:\JavaSQL\Java8\apache-tomcat-8.5.24\webapps\Servlet4] has finished in [20] ms
11-Apr-2024 01:09:53.478 INFO [localhost-startStop-1] org.apache.catalina.startup.HostConfig.deployDirectory Deploying web application directory [D:\JavaSQL\Java8\apache-tomcat-8.5.24\webapps\Pract8]
11-Apr-2024 01:09:53.498 INFO [localhost-startStop-1] org.apache.jasper.servlet.TldScanner.scanJars At least one JAR was scanned for TLDs yet contained no TLDs. Enable debug logging for this logger for a complete list of JARs that were scanned but no TLDs were found in them. Skipping unneeded JARs during scanning can improve startup time and JSP compilation time.
11-Apr-2024 01:09:53.500 INFO [localhost-startStop-1] org.apache.catalina.startup.HostConfig.deployDirectory Deployment of web application directory [D:\JavaSQL\Java8\apache-tomcat-8.5.24\webapps\Pract8] has finished in [22] ms
11-Apr-2024 01:09:53.500 INFO [localhost-startStop-1] org.apache.catalina.startup.HostConfig.deployDirectory Deploying web application directory [D:\JavaSQL\Java8\apache-tomcat-8.5.24\webapps\Entrega]
11-Apr-2024 01:09:53.526 INFO [localhost-startStop-1] org.apache.jasper.servlet.TldScanner.scanJars At least one JAR was scanned for TLDs yet contained no TLDs. Enable debug logging for this logger for a complete list of JARs that were scanned but no TLDs were found in them. Skipping unneeded JARs during scanning can improve startup time and JSP compilation time.
11-Apr-2024 01:09:53.526 INFO [localhost-startStop-1] org.apache.catalina.startup.HostConfig.deployDirectory Deployment of web application directory [D:\JavaSQL\Java8\apache-tomcat-8.5.24\webapps\Entrega] has finished in [26] ms
11-Apr-2024 01:09:53.526 INFO [localhost-startStop-1] org.apache.catalina.startup.HostConfig.deployDirectory Deploying web application directory [D:\JavaSQL\Java8\apache-tomcat-8.5.24\webapps\matrices8]
11-Apr-2024 01:09:53.535 INFO [localhost-startStop-1] org.apache.jasper.servlet.TldScanner.scanJars At least one JAR was scanned for TLDs yet contained no TLDs. Enable debug logging for this logger for a complete list of JARs that were scanned but no TLDs were found in them. Skipping unneeded JARs during scanning can improve startup time and JSP compilation time.
11-Apr-2024 01:09:53.550 INFO [localhost-startStop-1] org.apache.catalina.startup.HostConfig.deployDirectory Deployment of web application directory [D:\JavaSQL\Java8\apache-tomcat-8.5.24\webapps\matrices8] has finished in [24] ms
11-Apr-2024 01:09:53.550 INFO [localhost-startStop-1] org.apache.catalina.startup.HostConfig.deployDirectory Deploying web application directory [D:\JavaSQL\Java8\apache-tomcat-8.5.24\webapps\TD_E18]
11-Apr-2024 01:09:53.573 INFO [localhost-startStop-1] org.apache.jasper.servlet.TldScanner.scanJars At least one JAR was scanned for TLDs yet contained no TLDs. Enable debug logging for this logger for a complete list of JARs that were scanned but no TLDs were found in them. Skipping unneeded JARs during scanning can improve startup time and JSP compilation time.
11-Apr-2024 01:09:53.573 INFO [localhost-startStop-1] org.apache.catalina.startup.HostConfig.deployDirectory Deployment of web application directory [D:\JavaSQL\Java8\apache-tomcat-8.5.24\webapps\TD_E18] has finished in [23] ms
11-Apr-2024 01:09:53.573 INFO [localhost-startStop-1] org.apache.catalina.startup.HostConfig.deployDirectory Deploying web application directory [D:\JavaSQL\Java8\apache-tomcat-8.5.24\webapps\TB15]
11-Apr-2024 01:09:53.600 INFO [localhost-startStop-1] org.apache.jasper.servlet.TldScanner.scanJars At least one JAR was scanned for TLDs yet contained no TLDs. Enable debug logging for this logger for a complete list of JARs that were scanned but no TLDs were found in them. Skipping unneeded JARs during scanning can improve startup time and JSP compilation time.
11-Apr-2024 01:09:53.600 INFO [localhost-startStop-1] org.apache.catalina.startup.HostConfig.deployDirectory Deployment of web application directory [D:\JavaSQL\Java8\apache-tomcat-8.5.24\webapps\TB15] has finished in [27] ms
11-Apr-2024 01:09:53.600 INFO [localhost-startStop-1] org.apache.catalina.startup.HostConfig.deployDirectory Deploying web application directory [D:\JavaSQL\Java8\apache-tomcat-8.5.24\webapps\S2]
11-Apr-2024 01:09:53.617 INFO [localhost-startStop-1] org.apache.jasper.servlet.TldScanner.scanJars At least one JAR was scanned for TLDs yet contained no TLDs. Enable debug logging for this logger for a complete list of JARs that were scanned but no TLDs were found in them. Skipping unneeded JARs during scanning can improve startup time and JSP compilation time.
11-Apr-2024 01:09:53.617 INFO [localhost-startStop-1] org.apache.catalina.startup.HostConfig.deployDirectory Deployment of web application directory [D:\JavaSQL\Java8\apache-tomcat-8.5.24\webapps\S2] has finished in [17] ms
11-Apr-2024 01:09:53.617 INFO [localhost-startStop-1] org.apache.catalina.startup.HostConfig.deployDirectory Deploying web application directory [D:\JavaSQL\Java8\apache-tomcat-8.5.24\webapps\mock1]
11-Apr-2024 01:09:53.682 INFO [localhost-startStop-1] org.apache.jasper.servlet.TldScanner.scanJars At least one JAR was scanned for TLDs yet contained no TLDs. Enable debug logging for this logger for a complete list of JARs that were scanned but no TLDs were found in them. Skipping unneeded JARs during scanning can improve startup time and JSP compilation time.
11-Apr-2024 01:09:53.686 INFO [localhost-startStop-1] org.apache.catalina.startup.HostConfig.deployDirectory Deployment of web application directory [D:\JavaSQL\Java8\apache-tomcat-8.5.24\webapps\mock1] has finished in [69] ms
11-Apr-2024 01:09:53.690 INFO [main] org.apache.coyote.AbstractProtocol.start Starting ProtocolHandler ["http-nio-8082"]
11-Apr-2024 01:09:53.701 INFO [main] org.apache.coyote.AbstractProtocol.start Starting ProtocolHandler ["ajp-nio-8009"]
11-Apr-2024 01:09:53.706 INFO [main] org.apache.catalina.startup.Catalina.start Server startup in 770 ms
11-Apr-2024 01:11:54.265 INFO [main] org.apache.catalina.core.StandardServer.await A valid shutdown command was received via the shutdown port. Stopping the Server instance.
11-Apr-2024 01:11:54.265 INFO [main] org.apache.coyote.AbstractProtocol.pause Pausing ProtocolHandler ["http-nio-8082"]
11-Apr-2024 01:11:54.675 INFO [main] org.apache.coyote.AbstractProtocol.pause Pausing ProtocolHandler ["ajp-nio-8009"]
11-Apr-2024 01:11:55.153 INFO [main] org.apache.catalina.core.StandardService.stopInternal Stopping service [Catalina]
11-Apr-2024 01:11:55.326 INFO [main] org.apache.coyote.AbstractProtocol.stop Stopping ProtocolHandler ["http-nio-8082"]
11-Apr-2024 01:11:55.326 INFO [main] org.apache.coyote.AbstractProtocol.stop Stopping ProtocolHandler ["ajp-nio-8009"]
11-Apr-2024 01:11:55.326 INFO [main] org.apache.coyote.AbstractProtocol.destroy Destroying ProtocolHandler ["http-nio-8082"]
11-Apr-2024 01:11:55.326 INFO [main] org.apache.coyote.AbstractProtocol.destroy Destroying ProtocolHandler ["ajp-nio-8009"]
11-Apr-2024 01:11:57.180 INFO [main] org.apache.catalina.startup.VersionLoggerListener.log Server version:        Apache Tomcat/8.5.24
11-Apr-2024 01:11:57.180 INFO [main] org.apache.catalina.startup.VersionLoggerListener.log Server built:          Nov 27 2017 13:05:30 UTC
11-Apr-2024 01:11:57.180 INFO [main] org.apache.catalina.startup.VersionLoggerListener.log Server number:         8.5.24.0
11-Apr-2024 01:11:57.180 INFO [main] org.apache.catalina.startup.VersionLoggerListener.log OS Name:               Windows 10
11-Apr-2024 01:11:57.180 INFO [main] org.apache.catalina.startup.VersionLoggerListener.log OS Version:            10.0
11-Apr-2024 01:11:57.180 INFO [main] org.apache.catalina.startup.VersionLoggerListener.log Architecture:          x86
11-Apr-2024 01:11:57.180 INFO [main] org.apache.catalina.startup.VersionLoggerListener.log Java Home:             D:\JavaSQL\Java8\jdk1.8.0_131\jre
11-Apr-2024 01:11:57.180 INFO [main] org.apache.catalina.startup.VersionLoggerListener.log JVM Version:           1.8.0_131-b11
11-Apr-2024 01:11:57.180 INFO [main] org.apache.catalina.startup.VersionLoggerListener.log JVM Vendor:            Oracle Corporation
11-Apr-2024 01:11:57.180 INFO [main] org.apache.catalina.startup.VersionLoggerListener.log CATALINA_BASE:         D:\JavaSQL\Java8\apache-tomcat-8.5.24
11-Apr-2024 01:11:57.180 INFO [main] org.apache.catalina.startup.VersionLoggerListener.log CATALINA_HOME:         D:\JavaSQL\Java8\apache-tomcat-8.5.24
11-Apr-2024 01:11:57.180 INFO [main] org.apache.catalina.startup.VersionLoggerListener.log Command line argument: -Djava.util.logging.config.file=D:\JavaSQL\Java8\apache-tomcat-8.5.24\conf\logging.properties
11-Apr-2024 01:11:57.180 INFO [main] org.apache.catalina.startup.VersionLoggerListener.log Command line argument: -Djava.util.logging.manager=org.apache.juli.ClassLoaderLogManager
11-Apr-2024 01:11:57.180 INFO [main] org.apache.catalina.startup.VersionLoggerListener.log Command line argument: -Djdk.tls.ephemeralDHKeySize=2048
11-Apr-2024 01:11:57.180 INFO [main] org.apache.catalina.startup.VersionLoggerListener.log Command line argument: -Djava.protocol.handler.pkgs=org.apache.catalina.webresources
11-Apr-2024 01:11:57.180 INFO [main] org.apache.catalina.startup.VersionLoggerListener.log Command line argument: -Dignore.endorsed.dirs=
11-Apr-2024 01:11:57.180 INFO [main] org.apache.catalina.startup.VersionLoggerListener.log Command line argument: -Dcatalina.base=D:\JavaSQL\Java8\apache-tomcat-8.5.24
11-Apr-2024 01:11:57.180 INFO [main] org.apache.catalina.startup.VersionLoggerListener.log Command line argument: -Dcatalina.home=D:\JavaSQL\Java8\apache-tomcat-8.5.24
11-Apr-2024 01:11:57.180 INFO [main] org.apache.catalina.startup.VersionLoggerListener.log Command line argument: -Djava.io.tmpdir=D:\JavaSQL\Java8\apache-tomcat-8.5.24\temp
11-Apr-2024 01:11:57.180 INFO [main] org.apache.catalina.core.AprLifecycleListener.lifecycleEvent The APR based Apache Tomcat Native library which allows optimal performance in production environments was not found on the java.library.path: [D:\JavaSQL\Java8\jdk1.8.0_131\bin;C:\WINDOWS\Sun\Java\bin;C:\WINDOWS\system32;C:\WINDOWS;D:\JavaSQL\Java8\jdk1.8.0_131\bin;D:\JavaSQL\Java8\jdk1.8.0_131\db\bin;D:\JavaSQL\Java8\squirrelsql-4.0.0-standard;D:\JavaSQL\Java8\apache-tomcat-8.5.24\bin;C:\WINDOWS\system32;C:\WINDOWS;C:\WINDOWS\System32\Wbem;C:\WINDOWS\System32\WindowsPowerShell\v1.0\;C:\WINDOWS\System32\OpenSSH\;C:\Program Files\dotnet\;C:\Users\Aldoa\Desktop\Infor\bin;C:\Users\Aldoa\AppData\Local\Microsoft\WindowsApps;;.]
11-Apr-2024 01:11:57.248 INFO [main] org.apache.coyote.AbstractProtocol.init Initializing ProtocolHandler ["http-nio-8082"]
11-Apr-2024 01:11:57.415 INFO [main] org.apache.tomcat.util.net.NioSelectorPool.getSharedSelector Using a shared selector for servlet write/read
11-Apr-2024 01:11:57.415 INFO [main] org.apache.coyote.AbstractProtocol.init Initializing ProtocolHandler ["ajp-nio-8009"]
11-Apr-2024 01:11:57.415 INFO [main] org.apache.tomcat.util.net.NioSelectorPool.getSharedSelector Using a shared selector for servlet write/read
11-Apr-2024 01:11:57.415 INFO [main] org.apache.catalina.startup.Catalina.load Initialization processed in 412 ms
11-Apr-2024 01:11:57.449 INFO [main] org.apache.catalina.core.StandardService.startInternal Starting service [Catalina]
11-Apr-2024 01:11:57.449 INFO [main] org.apache.catalina.core.StandardEngine.startInternal Starting Servlet Engine: Apache Tomcat/8.5.24
11-Apr-2024 01:11:57.449 INFO [localhost-startStop-1] org.apache.catalina.startup.HostConfig.deployDirectory Deploying web application directory [D:\JavaSQL\Java8\apache-tomcat-8.5.24\webapps\docs]
11-Apr-2024 01:11:57.599 INFO [localhost-startStop-1] org.apache.jasper.servlet.TldScanner.scanJars At least one JAR was scanned for TLDs yet contained no TLDs. Enable debug logging for this logger for a complete list of JARs that were scanned but no TLDs were found in them. Skipping unneeded JARs during scanning can improve startup time and JSP compilation time.
11-Apr-2024 01:11:57.634 INFO [localhost-startStop-1] org.apache.catalina.startup.HostConfig.deployDirectory Deployment of web application directory [D:\JavaSQL\Java8\apache-tomcat-8.5.24\webapps\docs] has finished in [185] ms
11-Apr-2024 01:11:57.634 INFO [localhost-startStop-1] org.apache.catalina.startup.HostConfig.deployDirectory Deploying web application directory [D:\JavaSQL\Java8\apache-tomcat-8.5.24\webapps\examples]
11-Apr-2024 01:11:57.765 INFO [localhost-startStop-1] org.apache.jasper.servlet.TldScanner.scanJars At least one JAR was scanned for TLDs yet contained no TLDs. Enable debug logging for this logger for a complete list of JARs that were scanned but no TLDs were found in them. Skipping unneeded JARs during scanning can improve startup time and JSP compilation time.
11-Apr-2024 01:11:57.789 INFO [localhost-startStop-1] org.apache.catalina.startup.HostConfig.deployDirectory Deployment of web application directory [D:\JavaSQL\Java8\apache-tomcat-8.5.24\webapps\examples] has finished in [155] ms
11-Apr-2024 01:11:57.789 INFO [localhost-startStop-1] org.apache.catalina.startup.HostConfig.deployDirectory Deploying web application directory [D:\JavaSQL\Java8\apache-tomcat-8.5.24\webapps\host-manager]
11-Apr-2024 01:11:57.804 INFO [localhost-startStop-1] org.apache.jasper.servlet.TldScanner.scanJars At least one JAR was scanned for TLDs yet contained no TLDs. Enable debug logging for this logger for a complete list of JARs that were scanned but no TLDs were found in them. Skipping unneeded JARs during scanning can improve startup time and JSP compilation time.
11-Apr-2024 01:11:57.820 INFO [localhost-startStop-1] org.apache.catalina.startup.HostConfig.deployDirectory Deployment of web application directory [D:\JavaSQL\Java8\apache-tomcat-8.5.24\webapps\host-manager] has finished in [31] ms
11-Apr-2024 01:11:57.820 INFO [localhost-startStop-1] org.apache.catalina.startup.HostConfig.deployDirectory Deploying web application directory [D:\JavaSQL\Java8\apache-tomcat-8.5.24\webapps\ROOT]
11-Apr-2024 01:11:57.820 INFO [localhost-startStop-1] org.apache.jasper.servlet.TldScanner.scanJars At least one JAR was scanned for TLDs yet contained no TLDs. Enable debug logging for this logger for a complete list of JARs that were scanned but no TLDs were found in them. Skipping unneeded JARs during scanning can improve startup time and JSP compilation time.
11-Apr-2024 01:11:57.820 INFO [localhost-startStop-1] org.apache.catalina.startup.HostConfig.deployDirectory Deployment of web application directory [D:\JavaSQL\Java8\apache-tomcat-8.5.24\webapps\ROOT] has finished in [0] ms
11-Apr-2024 01:11:57.820 INFO [localhost-startStop-1] org.apache.catalina.startup.HostConfig.deployDirectory Deploying web application directory [D:\JavaSQL\Java8\apache-tomcat-8.5.24\webapps\SQLServer]
11-Apr-2024 01:11:57.849 INFO [localhost-startStop-1] org.apache.jasper.servlet.TldScanner.scanJars At least one JAR was scanned for TLDs yet contained no TLDs. Enable debug logging for this logger for a complete list of JARs that were scanned but no TLDs were found in them. Skipping unneeded JARs during scanning can improve startup time and JSP compilation time.
11-Apr-2024 01:11:57.853 INFO [localhost-startStop-1] org.apache.catalina.startup.HostConfig.deployDirectory Deployment of web application directory [D:\JavaSQL\Java8\apache-tomcat-8.5.24\webapps\SQLServer] has finished in [33] ms
11-Apr-2024 01:11:57.853 INFO [localhost-startStop-1] org.apache.catalina.startup.HostConfig.deployDirectory Deploying web application directory [D:\JavaSQL\Java8\apache-tomcat-8.5.24\webapps\Servlet1]
11-Apr-2024 01:11:57.861 INFO [localhost-startStop-1] org.apache.jasper.servlet.TldScanner.scanJars At least one JAR was scanned for TLDs yet contained no TLDs. Enable debug logging for this logger for a complete list of JARs that were scanned but no TLDs were found in them. Skipping unneeded JARs during scanning can improve startup time and JSP compilation time.
11-Apr-2024 01:11:57.870 INFO [localhost-startStop-1] org.apache.catalina.startup.HostConfig.deployDirectory Deployment of web application directory [D:\JavaSQL\Java8\apache-tomcat-8.5.24\webapps\Servlet1] has finished in [17] ms
11-Apr-2024 01:11:57.870 INFO [localhost-startStop-1] org.apache.catalina.startup.HostConfig.deployDirectory Deploying web application directory [D:\JavaSQL\Java8\apache-tomcat-8.5.24\webapps\Servlet2]
11-Apr-2024 01:11:57.883 INFO [localhost-startStop-1] org.apache.jasper.servlet.TldScanner.scanJars At least one JAR was scanned for TLDs yet contained no TLDs. Enable debug logging for this logger for a complete list of JARs that were scanned but no TLDs were found in them. Skipping unneeded JARs during scanning can improve startup time and JSP compilation time.
11-Apr-2024 01:11:57.883 INFO [localhost-startStop-1] org.apache.catalina.startup.HostConfig.deployDirectory Deployment of web application directory [D:\JavaSQL\Java8\apache-tomcat-8.5.24\webapps\Servlet2] has finished in [13] ms
11-Apr-2024 01:11:57.883 INFO [localhost-startStop-1] org.apache.catalina.startup.HostConfig.deployDirectory Deploying web application directory [D:\JavaSQL\Java8\apache-tomcat-8.5.24\webapps\Servlet3]
11-Apr-2024 01:11:57.900 INFO [localhost-startStop-1] org.apache.jasper.servlet.TldScanner.scanJars At least one JAR was scanned for TLDs yet contained no TLDs. Enable debug logging for this logger for a complete list of JARs that were scanned but no TLDs were found in them. Skipping unneeded JARs during scanning can improve startup time and JSP compilation time.
11-Apr-2024 01:11:57.900 INFO [localhost-startStop-1] org.apache.catalina.startup.HostConfig.deployDirectory Deployment of web application directory [D:\JavaSQL\Java8\apache-tomcat-8.5.24\webapps\Servlet3] has finished in [17] ms
11-Apr-2024 01:11:57.910 INFO [localhost-startStop-1] org.apache.catalina.startup.HostConfig.deployDirectory Deploying web application directory [D:\JavaSQL\Java8\apache-tomcat-8.5.24\webapps\Servlet4]
11-Apr-2024 01:11:57.916 INFO [localhost-startStop-1] org.apache.jasper.servlet.TldScanner.scanJars At least one JAR was scanned for TLDs yet contained no TLDs. Enable debug logging for this logger for a complete list of JARs that were scanned but no TLDs were found in them. Skipping unneeded JARs during scanning can improve startup time and JSP compilation time.
11-Apr-2024 01:11:57.926 INFO [localhost-startStop-1] org.apache.catalina.startup.HostConfig.deployDirectory Deployment of web application directory [D:\JavaSQL\Java8\apache-tomcat-8.5.24\webapps\Servlet4] has finished in [16] ms
11-Apr-2024 01:11:57.926 INFO [localhost-startStop-1] org.apache.catalina.startup.HostConfig.deployDirectory Deploying web application directory [D:\JavaSQL\Java8\apache-tomcat-8.5.24\webapps\Pract8]
11-Apr-2024 01:11:57.945 INFO [localhost-startStop-1] org.apache.jasper.servlet.TldScanner.scanJars At least one JAR was scanned for TLDs yet contained no TLDs. Enable debug logging for this logger for a complete list of JARs that were scanned but no TLDs were found in them. Skipping unneeded JARs during scanning can improve startup time and JSP compilation time.
11-Apr-2024 01:11:57.945 INFO [localhost-startStop-1] org.apache.catalina.startup.HostConfig.deployDirectory Deployment of web application directory [D:\JavaSQL\Java8\apache-tomcat-8.5.24\webapps\Pract8] has finished in [19] ms
11-Apr-2024 01:11:57.945 INFO [localhost-startStop-1] org.apache.catalina.startup.HostConfig.deployDirectory Deploying web application directory [D:\JavaSQL\Java8\apache-tomcat-8.5.24\webapps\Entrega]
11-Apr-2024 01:11:57.967 INFO [localhost-startStop-1] org.apache.jasper.servlet.TldScanner.scanJars At least one JAR was scanned for TLDs yet contained no TLDs. Enable debug logging for this logger for a complete list of JARs that were scanned but no TLDs were found in them. Skipping unneeded JARs during scanning can improve startup time and JSP compilation time.
11-Apr-2024 01:11:57.967 INFO [localhost-startStop-1] org.apache.catalina.startup.HostConfig.deployDirectory Deployment of web application directory [D:\JavaSQL\Java8\apache-tomcat-8.5.24\webapps\Entrega] has finished in [22] ms
11-Apr-2024 01:11:57.967 INFO [localhost-startStop-1] org.apache.catalina.startup.HostConfig.deployDirectory Deploying web application directory [D:\JavaSQL\Java8\apache-tomcat-8.5.24\webapps\matrices8]
11-Apr-2024 01:11:57.986 INFO [localhost-startStop-1] org.apache.jasper.servlet.TldScanner.scanJars At least one JAR was scanned for TLDs yet contained no TLDs. Enable debug logging for this logger for a complete list of JARs that were scanned but no TLDs were found in them. Skipping unneeded JARs during scanning can improve startup time and JSP compilation time.
11-Apr-2024 01:11:57.986 INFO [localhost-startStop-1] org.apache.catalina.startup.HostConfig.deployDirectory Deployment of web application directory [D:\JavaSQL\Java8\apache-tomcat-8.5.24\webapps\matrices8] has finished in [19] ms
11-Apr-2024 01:11:57.986 INFO [localhost-startStop-1] org.apache.catalina.startup.HostConfig.deployDirectory Deploying web application directory [D:\JavaSQL\Java8\apache-tomcat-8.5.24\webapps\TD_E18]
11-Apr-2024 01:11:58.012 INFO [localhost-startStop-1] org.apache.jasper.servlet.TldScanner.scanJars At least one JAR was scanned for TLDs yet contained no TLDs. Enable debug logging for this logger for a complete list of JARs that were scanned but no TLDs were found in them. Skipping unneeded JARs during scanning can improve startup time and JSP compilation time.
11-Apr-2024 01:11:58.013 INFO [localhost-startStop-1] org.apache.catalina.startup.HostConfig.deployDirectory Deployment of web application directory [D:\JavaSQL\Java8\apache-tomcat-8.5.24\webapps\TD_E18] has finished in [27] ms
11-Apr-2024 01:11:58.013 INFO [localhost-startStop-1] org.apache.catalina.startup.HostConfig.deployDirectory Deploying web application directory [D:\JavaSQL\Java8\apache-tomcat-8.5.24\webapps\TB15]
11-Apr-2024 01:11:58.033 INFO [localhost-startStop-1] org.apache.jasper.servlet.TldScanner.scanJars At least one JAR was scanned for TLDs yet contained no TLDs. Enable debug logging for this logger for a complete list of JARs that were scanned but no TLDs were found in them. Skipping unneeded JARs during scanning can improve startup time and JSP compilation time.
11-Apr-2024 01:11:58.033 INFO [localhost-startStop-1] org.apache.catalina.startup.HostConfig.deployDirectory Deployment of web application directory [D:\JavaSQL\Java8\apache-tomcat-8.5.24\webapps\TB15] has finished in [20] ms
11-Apr-2024 01:11:58.033 INFO [localhost-startStop-1] org.apache.catalina.startup.HostConfig.deployDirectory Deploying web application directory [D:\JavaSQL\Java8\apache-tomcat-8.5.24\webapps\S2]
11-Apr-2024 01:11:58.050 INFO [localhost-startStop-1] org.apache.jasper.servlet.TldScanner.scanJars At least one JAR was scanned for TLDs yet contained no TLDs. Enable debug logging for this logger for a complete list of JARs that were scanned but no TLDs were found in them. Skipping unneeded JARs during scanning can improve startup time and JSP compilation time.
11-Apr-2024 01:11:58.058 INFO [localhost-startStop-1] org.apache.catalina.startup.HostConfig.deployDirectory Deployment of web application directory [D:\JavaSQL\Java8\apache-tomcat-8.5.24\webapps\S2] has finished in [25] ms
11-Apr-2024 01:11:58.058 INFO [localhost-startStop-1] org.apache.catalina.startup.HostConfig.deployDirectory Deploying web application directory [D:\JavaSQL\Java8\apache-tomcat-8.5.24\webapps\mock1]
11-Apr-2024 01:11:58.099 INFO [localhost-startStop-1] org.apache.jasper.servlet.TldScanner.scanJars At least one JAR was scanned for TLDs yet contained no TLDs. Enable debug logging for this logger for a complete list of JARs that were scanned but no TLDs were found in them. Skipping unneeded JARs during scanning can improve startup time and JSP compilation time.
11-Apr-2024 01:11:58.099 INFO [localhost-startStop-1] org.apache.catalina.startup.HostConfig.deployDirectory Deployment of web application directory [D:\JavaSQL\Java8\apache-tomcat-8.5.24\webapps\mock1] has finished in [41] ms
11-Apr-2024 01:11:58.099 INFO [main] org.apache.coyote.AbstractProtocol.start Starting ProtocolHandler ["http-nio-8082"]
11-Apr-2024 01:11:58.099 INFO [main] org.apache.coyote.AbstractProtocol.start Starting ProtocolHandler ["ajp-nio-8009"]
11-Apr-2024 01:11:58.110 INFO [main] org.apache.catalina.startup.Catalina.start Server startup in 681 ms
11-Apr-2024 01:13:07.842 INFO [main] org.apache.catalina.core.StandardServer.await A valid shutdown command was received via the shutdown port. Stopping the Server instance.
11-Apr-2024 01:13:07.842 INFO [main] org.apache.coyote.AbstractProtocol.pause Pausing ProtocolHandler ["http-nio-8082"]
11-Apr-2024 01:13:08.344 INFO [main] org.apache.coyote.AbstractProtocol.pause Pausing ProtocolHandler ["ajp-nio-8009"]
11-Apr-2024 01:13:08.839 INFO [main] org.apache.catalina.core.StandardService.stopInternal Stopping service [Catalina]
11-Apr-2024 01:13:08.936 INFO [main] org.apache.coyote.AbstractProtocol.stop Stopping ProtocolHandler ["http-nio-8082"]
11-Apr-2024 01:13:08.936 INFO [main] org.apache.coyote.AbstractProtocol.stop Stopping ProtocolHandler ["ajp-nio-8009"]
11-Apr-2024 01:13:08.958 INFO [main] org.apache.coyote.AbstractProtocol.destroy Destroying ProtocolHandler ["http-nio-8082"]
11-Apr-2024 01:13:08.958 INFO [main] org.apache.coyote.AbstractProtocol.destroy Destroying ProtocolHandler ["ajp-nio-8009"]
11-Apr-2024 01:13:10.202 INFO [main] org.apache.catalina.startup.VersionLoggerListener.log Server version:        Apache Tomcat/8.5.24
11-Apr-2024 01:13:10.202 INFO [main] org.apache.catalina.startup.VersionLoggerListener.log Server built:          Nov 27 2017 13:05:30 UTC
11-Apr-2024 01:13:10.202 INFO [main] org.apache.catalina.startup.VersionLoggerListener.log Server number:         8.5.24.0
11-Apr-2024 01:13:10.202 INFO [main] org.apache.catalina.startup.VersionLoggerListener.log OS Name:               Windows 10
11-Apr-2024 01:13:10.202 INFO [main] org.apache.catalina.startup.VersionLoggerListener.log OS Version:            10.0
11-Apr-2024 01:13:10.202 INFO [main] org.apache.catalina.startup.VersionLoggerListener.log Architecture:          x86
11-Apr-2024 01:13:10.202 INFO [main] org.apache.catalina.startup.VersionLoggerListener.log Java Home:             D:\JavaSQL\Java8\jdk1.8.0_131\jre
11-Apr-2024 01:13:10.202 INFO [main] org.apache.catalina.startup.VersionLoggerListener.log JVM Version:           1.8.0_131-b11
11-Apr-2024 01:13:10.202 INFO [main] org.apache.catalina.startup.VersionLoggerListener.log JVM Vendor:            Oracle Corporation
11-Apr-2024 01:13:10.202 INFO [main] org.apache.catalina.startup.VersionLoggerListener.log CATALINA_BASE:         D:\JavaSQL\Java8\apache-tomcat-8.5.24
11-Apr-2024 01:13:10.202 INFO [main] org.apache.catalina.startup.VersionLoggerListener.log CATALINA_HOME:         D:\JavaSQL\Java8\apache-tomcat-8.5.24
11-Apr-2024 01:13:10.202 INFO [main] org.apache.catalina.startup.VersionLoggerListener.log Command line argument: -Djava.util.logging.config.file=D:\JavaSQL\Java8\apache-tomcat-8.5.24\conf\logging.properties
11-Apr-2024 01:13:10.202 INFO [main] org.apache.catalina.startup.VersionLoggerListener.log Command line argument: -Djava.util.logging.manager=org.apache.juli.ClassLoaderLogManager
11-Apr-2024 01:13:10.202 INFO [main] org.apache.catalina.startup.VersionLoggerListener.log Command line argument: -Djdk.tls.ephemeralDHKeySize=2048
11-Apr-2024 01:13:10.202 INFO [main] org.apache.catalina.startup.VersionLoggerListener.log Command line argument: -Djava.protocol.handler.pkgs=org.apache.catalina.webresources
11-Apr-2024 01:13:10.202 INFO [main] org.apache.catalina.startup.VersionLoggerListener.log Command line argument: -Dignore.endorsed.dirs=
11-Apr-2024 01:13:10.202 INFO [main] org.apache.catalina.startup.VersionLoggerListener.log Command line argument: -Dcatalina.base=D:\JavaSQL\Java8\apache-tomcat-8.5.24
11-Apr-2024 01:13:10.202 INFO [main] org.apache.catalina.startup.VersionLoggerListener.log Command line argument: -Dcatalina.home=D:\JavaSQL\Java8\apache-tomcat-8.5.24
11-Apr-2024 01:13:10.202 INFO [main] org.apache.catalina.startup.VersionLoggerListener.log Command line argument: -Djava.io.tmpdir=D:\JavaSQL\Java8\apache-tomcat-8.5.24\temp
11-Apr-2024 01:13:10.202 INFO [main] org.apache.catalina.core.AprLifecycleListener.lifecycleEvent The APR based Apache Tomcat Native library which allows optimal performance in production environments was not found on the java.library.path: [D:\JavaSQL\Java8\jdk1.8.0_131\bin;C:\WINDOWS\Sun\Java\bin;C:\WINDOWS\system32;C:\WINDOWS;D:\JavaSQL\Java8\jdk1.8.0_131\bin;D:\JavaSQL\Java8\jdk1.8.0_131\db\bin;D:\JavaSQL\Java8\squirrelsql-4.0.0-standard;D:\JavaSQL\Java8\apache-tomcat-8.5.24\bin;C:\WINDOWS\system32;C:\WINDOWS;C:\WINDOWS\System32\Wbem;C:\WINDOWS\System32\WindowsPowerShell\v1.0\;C:\WINDOWS\System32\OpenSSH\;C:\Program Files\dotnet\;C:\Users\Aldoa\Desktop\Infor\bin;C:\Users\Aldoa\AppData\Local\Microsoft\WindowsApps;;.]
11-Apr-2024 01:13:10.284 INFO [main] org.apache.coyote.AbstractProtocol.init Initializing ProtocolHandler ["http-nio-8082"]
11-Apr-2024 01:13:10.495 INFO [main] org.apache.tomcat.util.net.NioSelectorPool.getSharedSelector Using a shared selector for servlet write/read
11-Apr-2024 01:13:10.509 INFO [main] org.apache.coyote.AbstractProtocol.init Initializing ProtocolHandler ["ajp-nio-8009"]
11-Apr-2024 01:13:10.509 INFO [main] org.apache.tomcat.util.net.NioSelectorPool.getSharedSelector Using a shared selector for servlet write/read
11-Apr-2024 01:13:10.509 INFO [main] org.apache.catalina.startup.Catalina.load Initialization processed in 520 ms
11-Apr-2024 01:13:10.528 INFO [main] org.apache.catalina.core.StandardService.startInternal Starting service [Catalina]
11-Apr-2024 01:13:10.528 INFO [main] org.apache.catalina.core.StandardEngine.startInternal Starting Servlet Engine: Apache Tomcat/8.5.24
11-Apr-2024 01:13:10.528 INFO [localhost-startStop-1] org.apache.catalina.startup.HostConfig.deployDirectory Deploying web application directory [D:\JavaSQL\Java8\apache-tomcat-8.5.24\webapps\docs]
11-Apr-2024 01:13:10.696 INFO [localhost-startStop-1] org.apache.jasper.servlet.TldScanner.scanJars At least one JAR was scanned for TLDs yet contained no TLDs. Enable debug logging for this logger for a complete list of JARs that were scanned but no TLDs were found in them. Skipping unneeded JARs during scanning can improve startup time and JSP compilation time.
11-Apr-2024 01:13:10.763 INFO [localhost-startStop-1] org.apache.catalina.startup.HostConfig.deployDirectory Deployment of web application directory [D:\JavaSQL\Java8\apache-tomcat-8.5.24\webapps\docs] has finished in [235] ms
11-Apr-2024 01:13:10.763 INFO [localhost-startStop-1] org.apache.catalina.startup.HostConfig.deployDirectory Deploying web application directory [D:\JavaSQL\Java8\apache-tomcat-8.5.24\webapps\examples]
11-Apr-2024 01:13:10.905 INFO [localhost-startStop-1] org.apache.jasper.servlet.TldScanner.scanJars At least one JAR was scanned for TLDs yet contained no TLDs. Enable debug logging for this logger for a complete list of JARs that were scanned but no TLDs were found in them. Skipping unneeded JARs during scanning can improve startup time and JSP compilation time.
11-Apr-2024 01:13:10.937 INFO [localhost-startStop-1] org.apache.catalina.startup.HostConfig.deployDirectory Deployment of web application directory [D:\JavaSQL\Java8\apache-tomcat-8.5.24\webapps\examples] has finished in [174] ms
11-Apr-2024 01:13:10.937 INFO [localhost-startStop-1] org.apache.catalina.startup.HostConfig.deployDirectory Deploying web application directory [D:\JavaSQL\Java8\apache-tomcat-8.5.24\webapps\host-manager]
11-Apr-2024 01:13:10.968 INFO [localhost-startStop-1] org.apache.jasper.servlet.TldScanner.scanJars At least one JAR was scanned for TLDs yet contained no TLDs. Enable debug logging for this logger for a complete list of JARs that were scanned but no TLDs were found in them. Skipping unneeded JARs during scanning can improve startup time and JSP compilation time.
11-Apr-2024 01:13:10.968 INFO [localhost-startStop-1] org.apache.catalina.startup.HostConfig.deployDirectory Deployment of web application directory [D:\JavaSQL\Java8\apache-tomcat-8.5.24\webapps\host-manager] has finished in [31] ms
11-Apr-2024 01:13:10.968 INFO [localhost-startStop-1] org.apache.catalina.startup.HostConfig.deployDirectory Deploying web application directory [D:\JavaSQL\Java8\apache-tomcat-8.5.24\webapps\ROOT]
11-Apr-2024 01:13:10.985 INFO [localhost-startStop-1] org.apache.jasper.servlet.TldScanner.scanJars At least one JAR was scanned for TLDs yet contained no TLDs. Enable debug logging for this logger for a complete list of JARs that were scanned but no TLDs were found in them. Skipping unneeded JARs during scanning can improve startup time and JSP compilation time.
11-Apr-2024 01:13:10.985 INFO [localhost-startStop-1] org.apache.catalina.startup.HostConfig.deployDirectory Deployment of web application directory [D:\JavaSQL\Java8\apache-tomcat-8.5.24\webapps\ROOT] has finished in [17] ms
11-Apr-2024 01:13:10.985 INFO [localhost-startStop-1] org.apache.catalina.startup.HostConfig.deployDirectory Deploying web application directory [D:\JavaSQL\Java8\apache-tomcat-8.5.24\webapps\SQLServer]
11-Apr-2024 01:13:11.011 INFO [localhost-startStop-1] org.apache.jasper.servlet.TldScanner.scanJars At least one JAR was scanned for TLDs yet contained no TLDs. Enable debug logging for this logger for a complete list of JARs that were scanned but no TLDs were found in them. Skipping unneeded JARs during scanning can improve startup time and JSP compilation time.
11-Apr-2024 01:13:11.018 INFO [localhost-startStop-1] org.apache.catalina.startup.HostConfig.deployDirectory Deployment of web application directory [D:\JavaSQL\Java8\apache-tomcat-8.5.24\webapps\SQLServer] has finished in [33] ms
11-Apr-2024 01:13:11.018 INFO [localhost-startStop-1] org.apache.catalina.startup.HostConfig.deployDirectory Deploying web application directory [D:\JavaSQL\Java8\apache-tomcat-8.5.24\webapps\Servlet1]
11-Apr-2024 01:13:11.041 INFO [localhost-startStop-1] org.apache.jasper.servlet.TldScanner.scanJars At least one JAR was scanned for TLDs yet contained no TLDs. Enable debug logging for this logger for a complete list of JARs that were scanned but no TLDs were found in them. Skipping unneeded JARs during scanning can improve startup time and JSP compilation time.
11-Apr-2024 01:13:11.041 INFO [localhost-startStop-1] org.apache.catalina.startup.HostConfig.deployDirectory Deployment of web application directory [D:\JavaSQL\Java8\apache-tomcat-8.5.24\webapps\Servlet1] has finished in [23] ms
11-Apr-2024 01:13:11.041 INFO [localhost-startStop-1] org.apache.catalina.startup.HostConfig.deployDirectory Deploying web application directory [D:\JavaSQL\Java8\apache-tomcat-8.5.24\webapps\Servlet2]
11-Apr-2024 01:13:11.063 INFO [localhost-startStop-1] org.apache.jasper.servlet.TldScanner.scanJars At least one JAR was scanned for TLDs yet contained no TLDs. Enable debug logging for this logger for a complete list of JARs that were scanned but no TLDs were found in them. Skipping unneeded JARs during scanning can improve startup time and JSP compilation time.
11-Apr-2024 01:13:11.071 INFO [localhost-startStop-1] org.apache.catalina.startup.HostConfig.deployDirectory Deployment of web application directory [D:\JavaSQL\Java8\apache-tomcat-8.5.24\webapps\Servlet2] has finished in [30] ms
11-Apr-2024 01:13:11.071 INFO [localhost-startStop-1] org.apache.catalina.startup.HostConfig.deployDirectory Deploying web application directory [D:\JavaSQL\Java8\apache-tomcat-8.5.24\webapps\Servlet3]
11-Apr-2024 01:13:11.087 INFO [localhost-startStop-1] org.apache.jasper.servlet.TldScanner.scanJars At least one JAR was scanned for TLDs yet contained no TLDs. Enable debug logging for this logger for a complete list of JARs that were scanned but no TLDs were found in them. Skipping unneeded JARs during scanning can improve startup time and JSP compilation time.
11-Apr-2024 01:13:11.090 INFO [localhost-startStop-1] org.apache.catalina.startup.HostConfig.deployDirectory Deployment of web application directory [D:\JavaSQL\Java8\apache-tomcat-8.5.24\webapps\Servlet3] has finished in [19] ms
11-Apr-2024 01:13:11.090 INFO [localhost-startStop-1] org.apache.catalina.startup.HostConfig.deployDirectory Deploying web application directory [D:\JavaSQL\Java8\apache-tomcat-8.5.24\webapps\Servlet4]
11-Apr-2024 01:13:11.107 INFO [localhost-startStop-1] org.apache.jasper.servlet.TldScanner.scanJars At least one JAR was scanned for TLDs yet contained no TLDs. Enable debug logging for this logger for a complete list of JARs that were scanned but no TLDs were found in them. Skipping unneeded JARs during scanning can improve startup time and JSP compilation time.
11-Apr-2024 01:13:11.107 INFO [localhost-startStop-1] org.apache.catalina.startup.HostConfig.deployDirectory Deployment of web application directory [D:\JavaSQL\Java8\apache-tomcat-8.5.24\webapps\Servlet4] has finished in [17] ms
11-Apr-2024 01:13:11.107 INFO [localhost-startStop-1] org.apache.catalina.startup.HostConfig.deployDirectory Deploying web application directory [D:\JavaSQL\Java8\apache-tomcat-8.5.24\webapps\Pract8]
11-Apr-2024 01:13:11.129 INFO [localhost-startStop-1] org.apache.jasper.servlet.TldScanner.scanJars At least one JAR was scanned for TLDs yet contained no TLDs. Enable debug logging for this logger for a complete list of JARs that were scanned but no TLDs were found in them. Skipping unneeded JARs during scanning can improve startup time and JSP compilation time.
11-Apr-2024 01:13:11.129 INFO [localhost-startStop-1] org.apache.catalina.startup.HostConfig.deployDirectory Deployment of web application directory [D:\JavaSQL\Java8\apache-tomcat-8.5.24\webapps\Pract8] has finished in [22] ms
11-Apr-2024 01:13:11.129 INFO [localhost-startStop-1] org.apache.catalina.startup.HostConfig.deployDirectory Deploying web application directory [D:\JavaSQL\Java8\apache-tomcat-8.5.24\webapps\Entrega]
11-Apr-2024 01:13:11.154 INFO [localhost-startStop-1] org.apache.jasper.servlet.TldScanner.scanJars At least one JAR was scanned for TLDs yet contained no TLDs. Enable debug logging for this logger for a complete list of JARs that were scanned but no TLDs were found in them. Skipping unneeded JARs during scanning can improve startup time and JSP compilation time.
11-Apr-2024 01:13:11.154 INFO [localhost-startStop-1] org.apache.catalina.startup.HostConfig.deployDirectory Deployment of web application directory [D:\JavaSQL\Java8\apache-tomcat-8.5.24\webapps\Entrega] has finished in [25] ms
11-Apr-2024 01:13:11.154 INFO [localhost-startStop-1] org.apache.catalina.startup.HostConfig.deployDirectory Deploying web application directory [D:\JavaSQL\Java8\apache-tomcat-8.5.24\webapps\matrices8]
11-Apr-2024 01:13:11.173 INFO [localhost-startStop-1] org.apache.jasper.servlet.TldScanner.scanJars At least one JAR was scanned for TLDs yet contained no TLDs. Enable debug logging for this logger for a complete list of JARs that were scanned but no TLDs were found in them. Skipping unneeded JARs during scanning can improve startup time and JSP compilation time.
11-Apr-2024 01:13:11.173 INFO [localhost-startStop-1] org.apache.catalina.startup.HostConfig.deployDirectory Deployment of web application directory [D:\JavaSQL\Java8\apache-tomcat-8.5.24\webapps\matrices8] has finished in [19] ms
11-Apr-2024 01:13:11.173 INFO [localhost-startStop-1] org.apache.catalina.startup.HostConfig.deployDirectory Deploying web application directory [D:\JavaSQL\Java8\apache-tomcat-8.5.24\webapps\TD_E18]
11-Apr-2024 01:13:11.207 INFO [localhost-startStop-1] org.apache.jasper.servlet.TldScanner.scanJars At least one JAR was scanned for TLDs yet contained no TLDs. Enable debug logging for this logger for a complete list of JARs that were scanned but no TLDs were found in them. Skipping unneeded JARs during scanning can improve startup time and JSP compilation time.
11-Apr-2024 01:13:11.207 INFO [localhost-startStop-1] org.apache.catalina.startup.HostConfig.deployDirectory Deployment of web application directory [D:\JavaSQL\Java8\apache-tomcat-8.5.24\webapps\TD_E18] has finished in [34] ms
11-Apr-2024 01:13:11.207 INFO [localhost-startStop-1] org.apache.catalina.startup.HostConfig.deployDirectory Deploying web application directory [D:\JavaSQL\Java8\apache-tomcat-8.5.24\webapps\TB15]
11-Apr-2024 01:13:11.222 INFO [localhost-startStop-1] org.apache.jasper.servlet.TldScanner.scanJars At least one JAR was scanned for TLDs yet contained no TLDs. Enable debug logging for this logger for a complete list of JARs that were scanned but no TLDs were found in them. Skipping unneeded JARs during scanning can improve startup time and JSP compilation time.
11-Apr-2024 01:13:11.222 INFO [localhost-startStop-1] org.apache.catalina.startup.HostConfig.deployDirectory Deployment of web application directory [D:\JavaSQL\Java8\apache-tomcat-8.5.24\webapps\TB15] has finished in [15] ms
11-Apr-2024 01:13:11.222 INFO [localhost-startStop-1] org.apache.catalina.startup.HostConfig.deployDirectory Deploying web application directory [D:\JavaSQL\Java8\apache-tomcat-8.5.24\webapps\S2]
11-Apr-2024 01:13:11.241 INFO [localhost-startStop-1] org.apache.jasper.servlet.TldScanner.scanJars At least one JAR was scanned for TLDs yet contained no TLDs. Enable debug logging for this logger for a complete list of JARs that were scanned but no TLDs were found in them. Skipping unneeded JARs during scanning can improve startup time and JSP compilation time.
11-Apr-2024 01:13:11.250 INFO [localhost-startStop-1] org.apache.catalina.startup.HostConfig.deployDirectory Deployment of web application directory [D:\JavaSQL\Java8\apache-tomcat-8.5.24\webapps\S2] has finished in [28] ms
11-Apr-2024 01:13:11.250 INFO [localhost-startStop-1] org.apache.catalina.startup.HostConfig.deployDirectory Deploying web application directory [D:\JavaSQL\Java8\apache-tomcat-8.5.24\webapps\mock1]
11-Apr-2024 01:13:11.289 INFO [localhost-startStop-1] org.apache.jasper.servlet.TldScanner.scanJars At least one JAR was scanned for TLDs yet contained no TLDs. Enable debug logging for this logger for a complete list of JARs that were scanned but no TLDs were found in them. Skipping unneeded JARs during scanning can improve startup time and JSP compilation time.
11-Apr-2024 01:13:11.289 INFO [localhost-startStop-1] org.apache.catalina.startup.HostConfig.deployDirectory Deployment of web application directory [D:\JavaSQL\Java8\apache-tomcat-8.5.24\webapps\mock1] has finished in [39] ms
11-Apr-2024 01:13:11.289 INFO [main] org.apache.coyote.AbstractProtocol.start Starting ProtocolHandler ["http-nio-8082"]
11-Apr-2024 01:13:11.309 INFO [main] org.apache.coyote.AbstractProtocol.start Starting ProtocolHandler ["ajp-nio-8009"]
11-Apr-2024 01:13:11.309 INFO [main] org.apache.catalina.startup.Catalina.start Server startup in 800 ms
11-Apr-2024 01:21:33.414 INFO [main] org.apache.catalina.core.StandardServer.await A valid shutdown command was received via the shutdown port. Stopping the Server instance.
11-Apr-2024 01:21:33.414 INFO [main] org.apache.coyote.AbstractProtocol.pause Pausing ProtocolHandler ["http-nio-8082"]
11-Apr-2024 01:21:33.809 INFO [main] org.apache.coyote.AbstractProtocol.pause Pausing ProtocolHandler ["ajp-nio-8009"]
11-Apr-2024 01:21:34.194 INFO [main] org.apache.catalina.core.StandardService.stopInternal Stopping service [Catalina]
11-Apr-2024 01:21:34.242 INFO [main] org.apache.coyote.AbstractProtocol.stop Stopping ProtocolHandler ["http-nio-8082"]
11-Apr-2024 01:21:34.242 INFO [main] org.apache.coyote.AbstractProtocol.stop Stopping ProtocolHandler ["ajp-nio-8009"]
11-Apr-2024 01:21:34.250 INFO [main] org.apache.coyote.AbstractProtocol.destroy Destroying ProtocolHandler ["http-nio-8082"]
11-Apr-2024 01:21:34.250 INFO [main] org.apache.coyote.AbstractProtocol.destroy Destroying ProtocolHandler ["ajp-nio-8009"]
11-Apr-2024 01:21:52.627 INFO [main] org.apache.catalina.startup.VersionLoggerListener.log Server version:        Apache Tomcat/8.5.24
11-Apr-2024 01:21:52.627 INFO [main] org.apache.catalina.startup.VersionLoggerListener.log Server built:          Nov 27 2017 13:05:30 UTC
11-Apr-2024 01:21:52.627 INFO [main] org.apache.catalina.startup.VersionLoggerListener.log Server number:         8.5.24.0
11-Apr-2024 01:21:52.627 INFO [main] org.apache.catalina.startup.VersionLoggerListener.log OS Name:               Windows 10
11-Apr-2024 01:21:52.627 INFO [main] org.apache.catalina.startup.VersionLoggerListener.log OS Version:            10.0
11-Apr-2024 01:21:52.627 INFO [main] org.apache.catalina.startup.VersionLoggerListener.log Architecture:          x86
11-Apr-2024 01:21:52.627 INFO [main] org.apache.catalina.startup.VersionLoggerListener.log Java Home:             D:\JavaSQL\Java8\jdk1.8.0_131\jre
11-Apr-2024 01:21:52.627 INFO [main] org.apache.catalina.startup.VersionLoggerListener.log JVM Version:           1.8.0_131-b11
11-Apr-2024 01:21:52.627 INFO [main] org.apache.catalina.startup.VersionLoggerListener.log JVM Vendor:            Oracle Corporation
11-Apr-2024 01:21:52.627 INFO [main] org.apache.catalina.startup.VersionLoggerListener.log CATALINA_BASE:         D:\JavaSQL\Java8\apache-tomcat-8.5.24
11-Apr-2024 01:21:52.627 INFO [main] org.apache.catalina.startup.VersionLoggerListener.log CATALINA_HOME:         D:\JavaSQL\Java8\apache-tomcat-8.5.24
11-Apr-2024 01:21:52.627 INFO [main] org.apache.catalina.startup.VersionLoggerListener.log Command line argument: -Djava.util.logging.config.file=D:\JavaSQL\Java8\apache-tomcat-8.5.24\conf\logging.properties
11-Apr-2024 01:21:52.627 INFO [main] org.apache.catalina.startup.VersionLoggerListener.log Command line argument: -Djava.util.logging.manager=org.apache.juli.ClassLoaderLogManager
11-Apr-2024 01:21:52.627 INFO [main] org.apache.catalina.startup.VersionLoggerListener.log Command line argument: -Djdk.tls.ephemeralDHKeySize=2048
11-Apr-2024 01:21:52.627 INFO [main] org.apache.catalina.startup.VersionLoggerListener.log Command line argument: -Djava.protocol.handler.pkgs=org.apache.catalina.webresources
11-Apr-2024 01:21:52.627 INFO [main] org.apache.catalina.startup.VersionLoggerListener.log Command line argument: -Dignore.endorsed.dirs=
11-Apr-2024 01:21:52.627 INFO [main] org.apache.catalina.startup.VersionLoggerListener.log Command line argument: -Dcatalina.base=D:\JavaSQL\Java8\apache-tomcat-8.5.24
11-Apr-2024 01:21:52.627 INFO [main] org.apache.catalina.startup.VersionLoggerListener.log Command line argument: -Dcatalina.home=D:\JavaSQL\Java8\apache-tomcat-8.5.24
11-Apr-2024 01:21:52.627 INFO [main] org.apache.catalina.startup.VersionLoggerListener.log Command line argument: -Djava.io.tmpdir=D:\JavaSQL\Java8\apache-tomcat-8.5.24\temp
11-Apr-2024 01:21:52.627 INFO [main] org.apache.catalina.core.AprLifecycleListener.lifecycleEvent The APR based Apache Tomcat Native library which allows optimal performance in production environments was not found on the java.library.path: [D:\JavaSQL\Java8\jdk1.8.0_131\bin;C:\WINDOWS\Sun\Java\bin;C:\WINDOWS\system32;C:\WINDOWS;D:\JavaSQL\Java8\jdk1.8.0_131\bin;D:\JavaSQL\Java8\jdk1.8.0_131\db\bin;D:\JavaSQL\Java8\squirrelsql-4.0.0-standard;D:\JavaSQL\Java8\apache-tomcat-8.5.24\bin;C:\WINDOWS\system32;C:\WINDOWS;C:\WINDOWS\System32\Wbem;C:\WINDOWS\System32\WindowsPowerShell\v1.0\;C:\WINDOWS\System32\OpenSSH\;C:\Program Files\dotnet\;C:\Users\Aldoa\Desktop\Infor\bin;C:\Users\Aldoa\AppData\Local\Microsoft\WindowsApps;;.]
11-Apr-2024 01:21:52.690 INFO [main] org.apache.coyote.AbstractProtocol.init Initializing ProtocolHandler ["http-nio-8082"]
11-Apr-2024 01:21:52.903 INFO [main] org.apache.tomcat.util.net.NioSelectorPool.getSharedSelector Using a shared selector for servlet write/read
11-Apr-2024 01:21:52.903 INFO [main] org.apache.coyote.AbstractProtocol.init Initializing ProtocolHandler ["ajp-nio-8009"]
11-Apr-2024 01:21:52.903 INFO [main] org.apache.tomcat.util.net.NioSelectorPool.getSharedSelector Using a shared selector for servlet write/read
11-Apr-2024 01:21:52.903 INFO [main] org.apache.catalina.startup.Catalina.load Initialization processed in 470 ms
11-Apr-2024 01:21:52.922 INFO [main] org.apache.catalina.core.StandardService.startInternal Starting service [Catalina]
11-Apr-2024 01:21:52.922 INFO [main] org.apache.catalina.core.StandardEngine.startInternal Starting Servlet Engine: Apache Tomcat/8.5.24
11-Apr-2024 01:21:52.932 INFO [localhost-startStop-1] org.apache.catalina.startup.HostConfig.deployDirectory Deploying web application directory [D:\JavaSQL\Java8\apache-tomcat-8.5.24\webapps\docs]
11-Apr-2024 01:21:53.076 INFO [localhost-startStop-1] org.apache.jasper.servlet.TldScanner.scanJars At least one JAR was scanned for TLDs yet contained no TLDs. Enable debug logging for this logger for a complete list of JARs that were scanned but no TLDs were found in them. Skipping unneeded JARs during scanning can improve startup time and JSP compilation time.
11-Apr-2024 01:21:53.122 INFO [localhost-startStop-1] org.apache.catalina.startup.HostConfig.deployDirectory Deployment of web application directory [D:\JavaSQL\Java8\apache-tomcat-8.5.24\webapps\docs] has finished in [190] ms
11-Apr-2024 01:21:53.122 INFO [localhost-startStop-1] org.apache.catalina.startup.HostConfig.deployDirectory Deploying web application directory [D:\JavaSQL\Java8\apache-tomcat-8.5.24\webapps\examples]
11-Apr-2024 01:21:53.280 INFO [localhost-startStop-1] org.apache.jasper.servlet.TldScanner.scanJars At least one JAR was scanned for TLDs yet contained no TLDs. Enable debug logging for this logger for a complete list of JARs that were scanned but no TLDs were found in them. Skipping unneeded JARs during scanning can improve startup time and JSP compilation time.
11-Apr-2024 01:21:53.303 INFO [localhost-startStop-1] org.apache.catalina.startup.HostConfig.deployDirectory Deployment of web application directory [D:\JavaSQL\Java8\apache-tomcat-8.5.24\webapps\examples] has finished in [181] ms
11-Apr-2024 01:21:53.303 INFO [localhost-startStop-1] org.apache.catalina.startup.HostConfig.deployDirectory Deploying web application directory [D:\JavaSQL\Java8\apache-tomcat-8.5.24\webapps\host-manager]
11-Apr-2024 01:21:53.321 INFO [localhost-startStop-1] org.apache.jasper.servlet.TldScanner.scanJars At least one JAR was scanned for TLDs yet contained no TLDs. Enable debug logging for this logger for a complete list of JARs that were scanned but no TLDs were found in them. Skipping unneeded JARs during scanning can improve startup time and JSP compilation time.
11-Apr-2024 01:21:53.321 INFO [localhost-startStop-1] org.apache.catalina.startup.HostConfig.deployDirectory Deployment of web application directory [D:\JavaSQL\Java8\apache-tomcat-8.5.24\webapps\host-manager] has finished in [18] ms
11-Apr-2024 01:21:53.321 INFO [localhost-startStop-1] org.apache.catalina.startup.HostConfig.deployDirectory Deploying web application directory [D:\JavaSQL\Java8\apache-tomcat-8.5.24\webapps\ROOT]
11-Apr-2024 01:21:53.338 INFO [localhost-startStop-1] org.apache.jasper.servlet.TldScanner.scanJars At least one JAR was scanned for TLDs yet contained no TLDs. Enable debug logging for this logger for a complete list of JARs that were scanned but no TLDs were found in them. Skipping unneeded JARs during scanning can improve startup time and JSP compilation time.
11-Apr-2024 01:21:53.349 INFO [localhost-startStop-1] org.apache.catalina.startup.HostConfig.deployDirectory Deployment of web application directory [D:\JavaSQL\Java8\apache-tomcat-8.5.24\webapps\ROOT] has finished in [28] ms
11-Apr-2024 01:21:53.349 INFO [localhost-startStop-1] org.apache.catalina.startup.HostConfig.deployDirectory Deploying web application directory [D:\JavaSQL\Java8\apache-tomcat-8.5.24\webapps\SQLServer]
11-Apr-2024 01:21:53.372 INFO [localhost-startStop-1] org.apache.jasper.servlet.TldScanner.scanJars At least one JAR was scanned for TLDs yet contained no TLDs. Enable debug logging for this logger for a complete list of JARs that were scanned but no TLDs were found in them. Skipping unneeded JARs during scanning can improve startup time and JSP compilation time.
11-Apr-2024 01:21:53.372 INFO [localhost-startStop-1] org.apache.catalina.startup.HostConfig.deployDirectory Deployment of web application directory [D:\JavaSQL\Java8\apache-tomcat-8.5.24\webapps\SQLServer] has finished in [23] ms
11-Apr-2024 01:21:53.372 INFO [localhost-startStop-1] org.apache.catalina.startup.HostConfig.deployDirectory Deploying web application directory [D:\JavaSQL\Java8\apache-tomcat-8.5.24\webapps\Servlet1]
11-Apr-2024 01:21:53.388 INFO [localhost-startStop-1] org.apache.jasper.servlet.TldScanner.scanJars At least one JAR was scanned for TLDs yet contained no TLDs. Enable debug logging for this logger for a complete list of JARs that were scanned but no TLDs were found in them. Skipping unneeded JARs during scanning can improve startup time and JSP compilation time.
11-Apr-2024 01:21:53.388 INFO [localhost-startStop-1] org.apache.catalina.startup.HostConfig.deployDirectory Deployment of web application directory [D:\JavaSQL\Java8\apache-tomcat-8.5.24\webapps\Servlet1] has finished in [16] ms
11-Apr-2024 01:21:53.388 INFO [localhost-startStop-1] org.apache.catalina.startup.HostConfig.deployDirectory Deploying web application directory [D:\JavaSQL\Java8\apache-tomcat-8.5.24\webapps\Servlet2]
11-Apr-2024 01:21:53.405 INFO [localhost-startStop-1] org.apache.jasper.servlet.TldScanner.scanJars At least one JAR was scanned for TLDs yet contained no TLDs. Enable debug logging for this logger for a complete list of JARs that were scanned but no TLDs were found in them. Skipping unneeded JARs during scanning can improve startup time and JSP compilation time.
11-Apr-2024 01:21:53.405 INFO [localhost-startStop-1] org.apache.catalina.startup.HostConfig.deployDirectory Deployment of web application directory [D:\JavaSQL\Java8\apache-tomcat-8.5.24\webapps\Servlet2] has finished in [17] ms
11-Apr-2024 01:21:53.405 INFO [localhost-startStop-1] org.apache.catalina.startup.HostConfig.deployDirectory Deploying web application directory [D:\JavaSQL\Java8\apache-tomcat-8.5.24\webapps\Servlet3]
11-Apr-2024 01:21:53.431 INFO [localhost-startStop-1] org.apache.jasper.servlet.TldScanner.scanJars At least one JAR was scanned for TLDs yet contained no TLDs. Enable debug logging for this logger for a complete list of JARs that were scanned but no TLDs were found in them. Skipping unneeded JARs during scanning can improve startup time and JSP compilation time.
11-Apr-2024 01:21:53.431 INFO [localhost-startStop-1] org.apache.catalina.startup.HostConfig.deployDirectory Deployment of web application directory [D:\JavaSQL\Java8\apache-tomcat-8.5.24\webapps\Servlet3] has finished in [26] ms
11-Apr-2024 01:21:53.431 INFO [localhost-startStop-1] org.apache.catalina.startup.HostConfig.deployDirectory Deploying web application directory [D:\JavaSQL\Java8\apache-tomcat-8.5.24\webapps\Servlet4]
11-Apr-2024 01:21:53.447 INFO [localhost-startStop-1] org.apache.jasper.servlet.TldScanner.scanJars At least one JAR was scanned for TLDs yet contained no TLDs. Enable debug logging for this logger for a complete list of JARs that were scanned but no TLDs were found in them. Skipping unneeded JARs during scanning can improve startup time and JSP compilation time.
11-Apr-2024 01:21:53.447 INFO [localhost-startStop-1] org.apache.catalina.startup.HostConfig.deployDirectory Deployment of web application directory [D:\JavaSQL\Java8\apache-tomcat-8.5.24\webapps\Servlet4] has finished in [16] ms
11-Apr-2024 01:21:53.454 INFO [localhost-startStop-1] org.apache.catalina.startup.HostConfig.deployDirectory Deploying web application directory [D:\JavaSQL\Java8\apache-tomcat-8.5.24\webapps\Pract8]
11-Apr-2024 01:21:53.468 INFO [localhost-startStop-1] org.apache.jasper.servlet.TldScanner.scanJars At least one JAR was scanned for TLDs yet contained no TLDs. Enable debug logging for this logger for a complete list of JARs that were scanned but no TLDs were found in them. Skipping unneeded JARs during scanning can improve startup time and JSP compilation time.
11-Apr-2024 01:21:53.468 INFO [localhost-startStop-1] org.apache.catalina.startup.HostConfig.deployDirectory Deployment of web application directory [D:\JavaSQL\Java8\apache-tomcat-8.5.24\webapps\Pract8] has finished in [14] ms
11-Apr-2024 01:21:53.468 INFO [localhost-startStop-1] org.apache.catalina.startup.HostConfig.deployDirectory Deploying web application directory [D:\JavaSQL\Java8\apache-tomcat-8.5.24\webapps\Entrega]
11-Apr-2024 01:21:53.488 INFO [localhost-startStop-1] org.apache.jasper.servlet.TldScanner.scanJars At least one JAR was scanned for TLDs yet contained no TLDs. Enable debug logging for this logger for a complete list of JARs that were scanned but no TLDs were found in them. Skipping unneeded JARs during scanning can improve startup time and JSP compilation time.
11-Apr-2024 01:21:53.488 INFO [localhost-startStop-1] org.apache.catalina.startup.HostConfig.deployDirectory Deployment of web application directory [D:\JavaSQL\Java8\apache-tomcat-8.5.24\webapps\Entrega] has finished in [20] ms
11-Apr-2024 01:21:53.488 INFO [localhost-startStop-1] org.apache.catalina.startup.HostConfig.deployDirectory Deploying web application directory [D:\JavaSQL\Java8\apache-tomcat-8.5.24\webapps\matrices8]
11-Apr-2024 01:21:53.516 INFO [localhost-startStop-1] org.apache.jasper.servlet.TldScanner.scanJars At least one JAR was scanned for TLDs yet contained no TLDs. Enable debug logging for this logger for a complete list of JARs that were scanned but no TLDs were found in them. Skipping unneeded JARs during scanning can improve startup time and JSP compilation time.
11-Apr-2024 01:21:53.519 INFO [localhost-startStop-1] org.apache.catalina.startup.HostConfig.deployDirectory Deployment of web application directory [D:\JavaSQL\Java8\apache-tomcat-8.5.24\webapps\matrices8] has finished in [31] ms
11-Apr-2024 01:21:53.519 INFO [localhost-startStop-1] org.apache.catalina.startup.HostConfig.deployDirectory Deploying web application directory [D:\JavaSQL\Java8\apache-tomcat-8.5.24\webapps\TD_E18]
11-Apr-2024 01:21:53.537 INFO [localhost-startStop-1] org.apache.jasper.servlet.TldScanner.scanJars At least one JAR was scanned for TLDs yet contained no TLDs. Enable debug logging for this logger for a complete list of JARs that were scanned but no TLDs were found in them. Skipping unneeded JARs during scanning can improve startup time and JSP compilation time.
11-Apr-2024 01:21:53.537 INFO [localhost-startStop-1] org.apache.catalina.startup.HostConfig.deployDirectory Deployment of web application directory [D:\JavaSQL\Java8\apache-tomcat-8.5.24\webapps\TD_E18] has finished in [18] ms
11-Apr-2024 01:21:53.537 INFO [localhost-startStop-1] org.apache.catalina.startup.HostConfig.deployDirectory Deploying web application directory [D:\JavaSQL\Java8\apache-tomcat-8.5.24\webapps\TB15]
11-Apr-2024 01:21:53.565 INFO [localhost-startStop-1] org.apache.jasper.servlet.TldScanner.scanJars At least one JAR was scanned for TLDs yet contained no TLDs. Enable debug logging for this logger for a complete list of JARs that were scanned but no TLDs were found in them. Skipping unneeded JARs during scanning can improve startup time and JSP compilation time.
11-Apr-2024 01:21:53.570 INFO [localhost-startStop-1] org.apache.catalina.startup.HostConfig.deployDirectory Deployment of web application directory [D:\JavaSQL\Java8\apache-tomcat-8.5.24\webapps\TB15] has finished in [33] ms
11-Apr-2024 01:21:53.570 INFO [localhost-startStop-1] org.apache.catalina.startup.HostConfig.deployDirectory Deploying web application directory [D:\JavaSQL\Java8\apache-tomcat-8.5.24\webapps\S2]
11-Apr-2024 01:21:53.589 INFO [localhost-startStop-1] org.apache.jasper.servlet.TldScanner.scanJars At least one JAR was scanned for TLDs yet contained no TLDs. Enable debug logging for this logger for a complete list of JARs that were scanned but no TLDs were found in them. Skipping unneeded JARs during scanning can improve startup time and JSP compilation time.
11-Apr-2024 01:21:53.589 INFO [localhost-startStop-1] org.apache.catalina.startup.HostConfig.deployDirectory Deployment of web application directory [D:\JavaSQL\Java8\apache-tomcat-8.5.24\webapps\S2] has finished in [19] ms
11-Apr-2024 01:21:53.589 INFO [localhost-startStop-1] org.apache.catalina.startup.HostConfig.deployDirectory Deploying web application directory [D:\JavaSQL\Java8\apache-tomcat-8.5.24\webapps\mock1]
11-Apr-2024 01:21:53.649 INFO [localhost-startStop-1] org.apache.jasper.servlet.TldScanner.scanJars At least one JAR was scanned for TLDs yet contained no TLDs. Enable debug logging for this logger for a complete list of JARs that were scanned but no TLDs were found in them. Skipping unneeded JARs during scanning can improve startup time and JSP compilation time.
11-Apr-2024 01:21:53.657 INFO [localhost-startStop-1] org.apache.catalina.startup.HostConfig.deployDirectory Deployment of web application directory [D:\JavaSQL\Java8\apache-tomcat-8.5.24\webapps\mock1] has finished in [68] ms
11-Apr-2024 01:21:53.663 INFO [main] org.apache.coyote.AbstractProtocol.start Starting ProtocolHandler ["http-nio-8082"]
11-Apr-2024 01:21:53.676 INFO [main] org.apache.coyote.AbstractProtocol.start Starting ProtocolHandler ["ajp-nio-8009"]
11-Apr-2024 01:21:53.680 INFO [main] org.apache.catalina.startup.Catalina.start Server startup in 769 ms
11-Apr-2024 01:29:04.219 INFO [localhost-startStop-2] org.apache.catalina.startup.HostConfig.deployDirectory Deploying web application directory [D:\JavaSQL\Java8\apache-tomcat-8.5.24\webapps\mock1 - Copy]
11-Apr-2024 01:29:04.441 INFO [localhost-startStop-2] org.apache.jasper.servlet.TldScanner.scanJars At least one JAR was scanned for TLDs yet contained no TLDs. Enable debug logging for this logger for a complete list of JARs that were scanned but no TLDs were found in them. Skipping unneeded JARs during scanning can improve startup time and JSP compilation time.
11-Apr-2024 01:29:04.457 INFO [localhost-startStop-2] org.apache.catalina.startup.HostConfig.deployDirectory Deployment of web application directory [D:\JavaSQL\Java8\apache-tomcat-8.5.24\webapps\mock1 - Copy] has finished in [238] ms
11-Apr-2024 01:29:14.965 INFO [ContainerBackgroundProcessor[StandardEngine[Catalina]]] org.apache.catalina.startup.HostConfig.undeploy Undeploying context [/mock1 - Copy]
11-Apr-2024 01:29:14.997 INFO [localhost-startStop-3] org.apache.catalina.startup.HostConfig.deployDirectory Deploying web application directory [D:\JavaSQL\Java8\apache-tomcat-8.5.24\webapps\mock2]
11-Apr-2024 01:29:15.092 INFO [localhost-startStop-3] org.apache.jasper.servlet.TldScanner.scanJars At least one JAR was scanned for TLDs yet contained no TLDs. Enable debug logging for this logger for a complete list of JARs that were scanned but no TLDs were found in them. Skipping unneeded JARs during scanning can improve startup time and JSP compilation time.
11-Apr-2024 01:29:15.092 INFO [localhost-startStop-3] org.apache.catalina.startup.HostConfig.deployDirectory Deployment of web application directory [D:\JavaSQL\Java8\apache-tomcat-8.5.24\webapps\mock2] has finished in [95] ms
11-Apr-2024 01:46:36.226 INFO [main] org.apache.catalina.core.StandardServer.await A valid shutdown command was received via the shutdown port. Stopping the Server instance.
11-Apr-2024 01:46:36.227 INFO [main] org.apache.coyote.AbstractProtocol.pause Pausing ProtocolHandler ["http-nio-8082"]
11-Apr-2024 01:46:36.642 INFO [main] org.apache.coyote.AbstractProtocol.pause Pausing ProtocolHandler ["ajp-nio-8009"]
11-Apr-2024 01:46:37.084 INFO [main] org.apache.catalina.core.StandardService.stopInternal Stopping service [Catalina]
11-Apr-2024 01:46:37.163 INFO [main] org.apache.coyote.AbstractProtocol.stop Stopping ProtocolHandler ["http-nio-8082"]
11-Apr-2024 01:46:37.163 INFO [main] org.apache.coyote.AbstractProtocol.stop Stopping ProtocolHandler ["ajp-nio-8009"]
11-Apr-2024 01:46:37.168 INFO [main] org.apache.coyote.AbstractProtocol.destroy Destroying ProtocolHandler ["http-nio-8082"]
11-Apr-2024 01:46:37.168 INFO [main] org.apache.coyote.AbstractProtocol.destroy Destroying ProtocolHandler ["ajp-nio-8009"]
11-Apr-2024 01:46:45.596 INFO [main] org.apache.catalina.startup.VersionLoggerListener.log Server version:        Apache Tomcat/8.5.24
11-Apr-2024 01:46:45.596 INFO [main] org.apache.catalina.startup.VersionLoggerListener.log Server built:          Nov 27 2017 13:05:30 UTC
11-Apr-2024 01:46:45.596 INFO [main] org.apache.catalina.startup.VersionLoggerListener.log Server number:         8.5.24.0
11-Apr-2024 01:46:45.596 INFO [main] org.apache.catalina.startup.VersionLoggerListener.log OS Name:               Windows 10
11-Apr-2024 01:46:45.596 INFO [main] org.apache.catalina.startup.VersionLoggerListener.log OS Version:            10.0
11-Apr-2024 01:46:45.596 INFO [main] org.apache.catalina.startup.VersionLoggerListener.log Architecture:          x86
11-Apr-2024 01:46:45.596 INFO [main] org.apache.catalina.startup.VersionLoggerListener.log Java Home:             D:\JavaSQL\Java8\jdk1.8.0_131\jre
11-Apr-2024 01:46:45.596 INFO [main] org.apache.catalina.startup.VersionLoggerListener.log JVM Version:           1.8.0_131-b11
11-Apr-2024 01:46:45.596 INFO [main] org.apache.catalina.startup.VersionLoggerListener.log JVM Vendor:            Oracle Corporation
11-Apr-2024 01:46:45.596 INFO [main] org.apache.catalina.startup.VersionLoggerListener.log CATALINA_BASE:         D:\JavaSQL\Java8\apache-tomcat-8.5.24
11-Apr-2024 01:46:45.596 INFO [main] org.apache.catalina.startup.VersionLoggerListener.log CATALINA_HOME:         D:\JavaSQL\Java8\apache-tomcat-8.5.24
11-Apr-2024 01:46:45.596 INFO [main] org.apache.catalina.startup.VersionLoggerListener.log Command line argument: -Djava.util.logging.config.file=D:\JavaSQL\Java8\apache-tomcat-8.5.24\conf\logging.properties
11-Apr-2024 01:46:45.596 INFO [main] org.apache.catalina.startup.VersionLoggerListener.log Command line argument: -Djava.util.logging.manager=org.apache.juli.ClassLoaderLogManager
11-Apr-2024 01:46:45.596 INFO [main] org.apache.catalina.startup.VersionLoggerListener.log Command line argument: -Djdk.tls.ephemeralDHKeySize=2048
11-Apr-2024 01:46:45.596 INFO [main] org.apache.catalina.startup.VersionLoggerListener.log Command line argument: -Djava.protocol.handler.pkgs=org.apache.catalina.webresources
11-Apr-2024 01:46:45.596 INFO [main] org.apache.catalina.startup.VersionLoggerListener.log Command line argument: -Dignore.endorsed.dirs=
11-Apr-2024 01:46:45.596 INFO [main] org.apache.catalina.startup.VersionLoggerListener.log Command line argument: -Dcatalina.base=D:\JavaSQL\Java8\apache-tomcat-8.5.24
11-Apr-2024 01:46:45.596 INFO [main] org.apache.catalina.startup.VersionLoggerListener.log Command line argument: -Dcatalina.home=D:\JavaSQL\Java8\apache-tomcat-8.5.24
11-Apr-2024 01:46:45.596 INFO [main] org.apache.catalina.startup.VersionLoggerListener.log Command line argument: -Djava.io.tmpdir=D:\JavaSQL\Java8\apache-tomcat-8.5.24\temp
11-Apr-2024 01:46:45.596 INFO [main] org.apache.catalina.core.AprLifecycleListener.lifecycleEvent The APR based Apache Tomcat Native library which allows optimal performance in production environments was not found on the java.library.path: [D:\JavaSQL\Java8\jdk1.8.0_131\bin;C:\WINDOWS\Sun\Java\bin;C:\WINDOWS\system32;C:\WINDOWS;D:\JavaSQL\Java8\jdk1.8.0_131\bin;D:\JavaSQL\Java8\jdk1.8.0_131\db\bin;D:\JavaSQL\Java8\squirrelsql-4.0.0-standard;D:\JavaSQL\Java8\apache-tomcat-8.5.24\bin;C:\WINDOWS\system32;C:\WINDOWS;C:\WINDOWS\System32\Wbem;C:\WINDOWS\System32\WindowsPowerShell\v1.0\;C:\WINDOWS\System32\OpenSSH\;C:\Program Files\dotnet\;C:\Users\Aldoa\Desktop\Infor\bin;C:\Users\Aldoa\AppData\Local\Microsoft\WindowsApps;;.]
11-Apr-2024 01:46:45.679 INFO [main] org.apache.coyote.AbstractProtocol.init Initializing ProtocolHandler ["http-nio-8082"]
11-Apr-2024 01:46:45.861 INFO [main] org.apache.tomcat.util.net.NioSelectorPool.getSharedSelector Using a shared selector for servlet write/read
11-Apr-2024 01:46:45.861 INFO [main] org.apache.coyote.AbstractProtocol.init Initializing ProtocolHandler ["ajp-nio-8009"]
11-Apr-2024 01:46:45.861 INFO [main] org.apache.tomcat.util.net.NioSelectorPool.getSharedSelector Using a shared selector for servlet write/read
11-Apr-2024 01:46:45.861 INFO [main] org.apache.catalina.startup.Catalina.load Initialization processed in 469 ms
11-Apr-2024 01:46:45.878 INFO [main] org.apache.catalina.core.StandardService.startInternal Starting service [Catalina]
11-Apr-2024 01:46:45.878 INFO [main] org.apache.catalina.core.StandardEngine.startInternal Starting Servlet Engine: Apache Tomcat/8.5.24
11-Apr-2024 01:46:45.893 INFO [localhost-startStop-1] org.apache.catalina.startup.HostConfig.deployDirectory Deploying web application directory [D:\JavaSQL\Java8\apache-tomcat-8.5.24\webapps\docs]
11-Apr-2024 01:46:46.055 INFO [localhost-startStop-1] org.apache.jasper.servlet.TldScanner.scanJars At least one JAR was scanned for TLDs yet contained no TLDs. Enable debug logging for this logger for a complete list of JARs that were scanned but no TLDs were found in them. Skipping unneeded JARs during scanning can improve startup time and JSP compilation time.
11-Apr-2024 01:46:46.087 INFO [localhost-startStop-1] org.apache.catalina.startup.HostConfig.deployDirectory Deployment of web application directory [D:\JavaSQL\Java8\apache-tomcat-8.5.24\webapps\docs] has finished in [194] ms
11-Apr-2024 01:46:46.087 INFO [localhost-startStop-1] org.apache.catalina.startup.HostConfig.deployDirectory Deploying web application directory [D:\JavaSQL\Java8\apache-tomcat-8.5.24\webapps\examples]
11-Apr-2024 01:46:46.229 INFO [localhost-startStop-1] org.apache.jasper.servlet.TldScanner.scanJars At least one JAR was scanned for TLDs yet contained no TLDs. Enable debug logging for this logger for a complete list of JARs that were scanned but no TLDs were found in them. Skipping unneeded JARs during scanning can improve startup time and JSP compilation time.
11-Apr-2024 01:46:46.261 INFO [localhost-startStop-1] org.apache.catalina.startup.HostConfig.deployDirectory Deployment of web application directory [D:\JavaSQL\Java8\apache-tomcat-8.5.24\webapps\examples] has finished in [174] ms
11-Apr-2024 01:46:46.261 INFO [localhost-startStop-1] org.apache.catalina.startup.HostConfig.deployDirectory Deploying web application directory [D:\JavaSQL\Java8\apache-tomcat-8.5.24\webapps\host-manager]
11-Apr-2024 01:46:46.276 INFO [localhost-startStop-1] org.apache.jasper.servlet.TldScanner.scanJars At least one JAR was scanned for TLDs yet contained no TLDs. Enable debug logging for this logger for a complete list of JARs that were scanned but no TLDs were found in them. Skipping unneeded JARs during scanning can improve startup time and JSP compilation time.
11-Apr-2024 01:46:46.286 INFO [localhost-startStop-1] org.apache.catalina.startup.HostConfig.deployDirectory Deployment of web application directory [D:\JavaSQL\Java8\apache-tomcat-8.5.24\webapps\host-manager] has finished in [25] ms
11-Apr-2024 01:46:46.286 INFO [localhost-startStop-1] org.apache.catalina.startup.HostConfig.deployDirectory Deploying web application directory [D:\JavaSQL\Java8\apache-tomcat-8.5.24\webapps\ROOT]
11-Apr-2024 01:46:46.311 INFO [localhost-startStop-1] org.apache.jasper.servlet.TldScanner.scanJars At least one JAR was scanned for TLDs yet contained no TLDs. Enable debug logging for this logger for a complete list of JARs that were scanned but no TLDs were found in them. Skipping unneeded JARs during scanning can improve startup time and JSP compilation time.
11-Apr-2024 01:46:46.311 INFO [localhost-startStop-1] org.apache.catalina.startup.HostConfig.deployDirectory Deployment of web application directory [D:\JavaSQL\Java8\apache-tomcat-8.5.24\webapps\ROOT] has finished in [25] ms
11-Apr-2024 01:46:46.311 INFO [localhost-startStop-1] org.apache.catalina.startup.HostConfig.deployDirectory Deploying web application directory [D:\JavaSQL\Java8\apache-tomcat-8.5.24\webapps\SQLServer]
11-Apr-2024 01:46:46.335 INFO [localhost-startStop-1] org.apache.jasper.servlet.TldScanner.scanJars At least one JAR was scanned for TLDs yet contained no TLDs. Enable debug logging for this logger for a complete list of JARs that were scanned but no TLDs were found in them. Skipping unneeded JARs during scanning can improve startup time and JSP compilation time.
11-Apr-2024 01:46:46.339 INFO [localhost-startStop-1] org.apache.catalina.startup.HostConfig.deployDirectory Deployment of web application directory [D:\JavaSQL\Java8\apache-tomcat-8.5.24\webapps\SQLServer] has finished in [28] ms
11-Apr-2024 01:46:46.339 INFO [localhost-startStop-1] org.apache.catalina.startup.HostConfig.deployDirectory Deploying web application directory [D:\JavaSQL\Java8\apache-tomcat-8.5.24\webapps\Servlet1]
11-Apr-2024 01:46:46.351 INFO [localhost-startStop-1] org.apache.jasper.servlet.TldScanner.scanJars At least one JAR was scanned for TLDs yet contained no TLDs. Enable debug logging for this logger for a complete list of JARs that were scanned but no TLDs were found in them. Skipping unneeded JARs during scanning can improve startup time and JSP compilation time.
11-Apr-2024 01:46:46.351 INFO [localhost-startStop-1] org.apache.catalina.startup.HostConfig.deployDirectory Deployment of web application directory [D:\JavaSQL\Java8\apache-tomcat-8.5.24\webapps\Servlet1] has finished in [12] ms
11-Apr-2024 01:46:46.351 INFO [localhost-startStop-1] org.apache.catalina.startup.HostConfig.deployDirectory Deploying web application directory [D:\JavaSQL\Java8\apache-tomcat-8.5.24\webapps\Servlet2]
11-Apr-2024 01:46:46.366 INFO [localhost-startStop-1] org.apache.jasper.servlet.TldScanner.scanJars At least one JAR was scanned for TLDs yet contained no TLDs. Enable debug logging for this logger for a complete list of JARs that were scanned but no TLDs were found in them. Skipping unneeded JARs during scanning can improve startup time and JSP compilation time.
11-Apr-2024 01:46:46.366 INFO [localhost-startStop-1] org.apache.catalina.startup.HostConfig.deployDirectory Deployment of web application directory [D:\JavaSQL\Java8\apache-tomcat-8.5.24\webapps\Servlet2] has finished in [15] ms
11-Apr-2024 01:46:46.366 INFO [localhost-startStop-1] org.apache.catalina.startup.HostConfig.deployDirectory Deploying web application directory [D:\JavaSQL\Java8\apache-tomcat-8.5.24\webapps\Servlet3]
11-Apr-2024 01:46:46.381 INFO [localhost-startStop-1] org.apache.jasper.servlet.TldScanner.scanJars At least one JAR was scanned for TLDs yet contained no TLDs. Enable debug logging for this logger for a complete list of JARs that were scanned but no TLDs were found in them. Skipping unneeded JARs during scanning can improve startup time and JSP compilation time.
11-Apr-2024 01:46:46.381 INFO [localhost-startStop-1] org.apache.catalina.startup.HostConfig.deployDirectory Deployment of web application directory [D:\JavaSQL\Java8\apache-tomcat-8.5.24\webapps\Servlet3] has finished in [15] ms
11-Apr-2024 01:46:46.381 INFO [localhost-startStop-1] org.apache.catalina.startup.HostConfig.deployDirectory Deploying web application directory [D:\JavaSQL\Java8\apache-tomcat-8.5.24\webapps\Servlet4]
11-Apr-2024 01:46:46.397 INFO [localhost-startStop-1] org.apache.jasper.servlet.TldScanner.scanJars At least one JAR was scanned for TLDs yet contained no TLDs. Enable debug logging for this logger for a complete list of JARs that were scanned but no TLDs were found in them. Skipping unneeded JARs during scanning can improve startup time and JSP compilation time.
11-Apr-2024 01:46:46.397 INFO [localhost-startStop-1] org.apache.catalina.startup.HostConfig.deployDirectory Deployment of web application directory [D:\JavaSQL\Java8\apache-tomcat-8.5.24\webapps\Servlet4] has finished in [16] ms
11-Apr-2024 01:46:46.397 INFO [localhost-startStop-1] org.apache.catalina.startup.HostConfig.deployDirectory Deploying web application directory [D:\JavaSQL\Java8\apache-tomcat-8.5.24\webapps\Pract8]
11-Apr-2024 01:46:46.414 INFO [localhost-startStop-1] org.apache.jasper.servlet.TldScanner.scanJars At least one JAR was scanned for TLDs yet contained no TLDs. Enable debug logging for this logger for a complete list of JARs that were scanned but no TLDs were found in them. Skipping unneeded JARs during scanning can improve startup time and JSP compilation time.
11-Apr-2024 01:46:46.414 INFO [localhost-startStop-1] org.apache.catalina.startup.HostConfig.deployDirectory Deployment of web application directory [D:\JavaSQL\Java8\apache-tomcat-8.5.24\webapps\Pract8] has finished in [17] ms
11-Apr-2024 01:46:46.414 INFO [localhost-startStop-1] org.apache.catalina.startup.HostConfig.deployDirectory Deploying web application directory [D:\JavaSQL\Java8\apache-tomcat-8.5.24\webapps\Entrega]
11-Apr-2024 01:46:46.445 INFO [localhost-startStop-1] org.apache.jasper.servlet.TldScanner.scanJars At least one JAR was scanned for TLDs yet contained no TLDs. Enable debug logging for this logger for a complete list of JARs that were scanned but no TLDs were found in them. Skipping unneeded JARs during scanning can improve startup time and JSP compilation time.
11-Apr-2024 01:46:46.445 INFO [localhost-startStop-1] org.apache.catalina.startup.HostConfig.deployDirectory Deployment of web application directory [D:\JavaSQL\Java8\apache-tomcat-8.5.24\webapps\Entrega] has finished in [31] ms
11-Apr-2024 01:46:46.445 INFO [localhost-startStop-1] org.apache.catalina.startup.HostConfig.deployDirectory Deploying web application directory [D:\JavaSQL\Java8\apache-tomcat-8.5.24\webapps\matrices8]
11-Apr-2024 01:46:46.460 INFO [localhost-startStop-1] org.apache.jasper.servlet.TldScanner.scanJars At least one JAR was scanned for TLDs yet contained no TLDs. Enable debug logging for this logger for a complete list of JARs that were scanned but no TLDs were found in them. Skipping unneeded JARs during scanning can improve startup time and JSP compilation time.
11-Apr-2024 01:46:46.460 INFO [localhost-startStop-1] org.apache.catalina.startup.HostConfig.deployDirectory Deployment of web application directory [D:\JavaSQL\Java8\apache-tomcat-8.5.24\webapps\matrices8] has finished in [15] ms
11-Apr-2024 01:46:46.460 INFO [localhost-startStop-1] org.apache.catalina.startup.HostConfig.deployDirectory Deploying web application directory [D:\JavaSQL\Java8\apache-tomcat-8.5.24\webapps\TD_E18]
11-Apr-2024 01:46:46.476 INFO [localhost-startStop-1] org.apache.jasper.servlet.TldScanner.scanJars At least one JAR was scanned for TLDs yet contained no TLDs. Enable debug logging for this logger for a complete list of JARs that were scanned but no TLDs were found in them. Skipping unneeded JARs during scanning can improve startup time and JSP compilation time.
11-Apr-2024 01:46:46.476 INFO [localhost-startStop-1] org.apache.catalina.startup.HostConfig.deployDirectory Deployment of web application directory [D:\JavaSQL\Java8\apache-tomcat-8.5.24\webapps\TD_E18] has finished in [16] ms
11-Apr-2024 01:46:46.476 INFO [localhost-startStop-1] org.apache.catalina.startup.HostConfig.deployDirectory Deploying web application directory [D:\JavaSQL\Java8\apache-tomcat-8.5.24\webapps\TB15]
11-Apr-2024 01:46:46.507 INFO [localhost-startStop-1] org.apache.jasper.servlet.TldScanner.scanJars At least one JAR was scanned for TLDs yet contained no TLDs. Enable debug logging for this logger for a complete list of JARs that were scanned but no TLDs were found in them. Skipping unneeded JARs during scanning can improve startup time and JSP compilation time.
11-Apr-2024 01:46:46.507 INFO [localhost-startStop-1] org.apache.catalina.startup.HostConfig.deployDirectory Deployment of web application directory [D:\JavaSQL\Java8\apache-tomcat-8.5.24\webapps\TB15] has finished in [31] ms
11-Apr-2024 01:46:46.507 INFO [localhost-startStop-1] org.apache.catalina.startup.HostConfig.deployDirectory Deploying web application directory [D:\JavaSQL\Java8\apache-tomcat-8.5.24\webapps\S2]
11-Apr-2024 01:46:46.523 INFO [localhost-startStop-1] org.apache.jasper.servlet.TldScanner.scanJars At least one JAR was scanned for TLDs yet contained no TLDs. Enable debug logging for this logger for a complete list of JARs that were scanned but no TLDs were found in them. Skipping unneeded JARs during scanning can improve startup time and JSP compilation time.
11-Apr-2024 01:46:46.523 INFO [localhost-startStop-1] org.apache.catalina.startup.HostConfig.deployDirectory Deployment of web application directory [D:\JavaSQL\Java8\apache-tomcat-8.5.24\webapps\S2] has finished in [16] ms
11-Apr-2024 01:46:46.523 INFO [localhost-startStop-1] org.apache.catalina.startup.HostConfig.deployDirectory Deploying web application directory [D:\JavaSQL\Java8\apache-tomcat-8.5.24\webapps\mock1]
11-Apr-2024 01:46:46.540 INFO [localhost-startStop-1] org.apache.jasper.servlet.TldScanner.scanJars At least one JAR was scanned for TLDs yet contained no TLDs. Enable debug logging for this logger for a complete list of JARs that were scanned but no TLDs were found in them. Skipping unneeded JARs during scanning can improve startup time and JSP compilation time.
11-Apr-2024 01:46:46.556 INFO [localhost-startStop-1] org.apache.catalina.startup.HostConfig.deployDirectory Deployment of web application directory [D:\JavaSQL\Java8\apache-tomcat-8.5.24\webapps\mock1] has finished in [33] ms
11-Apr-2024 01:46:46.556 INFO [localhost-startStop-1] org.apache.catalina.startup.HostConfig.deployDirectory Deploying web application directory [D:\JavaSQL\Java8\apache-tomcat-8.5.24\webapps\mock2]
11-Apr-2024 01:46:46.584 INFO [localhost-startStop-1] org.apache.jasper.servlet.TldScanner.scanJars At least one JAR was scanned for TLDs yet contained no TLDs. Enable debug logging for this logger for a complete list of JARs that were scanned but no TLDs were found in them. Skipping unneeded JARs during scanning can improve startup time and JSP compilation time.
11-Apr-2024 01:46:46.587 INFO [localhost-startStop-1] org.apache.catalina.startup.HostConfig.deployDirectory Deployment of web application directory [D:\JavaSQL\Java8\apache-tomcat-8.5.24\webapps\mock2] has finished in [31] ms
11-Apr-2024 01:46:46.587 INFO [main] org.apache.coyote.AbstractProtocol.start Starting ProtocolHandler ["http-nio-8082"]
11-Apr-2024 01:46:46.605 INFO [main] org.apache.coyote.AbstractProtocol.start Starting ProtocolHandler ["ajp-nio-8009"]
11-Apr-2024 01:46:46.607 INFO [main] org.apache.catalina.startup.Catalina.start Server startup in 739 ms
11-Apr-2024 01:47:55.616 INFO [main] org.apache.catalina.core.StandardServer.await A valid shutdown command was received via the shutdown port. Stopping the Server instance.
11-Apr-2024 01:47:55.616 INFO [main] org.apache.coyote.AbstractProtocol.pause Pausing ProtocolHandler ["http-nio-8082"]
11-Apr-2024 01:47:56.025 INFO [main] org.apache.coyote.AbstractProtocol.pause Pausing ProtocolHandler ["ajp-nio-8009"]
11-Apr-2024 01:47:56.483 INFO [main] org.apache.catalina.core.StandardService.stopInternal Stopping service [Catalina]
11-Apr-2024 01:47:56.563 INFO [main] org.apache.coyote.AbstractProtocol.stop Stopping ProtocolHandler ["http-nio-8082"]
11-Apr-2024 01:47:56.574 INFO [main] org.apache.coyote.AbstractProtocol.stop Stopping ProtocolHandler ["ajp-nio-8009"]
11-Apr-2024 01:47:56.574 INFO [main] org.apache.coyote.AbstractProtocol.destroy Destroying ProtocolHandler ["http-nio-8082"]
11-Apr-2024 01:47:56.574 INFO [main] org.apache.coyote.AbstractProtocol.destroy Destroying ProtocolHandler ["ajp-nio-8009"]
11-Apr-2024 01:47:58.016 INFO [main] org.apache.catalina.startup.VersionLoggerListener.log Server version:        Apache Tomcat/8.5.24
11-Apr-2024 01:47:58.016 INFO [main] org.apache.catalina.startup.VersionLoggerListener.log Server built:          Nov 27 2017 13:05:30 UTC
11-Apr-2024 01:47:58.016 INFO [main] org.apache.catalina.startup.VersionLoggerListener.log Server number:         8.5.24.0
11-Apr-2024 01:47:58.016 INFO [main] org.apache.catalina.startup.VersionLoggerListener.log OS Name:               Windows 10
11-Apr-2024 01:47:58.016 INFO [main] org.apache.catalina.startup.VersionLoggerListener.log OS Version:            10.0
11-Apr-2024 01:47:58.016 INFO [main] org.apache.catalina.startup.VersionLoggerListener.log Architecture:          x86
11-Apr-2024 01:47:58.016 INFO [main] org.apache.catalina.startup.VersionLoggerListener.log Java Home:             D:\JavaSQL\Java8\jdk1.8.0_131\jre
11-Apr-2024 01:47:58.016 INFO [main] org.apache.catalina.startup.VersionLoggerListener.log JVM Version:           1.8.0_131-b11
11-Apr-2024 01:47:58.021 INFO [main] org.apache.catalina.startup.VersionLoggerListener.log JVM Vendor:            Oracle Corporation
11-Apr-2024 01:47:58.021 INFO [main] org.apache.catalina.startup.VersionLoggerListener.log CATALINA_BASE:         D:\JavaSQL\Java8\apache-tomcat-8.5.24
11-Apr-2024 01:47:58.021 INFO [main] org.apache.catalina.startup.VersionLoggerListener.log CATALINA_HOME:         D:\JavaSQL\Java8\apache-tomcat-8.5.24
11-Apr-2024 01:47:58.021 INFO [main] org.apache.catalina.startup.VersionLoggerListener.log Command line argument: -Djava.util.logging.config.file=D:\JavaSQL\Java8\apache-tomcat-8.5.24\conf\logging.properties
11-Apr-2024 01:47:58.021 INFO [main] org.apache.catalina.startup.VersionLoggerListener.log Command line argument: -Djava.util.logging.manager=org.apache.juli.ClassLoaderLogManager
11-Apr-2024 01:47:58.021 INFO [main] org.apache.catalina.startup.VersionLoggerListener.log Command line argument: -Djdk.tls.ephemeralDHKeySize=2048
11-Apr-2024 01:47:58.021 INFO [main] org.apache.catalina.startup.VersionLoggerListener.log Command line argument: -Djava.protocol.handler.pkgs=org.apache.catalina.webresources
11-Apr-2024 01:47:58.021 INFO [main] org.apache.catalina.startup.VersionLoggerListener.log Command line argument: -Dignore.endorsed.dirs=
11-Apr-2024 01:47:58.021 INFO [main] org.apache.catalina.startup.VersionLoggerListener.log Command line argument: -Dcatalina.base=D:\JavaSQL\Java8\apache-tomcat-8.5.24
11-Apr-2024 01:47:58.021 INFO [main] org.apache.catalina.startup.VersionLoggerListener.log Command line argument: -Dcatalina.home=D:\JavaSQL\Java8\apache-tomcat-8.5.24
11-Apr-2024 01:47:58.021 INFO [main] org.apache.catalina.startup.VersionLoggerListener.log Command line argument: -Djava.io.tmpdir=D:\JavaSQL\Java8\apache-tomcat-8.5.24\temp
11-Apr-2024 01:47:58.021 INFO [main] org.apache.catalina.core.AprLifecycleListener.lifecycleEvent The APR based Apache Tomcat Native library which allows optimal performance in production environments was not found on the java.library.path: [D:\JavaSQL\Java8\jdk1.8.0_131\bin;C:\WINDOWS\Sun\Java\bin;C:\WINDOWS\system32;C:\WINDOWS;D:\JavaSQL\Java8\jdk1.8.0_131\bin;D:\JavaSQL\Java8\jdk1.8.0_131\db\bin;D:\JavaSQL\Java8\squirrelsql-4.0.0-standard;D:\JavaSQL\Java8\apache-tomcat-8.5.24\bin;C:\WINDOWS\system32;C:\WINDOWS;C:\WINDOWS\System32\Wbem;C:\WINDOWS\System32\WindowsPowerShell\v1.0\;C:\WINDOWS\System32\OpenSSH\;C:\Program Files\dotnet\;C:\Users\Aldoa\Desktop\Infor\bin;C:\Users\Aldoa\AppData\Local\Microsoft\WindowsApps;;.]
11-Apr-2024 01:47:58.090 INFO [main] org.apache.coyote.AbstractProtocol.init Initializing ProtocolHandler ["http-nio-8082"]
11-Apr-2024 01:47:58.302 INFO [main] org.apache.tomcat.util.net.NioSelectorPool.getSharedSelector Using a shared selector for servlet write/read
11-Apr-2024 01:47:58.302 INFO [main] org.apache.coyote.AbstractProtocol.init Initializing ProtocolHandler ["ajp-nio-8009"]
11-Apr-2024 01:47:58.302 INFO [main] org.apache.tomcat.util.net.NioSelectorPool.getSharedSelector Using a shared selector for servlet write/read
11-Apr-2024 01:47:58.302 INFO [main] org.apache.catalina.startup.Catalina.load Initialization processed in 505 ms
11-Apr-2024 01:47:58.329 INFO [main] org.apache.catalina.core.StandardService.startInternal Starting service [Catalina]
11-Apr-2024 01:47:58.329 INFO [main] org.apache.catalina.core.StandardEngine.startInternal Starting Servlet Engine: Apache Tomcat/8.5.24
11-Apr-2024 01:47:58.337 INFO [localhost-startStop-1] org.apache.catalina.startup.HostConfig.deployDirectory Deploying web application directory [D:\JavaSQL\Java8\apache-tomcat-8.5.24\webapps\docs]
11-Apr-2024 01:47:58.531 INFO [localhost-startStop-1] org.apache.jasper.servlet.TldScanner.scanJars At least one JAR was scanned for TLDs yet contained no TLDs. Enable debug logging for this logger for a complete list of JARs that were scanned but no TLDs were found in them. Skipping unneeded JARs during scanning can improve startup time and JSP compilation time.
11-Apr-2024 01:47:58.568 INFO [localhost-startStop-1] org.apache.catalina.startup.HostConfig.deployDirectory Deployment of web application directory [D:\JavaSQL\Java8\apache-tomcat-8.5.24\webapps\docs] has finished in [231] ms
11-Apr-2024 01:47:58.568 INFO [localhost-startStop-1] org.apache.catalina.startup.HostConfig.deployDirectory Deploying web application directory [D:\JavaSQL\Java8\apache-tomcat-8.5.24\webapps\examples]
11-Apr-2024 01:47:58.767 INFO [localhost-startStop-1] org.apache.jasper.servlet.TldScanner.scanJars At least one JAR was scanned for TLDs yet contained no TLDs. Enable debug logging for this logger for a complete list of JARs that were scanned but no TLDs were found in them. Skipping unneeded JARs during scanning can improve startup time and JSP compilation time.
11-Apr-2024 01:47:58.793 INFO [localhost-startStop-1] org.apache.catalina.startup.HostConfig.deployDirectory Deployment of web application directory [D:\JavaSQL\Java8\apache-tomcat-8.5.24\webapps\examples] has finished in [225] ms
11-Apr-2024 01:47:58.793 INFO [localhost-startStop-1] org.apache.catalina.startup.HostConfig.deployDirectory Deploying web application directory [D:\JavaSQL\Java8\apache-tomcat-8.5.24\webapps\host-manager]
11-Apr-2024 01:47:58.815 INFO [localhost-startStop-1] org.apache.jasper.servlet.TldScanner.scanJars At least one JAR was scanned for TLDs yet contained no TLDs. Enable debug logging for this logger for a complete list of JARs that were scanned but no TLDs were found in them. Skipping unneeded JARs during scanning can improve startup time and JSP compilation time.
11-Apr-2024 01:47:58.815 INFO [localhost-startStop-1] org.apache.catalina.startup.HostConfig.deployDirectory Deployment of web application directory [D:\JavaSQL\Java8\apache-tomcat-8.5.24\webapps\host-manager] has finished in [22] ms
11-Apr-2024 01:47:58.815 INFO [localhost-startStop-1] org.apache.catalina.startup.HostConfig.deployDirectory Deploying web application directory [D:\JavaSQL\Java8\apache-tomcat-8.5.24\webapps\ROOT]
11-Apr-2024 01:47:58.834 INFO [localhost-startStop-1] org.apache.jasper.servlet.TldScanner.scanJars At least one JAR was scanned for TLDs yet contained no TLDs. Enable debug logging for this logger for a complete list of JARs that were scanned but no TLDs were found in them. Skipping unneeded JARs during scanning can improve startup time and JSP compilation time.
11-Apr-2024 01:47:58.834 INFO [localhost-startStop-1] org.apache.catalina.startup.HostConfig.deployDirectory Deployment of web application directory [D:\JavaSQL\Java8\apache-tomcat-8.5.24\webapps\ROOT] has finished in [19] ms
11-Apr-2024 01:47:58.834 INFO [localhost-startStop-1] org.apache.catalina.startup.HostConfig.deployDirectory Deploying web application directory [D:\JavaSQL\Java8\apache-tomcat-8.5.24\webapps\SQLServer]
11-Apr-2024 01:47:58.854 INFO [localhost-startStop-1] org.apache.jasper.servlet.TldScanner.scanJars At least one JAR was scanned for TLDs yet contained no TLDs. Enable debug logging for this logger for a complete list of JARs that were scanned but no TLDs were found in them. Skipping unneeded JARs during scanning can improve startup time and JSP compilation time.
11-Apr-2024 01:47:58.854 INFO [localhost-startStop-1] org.apache.catalina.startup.HostConfig.deployDirectory Deployment of web application directory [D:\JavaSQL\Java8\apache-tomcat-8.5.24\webapps\SQLServer] has finished in [20] ms
11-Apr-2024 01:47:58.854 INFO [localhost-startStop-1] org.apache.catalina.startup.HostConfig.deployDirectory Deploying web application directory [D:\JavaSQL\Java8\apache-tomcat-8.5.24\webapps\Servlet1]
11-Apr-2024 01:47:58.878 INFO [localhost-startStop-1] org.apache.jasper.servlet.TldScanner.scanJars At least one JAR was scanned for TLDs yet contained no TLDs. Enable debug logging for this logger for a complete list of JARs that were scanned but no TLDs were found in them. Skipping unneeded JARs during scanning can improve startup time and JSP compilation time.
11-Apr-2024 01:47:58.882 INFO [localhost-startStop-1] org.apache.catalina.startup.HostConfig.deployDirectory Deployment of web application directory [D:\JavaSQL\Java8\apache-tomcat-8.5.24\webapps\Servlet1] has finished in [28] ms
11-Apr-2024 01:47:58.883 INFO [localhost-startStop-1] org.apache.catalina.startup.HostConfig.deployDirectory Deploying web application directory [D:\JavaSQL\Java8\apache-tomcat-8.5.24\webapps\Servlet2]
11-Apr-2024 01:47:58.902 INFO [localhost-startStop-1] org.apache.jasper.servlet.TldScanner.scanJars At least one JAR was scanned for TLDs yet contained no TLDs. Enable debug logging for this logger for a complete list of JARs that were scanned but no TLDs were found in them. Skipping unneeded JARs during scanning can improve startup time and JSP compilation time.
11-Apr-2024 01:47:58.902 INFO [localhost-startStop-1] org.apache.catalina.startup.HostConfig.deployDirectory Deployment of web application directory [D:\JavaSQL\Java8\apache-tomcat-8.5.24\webapps\Servlet2] has finished in [19] ms
11-Apr-2024 01:47:58.902 INFO [localhost-startStop-1] org.apache.catalina.startup.HostConfig.deployDirectory Deploying web application directory [D:\JavaSQL\Java8\apache-tomcat-8.5.24\webapps\Servlet3]
11-Apr-2024 01:47:58.927 INFO [localhost-startStop-1] org.apache.jasper.servlet.TldScanner.scanJars At least one JAR was scanned for TLDs yet contained no TLDs. Enable debug logging for this logger for a complete list of JARs that were scanned but no TLDs were found in them. Skipping unneeded JARs during scanning can improve startup time and JSP compilation time.
11-Apr-2024 01:47:58.927 INFO [localhost-startStop-1] org.apache.catalina.startup.HostConfig.deployDirectory Deployment of web application directory [D:\JavaSQL\Java8\apache-tomcat-8.5.24\webapps\Servlet3] has finished in [25] ms
11-Apr-2024 01:47:58.927 INFO [localhost-startStop-1] org.apache.catalina.startup.HostConfig.deployDirectory Deploying web application directory [D:\JavaSQL\Java8\apache-tomcat-8.5.24\webapps\Servlet4]
11-Apr-2024 01:47:58.943 INFO [localhost-startStop-1] org.apache.jasper.servlet.TldScanner.scanJars At least one JAR was scanned for TLDs yet contained no TLDs. Enable debug logging for this logger for a complete list of JARs that were scanned but no TLDs were found in them. Skipping unneeded JARs during scanning can improve startup time and JSP compilation time.
11-Apr-2024 01:47:58.951 INFO [localhost-startStop-1] org.apache.catalina.startup.HostConfig.deployDirectory Deployment of web application directory [D:\JavaSQL\Java8\apache-tomcat-8.5.24\webapps\Servlet4] has finished in [24] ms
11-Apr-2024 01:47:58.951 INFO [localhost-startStop-1] org.apache.catalina.startup.HostConfig.deployDirectory Deploying web application directory [D:\JavaSQL\Java8\apache-tomcat-8.5.24\webapps\Pract8]
11-Apr-2024 01:47:58.969 INFO [localhost-startStop-1] org.apache.jasper.servlet.TldScanner.scanJars At least one JAR was scanned for TLDs yet contained no TLDs. Enable debug logging for this logger for a complete list of JARs that were scanned but no TLDs were found in them. Skipping unneeded JARs during scanning can improve startup time and JSP compilation time.
11-Apr-2024 01:47:58.969 INFO [localhost-startStop-1] org.apache.catalina.startup.HostConfig.deployDirectory Deployment of web application directory [D:\JavaSQL\Java8\apache-tomcat-8.5.24\webapps\Pract8] has finished in [18] ms
11-Apr-2024 01:47:58.969 INFO [localhost-startStop-1] org.apache.catalina.startup.HostConfig.deployDirectory Deploying web application directory [D:\JavaSQL\Java8\apache-tomcat-8.5.24\webapps\Entrega]
11-Apr-2024 01:47:58.985 INFO [localhost-startStop-1] org.apache.jasper.servlet.TldScanner.scanJars At least one JAR was scanned for TLDs yet contained no TLDs. Enable debug logging for this logger for a complete list of JARs that were scanned but no TLDs were found in them. Skipping unneeded JARs during scanning can improve startup time and JSP compilation time.
11-Apr-2024 01:47:58.985 INFO [localhost-startStop-1] org.apache.catalina.startup.HostConfig.deployDirectory Deployment of web application directory [D:\JavaSQL\Java8\apache-tomcat-8.5.24\webapps\Entrega] has finished in [16] ms
11-Apr-2024 01:47:58.998 INFO [localhost-startStop-1] org.apache.catalina.startup.HostConfig.deployDirectory Deploying web application directory [D:\JavaSQL\Java8\apache-tomcat-8.5.24\webapps\matrices8]
11-Apr-2024 01:47:59.022 INFO [localhost-startStop-1] org.apache.jasper.servlet.TldScanner.scanJars At least one JAR was scanned for TLDs yet contained no TLDs. Enable debug logging for this logger for a complete list of JARs that were scanned but no TLDs were found in them. Skipping unneeded JARs during scanning can improve startup time and JSP compilation time.
11-Apr-2024 01:47:59.022 INFO [localhost-startStop-1] org.apache.catalina.startup.HostConfig.deployDirectory Deployment of web application directory [D:\JavaSQL\Java8\apache-tomcat-8.5.24\webapps\matrices8] has finished in [37] ms
11-Apr-2024 01:47:59.022 INFO [localhost-startStop-1] org.apache.catalina.startup.HostConfig.deployDirectory Deploying web application directory [D:\JavaSQL\Java8\apache-tomcat-8.5.24\webapps\TD_E18]
11-Apr-2024 01:47:59.049 INFO [localhost-startStop-1] org.apache.jasper.servlet.TldScanner.scanJars At least one JAR was scanned for TLDs yet contained no TLDs. Enable debug logging for this logger for a complete list of JARs that were scanned but no TLDs were found in them. Skipping unneeded JARs during scanning can improve startup time and JSP compilation time.
11-Apr-2024 01:47:59.049 INFO [localhost-startStop-1] org.apache.catalina.startup.HostConfig.deployDirectory Deployment of web application directory [D:\JavaSQL\Java8\apache-tomcat-8.5.24\webapps\TD_E18] has finished in [27] ms
11-Apr-2024 01:47:59.049 INFO [localhost-startStop-1] org.apache.catalina.startup.HostConfig.deployDirectory Deploying web application directory [D:\JavaSQL\Java8\apache-tomcat-8.5.24\webapps\TB15]
11-Apr-2024 01:47:59.069 INFO [localhost-startStop-1] org.apache.jasper.servlet.TldScanner.scanJars At least one JAR was scanned for TLDs yet contained no TLDs. Enable debug logging for this logger for a complete list of JARs that were scanned but no TLDs were found in them. Skipping unneeded JARs during scanning can improve startup time and JSP compilation time.
11-Apr-2024 01:47:59.078 INFO [localhost-startStop-1] org.apache.catalina.startup.HostConfig.deployDirectory Deployment of web application directory [D:\JavaSQL\Java8\apache-tomcat-8.5.24\webapps\TB15] has finished in [29] ms
11-Apr-2024 01:47:59.078 INFO [localhost-startStop-1] org.apache.catalina.startup.HostConfig.deployDirectory Deploying web application directory [D:\JavaSQL\Java8\apache-tomcat-8.5.24\webapps\S2]
11-Apr-2024 01:47:59.098 INFO [localhost-startStop-1] org.apache.jasper.servlet.TldScanner.scanJars At least one JAR was scanned for TLDs yet contained no TLDs. Enable debug logging for this logger for a complete list of JARs that were scanned but no TLDs were found in them. Skipping unneeded JARs during scanning can improve startup time and JSP compilation time.
11-Apr-2024 01:47:59.098 INFO [localhost-startStop-1] org.apache.catalina.startup.HostConfig.deployDirectory Deployment of web application directory [D:\JavaSQL\Java8\apache-tomcat-8.5.24\webapps\S2] has finished in [20] ms
11-Apr-2024 01:47:59.098 INFO [localhost-startStop-1] org.apache.catalina.startup.HostConfig.deployDirectory Deploying web application directory [D:\JavaSQL\Java8\apache-tomcat-8.5.24\webapps\mock1]
11-Apr-2024 01:47:59.139 INFO [localhost-startStop-1] org.apache.jasper.servlet.TldScanner.scanJars At least one JAR was scanned for TLDs yet contained no TLDs. Enable debug logging for this logger for a complete list of JARs that were scanned but no TLDs were found in them. Skipping unneeded JARs during scanning can improve startup time and JSP compilation time.
11-Apr-2024 01:47:59.139 INFO [localhost-startStop-1] org.apache.catalina.startup.HostConfig.deployDirectory Deployment of web application directory [D:\JavaSQL\Java8\apache-tomcat-8.5.24\webapps\mock1] has finished in [41] ms
11-Apr-2024 01:47:59.139 INFO [localhost-startStop-1] org.apache.catalina.startup.HostConfig.deployDirectory Deploying web application directory [D:\JavaSQL\Java8\apache-tomcat-8.5.24\webapps\mock2]
11-Apr-2024 01:47:59.169 INFO [localhost-startStop-1] org.apache.jasper.servlet.TldScanner.scanJars At least one JAR was scanned for TLDs yet contained no TLDs. Enable debug logging for this logger for a complete list of JARs that were scanned but no TLDs were found in them. Skipping unneeded JARs during scanning can improve startup time and JSP compilation time.
11-Apr-2024 01:47:59.169 INFO [localhost-startStop-1] org.apache.catalina.startup.HostConfig.deployDirectory Deployment of web application directory [D:\JavaSQL\Java8\apache-tomcat-8.5.24\webapps\mock2] has finished in [30] ms
11-Apr-2024 01:47:59.182 INFO [main] org.apache.coyote.AbstractProtocol.start Starting ProtocolHandler ["http-nio-8082"]
11-Apr-2024 01:47:59.187 INFO [main] org.apache.coyote.AbstractProtocol.start Starting ProtocolHandler ["ajp-nio-8009"]
11-Apr-2024 01:47:59.187 INFO [main] org.apache.catalina.startup.Catalina.start Server startup in 883 ms
11-Apr-2024 02:08:51.424 INFO [main] org.apache.catalina.core.StandardServer.await A valid shutdown command was received via the shutdown port. Stopping the Server instance.
11-Apr-2024 02:08:51.428 INFO [main] org.apache.coyote.AbstractProtocol.pause Pausing ProtocolHandler ["http-nio-8082"]
11-Apr-2024 02:08:51.850 INFO [main] org.apache.coyote.AbstractProtocol.pause Pausing ProtocolHandler ["ajp-nio-8009"]
11-Apr-2024 02:08:52.258 INFO [main] org.apache.catalina.core.StandardService.stopInternal Stopping service [Catalina]
11-Apr-2024 02:08:52.337 INFO [main] org.apache.coyote.AbstractProtocol.stop Stopping ProtocolHandler ["http-nio-8082"]
11-Apr-2024 02:08:52.354 INFO [main] org.apache.coyote.AbstractProtocol.stop Stopping ProtocolHandler ["ajp-nio-8009"]
11-Apr-2024 02:08:52.354 INFO [main] org.apache.coyote.AbstractProtocol.destroy Destroying ProtocolHandler ["http-nio-8082"]
11-Apr-2024 02:08:52.354 INFO [main] org.apache.coyote.AbstractProtocol.destroy Destroying ProtocolHandler ["ajp-nio-8009"]
11-Apr-2024 02:08:59.733 INFO [main] org.apache.catalina.startup.VersionLoggerListener.log Server version:        Apache Tomcat/8.5.24
11-Apr-2024 02:08:59.733 INFO [main] org.apache.catalina.startup.VersionLoggerListener.log Server built:          Nov 27 2017 13:05:30 UTC
11-Apr-2024 02:08:59.733 INFO [main] org.apache.catalina.startup.VersionLoggerListener.log Server number:         8.5.24.0
11-Apr-2024 02:08:59.733 INFO [main] org.apache.catalina.startup.VersionLoggerListener.log OS Name:               Windows 10
11-Apr-2024 02:08:59.733 INFO [main] org.apache.catalina.startup.VersionLoggerListener.log OS Version:            10.0
11-Apr-2024 02:08:59.733 INFO [main] org.apache.catalina.startup.VersionLoggerListener.log Architecture:          x86
11-Apr-2024 02:08:59.733 INFO [main] org.apache.catalina.startup.VersionLoggerListener.log Java Home:             D:\JavaSQL\Java8\jdk1.8.0_131\jre
11-Apr-2024 02:08:59.733 INFO [main] org.apache.catalina.startup.VersionLoggerListener.log JVM Version:           1.8.0_131-b11
11-Apr-2024 02:08:59.733 INFO [main] org.apache.catalina.startup.VersionLoggerListener.log JVM Vendor:            Oracle Corporation
11-Apr-2024 02:08:59.733 INFO [main] org.apache.catalina.startup.VersionLoggerListener.log CATALINA_BASE:         D:\JavaSQL\Java8\apache-tomcat-8.5.24
11-Apr-2024 02:08:59.733 INFO [main] org.apache.catalina.startup.VersionLoggerListener.log CATALINA_HOME:         D:\JavaSQL\Java8\apache-tomcat-8.5.24
11-Apr-2024 02:08:59.733 INFO [main] org.apache.catalina.startup.VersionLoggerListener.log Command line argument: -Djava.util.logging.config.file=D:\JavaSQL\Java8\apache-tomcat-8.5.24\conf\logging.properties
11-Apr-2024 02:08:59.733 INFO [main] org.apache.catalina.startup.VersionLoggerListener.log Command line argument: -Djava.util.logging.manager=org.apache.juli.ClassLoaderLogManager
11-Apr-2024 02:08:59.733 INFO [main] org.apache.catalina.startup.VersionLoggerListener.log Command line argument: -Djdk.tls.ephemeralDHKeySize=2048
11-Apr-2024 02:08:59.733 INFO [main] org.apache.catalina.startup.VersionLoggerListener.log Command line argument: -Djava.protocol.handler.pkgs=org.apache.catalina.webresources
11-Apr-2024 02:08:59.733 INFO [main] org.apache.catalina.startup.VersionLoggerListener.log Command line argument: -Dignore.endorsed.dirs=
11-Apr-2024 02:08:59.733 INFO [main] org.apache.catalina.startup.VersionLoggerListener.log Command line argument: -Dcatalina.base=D:\JavaSQL\Java8\apache-tomcat-8.5.24
11-Apr-2024 02:08:59.733 INFO [main] org.apache.catalina.startup.VersionLoggerListener.log Command line argument: -Dcatalina.home=D:\JavaSQL\Java8\apache-tomcat-8.5.24
11-Apr-2024 02:08:59.733 INFO [main] org.apache.catalina.startup.VersionLoggerListener.log Command line argument: -Djava.io.tmpdir=D:\JavaSQL\Java8\apache-tomcat-8.5.24\temp
11-Apr-2024 02:08:59.733 INFO [main] org.apache.catalina.core.AprLifecycleListener.lifecycleEvent The APR based Apache Tomcat Native library which allows optimal performance in production environments was not found on the java.library.path: [D:\JavaSQL\Java8\jdk1.8.0_131\bin;C:\WINDOWS\Sun\Java\bin;C:\WINDOWS\system32;C:\WINDOWS;D:\JavaSQL\Java8\jdk1.8.0_131\bin;D:\JavaSQL\Java8\jdk1.8.0_131\db\bin;D:\JavaSQL\Java8\squirrelsql-4.0.0-standard;D:\JavaSQL\Java8\apache-tomcat-8.5.24\bin;C:\WINDOWS\system32;C:\WINDOWS;C:\WINDOWS\System32\Wbem;C:\WINDOWS\System32\WindowsPowerShell\v1.0\;C:\WINDOWS\System32\OpenSSH\;C:\Program Files\dotnet\;C:\Users\Aldoa\Desktop\Infor\bin;C:\Users\Aldoa\AppData\Local\Microsoft\WindowsApps;;.]
11-Apr-2024 02:08:59.813 INFO [main] org.apache.coyote.AbstractProtocol.init Initializing ProtocolHandler ["http-nio-8082"]
11-Apr-2024 02:09:00.051 INFO [main] org.apache.tomcat.util.net.NioSelectorPool.getSharedSelector Using a shared selector for servlet write/read
11-Apr-2024 02:09:00.051 INFO [main] org.apache.coyote.AbstractProtocol.init Initializing ProtocolHandler ["ajp-nio-8009"]
11-Apr-2024 02:09:00.051 INFO [main] org.apache.tomcat.util.net.NioSelectorPool.getSharedSelector Using a shared selector for servlet write/read
11-Apr-2024 02:09:00.051 INFO [main] org.apache.catalina.startup.Catalina.load Initialization processed in 512 ms
11-Apr-2024 02:09:00.067 INFO [main] org.apache.catalina.core.StandardService.startInternal Starting service [Catalina]
11-Apr-2024 02:09:00.067 INFO [main] org.apache.catalina.core.StandardEngine.startInternal Starting Servlet Engine: Apache Tomcat/8.5.24
11-Apr-2024 02:09:00.083 INFO [localhost-startStop-1] org.apache.catalina.startup.HostConfig.deployDirectory Deploying web application directory [D:\JavaSQL\Java8\apache-tomcat-8.5.24\webapps\docs]
11-Apr-2024 02:09:00.225 INFO [localhost-startStop-1] org.apache.jasper.servlet.TldScanner.scanJars At least one JAR was scanned for TLDs yet contained no TLDs. Enable debug logging for this logger for a complete list of JARs that were scanned but no TLDs were found in them. Skipping unneeded JARs during scanning can improve startup time and JSP compilation time.
11-Apr-2024 02:09:00.267 INFO [localhost-startStop-1] org.apache.catalina.startup.HostConfig.deployDirectory Deployment of web application directory [D:\JavaSQL\Java8\apache-tomcat-8.5.24\webapps\docs] has finished in [184] ms
11-Apr-2024 02:09:00.267 INFO [localhost-startStop-1] org.apache.catalina.startup.HostConfig.deployDirectory Deploying web application directory [D:\JavaSQL\Java8\apache-tomcat-8.5.24\webapps\examples]
11-Apr-2024 02:09:00.398 INFO [localhost-startStop-1] org.apache.jasper.servlet.TldScanner.scanJars At least one JAR was scanned for TLDs yet contained no TLDs. Enable debug logging for this logger for a complete list of JARs that were scanned but no TLDs were found in them. Skipping unneeded JARs during scanning can improve startup time and JSP compilation time.
11-Apr-2024 02:09:00.430 INFO [localhost-startStop-1] org.apache.catalina.startup.HostConfig.deployDirectory Deployment of web application directory [D:\JavaSQL\Java8\apache-tomcat-8.5.24\webapps\examples] has finished in [163] ms
11-Apr-2024 02:09:00.430 INFO [localhost-startStop-1] org.apache.catalina.startup.HostConfig.deployDirectory Deploying web application directory [D:\JavaSQL\Java8\apache-tomcat-8.5.24\webapps\host-manager]
11-Apr-2024 02:09:00.446 INFO [localhost-startStop-1] org.apache.jasper.servlet.TldScanner.scanJars At least one JAR was scanned for TLDs yet contained no TLDs. Enable debug logging for this logger for a complete list of JARs that were scanned but no TLDs were found in them. Skipping unneeded JARs during scanning can improve startup time and JSP compilation time.
11-Apr-2024 02:09:00.446 INFO [localhost-startStop-1] org.apache.catalina.startup.HostConfig.deployDirectory Deployment of web application directory [D:\JavaSQL\Java8\apache-tomcat-8.5.24\webapps\host-manager] has finished in [16] ms
11-Apr-2024 02:09:00.446 INFO [localhost-startStop-1] org.apache.catalina.startup.HostConfig.deployDirectory Deploying web application directory [D:\JavaSQL\Java8\apache-tomcat-8.5.24\webapps\ROOT]
11-Apr-2024 02:09:00.467 INFO [localhost-startStop-1] org.apache.jasper.servlet.TldScanner.scanJars At least one JAR was scanned for TLDs yet contained no TLDs. Enable debug logging for this logger for a complete list of JARs that were scanned but no TLDs were found in them. Skipping unneeded JARs during scanning can improve startup time and JSP compilation time.
11-Apr-2024 02:09:00.478 INFO [localhost-startStop-1] org.apache.catalina.startup.HostConfig.deployDirectory Deployment of web application directory [D:\JavaSQL\Java8\apache-tomcat-8.5.24\webapps\ROOT] has finished in [32] ms
11-Apr-2024 02:09:00.478 INFO [localhost-startStop-1] org.apache.catalina.startup.HostConfig.deployDirectory Deploying web application directory [D:\JavaSQL\Java8\apache-tomcat-8.5.24\webapps\SQLServer]
11-Apr-2024 02:09:00.503 INFO [localhost-startStop-1] org.apache.jasper.servlet.TldScanner.scanJars At least one JAR was scanned for TLDs yet contained no TLDs. Enable debug logging for this logger for a complete list of JARs that were scanned but no TLDs were found in them. Skipping unneeded JARs during scanning can improve startup time and JSP compilation time.
11-Apr-2024 02:09:00.503 INFO [localhost-startStop-1] org.apache.catalina.startup.HostConfig.deployDirectory Deployment of web application directory [D:\JavaSQL\Java8\apache-tomcat-8.5.24\webapps\SQLServer] has finished in [25] ms
11-Apr-2024 02:09:00.503 INFO [localhost-startStop-1] org.apache.catalina.startup.HostConfig.deployDirectory Deploying web application directory [D:\JavaSQL\Java8\apache-tomcat-8.5.24\webapps\Servlet1]
11-Apr-2024 02:09:00.520 INFO [localhost-startStop-1] org.apache.jasper.servlet.TldScanner.scanJars At least one JAR was scanned for TLDs yet contained no TLDs. Enable debug logging for this logger for a complete list of JARs that were scanned but no TLDs were found in them. Skipping unneeded JARs during scanning can improve startup time and JSP compilation time.
11-Apr-2024 02:09:00.520 INFO [localhost-startStop-1] org.apache.catalina.startup.HostConfig.deployDirectory Deployment of web application directory [D:\JavaSQL\Java8\apache-tomcat-8.5.24\webapps\Servlet1] has finished in [17] ms
11-Apr-2024 02:09:00.520 INFO [localhost-startStop-1] org.apache.catalina.startup.HostConfig.deployDirectory Deploying web application directory [D:\JavaSQL\Java8\apache-tomcat-8.5.24\webapps\Servlet2]
11-Apr-2024 02:09:00.553 INFO [localhost-startStop-1] org.apache.jasper.servlet.TldScanner.scanJars At least one JAR was scanned for TLDs yet contained no TLDs. Enable debug logging for this logger for a complete list of JARs that were scanned but no TLDs were found in them. Skipping unneeded JARs during scanning can improve startup time and JSP compilation time.
11-Apr-2024 02:09:00.553 INFO [localhost-startStop-1] org.apache.catalina.startup.HostConfig.deployDirectory Deployment of web application directory [D:\JavaSQL\Java8\apache-tomcat-8.5.24\webapps\Servlet2] has finished in [33] ms
11-Apr-2024 02:09:00.553 INFO [localhost-startStop-1] org.apache.catalina.startup.HostConfig.deployDirectory Deploying web application directory [D:\JavaSQL\Java8\apache-tomcat-8.5.24\webapps\Servlet3]
11-Apr-2024 02:09:00.580 INFO [localhost-startStop-1] org.apache.jasper.servlet.TldScanner.scanJars At least one JAR was scanned for TLDs yet contained no TLDs. Enable debug logging for this logger for a complete list of JARs that were scanned but no TLDs were found in them. Skipping unneeded JARs during scanning can improve startup time and JSP compilation time.
11-Apr-2024 02:09:00.580 INFO [localhost-startStop-1] org.apache.catalina.startup.HostConfig.deployDirectory Deployment of web application directory [D:\JavaSQL\Java8\apache-tomcat-8.5.24\webapps\Servlet3] has finished in [27] ms
11-Apr-2024 02:09:00.583 INFO [localhost-startStop-1] org.apache.catalina.startup.HostConfig.deployDirectory Deploying web application directory [D:\JavaSQL\Java8\apache-tomcat-8.5.24\webapps\Servlet4]
11-Apr-2024 02:09:00.599 INFO [localhost-startStop-1] org.apache.jasper.servlet.TldScanner.scanJars At least one JAR was scanned for TLDs yet contained no TLDs. Enable debug logging for this logger for a complete list of JARs that were scanned but no TLDs were found in them. Skipping unneeded JARs during scanning can improve startup time and JSP compilation time.
11-Apr-2024 02:09:00.603 INFO [localhost-startStop-1] org.apache.catalina.startup.HostConfig.deployDirectory Deployment of web application directory [D:\JavaSQL\Java8\apache-tomcat-8.5.24\webapps\Servlet4] has finished in [20] ms
11-Apr-2024 02:09:00.603 INFO [localhost-startStop-1] org.apache.catalina.startup.HostConfig.deployDirectory Deploying web application directory [D:\JavaSQL\Java8\apache-tomcat-8.5.24\webapps\Pract8]
11-Apr-2024 02:09:00.620 INFO [localhost-startStop-1] org.apache.jasper.servlet.TldScanner.scanJars At least one JAR was scanned for TLDs yet contained no TLDs. Enable debug logging for this logger for a complete list of JARs that were scanned but no TLDs were found in them. Skipping unneeded JARs during scanning can improve startup time and JSP compilation time.
11-Apr-2024 02:09:00.620 INFO [localhost-startStop-1] org.apache.catalina.startup.HostConfig.deployDirectory Deployment of web application directory [D:\JavaSQL\Java8\apache-tomcat-8.5.24\webapps\Pract8] has finished in [17] ms
11-Apr-2024 02:09:00.620 INFO [localhost-startStop-1] org.apache.catalina.startup.HostConfig.deployDirectory Deploying web application directory [D:\JavaSQL\Java8\apache-tomcat-8.5.24\webapps\Entrega]
11-Apr-2024 02:09:00.650 INFO [localhost-startStop-1] org.apache.jasper.servlet.TldScanner.scanJars At least one JAR was scanned for TLDs yet contained no TLDs. Enable debug logging for this logger for a complete list of JARs that were scanned but no TLDs were found in them. Skipping unneeded JARs during scanning can improve startup time and JSP compilation time.
11-Apr-2024 02:09:00.653 INFO [localhost-startStop-1] org.apache.catalina.startup.HostConfig.deployDirectory Deployment of web application directory [D:\JavaSQL\Java8\apache-tomcat-8.5.24\webapps\Entrega] has finished in [33] ms
11-Apr-2024 02:09:00.653 INFO [localhost-startStop-1] org.apache.catalina.startup.HostConfig.deployDirectory Deploying web application directory [D:\JavaSQL\Java8\apache-tomcat-8.5.24\webapps\matrices8]
11-Apr-2024 02:09:00.670 INFO [localhost-startStop-1] org.apache.jasper.servlet.TldScanner.scanJars At least one JAR was scanned for TLDs yet contained no TLDs. Enable debug logging for this logger for a complete list of JARs that were scanned but no TLDs were found in them. Skipping unneeded JARs during scanning can improve startup time and JSP compilation time.
11-Apr-2024 02:09:00.670 INFO [localhost-startStop-1] org.apache.catalina.startup.HostConfig.deployDirectory Deployment of web application directory [D:\JavaSQL\Java8\apache-tomcat-8.5.24\webapps\matrices8] has finished in [17] ms
11-Apr-2024 02:09:00.670 INFO [localhost-startStop-1] org.apache.catalina.startup.HostConfig.deployDirectory Deploying web application directory [D:\JavaSQL\Java8\apache-tomcat-8.5.24\webapps\TD_E18]
11-Apr-2024 02:09:00.699 INFO [localhost-startStop-1] org.apache.jasper.servlet.TldScanner.scanJars At least one JAR was scanned for TLDs yet contained no TLDs. Enable debug logging for this logger for a complete list of JARs that were scanned but no TLDs were found in them. Skipping unneeded JARs during scanning can improve startup time and JSP compilation time.
11-Apr-2024 02:09:00.703 INFO [localhost-startStop-1] org.apache.catalina.startup.HostConfig.deployDirectory Deployment of web application directory [D:\JavaSQL\Java8\apache-tomcat-8.5.24\webapps\TD_E18] has finished in [33] ms
11-Apr-2024 02:09:00.703 INFO [localhost-startStop-1] org.apache.catalina.startup.HostConfig.deployDirectory Deploying web application directory [D:\JavaSQL\Java8\apache-tomcat-8.5.24\webapps\TB15]
11-Apr-2024 02:09:00.727 INFO [localhost-startStop-1] org.apache.jasper.servlet.TldScanner.scanJars At least one JAR was scanned for TLDs yet contained no TLDs. Enable debug logging for this logger for a complete list of JARs that were scanned but no TLDs were found in them. Skipping unneeded JARs during scanning can improve startup time and JSP compilation time.
11-Apr-2024 02:09:00.733 INFO [localhost-startStop-1] org.apache.catalina.startup.HostConfig.deployDirectory Deployment of web application directory [D:\JavaSQL\Java8\apache-tomcat-8.5.24\webapps\TB15] has finished in [30] ms
11-Apr-2024 02:09:00.733 INFO [localhost-startStop-1] org.apache.catalina.startup.HostConfig.deployDirectory Deploying web application directory [D:\JavaSQL\Java8\apache-tomcat-8.5.24\webapps\S2]
11-Apr-2024 02:09:00.750 INFO [localhost-startStop-1] org.apache.jasper.servlet.TldScanner.scanJars At least one JAR was scanned for TLDs yet contained no TLDs. Enable debug logging for this logger for a complete list of JARs that were scanned but no TLDs were found in them. Skipping unneeded JARs during scanning can improve startup time and JSP compilation time.
11-Apr-2024 02:09:00.752 INFO [localhost-startStop-1] org.apache.catalina.startup.HostConfig.deployDirectory Deployment of web application directory [D:\JavaSQL\Java8\apache-tomcat-8.5.24\webapps\S2] has finished in [19] ms
11-Apr-2024 02:09:00.752 INFO [localhost-startStop-1] org.apache.catalina.startup.HostConfig.deployDirectory Deploying web application directory [D:\JavaSQL\Java8\apache-tomcat-8.5.24\webapps\mock1]
11-Apr-2024 02:09:00.789 INFO [localhost-startStop-1] org.apache.jasper.servlet.TldScanner.scanJars At least one JAR was scanned for TLDs yet contained no TLDs. Enable debug logging for this logger for a complete list of JARs that were scanned but no TLDs were found in them. Skipping unneeded JARs during scanning can improve startup time and JSP compilation time.
11-Apr-2024 02:09:00.789 INFO [localhost-startStop-1] org.apache.catalina.startup.HostConfig.deployDirectory Deployment of web application directory [D:\JavaSQL\Java8\apache-tomcat-8.5.24\webapps\mock1] has finished in [37] ms
11-Apr-2024 02:09:00.797 INFO [localhost-startStop-1] org.apache.catalina.startup.HostConfig.deployDirectory Deploying web application directory [D:\JavaSQL\Java8\apache-tomcat-8.5.24\webapps\mock2]
11-Apr-2024 02:09:00.835 INFO [localhost-startStop-1] org.apache.jasper.servlet.TldScanner.scanJars At least one JAR was scanned for TLDs yet contained no TLDs. Enable debug logging for this logger for a complete list of JARs that were scanned but no TLDs were found in them. Skipping unneeded JARs during scanning can improve startup time and JSP compilation time.
11-Apr-2024 02:09:00.845 INFO [localhost-startStop-1] org.apache.catalina.startup.HostConfig.deployDirectory Deployment of web application directory [D:\JavaSQL\Java8\apache-tomcat-8.5.24\webapps\mock2] has finished in [48] ms
11-Apr-2024 02:09:00.845 INFO [main] org.apache.coyote.AbstractProtocol.start Starting ProtocolHandler ["http-nio-8082"]
11-Apr-2024 02:09:00.854 INFO [main] org.apache.coyote.AbstractProtocol.start Starting ProtocolHandler ["ajp-nio-8009"]
11-Apr-2024 02:09:00.854 INFO [main] org.apache.catalina.startup.Catalina.start Server startup in 797 ms
11-Apr-2024 02:10:31.161 INFO [main] org.apache.catalina.core.StandardServer.await A valid shutdown command was received via the shutdown port. Stopping the Server instance.
11-Apr-2024 02:10:31.161 INFO [main] org.apache.coyote.AbstractProtocol.pause Pausing ProtocolHandler ["http-nio-8082"]
11-Apr-2024 02:10:31.633 INFO [main] org.apache.coyote.AbstractProtocol.pause Pausing ProtocolHandler ["ajp-nio-8009"]
11-Apr-2024 02:10:32.090 INFO [main] org.apache.catalina.core.StandardService.stopInternal Stopping service [Catalina]
11-Apr-2024 02:10:32.170 INFO [main] org.apache.coyote.AbstractProtocol.stop Stopping ProtocolHandler ["http-nio-8082"]
11-Apr-2024 02:10:32.170 INFO [main] org.apache.coyote.AbstractProtocol.stop Stopping ProtocolHandler ["ajp-nio-8009"]
11-Apr-2024 02:10:32.170 INFO [main] org.apache.coyote.AbstractProtocol.destroy Destroying ProtocolHandler ["http-nio-8082"]
11-Apr-2024 02:10:32.186 INFO [main] org.apache.coyote.AbstractProtocol.destroy Destroying ProtocolHandler ["ajp-nio-8009"]
11-Apr-2024 02:10:34.869 INFO [main] org.apache.catalina.startup.VersionLoggerListener.log Server version:        Apache Tomcat/8.5.24
11-Apr-2024 02:10:34.869 INFO [main] org.apache.catalina.startup.VersionLoggerListener.log Server built:          Nov 27 2017 13:05:30 UTC
11-Apr-2024 02:10:34.869 INFO [main] org.apache.catalina.startup.VersionLoggerListener.log Server number:         8.5.24.0
11-Apr-2024 02:10:34.869 INFO [main] org.apache.catalina.startup.VersionLoggerListener.log OS Name:               Windows 10
11-Apr-2024 02:10:34.869 INFO [main] org.apache.catalina.startup.VersionLoggerListener.log OS Version:            10.0
11-Apr-2024 02:10:34.869 INFO [main] org.apache.catalina.startup.VersionLoggerListener.log Architecture:          x86
11-Apr-2024 02:10:34.869 INFO [main] org.apache.catalina.startup.VersionLoggerListener.log Java Home:             D:\JavaSQL\Java8\jdk1.8.0_131\jre
11-Apr-2024 02:10:34.869 INFO [main] org.apache.catalina.startup.VersionLoggerListener.log JVM Version:           1.8.0_131-b11
11-Apr-2024 02:10:34.869 INFO [main] org.apache.catalina.startup.VersionLoggerListener.log JVM Vendor:            Oracle Corporation
11-Apr-2024 02:10:34.869 INFO [main] org.apache.catalina.startup.VersionLoggerListener.log CATALINA_BASE:         D:\JavaSQL\Java8\apache-tomcat-8.5.24
11-Apr-2024 02:10:34.869 INFO [main] org.apache.catalina.startup.VersionLoggerListener.log CATALINA_HOME:         D:\JavaSQL\Java8\apache-tomcat-8.5.24
11-Apr-2024 02:10:34.869 INFO [main] org.apache.catalina.startup.VersionLoggerListener.log Command line argument: -Djava.util.logging.config.file=D:\JavaSQL\Java8\apache-tomcat-8.5.24\conf\logging.properties
11-Apr-2024 02:10:34.869 INFO [main] org.apache.catalina.startup.VersionLoggerListener.log Command line argument: -Djava.util.logging.manager=org.apache.juli.ClassLoaderLogManager
11-Apr-2024 02:10:34.869 INFO [main] org.apache.catalina.startup.VersionLoggerListener.log Command line argument: -Djdk.tls.ephemeralDHKeySize=2048
11-Apr-2024 02:10:34.869 INFO [main] org.apache.catalina.startup.VersionLoggerListener.log Command line argument: -Djava.protocol.handler.pkgs=org.apache.catalina.webresources
11-Apr-2024 02:10:34.869 INFO [main] org.apache.catalina.startup.VersionLoggerListener.log Command line argument: -Dignore.endorsed.dirs=
11-Apr-2024 02:10:34.869 INFO [main] org.apache.catalina.startup.VersionLoggerListener.log Command line argument: -Dcatalina.base=D:\JavaSQL\Java8\apache-tomcat-8.5.24
11-Apr-2024 02:10:34.869 INFO [main] org.apache.catalina.startup.VersionLoggerListener.log Command line argument: -Dcatalina.home=D:\JavaSQL\Java8\apache-tomcat-8.5.24
11-Apr-2024 02:10:34.869 INFO [main] org.apache.catalina.startup.VersionLoggerListener.log Command line argument: -Djava.io.tmpdir=D:\JavaSQL\Java8\apache-tomcat-8.5.24\temp
11-Apr-2024 02:10:34.869 INFO [main] org.apache.catalina.core.AprLifecycleListener.lifecycleEvent The APR based Apache Tomcat Native library which allows optimal performance in production environments was not found on the java.library.path: [D:\JavaSQL\Java8\jdk1.8.0_131\bin;C:\WINDOWS\Sun\Java\bin;C:\WINDOWS\system32;C:\WINDOWS;D:\JavaSQL\Java8\jdk1.8.0_131\bin;D:\JavaSQL\Java8\jdk1.8.0_131\db\bin;D:\JavaSQL\Java8\squirrelsql-4.0.0-standard;D:\JavaSQL\Java8\apache-tomcat-8.5.24\bin;C:\WINDOWS\system32;C:\WINDOWS;C:\WINDOWS\System32\Wbem;C:\WINDOWS\System32\WindowsPowerShell\v1.0\;C:\WINDOWS\System32\OpenSSH\;C:\Program Files\dotnet\;C:\Users\Aldoa\Desktop\Infor\bin;C:\Users\Aldoa\AppData\Local\Microsoft\WindowsApps;;.]
11-Apr-2024 02:10:34.951 INFO [main] org.apache.coyote.AbstractProtocol.init Initializing ProtocolHandler ["http-nio-8082"]
11-Apr-2024 02:10:35.155 INFO [main] org.apache.tomcat.util.net.NioSelectorPool.getSharedSelector Using a shared selector for servlet write/read
11-Apr-2024 02:10:35.155 INFO [main] org.apache.coyote.AbstractProtocol.init Initializing ProtocolHandler ["ajp-nio-8009"]
11-Apr-2024 02:10:35.155 INFO [main] org.apache.tomcat.util.net.NioSelectorPool.getSharedSelector Using a shared selector for servlet write/read
11-Apr-2024 02:10:35.155 INFO [main] org.apache.catalina.startup.Catalina.load Initialization processed in 501 ms
11-Apr-2024 02:10:35.186 INFO [main] org.apache.catalina.core.StandardService.startInternal Starting service [Catalina]
11-Apr-2024 02:10:35.186 INFO [main] org.apache.catalina.core.StandardEngine.startInternal Starting Servlet Engine: Apache Tomcat/8.5.24
11-Apr-2024 02:10:35.201 INFO [localhost-startStop-1] org.apache.catalina.startup.HostConfig.deployDirectory Deploying web application directory [D:\JavaSQL\Java8\apache-tomcat-8.5.24\webapps\docs]
11-Apr-2024 02:10:35.359 INFO [localhost-startStop-1] org.apache.jasper.servlet.TldScanner.scanJars At least one JAR was scanned for TLDs yet contained no TLDs. Enable debug logging for this logger for a complete list of JARs that were scanned but no TLDs were found in them. Skipping unneeded JARs during scanning can improve startup time and JSP compilation time.
11-Apr-2024 02:10:35.391 INFO [localhost-startStop-1] org.apache.catalina.startup.HostConfig.deployDirectory Deployment of web application directory [D:\JavaSQL\Java8\apache-tomcat-8.5.24\webapps\docs] has finished in [190] ms
11-Apr-2024 02:10:35.407 INFO [localhost-startStop-1] org.apache.catalina.startup.HostConfig.deployDirectory Deploying web application directory [D:\JavaSQL\Java8\apache-tomcat-8.5.24\webapps\examples]
11-Apr-2024 02:10:35.583 INFO [localhost-startStop-1] org.apache.jasper.servlet.TldScanner.scanJars At least one JAR was scanned for TLDs yet contained no TLDs. Enable debug logging for this logger for a complete list of JARs that were scanned but no TLDs were found in them. Skipping unneeded JARs during scanning can improve startup time and JSP compilation time.
11-Apr-2024 02:10:35.613 INFO [localhost-startStop-1] org.apache.catalina.startup.HostConfig.deployDirectory Deployment of web application directory [D:\JavaSQL\Java8\apache-tomcat-8.5.24\webapps\examples] has finished in [222] ms
11-Apr-2024 02:10:35.613 INFO [localhost-startStop-1] org.apache.catalina.startup.HostConfig.deployDirectory Deploying web application directory [D:\JavaSQL\Java8\apache-tomcat-8.5.24\webapps\host-manager]
11-Apr-2024 02:10:35.638 INFO [localhost-startStop-1] org.apache.jasper.servlet.TldScanner.scanJars At least one JAR was scanned for TLDs yet contained no TLDs. Enable debug logging for this logger for a complete list of JARs that were scanned but no TLDs were found in them. Skipping unneeded JARs during scanning can improve startup time and JSP compilation time.
11-Apr-2024 02:10:35.644 INFO [localhost-startStop-1] org.apache.catalina.startup.HostConfig.deployDirectory Deployment of web application directory [D:\JavaSQL\Java8\apache-tomcat-8.5.24\webapps\host-manager] has finished in [31] ms
11-Apr-2024 02:10:35.644 INFO [localhost-startStop-1] org.apache.catalina.startup.HostConfig.deployDirectory Deploying web application directory [D:\JavaSQL\Java8\apache-tomcat-8.5.24\webapps\ROOT]
11-Apr-2024 02:10:35.659 INFO [localhost-startStop-1] org.apache.jasper.servlet.TldScanner.scanJars At least one JAR was scanned for TLDs yet contained no TLDs. Enable debug logging for this logger for a complete list of JARs that were scanned but no TLDs were found in them. Skipping unneeded JARs during scanning can improve startup time and JSP compilation time.
11-Apr-2024 02:10:35.659 INFO [localhost-startStop-1] org.apache.catalina.startup.HostConfig.deployDirectory Deployment of web application directory [D:\JavaSQL\Java8\apache-tomcat-8.5.24\webapps\ROOT] has finished in [15] ms
11-Apr-2024 02:10:35.659 INFO [localhost-startStop-1] org.apache.catalina.startup.HostConfig.deployDirectory Deploying web application directory [D:\JavaSQL\Java8\apache-tomcat-8.5.24\webapps\SQLServer]
11-Apr-2024 02:10:35.685 INFO [localhost-startStop-1] org.apache.jasper.servlet.TldScanner.scanJars At least one JAR was scanned for TLDs yet contained no TLDs. Enable debug logging for this logger for a complete list of JARs that were scanned but no TLDs were found in them. Skipping unneeded JARs during scanning can improve startup time and JSP compilation time.
11-Apr-2024 02:10:35.685 INFO [localhost-startStop-1] org.apache.catalina.startup.HostConfig.deployDirectory Deployment of web application directory [D:\JavaSQL\Java8\apache-tomcat-8.5.24\webapps\SQLServer] has finished in [26] ms
11-Apr-2024 02:10:35.685 INFO [localhost-startStop-1] org.apache.catalina.startup.HostConfig.deployDirectory Deploying web application directory [D:\JavaSQL\Java8\apache-tomcat-8.5.24\webapps\Servlet1]
11-Apr-2024 02:10:35.700 INFO [localhost-startStop-1] org.apache.jasper.servlet.TldScanner.scanJars At least one JAR was scanned for TLDs yet contained no TLDs. Enable debug logging for this logger for a complete list of JARs that were scanned but no TLDs were found in them. Skipping unneeded JARs during scanning can improve startup time and JSP compilation time.
11-Apr-2024 02:10:35.700 INFO [localhost-startStop-1] org.apache.catalina.startup.HostConfig.deployDirectory Deployment of web application directory [D:\JavaSQL\Java8\apache-tomcat-8.5.24\webapps\Servlet1] has finished in [15] ms
11-Apr-2024 02:10:35.700 INFO [localhost-startStop-1] org.apache.catalina.startup.HostConfig.deployDirectory Deploying web application directory [D:\JavaSQL\Java8\apache-tomcat-8.5.24\webapps\Servlet2]
11-Apr-2024 02:10:35.729 INFO [localhost-startStop-1] org.apache.jasper.servlet.TldScanner.scanJars At least one JAR was scanned for TLDs yet contained no TLDs. Enable debug logging for this logger for a complete list of JARs that were scanned but no TLDs were found in them. Skipping unneeded JARs during scanning can improve startup time and JSP compilation time.
11-Apr-2024 02:10:35.735 INFO [localhost-startStop-1] org.apache.catalina.startup.HostConfig.deployDirectory Deployment of web application directory [D:\JavaSQL\Java8\apache-tomcat-8.5.24\webapps\Servlet2] has finished in [35] ms
11-Apr-2024 02:10:35.735 INFO [localhost-startStop-1] org.apache.catalina.startup.HostConfig.deployDirectory Deploying web application directory [D:\JavaSQL\Java8\apache-tomcat-8.5.24\webapps\Servlet3]
11-Apr-2024 02:10:35.753 INFO [localhost-startStop-1] org.apache.jasper.servlet.TldScanner.scanJars At least one JAR was scanned for TLDs yet contained no TLDs. Enable debug logging for this logger for a complete list of JARs that were scanned but no TLDs were found in them. Skipping unneeded JARs during scanning can improve startup time and JSP compilation time.
11-Apr-2024 02:10:35.753 INFO [localhost-startStop-1] org.apache.catalina.startup.HostConfig.deployDirectory Deployment of web application directory [D:\JavaSQL\Java8\apache-tomcat-8.5.24\webapps\Servlet3] has finished in [18] ms
11-Apr-2024 02:10:35.753 INFO [localhost-startStop-1] org.apache.catalina.startup.HostConfig.deployDirectory Deploying web application directory [D:\JavaSQL\Java8\apache-tomcat-8.5.24\webapps\Servlet4]
11-Apr-2024 02:10:35.767 INFO [localhost-startStop-1] org.apache.jasper.servlet.TldScanner.scanJars At least one JAR was scanned for TLDs yet contained no TLDs. Enable debug logging for this logger for a complete list of JARs that were scanned but no TLDs were found in them. Skipping unneeded JARs during scanning can improve startup time and JSP compilation time.
11-Apr-2024 02:10:35.767 INFO [localhost-startStop-1] org.apache.catalina.startup.HostConfig.deployDirectory Deployment of web application directory [D:\JavaSQL\Java8\apache-tomcat-8.5.24\webapps\Servlet4] has finished in [14] ms
11-Apr-2024 02:10:35.767 INFO [localhost-startStop-1] org.apache.catalina.startup.HostConfig.deployDirectory Deploying web application directory [D:\JavaSQL\Java8\apache-tomcat-8.5.24\webapps\Pract8]
11-Apr-2024 02:10:35.800 INFO [localhost-startStop-1] org.apache.jasper.servlet.TldScanner.scanJars At least one JAR was scanned for TLDs yet contained no TLDs. Enable debug logging for this logger for a complete list of JARs that were scanned but no TLDs were found in them. Skipping unneeded JARs during scanning can improve startup time and JSP compilation time.
11-Apr-2024 02:10:35.800 INFO [localhost-startStop-1] org.apache.catalina.startup.HostConfig.deployDirectory Deployment of web application directory [D:\JavaSQL\Java8\apache-tomcat-8.5.24\webapps\Pract8] has finished in [33] ms
11-Apr-2024 02:10:35.800 INFO [localhost-startStop-1] org.apache.catalina.startup.HostConfig.deployDirectory Deploying web application directory [D:\JavaSQL\Java8\apache-tomcat-8.5.24\webapps\Entrega]
11-Apr-2024 02:10:35.828 INFO [localhost-startStop-1] org.apache.jasper.servlet.TldScanner.scanJars At least one JAR was scanned for TLDs yet contained no TLDs. Enable debug logging for this logger for a complete list of JARs that were scanned but no TLDs were found in them. Skipping unneeded JARs during scanning can improve startup time and JSP compilation time.
11-Apr-2024 02:10:35.829 INFO [localhost-startStop-1] org.apache.catalina.startup.HostConfig.deployDirectory Deployment of web application directory [D:\JavaSQL\Java8\apache-tomcat-8.5.24\webapps\Entrega] has finished in [29] ms
11-Apr-2024 02:10:35.829 INFO [localhost-startStop-1] org.apache.catalina.startup.HostConfig.deployDirectory Deploying web application directory [D:\JavaSQL\Java8\apache-tomcat-8.5.24\webapps\matrices8]
11-Apr-2024 02:10:35.853 INFO [localhost-startStop-1] org.apache.jasper.servlet.TldScanner.scanJars At least one JAR was scanned for TLDs yet contained no TLDs. Enable debug logging for this logger for a complete list of JARs that were scanned but no TLDs were found in them. Skipping unneeded JARs during scanning can improve startup time and JSP compilation time.
11-Apr-2024 02:10:35.855 INFO [localhost-startStop-1] org.apache.catalina.startup.HostConfig.deployDirectory Deployment of web application directory [D:\JavaSQL\Java8\apache-tomcat-8.5.24\webapps\matrices8] has finished in [26] ms
11-Apr-2024 02:10:35.855 INFO [localhost-startStop-1] org.apache.catalina.startup.HostConfig.deployDirectory Deploying web application directory [D:\JavaSQL\Java8\apache-tomcat-8.5.24\webapps\TD_E18]
11-Apr-2024 02:10:35.879 INFO [localhost-startStop-1] org.apache.jasper.servlet.TldScanner.scanJars At least one JAR was scanned for TLDs yet contained no TLDs. Enable debug logging for this logger for a complete list of JARs that were scanned but no TLDs were found in them. Skipping unneeded JARs during scanning can improve startup time and JSP compilation time.
11-Apr-2024 02:10:35.879 INFO [localhost-startStop-1] org.apache.catalina.startup.HostConfig.deployDirectory Deployment of web application directory [D:\JavaSQL\Java8\apache-tomcat-8.5.24\webapps\TD_E18] has finished in [24] ms
11-Apr-2024 02:10:35.879 INFO [localhost-startStop-1] org.apache.catalina.startup.HostConfig.deployDirectory Deploying web application directory [D:\JavaSQL\Java8\apache-tomcat-8.5.24\webapps\TB15]
11-Apr-2024 02:10:35.905 INFO [localhost-startStop-1] org.apache.jasper.servlet.TldScanner.scanJars At least one JAR was scanned for TLDs yet contained no TLDs. Enable debug logging for this logger for a complete list of JARs that were scanned but no TLDs were found in them. Skipping unneeded JARs during scanning can improve startup time and JSP compilation time.
11-Apr-2024 02:10:35.914 INFO [localhost-startStop-1] org.apache.catalina.startup.HostConfig.deployDirectory Deployment of web application directory [D:\JavaSQL\Java8\apache-tomcat-8.5.24\webapps\TB15] has finished in [35] ms
11-Apr-2024 02:10:35.914 INFO [localhost-startStop-1] org.apache.catalina.startup.HostConfig.deployDirectory Deploying web application directory [D:\JavaSQL\Java8\apache-tomcat-8.5.24\webapps\S2]
11-Apr-2024 02:10:35.930 INFO [localhost-startStop-1] org.apache.jasper.servlet.TldScanner.scanJars At least one JAR was scanned for TLDs yet contained no TLDs. Enable debug logging for this logger for a complete list of JARs that were scanned but no TLDs were found in them. Skipping unneeded JARs during scanning can improve startup time and JSP compilation time.
11-Apr-2024 02:10:35.930 INFO [localhost-startStop-1] org.apache.catalina.startup.HostConfig.deployDirectory Deployment of web application directory [D:\JavaSQL\Java8\apache-tomcat-8.5.24\webapps\S2] has finished in [16] ms
11-Apr-2024 02:10:35.935 INFO [localhost-startStop-1] org.apache.catalina.startup.HostConfig.deployDirectory Deploying web application directory [D:\JavaSQL\Java8\apache-tomcat-8.5.24\webapps\mock1]
11-Apr-2024 02:10:35.965 INFO [localhost-startStop-1] org.apache.jasper.servlet.TldScanner.scanJars At least one JAR was scanned for TLDs yet contained no TLDs. Enable debug logging for this logger for a complete list of JARs that were scanned but no TLDs were found in them. Skipping unneeded JARs during scanning can improve startup time and JSP compilation time.
11-Apr-2024 02:10:35.965 INFO [localhost-startStop-1] org.apache.catalina.startup.HostConfig.deployDirectory Deployment of web application directory [D:\JavaSQL\Java8\apache-tomcat-8.5.24\webapps\mock1] has finished in [30] ms
11-Apr-2024 02:10:35.965 INFO [localhost-startStop-1] org.apache.catalina.startup.HostConfig.deployDirectory Deploying web application directory [D:\JavaSQL\Java8\apache-tomcat-8.5.24\webapps\mock2]
11-Apr-2024 02:10:36.013 INFO [localhost-startStop-1] org.apache.jasper.servlet.TldScanner.scanJars At least one JAR was scanned for TLDs yet contained no TLDs. Enable debug logging for this logger for a complete list of JARs that were scanned but no TLDs were found in them. Skipping unneeded JARs during scanning can improve startup time and JSP compilation time.
11-Apr-2024 02:10:36.016 INFO [localhost-startStop-1] org.apache.catalina.startup.HostConfig.deployDirectory Deployment of web application directory [D:\JavaSQL\Java8\apache-tomcat-8.5.24\webapps\mock2] has finished in [51] ms
11-Apr-2024 02:10:36.016 INFO [main] org.apache.coyote.AbstractProtocol.start Starting ProtocolHandler ["http-nio-8082"]
11-Apr-2024 02:10:36.029 INFO [main] org.apache.coyote.AbstractProtocol.start Starting ProtocolHandler ["ajp-nio-8009"]
11-Apr-2024 02:10:36.030 INFO [main] org.apache.catalina.startup.Catalina.start Server startup in 863 ms
11-Apr-2024 02:12:41.101 INFO [main] org.apache.catalina.core.StandardServer.await A valid shutdown command was received via the shutdown port. Stopping the Server instance.
11-Apr-2024 02:12:41.101 INFO [main] org.apache.coyote.AbstractProtocol.pause Pausing ProtocolHandler ["http-nio-8082"]
11-Apr-2024 02:12:41.588 INFO [main] org.apache.coyote.AbstractProtocol.pause Pausing ProtocolHandler ["ajp-nio-8009"]
11-Apr-2024 02:12:41.946 INFO [main] org.apache.catalina.core.StandardService.stopInternal Stopping service [Catalina]
11-Apr-2024 02:12:42.025 INFO [main] org.apache.coyote.AbstractProtocol.stop Stopping ProtocolHandler ["http-nio-8082"]
11-Apr-2024 02:12:42.025 INFO [main] org.apache.coyote.AbstractProtocol.stop Stopping ProtocolHandler ["ajp-nio-8009"]
11-Apr-2024 02:12:42.025 INFO [main] org.apache.coyote.AbstractProtocol.destroy Destroying ProtocolHandler ["http-nio-8082"]
11-Apr-2024 02:12:42.025 INFO [main] org.apache.coyote.AbstractProtocol.destroy Destroying ProtocolHandler ["ajp-nio-8009"]
11-Apr-2024 02:12:43.576 INFO [main] org.apache.catalina.startup.VersionLoggerListener.log Server version:        Apache Tomcat/8.5.24
11-Apr-2024 02:12:43.576 INFO [main] org.apache.catalina.startup.VersionLoggerListener.log Server built:          Nov 27 2017 13:05:30 UTC
11-Apr-2024 02:12:43.576 INFO [main] org.apache.catalina.startup.VersionLoggerListener.log Server number:         8.5.24.0
11-Apr-2024 02:12:43.576 INFO [main] org.apache.catalina.startup.VersionLoggerListener.log OS Name:               Windows 10
11-Apr-2024 02:12:43.576 INFO [main] org.apache.catalina.startup.VersionLoggerListener.log OS Version:            10.0
11-Apr-2024 02:12:43.576 INFO [main] org.apache.catalina.startup.VersionLoggerListener.log Architecture:          x86
11-Apr-2024 02:12:43.576 INFO [main] org.apache.catalina.startup.VersionLoggerListener.log Java Home:             D:\JavaSQL\Java8\jdk1.8.0_131\jre
11-Apr-2024 02:12:43.576 INFO [main] org.apache.catalina.startup.VersionLoggerListener.log JVM Version:           1.8.0_131-b11
11-Apr-2024 02:12:43.576 INFO [main] org.apache.catalina.startup.VersionLoggerListener.log JVM Vendor:            Oracle Corporation
11-Apr-2024 02:12:43.576 INFO [main] org.apache.catalina.startup.VersionLoggerListener.log CATALINA_BASE:         D:\JavaSQL\Java8\apache-tomcat-8.5.24
11-Apr-2024 02:12:43.592 INFO [main] org.apache.catalina.startup.VersionLoggerListener.log CATALINA_HOME:         D:\JavaSQL\Java8\apache-tomcat-8.5.24
11-Apr-2024 02:12:43.592 INFO [main] org.apache.catalina.startup.VersionLoggerListener.log Command line argument: -Djava.util.logging.config.file=D:\JavaSQL\Java8\apache-tomcat-8.5.24\conf\logging.properties
11-Apr-2024 02:12:43.592 INFO [main] org.apache.catalina.startup.VersionLoggerListener.log Command line argument: -Djava.util.logging.manager=org.apache.juli.ClassLoaderLogManager
11-Apr-2024 02:12:43.592 INFO [main] org.apache.catalina.startup.VersionLoggerListener.log Command line argument: -Djdk.tls.ephemeralDHKeySize=2048
11-Apr-2024 02:12:43.592 INFO [main] org.apache.catalina.startup.VersionLoggerListener.log Command line argument: -Djava.protocol.handler.pkgs=org.apache.catalina.webresources
11-Apr-2024 02:12:43.592 INFO [main] org.apache.catalina.startup.VersionLoggerListener.log Command line argument: -Dignore.endorsed.dirs=
11-Apr-2024 02:12:43.592 INFO [main] org.apache.catalina.startup.VersionLoggerListener.log Command line argument: -Dcatalina.base=D:\JavaSQL\Java8\apache-tomcat-8.5.24
11-Apr-2024 02:12:43.592 INFO [main] org.apache.catalina.startup.VersionLoggerListener.log Command line argument: -Dcatalina.home=D:\JavaSQL\Java8\apache-tomcat-8.5.24
11-Apr-2024 02:12:43.592 INFO [main] org.apache.catalina.startup.VersionLoggerListener.log Command line argument: -Djava.io.tmpdir=D:\JavaSQL\Java8\apache-tomcat-8.5.24\temp
11-Apr-2024 02:12:43.592 INFO [main] org.apache.catalina.core.AprLifecycleListener.lifecycleEvent The APR based Apache Tomcat Native library which allows optimal performance in production environments was not found on the java.library.path: [D:\JavaSQL\Java8\jdk1.8.0_131\bin;C:\WINDOWS\Sun\Java\bin;C:\WINDOWS\system32;C:\WINDOWS;D:\JavaSQL\Java8\jdk1.8.0_131\bin;D:\JavaSQL\Java8\jdk1.8.0_131\db\bin;D:\JavaSQL\Java8\squirrelsql-4.0.0-standard;D:\JavaSQL\Java8\apache-tomcat-8.5.24\bin;C:\WINDOWS\system32;C:\WINDOWS;C:\WINDOWS\System32\Wbem;C:\WINDOWS\System32\WindowsPowerShell\v1.0\;C:\WINDOWS\System32\OpenSSH\;C:\Program Files\dotnet\;C:\Users\Aldoa\Desktop\Infor\bin;C:\Users\Aldoa\AppData\Local\Microsoft\WindowsApps;;.]
11-Apr-2024 02:12:43.655 INFO [main] org.apache.coyote.AbstractProtocol.init Initializing ProtocolHandler ["http-nio-8082"]
11-Apr-2024 02:12:43.876 INFO [main] org.apache.tomcat.util.net.NioSelectorPool.getSharedSelector Using a shared selector for servlet write/read
11-Apr-2024 02:12:43.876 INFO [main] org.apache.coyote.AbstractProtocol.init Initializing ProtocolHandler ["ajp-nio-8009"]
11-Apr-2024 02:12:43.876 INFO [main] org.apache.tomcat.util.net.NioSelectorPool.getSharedSelector Using a shared selector for servlet write/read
11-Apr-2024 02:12:43.876 INFO [main] org.apache.catalina.startup.Catalina.load Initialization processed in 491 ms
11-Apr-2024 02:12:43.892 INFO [main] org.apache.catalina.core.StandardService.startInternal Starting service [Catalina]
11-Apr-2024 02:12:43.892 INFO [main] org.apache.catalina.core.StandardEngine.startInternal Starting Servlet Engine: Apache Tomcat/8.5.24
11-Apr-2024 02:12:43.905 INFO [localhost-startStop-1] org.apache.catalina.startup.HostConfig.deployDirectory Deploying web application directory [D:\JavaSQL\Java8\apache-tomcat-8.5.24\webapps\docs]
11-Apr-2024 02:12:44.077 INFO [localhost-startStop-1] org.apache.jasper.servlet.TldScanner.scanJars At least one JAR was scanned for TLDs yet contained no TLDs. Enable debug logging for this logger for a complete list of JARs that were scanned but no TLDs were found in them. Skipping unneeded JARs during scanning can improve startup time and JSP compilation time.
11-Apr-2024 02:12:44.119 INFO [localhost-startStop-1] org.apache.catalina.startup.HostConfig.deployDirectory Deployment of web application directory [D:\JavaSQL\Java8\apache-tomcat-8.5.24\webapps\docs] has finished in [214] ms
11-Apr-2024 02:12:44.120 INFO [localhost-startStop-1] org.apache.catalina.startup.HostConfig.deployDirectory Deploying web application directory [D:\JavaSQL\Java8\apache-tomcat-8.5.24\webapps\examples]
11-Apr-2024 02:12:44.275 INFO [localhost-startStop-1] org.apache.jasper.servlet.TldScanner.scanJars At least one JAR was scanned for TLDs yet contained no TLDs. Enable debug logging for this logger for a complete list of JARs that were scanned but no TLDs were found in them. Skipping unneeded JARs during scanning can improve startup time and JSP compilation time.
11-Apr-2024 02:12:44.305 INFO [localhost-startStop-1] org.apache.catalina.startup.HostConfig.deployDirectory Deployment of web application directory [D:\JavaSQL\Java8\apache-tomcat-8.5.24\webapps\examples] has finished in [185] ms
11-Apr-2024 02:12:44.305 INFO [localhost-startStop-1] org.apache.catalina.startup.HostConfig.deployDirectory Deploying web application directory [D:\JavaSQL\Java8\apache-tomcat-8.5.24\webapps\host-manager]
11-Apr-2024 02:12:44.338 INFO [localhost-startStop-1] org.apache.jasper.servlet.TldScanner.scanJars At least one JAR was scanned for TLDs yet contained no TLDs. Enable debug logging for this logger for a complete list of JARs that were scanned but no TLDs were found in them. Skipping unneeded JARs during scanning can improve startup time and JSP compilation time.
11-Apr-2024 02:12:44.345 INFO [localhost-startStop-1] org.apache.catalina.startup.HostConfig.deployDirectory Deployment of web application directory [D:\JavaSQL\Java8\apache-tomcat-8.5.24\webapps\host-manager] has finished in [40] ms
11-Apr-2024 02:12:44.345 INFO [localhost-startStop-1] org.apache.catalina.startup.HostConfig.deployDirectory Deploying web application directory [D:\JavaSQL\Java8\apache-tomcat-8.5.24\webapps\ROOT]
11-Apr-2024 02:12:44.361 INFO [localhost-startStop-1] org.apache.jasper.servlet.TldScanner.scanJars At least one JAR was scanned for TLDs yet contained no TLDs. Enable debug logging for this logger for a complete list of JARs that were scanned but no TLDs were found in them. Skipping unneeded JARs during scanning can improve startup time and JSP compilation time.
11-Apr-2024 02:12:44.361 INFO [localhost-startStop-1] org.apache.catalina.startup.HostConfig.deployDirectory Deployment of web application directory [D:\JavaSQL\Java8\apache-tomcat-8.5.24\webapps\ROOT] has finished in [16] ms
11-Apr-2024 02:12:44.361 INFO [localhost-startStop-1] org.apache.catalina.startup.HostConfig.deployDirectory Deploying web application directory [D:\JavaSQL\Java8\apache-tomcat-8.5.24\webapps\SQLServer]
11-Apr-2024 02:12:44.386 INFO [localhost-startStop-1] org.apache.jasper.servlet.TldScanner.scanJars At least one JAR was scanned for TLDs yet contained no TLDs. Enable debug logging for this logger for a complete list of JARs that were scanned but no TLDs were found in them. Skipping unneeded JARs during scanning can improve startup time and JSP compilation time.
11-Apr-2024 02:12:44.386 INFO [localhost-startStop-1] org.apache.catalina.startup.HostConfig.deployDirectory Deployment of web application directory [D:\JavaSQL\Java8\apache-tomcat-8.5.24\webapps\SQLServer] has finished in [25] ms
11-Apr-2024 02:12:44.386 INFO [localhost-startStop-1] org.apache.catalina.startup.HostConfig.deployDirectory Deploying web application directory [D:\JavaSQL\Java8\apache-tomcat-8.5.24\webapps\Servlet1]
11-Apr-2024 02:12:44.405 INFO [localhost-startStop-1] org.apache.jasper.servlet.TldScanner.scanJars At least one JAR was scanned for TLDs yet contained no TLDs. Enable debug logging for this logger for a complete list of JARs that were scanned but no TLDs were found in them. Skipping unneeded JARs during scanning can improve startup time and JSP compilation time.
11-Apr-2024 02:12:44.405 INFO [localhost-startStop-1] org.apache.catalina.startup.HostConfig.deployDirectory Deployment of web application directory [D:\JavaSQL\Java8\apache-tomcat-8.5.24\webapps\Servlet1] has finished in [19] ms
11-Apr-2024 02:12:44.405 INFO [localhost-startStop-1] org.apache.catalina.startup.HostConfig.deployDirectory Deploying web application directory [D:\JavaSQL\Java8\apache-tomcat-8.5.24\webapps\Servlet2]
11-Apr-2024 02:12:44.425 INFO [localhost-startStop-1] org.apache.jasper.servlet.TldScanner.scanJars At least one JAR was scanned for TLDs yet contained no TLDs. Enable debug logging for this logger for a complete list of JARs that were scanned but no TLDs were found in them. Skipping unneeded JARs during scanning can improve startup time and JSP compilation time.
11-Apr-2024 02:12:44.425 INFO [localhost-startStop-1] org.apache.catalina.startup.HostConfig.deployDirectory Deployment of web application directory [D:\JavaSQL\Java8\apache-tomcat-8.5.24\webapps\Servlet2] has finished in [20] ms
11-Apr-2024 02:12:44.425 INFO [localhost-startStop-1] org.apache.catalina.startup.HostConfig.deployDirectory Deploying web application directory [D:\JavaSQL\Java8\apache-tomcat-8.5.24\webapps\Servlet3]
11-Apr-2024 02:12:44.441 INFO [localhost-startStop-1] org.apache.jasper.servlet.TldScanner.scanJars At least one JAR was scanned for TLDs yet contained no TLDs. Enable debug logging for this logger for a complete list of JARs that were scanned but no TLDs were found in them. Skipping unneeded JARs during scanning can improve startup time and JSP compilation time.
11-Apr-2024 02:12:44.441 INFO [localhost-startStop-1] org.apache.catalina.startup.HostConfig.deployDirectory Deployment of web application directory [D:\JavaSQL\Java8\apache-tomcat-8.5.24\webapps\Servlet3] has finished in [16] ms
11-Apr-2024 02:12:44.441 INFO [localhost-startStop-1] org.apache.catalina.startup.HostConfig.deployDirectory Deploying web application directory [D:\JavaSQL\Java8\apache-tomcat-8.5.24\webapps\Servlet4]
11-Apr-2024 02:12:44.457 INFO [localhost-startStop-1] org.apache.jasper.servlet.TldScanner.scanJars At least one JAR was scanned for TLDs yet contained no TLDs. Enable debug logging for this logger for a complete list of JARs that were scanned but no TLDs were found in them. Skipping unneeded JARs during scanning can improve startup time and JSP compilation time.
11-Apr-2024 02:12:44.457 INFO [localhost-startStop-1] org.apache.catalina.startup.HostConfig.deployDirectory Deployment of web application directory [D:\JavaSQL\Java8\apache-tomcat-8.5.24\webapps\Servlet4] has finished in [16] ms
11-Apr-2024 02:12:44.457 INFO [localhost-startStop-1] org.apache.catalina.startup.HostConfig.deployDirectory Deploying web application directory [D:\JavaSQL\Java8\apache-tomcat-8.5.24\webapps\Pract8]
11-Apr-2024 02:12:44.473 INFO [localhost-startStop-1] org.apache.jasper.servlet.TldScanner.scanJars At least one JAR was scanned for TLDs yet contained no TLDs. Enable debug logging for this logger for a complete list of JARs that were scanned but no TLDs were found in them. Skipping unneeded JARs during scanning can improve startup time and JSP compilation time.
11-Apr-2024 02:12:44.490 INFO [localhost-startStop-1] org.apache.catalina.startup.HostConfig.deployDirectory Deployment of web application directory [D:\JavaSQL\Java8\apache-tomcat-8.5.24\webapps\Pract8] has finished in [33] ms
11-Apr-2024 02:12:44.490 INFO [localhost-startStop-1] org.apache.catalina.startup.HostConfig.deployDirectory Deploying web application directory [D:\JavaSQL\Java8\apache-tomcat-8.5.24\webapps\Entrega]
11-Apr-2024 02:12:44.505 INFO [localhost-startStop-1] org.apache.jasper.servlet.TldScanner.scanJars At least one JAR was scanned for TLDs yet contained no TLDs. Enable debug logging for this logger for a complete list of JARs that were scanned but no TLDs were found in them. Skipping unneeded JARs during scanning can improve startup time and JSP compilation time.
11-Apr-2024 02:12:44.505 INFO [localhost-startStop-1] org.apache.catalina.startup.HostConfig.deployDirectory Deployment of web application directory [D:\JavaSQL\Java8\apache-tomcat-8.5.24\webapps\Entrega] has finished in [15] ms
11-Apr-2024 02:12:44.505 INFO [localhost-startStop-1] org.apache.catalina.startup.HostConfig.deployDirectory Deploying web application directory [D:\JavaSQL\Java8\apache-tomcat-8.5.24\webapps\matrices8]
11-Apr-2024 02:12:44.521 INFO [localhost-startStop-1] org.apache.jasper.servlet.TldScanner.scanJars At least one JAR was scanned for TLDs yet contained no TLDs. Enable debug logging for this logger for a complete list of JARs that were scanned but no TLDs were found in them. Skipping unneeded JARs during scanning can improve startup time and JSP compilation time.
11-Apr-2024 02:12:44.535 INFO [localhost-startStop-1] org.apache.catalina.startup.HostConfig.deployDirectory Deployment of web application directory [D:\JavaSQL\Java8\apache-tomcat-8.5.24\webapps\matrices8] has finished in [30] ms
11-Apr-2024 02:12:44.535 INFO [localhost-startStop-1] org.apache.catalina.startup.HostConfig.deployDirectory Deploying web application directory [D:\JavaSQL\Java8\apache-tomcat-8.5.24\webapps\TD_E18]
11-Apr-2024 02:12:44.556 INFO [localhost-startStop-1] org.apache.jasper.servlet.TldScanner.scanJars At least one JAR was scanned for TLDs yet contained no TLDs. Enable debug logging for this logger for a complete list of JARs that were scanned but no TLDs were found in them. Skipping unneeded JARs during scanning can improve startup time and JSP compilation time.
11-Apr-2024 02:12:44.558 INFO [localhost-startStop-1] org.apache.catalina.startup.HostConfig.deployDirectory Deployment of web application directory [D:\JavaSQL\Java8\apache-tomcat-8.5.24\webapps\TD_E18] has finished in [21] ms
11-Apr-2024 02:12:44.558 INFO [localhost-startStop-1] org.apache.catalina.startup.HostConfig.deployDirectory Deploying web application directory [D:\JavaSQL\Java8\apache-tomcat-8.5.24\webapps\TB15]
11-Apr-2024 02:12:44.576 INFO [localhost-startStop-1] org.apache.jasper.servlet.TldScanner.scanJars At least one JAR was scanned for TLDs yet contained no TLDs. Enable debug logging for this logger for a complete list of JARs that were scanned but no TLDs were found in them. Skipping unneeded JARs during scanning can improve startup time and JSP compilation time.
11-Apr-2024 02:12:44.576 INFO [localhost-startStop-1] org.apache.catalina.startup.HostConfig.deployDirectory Deployment of web application directory [D:\JavaSQL\Java8\apache-tomcat-8.5.24\webapps\TB15] has finished in [18] ms
11-Apr-2024 02:12:44.576 INFO [localhost-startStop-1] org.apache.catalina.startup.HostConfig.deployDirectory Deploying web application directory [D:\JavaSQL\Java8\apache-tomcat-8.5.24\webapps\S2]
11-Apr-2024 02:12:44.603 INFO [localhost-startStop-1] org.apache.jasper.servlet.TldScanner.scanJars At least one JAR was scanned for TLDs yet contained no TLDs. Enable debug logging for this logger for a complete list of JARs that were scanned but no TLDs were found in them. Skipping unneeded JARs during scanning can improve startup time and JSP compilation time.
11-Apr-2024 02:12:44.605 INFO [localhost-startStop-1] org.apache.catalina.startup.HostConfig.deployDirectory Deployment of web application directory [D:\JavaSQL\Java8\apache-tomcat-8.5.24\webapps\S2] has finished in [29] ms
11-Apr-2024 02:12:44.605 INFO [localhost-startStop-1] org.apache.catalina.startup.HostConfig.deployDirectory Deploying web application directory [D:\JavaSQL\Java8\apache-tomcat-8.5.24\webapps\mock1]
11-Apr-2024 02:12:44.644 INFO [localhost-startStop-1] org.apache.jasper.servlet.TldScanner.scanJars At least one JAR was scanned for TLDs yet contained no TLDs. Enable debug logging for this logger for a complete list of JARs that were scanned but no TLDs were found in them. Skipping unneeded JARs during scanning can improve startup time and JSP compilation time.
11-Apr-2024 02:12:44.644 INFO [localhost-startStop-1] org.apache.catalina.startup.HostConfig.deployDirectory Deployment of web application directory [D:\JavaSQL\Java8\apache-tomcat-8.5.24\webapps\mock1] has finished in [39] ms
11-Apr-2024 02:12:44.644 INFO [localhost-startStop-1] org.apache.catalina.startup.HostConfig.deployDirectory Deploying web application directory [D:\JavaSQL\Java8\apache-tomcat-8.5.24\webapps\mock2]
11-Apr-2024 02:12:44.705 INFO [localhost-startStop-1] org.apache.jasper.servlet.TldScanner.scanJars At least one JAR was scanned for TLDs yet contained no TLDs. Enable debug logging for this logger for a complete list of JARs that were scanned but no TLDs were found in them. Skipping unneeded JARs during scanning can improve startup time and JSP compilation time.
11-Apr-2024 02:12:44.709 INFO [localhost-startStop-1] org.apache.catalina.startup.HostConfig.deployDirectory Deployment of web application directory [D:\JavaSQL\Java8\apache-tomcat-8.5.24\webapps\mock2] has finished in [65] ms
11-Apr-2024 02:12:44.709 INFO [main] org.apache.coyote.AbstractProtocol.start Starting ProtocolHandler ["http-nio-8082"]
11-Apr-2024 02:12:44.722 INFO [main] org.apache.coyote.AbstractProtocol.start Starting ProtocolHandler ["ajp-nio-8009"]
11-Apr-2024 02:12:44.726 INFO [main] org.apache.catalina.startup.Catalina.start Server startup in 843 ms
11-Apr-2024 02:13:08.027 INFO [main] org.apache.catalina.core.StandardServer.await A valid shutdown command was received via the shutdown port. Stopping the Server instance.
11-Apr-2024 02:13:08.027 INFO [main] org.apache.coyote.AbstractProtocol.pause Pausing ProtocolHandler ["http-nio-8082"]
11-Apr-2024 02:13:08.491 INFO [main] org.apache.coyote.AbstractProtocol.pause Pausing ProtocolHandler ["ajp-nio-8009"]
11-Apr-2024 02:13:08.941 INFO [main] org.apache.catalina.core.StandardService.stopInternal Stopping service [Catalina]
11-Apr-2024 02:13:09.004 INFO [main] org.apache.coyote.AbstractProtocol.stop Stopping ProtocolHandler ["http-nio-8082"]
11-Apr-2024 02:13:09.004 INFO [main] org.apache.coyote.AbstractProtocol.stop Stopping ProtocolHandler ["ajp-nio-8009"]
11-Apr-2024 02:13:09.004 INFO [main] org.apache.coyote.AbstractProtocol.destroy Destroying ProtocolHandler ["http-nio-8082"]
11-Apr-2024 02:13:09.009 INFO [main] org.apache.coyote.AbstractProtocol.destroy Destroying ProtocolHandler ["ajp-nio-8009"]
11-Apr-2024 02:13:10.834 INFO [main] org.apache.catalina.startup.VersionLoggerListener.log Server version:        Apache Tomcat/8.5.24
11-Apr-2024 02:13:10.834 INFO [main] org.apache.catalina.startup.VersionLoggerListener.log Server built:          Nov 27 2017 13:05:30 UTC
11-Apr-2024 02:13:10.834 INFO [main] org.apache.catalina.startup.VersionLoggerListener.log Server number:         8.5.24.0
11-Apr-2024 02:13:10.834 INFO [main] org.apache.catalina.startup.VersionLoggerListener.log OS Name:               Windows 10
11-Apr-2024 02:13:10.834 INFO [main] org.apache.catalina.startup.VersionLoggerListener.log OS Version:            10.0
11-Apr-2024 02:13:10.834 INFO [main] org.apache.catalina.startup.VersionLoggerListener.log Architecture:          x86
11-Apr-2024 02:13:10.834 INFO [main] org.apache.catalina.startup.VersionLoggerListener.log Java Home:             D:\JavaSQL\Java8\jdk1.8.0_131\jre
11-Apr-2024 02:13:10.834 INFO [main] org.apache.catalina.startup.VersionLoggerListener.log JVM Version:           1.8.0_131-b11
11-Apr-2024 02:13:10.834 INFO [main] org.apache.catalina.startup.VersionLoggerListener.log JVM Vendor:            Oracle Corporation
11-Apr-2024 02:13:10.834 INFO [main] org.apache.catalina.startup.VersionLoggerListener.log CATALINA_BASE:         D:\JavaSQL\Java8\apache-tomcat-8.5.24
11-Apr-2024 02:13:10.834 INFO [main] org.apache.catalina.startup.VersionLoggerListener.log CATALINA_HOME:         D:\JavaSQL\Java8\apache-tomcat-8.5.24
11-Apr-2024 02:13:10.834 INFO [main] org.apache.catalina.startup.VersionLoggerListener.log Command line argument: -Djava.util.logging.config.file=D:\JavaSQL\Java8\apache-tomcat-8.5.24\conf\logging.properties
11-Apr-2024 02:13:10.834 INFO [main] org.apache.catalina.startup.VersionLoggerListener.log Command line argument: -Djava.util.logging.manager=org.apache.juli.ClassLoaderLogManager
11-Apr-2024 02:13:10.834 INFO [main] org.apache.catalina.startup.VersionLoggerListener.log Command line argument: -Djdk.tls.ephemeralDHKeySize=2048
11-Apr-2024 02:13:10.834 INFO [main] org.apache.catalina.startup.VersionLoggerListener.log Command line argument: -Djava.protocol.handler.pkgs=org.apache.catalina.webresources
11-Apr-2024 02:13:10.834 INFO [main] org.apache.catalina.startup.VersionLoggerListener.log Command line argument: -Dignore.endorsed.dirs=
11-Apr-2024 02:13:10.834 INFO [main] org.apache.catalina.startup.VersionLoggerListener.log Command line argument: -Dcatalina.base=D:\JavaSQL\Java8\apache-tomcat-8.5.24
11-Apr-2024 02:13:10.834 INFO [main] org.apache.catalina.startup.VersionLoggerListener.log Command line argument: -Dcatalina.home=D:\JavaSQL\Java8\apache-tomcat-8.5.24
11-Apr-2024 02:13:10.834 INFO [main] org.apache.catalina.startup.VersionLoggerListener.log Command line argument: -Djava.io.tmpdir=D:\JavaSQL\Java8\apache-tomcat-8.5.24\temp
11-Apr-2024 02:13:10.834 INFO [main] org.apache.catalina.core.AprLifecycleListener.lifecycleEvent The APR based Apache Tomcat Native library which allows optimal performance in production environments was not found on the java.library.path: [D:\JavaSQL\Java8\jdk1.8.0_131\bin;C:\WINDOWS\Sun\Java\bin;C:\WINDOWS\system32;C:\WINDOWS;D:\JavaSQL\Java8\jdk1.8.0_131\bin;D:\JavaSQL\Java8\jdk1.8.0_131\db\bin;D:\JavaSQL\Java8\squirrelsql-4.0.0-standard;D:\JavaSQL\Java8\apache-tomcat-8.5.24\bin;C:\WINDOWS\system32;C:\WINDOWS;C:\WINDOWS\System32\Wbem;C:\WINDOWS\System32\WindowsPowerShell\v1.0\;C:\WINDOWS\System32\OpenSSH\;C:\Program Files\dotnet\;C:\Users\Aldoa\Desktop\Infor\bin;C:\Users\Aldoa\AppData\Local\Microsoft\WindowsApps;;.]
11-Apr-2024 02:13:10.897 INFO [main] org.apache.coyote.AbstractProtocol.init Initializing ProtocolHandler ["http-nio-8082"]
11-Apr-2024 02:13:11.111 INFO [main] org.apache.tomcat.util.net.NioSelectorPool.getSharedSelector Using a shared selector for servlet write/read
11-Apr-2024 02:13:11.111 INFO [main] org.apache.coyote.AbstractProtocol.init Initializing ProtocolHandler ["ajp-nio-8009"]
11-Apr-2024 02:13:11.119 INFO [main] org.apache.tomcat.util.net.NioSelectorPool.getSharedSelector Using a shared selector for servlet write/read
11-Apr-2024 02:13:11.119 INFO [main] org.apache.catalina.startup.Catalina.load Initialization processed in 495 ms
11-Apr-2024 02:13:11.137 INFO [main] org.apache.catalina.core.StandardService.startInternal Starting service [Catalina]
11-Apr-2024 02:13:11.137 INFO [main] org.apache.catalina.core.StandardEngine.startInternal Starting Servlet Engine: Apache Tomcat/8.5.24
11-Apr-2024 02:13:11.144 INFO [localhost-startStop-1] org.apache.catalina.startup.HostConfig.deployDirectory Deploying web application directory [D:\JavaSQL\Java8\apache-tomcat-8.5.24\webapps\docs]
11-Apr-2024 02:13:11.323 INFO [localhost-startStop-1] org.apache.jasper.servlet.TldScanner.scanJars At least one JAR was scanned for TLDs yet contained no TLDs. Enable debug logging for this logger for a complete list of JARs that were scanned but no TLDs were found in them. Skipping unneeded JARs during scanning can improve startup time and JSP compilation time.
11-Apr-2024 02:13:11.371 INFO [localhost-startStop-1] org.apache.catalina.startup.HostConfig.deployDirectory Deployment of web application directory [D:\JavaSQL\Java8\apache-tomcat-8.5.24\webapps\docs] has finished in [227] ms
11-Apr-2024 02:13:11.371 INFO [localhost-startStop-1] org.apache.catalina.startup.HostConfig.deployDirectory Deploying web application directory [D:\JavaSQL\Java8\apache-tomcat-8.5.24\webapps\examples]
11-Apr-2024 02:13:11.512 INFO [localhost-startStop-1] org.apache.jasper.servlet.TldScanner.scanJars At least one JAR was scanned for TLDs yet contained no TLDs. Enable debug logging for this logger for a complete list of JARs that were scanned but no TLDs were found in them. Skipping unneeded JARs during scanning can improve startup time and JSP compilation time.
11-Apr-2024 02:13:11.549 INFO [localhost-startStop-1] org.apache.catalina.startup.HostConfig.deployDirectory Deployment of web application directory [D:\JavaSQL\Java8\apache-tomcat-8.5.24\webapps\examples] has finished in [178] ms
11-Apr-2024 02:13:11.549 INFO [localhost-startStop-1] org.apache.catalina.startup.HostConfig.deployDirectory Deploying web application directory [D:\JavaSQL\Java8\apache-tomcat-8.5.24\webapps\host-manager]
11-Apr-2024 02:13:11.569 INFO [localhost-startStop-1] org.apache.jasper.servlet.TldScanner.scanJars At least one JAR was scanned for TLDs yet contained no TLDs. Enable debug logging for this logger for a complete list of JARs that were scanned but no TLDs were found in them. Skipping unneeded JARs during scanning can improve startup time and JSP compilation time.
11-Apr-2024 02:13:11.577 INFO [localhost-startStop-1] org.apache.catalina.startup.HostConfig.deployDirectory Deployment of web application directory [D:\JavaSQL\Java8\apache-tomcat-8.5.24\webapps\host-manager] has finished in [28] ms
11-Apr-2024 02:13:11.577 INFO [localhost-startStop-1] org.apache.catalina.startup.HostConfig.deployDirectory Deploying web application directory [D:\JavaSQL\Java8\apache-tomcat-8.5.24\webapps\ROOT]
11-Apr-2024 02:13:11.596 INFO [localhost-startStop-1] org.apache.jasper.servlet.TldScanner.scanJars At least one JAR was scanned for TLDs yet contained no TLDs. Enable debug logging for this logger for a complete list of JARs that were scanned but no TLDs were found in them. Skipping unneeded JARs during scanning can improve startup time and JSP compilation time.
11-Apr-2024 02:13:11.596 INFO [localhost-startStop-1] org.apache.catalina.startup.HostConfig.deployDirectory Deployment of web application directory [D:\JavaSQL\Java8\apache-tomcat-8.5.24\webapps\ROOT] has finished in [19] ms
11-Apr-2024 02:13:11.596 INFO [localhost-startStop-1] org.apache.catalina.startup.HostConfig.deployDirectory Deploying web application directory [D:\JavaSQL\Java8\apache-tomcat-8.5.24\webapps\SQLServer]
11-Apr-2024 02:13:11.618 INFO [localhost-startStop-1] org.apache.jasper.servlet.TldScanner.scanJars At least one JAR was scanned for TLDs yet contained no TLDs. Enable debug logging for this logger for a complete list of JARs that were scanned but no TLDs were found in them. Skipping unneeded JARs during scanning can improve startup time and JSP compilation time.
11-Apr-2024 02:13:11.627 INFO [localhost-startStop-1] org.apache.catalina.startup.HostConfig.deployDirectory Deployment of web application directory [D:\JavaSQL\Java8\apache-tomcat-8.5.24\webapps\SQLServer] has finished in [31] ms
11-Apr-2024 02:13:11.627 INFO [localhost-startStop-1] org.apache.catalina.startup.HostConfig.deployDirectory Deploying web application directory [D:\JavaSQL\Java8\apache-tomcat-8.5.24\webapps\Servlet1]
11-Apr-2024 02:13:11.627 INFO [localhost-startStop-1] org.apache.jasper.servlet.TldScanner.scanJars At least one JAR was scanned for TLDs yet contained no TLDs. Enable debug logging for this logger for a complete list of JARs that were scanned but no TLDs were found in them. Skipping unneeded JARs during scanning can improve startup time and JSP compilation time.
11-Apr-2024 02:13:11.643 INFO [localhost-startStop-1] org.apache.catalina.startup.HostConfig.deployDirectory Deployment of web application directory [D:\JavaSQL\Java8\apache-tomcat-8.5.24\webapps\Servlet1] has finished in [16] ms
11-Apr-2024 02:13:11.643 INFO [localhost-startStop-1] org.apache.catalina.startup.HostConfig.deployDirectory Deploying web application directory [D:\JavaSQL\Java8\apache-tomcat-8.5.24\webapps\Servlet2]
11-Apr-2024 02:13:11.662 INFO [localhost-startStop-1] org.apache.jasper.servlet.TldScanner.scanJars At least one JAR was scanned for TLDs yet contained no TLDs. Enable debug logging for this logger for a complete list of JARs that were scanned but no TLDs were found in them. Skipping unneeded JARs during scanning can improve startup time and JSP compilation time.
11-Apr-2024 02:13:11.662 INFO [localhost-startStop-1] org.apache.catalina.startup.HostConfig.deployDirectory Deployment of web application directory [D:\JavaSQL\Java8\apache-tomcat-8.5.24\webapps\Servlet2] has finished in [19] ms
11-Apr-2024 02:13:11.662 INFO [localhost-startStop-1] org.apache.catalina.startup.HostConfig.deployDirectory Deploying web application directory [D:\JavaSQL\Java8\apache-tomcat-8.5.24\webapps\Servlet3]
11-Apr-2024 02:13:11.678 INFO [localhost-startStop-1] org.apache.jasper.servlet.TldScanner.scanJars At least one JAR was scanned for TLDs yet contained no TLDs. Enable debug logging for this logger for a complete list of JARs that were scanned but no TLDs were found in them. Skipping unneeded JARs during scanning can improve startup time and JSP compilation time.
11-Apr-2024 02:13:11.678 INFO [localhost-startStop-1] org.apache.catalina.startup.HostConfig.deployDirectory Deployment of web application directory [D:\JavaSQL\Java8\apache-tomcat-8.5.24\webapps\Servlet3] has finished in [16] ms
11-Apr-2024 02:13:11.678 INFO [localhost-startStop-1] org.apache.catalina.startup.HostConfig.deployDirectory Deploying web application directory [D:\JavaSQL\Java8\apache-tomcat-8.5.24\webapps\Servlet4]
11-Apr-2024 02:13:11.696 INFO [localhost-startStop-1] org.apache.jasper.servlet.TldScanner.scanJars At least one JAR was scanned for TLDs yet contained no TLDs. Enable debug logging for this logger for a complete list of JARs that were scanned but no TLDs were found in them. Skipping unneeded JARs during scanning can improve startup time and JSP compilation time.
11-Apr-2024 02:13:11.696 INFO [localhost-startStop-1] org.apache.catalina.startup.HostConfig.deployDirectory Deployment of web application directory [D:\JavaSQL\Java8\apache-tomcat-8.5.24\webapps\Servlet4] has finished in [18] ms
11-Apr-2024 02:13:11.705 INFO [localhost-startStop-1] org.apache.catalina.startup.HostConfig.deployDirectory Deploying web application directory [D:\JavaSQL\Java8\apache-tomcat-8.5.24\webapps\Pract8]
11-Apr-2024 02:13:11.721 INFO [localhost-startStop-1] org.apache.jasper.servlet.TldScanner.scanJars At least one JAR was scanned for TLDs yet contained no TLDs. Enable debug logging for this logger for a complete list of JARs that were scanned but no TLDs were found in them. Skipping unneeded JARs during scanning can improve startup time and JSP compilation time.
11-Apr-2024 02:13:11.721 INFO [localhost-startStop-1] org.apache.catalina.startup.HostConfig.deployDirectory Deployment of web application directory [D:\JavaSQL\Java8\apache-tomcat-8.5.24\webapps\Pract8] has finished in [16] ms
11-Apr-2024 02:13:11.727 INFO [localhost-startStop-1] org.apache.catalina.startup.HostConfig.deployDirectory Deploying web application directory [D:\JavaSQL\Java8\apache-tomcat-8.5.24\webapps\Entrega]
11-Apr-2024 02:13:11.747 INFO [localhost-startStop-1] org.apache.jasper.servlet.TldScanner.scanJars At least one JAR was scanned for TLDs yet contained no TLDs. Enable debug logging for this logger for a complete list of JARs that were scanned but no TLDs were found in them. Skipping unneeded JARs during scanning can improve startup time and JSP compilation time.
11-Apr-2024 02:13:11.747 INFO [localhost-startStop-1] org.apache.catalina.startup.HostConfig.deployDirectory Deployment of web application directory [D:\JavaSQL\Java8\apache-tomcat-8.5.24\webapps\Entrega] has finished in [26] ms
11-Apr-2024 02:13:11.747 INFO [localhost-startStop-1] org.apache.catalina.startup.HostConfig.deployDirectory Deploying web application directory [D:\JavaSQL\Java8\apache-tomcat-8.5.24\webapps\matrices8]
11-Apr-2024 02:13:11.764 INFO [localhost-startStop-1] org.apache.jasper.servlet.TldScanner.scanJars At least one JAR was scanned for TLDs yet contained no TLDs. Enable debug logging for this logger for a complete list of JARs that were scanned but no TLDs were found in them. Skipping unneeded JARs during scanning can improve startup time and JSP compilation time.
11-Apr-2024 02:13:11.764 INFO [localhost-startStop-1] org.apache.catalina.startup.HostConfig.deployDirectory Deployment of web application directory [D:\JavaSQL\Java8\apache-tomcat-8.5.24\webapps\matrices8] has finished in [17] ms
11-Apr-2024 02:13:11.764 INFO [localhost-startStop-1] org.apache.catalina.startup.HostConfig.deployDirectory Deploying web application directory [D:\JavaSQL\Java8\apache-tomcat-8.5.24\webapps\TD_E18]
11-Apr-2024 02:13:11.793 INFO [localhost-startStop-1] org.apache.jasper.servlet.TldScanner.scanJars At least one JAR was scanned for TLDs yet contained no TLDs. Enable debug logging for this logger for a complete list of JARs that were scanned but no TLDs were found in them. Skipping unneeded JARs during scanning can improve startup time and JSP compilation time.
11-Apr-2024 02:13:11.793 INFO [localhost-startStop-1] org.apache.catalina.startup.HostConfig.deployDirectory Deployment of web application directory [D:\JavaSQL\Java8\apache-tomcat-8.5.24\webapps\TD_E18] has finished in [29] ms
11-Apr-2024 02:13:11.797 INFO [localhost-startStop-1] org.apache.catalina.startup.HostConfig.deployDirectory Deploying web application directory [D:\JavaSQL\Java8\apache-tomcat-8.5.24\webapps\TB15]
11-Apr-2024 02:13:11.815 INFO [localhost-startStop-1] org.apache.jasper.servlet.TldScanner.scanJars At least one JAR was scanned for TLDs yet contained no TLDs. Enable debug logging for this logger for a complete list of JARs that were scanned but no TLDs were found in them. Skipping unneeded JARs during scanning can improve startup time and JSP compilation time.
11-Apr-2024 02:13:11.815 INFO [localhost-startStop-1] org.apache.catalina.startup.HostConfig.deployDirectory Deployment of web application directory [D:\JavaSQL\Java8\apache-tomcat-8.5.24\webapps\TB15] has finished in [18] ms
11-Apr-2024 02:13:11.815 INFO [localhost-startStop-1] org.apache.catalina.startup.HostConfig.deployDirectory Deploying web application directory [D:\JavaSQL\Java8\apache-tomcat-8.5.24\webapps\S2]
11-Apr-2024 02:13:11.831 INFO [localhost-startStop-1] org.apache.jasper.servlet.TldScanner.scanJars At least one JAR was scanned for TLDs yet contained no TLDs. Enable debug logging for this logger for a complete list of JARs that were scanned but no TLDs were found in them. Skipping unneeded JARs during scanning can improve startup time and JSP compilation time.
11-Apr-2024 02:13:11.843 INFO [localhost-startStop-1] org.apache.catalina.startup.HostConfig.deployDirectory Deployment of web application directory [D:\JavaSQL\Java8\apache-tomcat-8.5.24\webapps\S2] has finished in [28] ms
11-Apr-2024 02:13:11.843 INFO [localhost-startStop-1] org.apache.catalina.startup.HostConfig.deployDirectory Deploying web application directory [D:\JavaSQL\Java8\apache-tomcat-8.5.24\webapps\mock1]
11-Apr-2024 02:13:11.876 INFO [localhost-startStop-1] org.apache.jasper.servlet.TldScanner.scanJars At least one JAR was scanned for TLDs yet contained no TLDs. Enable debug logging for this logger for a complete list of JARs that were scanned but no TLDs were found in them. Skipping unneeded JARs during scanning can improve startup time and JSP compilation time.
11-Apr-2024 02:13:11.880 INFO [localhost-startStop-1] org.apache.catalina.startup.HostConfig.deployDirectory Deployment of web application directory [D:\JavaSQL\Java8\apache-tomcat-8.5.24\webapps\mock1] has finished in [37] ms
11-Apr-2024 02:13:11.880 INFO [localhost-startStop-1] org.apache.catalina.startup.HostConfig.deployDirectory Deploying web application directory [D:\JavaSQL\Java8\apache-tomcat-8.5.24\webapps\mock2]
11-Apr-2024 02:13:11.922 INFO [localhost-startStop-1] org.apache.jasper.servlet.TldScanner.scanJars At least one JAR was scanned for TLDs yet contained no TLDs. Enable debug logging for this logger for a complete list of JARs that were scanned but no TLDs were found in them. Skipping unneeded JARs during scanning can improve startup time and JSP compilation time.
11-Apr-2024 02:13:11.930 INFO [localhost-startStop-1] org.apache.catalina.startup.HostConfig.deployDirectory Deployment of web application directory [D:\JavaSQL\Java8\apache-tomcat-8.5.24\webapps\mock2] has finished in [50] ms
11-Apr-2024 02:13:11.930 INFO [main] org.apache.coyote.AbstractProtocol.start Starting ProtocolHandler ["http-nio-8082"]
11-Apr-2024 02:13:11.938 INFO [main] org.apache.coyote.AbstractProtocol.start Starting ProtocolHandler ["ajp-nio-8009"]
11-Apr-2024 02:13:11.946 INFO [main] org.apache.catalina.startup.Catalina.start Server startup in 825 ms
11-Apr-2024 02:18:38.010 INFO [main] org.apache.catalina.core.StandardServer.await A valid shutdown command was received via the shutdown port. Stopping the Server instance.
11-Apr-2024 02:18:38.010 INFO [main] org.apache.coyote.AbstractProtocol.pause Pausing ProtocolHandler ["http-nio-8082"]
11-Apr-2024 02:18:38.471 INFO [main] org.apache.coyote.AbstractProtocol.pause Pausing ProtocolHandler ["ajp-nio-8009"]
11-Apr-2024 02:18:38.930 INFO [main] org.apache.catalina.core.StandardService.stopInternal Stopping service [Catalina]
11-Apr-2024 02:18:39.025 INFO [main] org.apache.coyote.AbstractProtocol.stop Stopping ProtocolHandler ["http-nio-8082"]
11-Apr-2024 02:18:39.029 INFO [main] org.apache.coyote.AbstractProtocol.stop Stopping ProtocolHandler ["ajp-nio-8009"]
11-Apr-2024 02:18:39.029 INFO [main] org.apache.coyote.AbstractProtocol.destroy Destroying ProtocolHandler ["http-nio-8082"]
11-Apr-2024 02:18:39.029 INFO [main] org.apache.coyote.AbstractProtocol.destroy Destroying ProtocolHandler ["ajp-nio-8009"]
11-Apr-2024 02:18:47.877 INFO [main] org.apache.catalina.startup.VersionLoggerListener.log Server version:        Apache Tomcat/8.5.24
11-Apr-2024 02:18:47.881 INFO [main] org.apache.catalina.startup.VersionLoggerListener.log Server built:          Nov 27 2017 13:05:30 UTC
11-Apr-2024 02:18:47.881 INFO [main] org.apache.catalina.startup.VersionLoggerListener.log Server number:         8.5.24.0
11-Apr-2024 02:18:47.881 INFO [main] org.apache.catalina.startup.VersionLoggerListener.log OS Name:               Windows 10
11-Apr-2024 02:18:47.881 INFO [main] org.apache.catalina.startup.VersionLoggerListener.log OS Version:            10.0
11-Apr-2024 02:18:47.881 INFO [main] org.apache.catalina.startup.VersionLoggerListener.log Architecture:          x86
11-Apr-2024 02:18:47.881 INFO [main] org.apache.catalina.startup.VersionLoggerListener.log Java Home:             D:\JavaSQL\Java8\jdk1.8.0_131\jre
11-Apr-2024 02:18:47.881 INFO [main] org.apache.catalina.startup.VersionLoggerListener.log JVM Version:           1.8.0_131-b11
11-Apr-2024 02:18:47.881 INFO [main] org.apache.catalina.startup.VersionLoggerListener.log JVM Vendor:            Oracle Corporation
11-Apr-2024 02:18:47.881 INFO [main] org.apache.catalina.startup.VersionLoggerListener.log CATALINA_BASE:         D:\JavaSQL\Java8\apache-tomcat-8.5.24
11-Apr-2024 02:18:47.881 INFO [main] org.apache.catalina.startup.VersionLoggerListener.log CATALINA_HOME:         D:\JavaSQL\Java8\apache-tomcat-8.5.24
11-Apr-2024 02:18:47.881 INFO [main] org.apache.catalina.startup.VersionLoggerListener.log Command line argument: -Djava.util.logging.config.file=D:\JavaSQL\Java8\apache-tomcat-8.5.24\conf\logging.properties
11-Apr-2024 02:18:47.881 INFO [main] org.apache.catalina.startup.VersionLoggerListener.log Command line argument: -Djava.util.logging.manager=org.apache.juli.ClassLoaderLogManager
11-Apr-2024 02:18:47.881 INFO [main] org.apache.catalina.startup.VersionLoggerListener.log Command line argument: -Djdk.tls.ephemeralDHKeySize=2048
11-Apr-2024 02:18:47.881 INFO [main] org.apache.catalina.startup.VersionLoggerListener.log Command line argument: -Djava.protocol.handler.pkgs=org.apache.catalina.webresources
11-Apr-2024 02:18:47.881 INFO [main] org.apache.catalina.startup.VersionLoggerListener.log Command line argument: -Dignore.endorsed.dirs=
11-Apr-2024 02:18:47.881 INFO [main] org.apache.catalina.startup.VersionLoggerListener.log Command line argument: -Dcatalina.base=D:\JavaSQL\Java8\apache-tomcat-8.5.24
11-Apr-2024 02:18:47.881 INFO [main] org.apache.catalina.startup.VersionLoggerListener.log Command line argument: -Dcatalina.home=D:\JavaSQL\Java8\apache-tomcat-8.5.24
11-Apr-2024 02:18:47.881 INFO [main] org.apache.catalina.startup.VersionLoggerListener.log Command line argument: -Djava.io.tmpdir=D:\JavaSQL\Java8\apache-tomcat-8.5.24\temp
11-Apr-2024 02:18:47.881 INFO [main] org.apache.catalina.core.AprLifecycleListener.lifecycleEvent The APR based Apache Tomcat Native library which allows optimal performance in production environments was not found on the java.library.path: [D:\JavaSQL\Java8\jdk1.8.0_131\bin;C:\WINDOWS\Sun\Java\bin;C:\WINDOWS\system32;C:\WINDOWS;D:\JavaSQL\Java8\jdk1.8.0_131\bin;D:\JavaSQL\Java8\jdk1.8.0_131\db\bin;D:\JavaSQL\Java8\squirrelsql-4.0.0-standard;D:\JavaSQL\Java8\apache-tomcat-8.5.24\bin;C:\WINDOWS\system32;C:\WINDOWS;C:\WINDOWS\System32\Wbem;C:\WINDOWS\System32\WindowsPowerShell\v1.0\;C:\WINDOWS\System32\OpenSSH\;C:\Program Files\dotnet\;C:\Users\Aldoa\Desktop\Infor\bin;C:\Users\Aldoa\AppData\Local\Microsoft\WindowsApps;;.]
11-Apr-2024 02:18:47.967 INFO [main] org.apache.coyote.AbstractProtocol.init Initializing ProtocolHandler ["http-nio-8082"]
11-Apr-2024 02:18:48.190 INFO [main] org.apache.tomcat.util.net.NioSelectorPool.getSharedSelector Using a shared selector for servlet write/read
11-Apr-2024 02:18:48.206 INFO [main] org.apache.coyote.AbstractProtocol.init Initializing ProtocolHandler ["ajp-nio-8009"]
11-Apr-2024 02:18:48.206 INFO [main] org.apache.tomcat.util.net.NioSelectorPool.getSharedSelector Using a shared selector for servlet write/read
11-Apr-2024 02:18:48.206 INFO [main] org.apache.catalina.startup.Catalina.load Initialization processed in 522 ms
11-Apr-2024 02:18:48.222 INFO [main] org.apache.catalina.core.StandardService.startInternal Starting service [Catalina]
11-Apr-2024 02:18:48.222 INFO [main] org.apache.catalina.core.StandardEngine.startInternal Starting Servlet Engine: Apache Tomcat/8.5.24
11-Apr-2024 02:18:48.237 INFO [localhost-startStop-1] org.apache.catalina.startup.HostConfig.deployDirectory Deploying web application directory [D:\JavaSQL\Java8\apache-tomcat-8.5.24\webapps\docs]
11-Apr-2024 02:18:48.441 INFO [localhost-startStop-1] org.apache.jasper.servlet.TldScanner.scanJars At least one JAR was scanned for TLDs yet contained no TLDs. Enable debug logging for this logger for a complete list of JARs that were scanned but no TLDs were found in them. Skipping unneeded JARs during scanning can improve startup time and JSP compilation time.
11-Apr-2024 02:18:48.484 INFO [localhost-startStop-1] org.apache.catalina.startup.HostConfig.deployDirectory Deployment of web application directory [D:\JavaSQL\Java8\apache-tomcat-8.5.24\webapps\docs] has finished in [247] ms
11-Apr-2024 02:18:48.484 INFO [localhost-startStop-1] org.apache.catalina.startup.HostConfig.deployDirectory Deploying web application directory [D:\JavaSQL\Java8\apache-tomcat-8.5.24\webapps\examples]
11-Apr-2024 02:18:48.662 INFO [localhost-startStop-1] org.apache.jasper.servlet.TldScanner.scanJars At least one JAR was scanned for TLDs yet contained no TLDs. Enable debug logging for this logger for a complete list of JARs that were scanned but no TLDs were found in them. Skipping unneeded JARs during scanning can improve startup time and JSP compilation time.
11-Apr-2024 02:18:48.692 INFO [localhost-startStop-1] org.apache.catalina.startup.HostConfig.deployDirectory Deployment of web application directory [D:\JavaSQL\Java8\apache-tomcat-8.5.24\webapps\examples] has finished in [208] ms
11-Apr-2024 02:18:48.692 INFO [localhost-startStop-1] org.apache.catalina.startup.HostConfig.deployDirectory Deploying web application directory [D:\JavaSQL\Java8\apache-tomcat-8.5.24\webapps\host-manager]
11-Apr-2024 02:18:48.708 INFO [localhost-startStop-1] org.apache.jasper.servlet.TldScanner.scanJars At least one JAR was scanned for TLDs yet contained no TLDs. Enable debug logging for this logger for a complete list of JARs that were scanned but no TLDs were found in them. Skipping unneeded JARs during scanning can improve startup time and JSP compilation time.
11-Apr-2024 02:18:48.719 INFO [localhost-startStop-1] org.apache.catalina.startup.HostConfig.deployDirectory Deployment of web application directory [D:\JavaSQL\Java8\apache-tomcat-8.5.24\webapps\host-manager] has finished in [27] ms
11-Apr-2024 02:18:48.719 INFO [localhost-startStop-1] org.apache.catalina.startup.HostConfig.deployDirectory Deploying web application directory [D:\JavaSQL\Java8\apache-tomcat-8.5.24\webapps\ROOT]
11-Apr-2024 02:18:48.727 INFO [localhost-startStop-1] org.apache.jasper.servlet.TldScanner.scanJars At least one JAR was scanned for TLDs yet contained no TLDs. Enable debug logging for this logger for a complete list of JARs that were scanned but no TLDs were found in them. Skipping unneeded JARs during scanning can improve startup time and JSP compilation time.
11-Apr-2024 02:18:48.727 INFO [localhost-startStop-1] org.apache.catalina.startup.HostConfig.deployDirectory Deployment of web application directory [D:\JavaSQL\Java8\apache-tomcat-8.5.24\webapps\ROOT] has finished in [8] ms
11-Apr-2024 02:18:48.727 INFO [localhost-startStop-1] org.apache.catalina.startup.HostConfig.deployDirectory Deploying web application directory [D:\JavaSQL\Java8\apache-tomcat-8.5.24\webapps\SQLServer]
11-Apr-2024 02:18:48.751 INFO [localhost-startStop-1] org.apache.jasper.servlet.TldScanner.scanJars At least one JAR was scanned for TLDs yet contained no TLDs. Enable debug logging for this logger for a complete list of JARs that were scanned but no TLDs were found in them. Skipping unneeded JARs during scanning can improve startup time and JSP compilation time.
11-Apr-2024 02:18:48.751 INFO [localhost-startStop-1] org.apache.catalina.startup.HostConfig.deployDirectory Deployment of web application directory [D:\JavaSQL\Java8\apache-tomcat-8.5.24\webapps\SQLServer] has finished in [24] ms
11-Apr-2024 02:18:48.751 INFO [localhost-startStop-1] org.apache.catalina.startup.HostConfig.deployDirectory Deploying web application directory [D:\JavaSQL\Java8\apache-tomcat-8.5.24\webapps\Servlet1]
11-Apr-2024 02:18:48.767 INFO [localhost-startStop-1] org.apache.jasper.servlet.TldScanner.scanJars At least one JAR was scanned for TLDs yet contained no TLDs. Enable debug logging for this logger for a complete list of JARs that were scanned but no TLDs were found in them. Skipping unneeded JARs during scanning can improve startup time and JSP compilation time.
11-Apr-2024 02:18:48.767 INFO [localhost-startStop-1] org.apache.catalina.startup.HostConfig.deployDirectory Deployment of web application directory [D:\JavaSQL\Java8\apache-tomcat-8.5.24\webapps\Servlet1] has finished in [16] ms
11-Apr-2024 02:18:48.767 INFO [localhost-startStop-1] org.apache.catalina.startup.HostConfig.deployDirectory Deploying web application directory [D:\JavaSQL\Java8\apache-tomcat-8.5.24\webapps\Servlet2]
11-Apr-2024 02:18:48.783 INFO [localhost-startStop-1] org.apache.jasper.servlet.TldScanner.scanJars At least one JAR was scanned for TLDs yet contained no TLDs. Enable debug logging for this logger for a complete list of JARs that were scanned but no TLDs were found in them. Skipping unneeded JARs during scanning can improve startup time and JSP compilation time.
11-Apr-2024 02:18:48.783 INFO [localhost-startStop-1] org.apache.catalina.startup.HostConfig.deployDirectory Deployment of web application directory [D:\JavaSQL\Java8\apache-tomcat-8.5.24\webapps\Servlet2] has finished in [16] ms
11-Apr-2024 02:18:48.783 INFO [localhost-startStop-1] org.apache.catalina.startup.HostConfig.deployDirectory Deploying web application directory [D:\JavaSQL\Java8\apache-tomcat-8.5.24\webapps\Servlet3]
11-Apr-2024 02:18:48.799 INFO [localhost-startStop-1] org.apache.jasper.servlet.TldScanner.scanJars At least one JAR was scanned for TLDs yet contained no TLDs. Enable debug logging for this logger for a complete list of JARs that were scanned but no TLDs were found in them. Skipping unneeded JARs during scanning can improve startup time and JSP compilation time.
11-Apr-2024 02:18:48.799 INFO [localhost-startStop-1] org.apache.catalina.startup.HostConfig.deployDirectory Deployment of web application directory [D:\JavaSQL\Java8\apache-tomcat-8.5.24\webapps\Servlet3] has finished in [16] ms
11-Apr-2024 02:18:48.799 INFO [localhost-startStop-1] org.apache.catalina.startup.HostConfig.deployDirectory Deploying web application directory [D:\JavaSQL\Java8\apache-tomcat-8.5.24\webapps\Servlet4]
11-Apr-2024 02:18:48.814 INFO [localhost-startStop-1] org.apache.jasper.servlet.TldScanner.scanJars At least one JAR was scanned for TLDs yet contained no TLDs. Enable debug logging for this logger for a complete list of JARs that were scanned but no TLDs were found in them. Skipping unneeded JARs during scanning can improve startup time and JSP compilation time.
11-Apr-2024 02:18:48.814 INFO [localhost-startStop-1] org.apache.catalina.startup.HostConfig.deployDirectory Deployment of web application directory [D:\JavaSQL\Java8\apache-tomcat-8.5.24\webapps\Servlet4] has finished in [15] ms
11-Apr-2024 02:18:48.814 INFO [localhost-startStop-1] org.apache.catalina.startup.HostConfig.deployDirectory Deploying web application directory [D:\JavaSQL\Java8\apache-tomcat-8.5.24\webapps\Pract8]
11-Apr-2024 02:18:48.831 INFO [localhost-startStop-1] org.apache.jasper.servlet.TldScanner.scanJars At least one JAR was scanned for TLDs yet contained no TLDs. Enable debug logging for this logger for a complete list of JARs that were scanned but no TLDs were found in them. Skipping unneeded JARs during scanning can improve startup time and JSP compilation time.
11-Apr-2024 02:18:48.846 INFO [localhost-startStop-1] org.apache.catalina.startup.HostConfig.deployDirectory Deployment of web application directory [D:\JavaSQL\Java8\apache-tomcat-8.5.24\webapps\Pract8] has finished in [32] ms
11-Apr-2024 02:18:48.846 INFO [localhost-startStop-1] org.apache.catalina.startup.HostConfig.deployDirectory Deploying web application directory [D:\JavaSQL\Java8\apache-tomcat-8.5.24\webapps\Entrega]
11-Apr-2024 02:18:48.861 INFO [localhost-startStop-1] org.apache.jasper.servlet.TldScanner.scanJars At least one JAR was scanned for TLDs yet contained no TLDs. Enable debug logging for this logger for a complete list of JARs that were scanned but no TLDs were found in them. Skipping unneeded JARs during scanning can improve startup time and JSP compilation time.
11-Apr-2024 02:18:48.861 INFO [localhost-startStop-1] org.apache.catalina.startup.HostConfig.deployDirectory Deployment of web application directory [D:\JavaSQL\Java8\apache-tomcat-8.5.24\webapps\Entrega] has finished in [15] ms
11-Apr-2024 02:18:48.861 INFO [localhost-startStop-1] org.apache.catalina.startup.HostConfig.deployDirectory Deploying web application directory [D:\JavaSQL\Java8\apache-tomcat-8.5.24\webapps\matrices8]
11-Apr-2024 02:18:48.879 INFO [localhost-startStop-1] org.apache.jasper.servlet.TldScanner.scanJars At least one JAR was scanned for TLDs yet contained no TLDs. Enable debug logging for this logger for a complete list of JARs that were scanned but no TLDs were found in them. Skipping unneeded JARs during scanning can improve startup time and JSP compilation time.
11-Apr-2024 02:18:48.879 INFO [localhost-startStop-1] org.apache.catalina.startup.HostConfig.deployDirectory Deployment of web application directory [D:\JavaSQL\Java8\apache-tomcat-8.5.24\webapps\matrices8] has finished in [18] ms
11-Apr-2024 02:18:48.879 INFO [localhost-startStop-1] org.apache.catalina.startup.HostConfig.deployDirectory Deploying web application directory [D:\JavaSQL\Java8\apache-tomcat-8.5.24\webapps\TD_E18]
11-Apr-2024 02:18:48.893 INFO [localhost-startStop-1] org.apache.jasper.servlet.TldScanner.scanJars At least one JAR was scanned for TLDs yet contained no TLDs. Enable debug logging for this logger for a complete list of JARs that were scanned but no TLDs were found in them. Skipping unneeded JARs during scanning can improve startup time and JSP compilation time.
11-Apr-2024 02:18:48.893 INFO [localhost-startStop-1] org.apache.catalina.startup.HostConfig.deployDirectory Deployment of web application directory [D:\JavaSQL\Java8\apache-tomcat-8.5.24\webapps\TD_E18] has finished in [14] ms
11-Apr-2024 02:18:48.893 INFO [localhost-startStop-1] org.apache.catalina.startup.HostConfig.deployDirectory Deploying web application directory [D:\JavaSQL\Java8\apache-tomcat-8.5.24\webapps\TB15]
11-Apr-2024 02:18:48.924 INFO [localhost-startStop-1] org.apache.jasper.servlet.TldScanner.scanJars At least one JAR was scanned for TLDs yet contained no TLDs. Enable debug logging for this logger for a complete list of JARs that were scanned but no TLDs were found in them. Skipping unneeded JARs during scanning can improve startup time and JSP compilation time.
11-Apr-2024 02:18:48.924 INFO [localhost-startStop-1] org.apache.catalina.startup.HostConfig.deployDirectory Deployment of web application directory [D:\JavaSQL\Java8\apache-tomcat-8.5.24\webapps\TB15] has finished in [31] ms
11-Apr-2024 02:18:48.924 INFO [localhost-startStop-1] org.apache.catalina.startup.HostConfig.deployDirectory Deploying web application directory [D:\JavaSQL\Java8\apache-tomcat-8.5.24\webapps\S2]
11-Apr-2024 02:18:48.940 INFO [localhost-startStop-1] org.apache.jasper.servlet.TldScanner.scanJars At least one JAR was scanned for TLDs yet contained no TLDs. Enable debug logging for this logger for a complete list of JARs that were scanned but no TLDs were found in them. Skipping unneeded JARs during scanning can improve startup time and JSP compilation time.
11-Apr-2024 02:18:48.940 INFO [localhost-startStop-1] org.apache.catalina.startup.HostConfig.deployDirectory Deployment of web application directory [D:\JavaSQL\Java8\apache-tomcat-8.5.24\webapps\S2] has finished in [16] ms
11-Apr-2024 02:18:48.940 INFO [localhost-startStop-1] org.apache.catalina.startup.HostConfig.deployDirectory Deploying web application directory [D:\JavaSQL\Java8\apache-tomcat-8.5.24\webapps\mock1]
11-Apr-2024 02:18:48.979 INFO [localhost-startStop-1] org.apache.jasper.servlet.TldScanner.scanJars At least one JAR was scanned for TLDs yet contained no TLDs. Enable debug logging for this logger for a complete list of JARs that were scanned but no TLDs were found in them. Skipping unneeded JARs during scanning can improve startup time and JSP compilation time.
11-Apr-2024 02:18:48.979 INFO [localhost-startStop-1] org.apache.catalina.startup.HostConfig.deployDirectory Deployment of web application directory [D:\JavaSQL\Java8\apache-tomcat-8.5.24\webapps\mock1] has finished in [39] ms
11-Apr-2024 02:18:48.979 INFO [localhost-startStop-1] org.apache.catalina.startup.HostConfig.deployDirectory Deploying web application directory [D:\JavaSQL\Java8\apache-tomcat-8.5.24\webapps\mock2]
11-Apr-2024 02:18:49.003 INFO [localhost-startStop-1] org.apache.jasper.servlet.TldScanner.scanJars At least one JAR was scanned for TLDs yet contained no TLDs. Enable debug logging for this logger for a complete list of JARs that were scanned but no TLDs were found in them. Skipping unneeded JARs during scanning can improve startup time and JSP compilation time.
11-Apr-2024 02:18:49.019 INFO [localhost-startStop-1] org.apache.catalina.startup.HostConfig.deployDirectory Deployment of web application directory [D:\JavaSQL\Java8\apache-tomcat-8.5.24\webapps\mock2] has finished in [40] ms
11-Apr-2024 02:18:49.019 INFO [main] org.apache.coyote.AbstractProtocol.start Starting ProtocolHandler ["http-nio-8082"]
11-Apr-2024 02:18:49.034 INFO [main] org.apache.coyote.AbstractProtocol.start Starting ProtocolHandler ["ajp-nio-8009"]
11-Apr-2024 02:18:49.034 INFO [main] org.apache.catalina.startup.Catalina.start Server startup in 832 ms
11-Apr-2024 02:20:29.099 INFO [ContainerBackgroundProcessor[StandardEngine[Catalina]]] org.apache.catalina.startup.HostConfig.reload Reloading context [/mock2]
11-Apr-2024 02:20:29.099 INFO [ContainerBackgroundProcessor[StandardEngine[Catalina]]] org.apache.catalina.core.StandardContext.reload Reloading Context with name [/mock2] has started
11-Apr-2024 02:20:29.194 INFO [ContainerBackgroundProcessor[StandardEngine[Catalina]]] org.apache.jasper.servlet.TldScanner.scanJars At least one JAR was scanned for TLDs yet contained no TLDs. Enable debug logging for this logger for a complete list of JARs that were scanned but no TLDs were found in them. Skipping unneeded JARs during scanning can improve startup time and JSP compilation time.
11-Apr-2024 02:20:29.194 INFO [ContainerBackgroundProcessor[StandardEngine[Catalina]]] org.apache.catalina.core.StandardContext.reload Reloading Context with name [/mock2] is completed
11-Apr-2024 02:20:31.461 INFO [main] org.apache.catalina.core.StandardServer.await A valid shutdown command was received via the shutdown port. Stopping the Server instance.
11-Apr-2024 02:20:31.461 INFO [main] org.apache.coyote.AbstractProtocol.pause Pausing ProtocolHandler ["http-nio-8082"]
11-Apr-2024 02:20:31.934 INFO [main] org.apache.coyote.AbstractProtocol.pause Pausing ProtocolHandler ["ajp-nio-8009"]
11-Apr-2024 02:20:32.343 INFO [main] org.apache.catalina.core.StandardService.stopInternal Stopping service [Catalina]
11-Apr-2024 02:20:32.406 INFO [main] org.apache.coyote.AbstractProtocol.stop Stopping ProtocolHandler ["http-nio-8082"]
11-Apr-2024 02:20:32.406 INFO [main] org.apache.coyote.AbstractProtocol.stop Stopping ProtocolHandler ["ajp-nio-8009"]
11-Apr-2024 02:20:32.406 INFO [main] org.apache.coyote.AbstractProtocol.destroy Destroying ProtocolHandler ["http-nio-8082"]
11-Apr-2024 02:20:32.406 INFO [main] org.apache.coyote.AbstractProtocol.destroy Destroying ProtocolHandler ["ajp-nio-8009"]
11-Apr-2024 02:20:57.454 INFO [main] org.apache.catalina.startup.VersionLoggerListener.log Server version:        Apache Tomcat/8.5.24
11-Apr-2024 02:20:57.454 INFO [main] org.apache.catalina.startup.VersionLoggerListener.log Server built:          Nov 27 2017 13:05:30 UTC
11-Apr-2024 02:20:57.454 INFO [main] org.apache.catalina.startup.VersionLoggerListener.log Server number:         8.5.24.0
11-Apr-2024 02:20:57.454 INFO [main] org.apache.catalina.startup.VersionLoggerListener.log OS Name:               Windows 10
11-Apr-2024 02:20:57.454 INFO [main] org.apache.catalina.startup.VersionLoggerListener.log OS Version:            10.0
11-Apr-2024 02:20:57.454 INFO [main] org.apache.catalina.startup.VersionLoggerListener.log Architecture:          x86
11-Apr-2024 02:20:57.454 INFO [main] org.apache.catalina.startup.VersionLoggerListener.log Java Home:             D:\JavaSQL\Java8\jdk1.8.0_131\jre
11-Apr-2024 02:20:57.454 INFO [main] org.apache.catalina.startup.VersionLoggerListener.log JVM Version:           1.8.0_131-b11
11-Apr-2024 02:20:57.454 INFO [main] org.apache.catalina.startup.VersionLoggerListener.log JVM Vendor:            Oracle Corporation
11-Apr-2024 02:20:57.454 INFO [main] org.apache.catalina.startup.VersionLoggerListener.log CATALINA_BASE:         D:\JavaSQL\Java8\apache-tomcat-8.5.24
11-Apr-2024 02:20:57.454 INFO [main] org.apache.catalina.startup.VersionLoggerListener.log CATALINA_HOME:         D:\JavaSQL\Java8\apache-tomcat-8.5.24
11-Apr-2024 02:20:57.454 INFO [main] org.apache.catalina.startup.VersionLoggerListener.log Command line argument: -Djava.util.logging.config.file=D:\JavaSQL\Java8\apache-tomcat-8.5.24\conf\logging.properties
11-Apr-2024 02:20:57.454 INFO [main] org.apache.catalina.startup.VersionLoggerListener.log Command line argument: -Djava.util.logging.manager=org.apache.juli.ClassLoaderLogManager
11-Apr-2024 02:20:57.454 INFO [main] org.apache.catalina.startup.VersionLoggerListener.log Command line argument: -Djdk.tls.ephemeralDHKeySize=2048
11-Apr-2024 02:20:57.454 INFO [main] org.apache.catalina.startup.VersionLoggerListener.log Command line argument: -Djava.protocol.handler.pkgs=org.apache.catalina.webresources
11-Apr-2024 02:20:57.454 INFO [main] org.apache.catalina.startup.VersionLoggerListener.log Command line argument: -Dignore.endorsed.dirs=
11-Apr-2024 02:20:57.454 INFO [main] org.apache.catalina.startup.VersionLoggerListener.log Command line argument: -Dcatalina.base=D:\JavaSQL\Java8\apache-tomcat-8.5.24
11-Apr-2024 02:20:57.454 INFO [main] org.apache.catalina.startup.VersionLoggerListener.log Command line argument: -Dcatalina.home=D:\JavaSQL\Java8\apache-tomcat-8.5.24
11-Apr-2024 02:20:57.454 INFO [main] org.apache.catalina.startup.VersionLoggerListener.log Command line argument: -Djava.io.tmpdir=D:\JavaSQL\Java8\apache-tomcat-8.5.24\temp
11-Apr-2024 02:20:57.454 INFO [main] org.apache.catalina.core.AprLifecycleListener.lifecycleEvent The APR based Apache Tomcat Native library which allows optimal performance in production environments was not found on the java.library.path: [D:\JavaSQL\Java8\jdk1.8.0_131\bin;C:\WINDOWS\Sun\Java\bin;C:\WINDOWS\system32;C:\WINDOWS;D:\JavaSQL\Java8\jdk1.8.0_131\bin;D:\JavaSQL\Java8\jdk1.8.0_131\db\bin;D:\JavaSQL\Java8\squirrelsql-4.0.0-standard;D:\JavaSQL\Java8\apache-tomcat-8.5.24\bin;C:\WINDOWS\system32;C:\WINDOWS;C:\WINDOWS\System32\Wbem;C:\WINDOWS\System32\WindowsPowerShell\v1.0\;C:\WINDOWS\System32\OpenSSH\;C:\Program Files\dotnet\;C:\Users\Aldoa\Desktop\Infor\bin;C:\Users\Aldoa\AppData\Local\Microsoft\WindowsApps;;.]
11-Apr-2024 02:20:57.552 INFO [main] org.apache.coyote.AbstractProtocol.init Initializing ProtocolHandler ["http-nio-8082"]
11-Apr-2024 02:20:57.821 INFO [main] org.apache.tomcat.util.net.NioSelectorPool.getSharedSelector Using a shared selector for servlet write/read
11-Apr-2024 02:20:57.821 INFO [main] org.apache.coyote.AbstractProtocol.init Initializing ProtocolHandler ["ajp-nio-8009"]
11-Apr-2024 02:20:57.829 INFO [main] org.apache.tomcat.util.net.NioSelectorPool.getSharedSelector Using a shared selector for servlet write/read
11-Apr-2024 02:20:57.829 INFO [main] org.apache.catalina.startup.Catalina.load Initialization processed in 608 ms
11-Apr-2024 02:20:57.845 INFO [main] org.apache.catalina.core.StandardService.startInternal Starting service [Catalina]
11-Apr-2024 02:20:57.845 INFO [main] org.apache.catalina.core.StandardEngine.startInternal Starting Servlet Engine: Apache Tomcat/8.5.24
11-Apr-2024 02:20:57.845 INFO [localhost-startStop-1] org.apache.catalina.startup.HostConfig.deployDirectory Deploying web application directory [D:\JavaSQL\Java8\apache-tomcat-8.5.24\webapps\docs]
11-Apr-2024 02:20:58.019 INFO [localhost-startStop-1] org.apache.jasper.servlet.TldScanner.scanJars At least one JAR was scanned for TLDs yet contained no TLDs. Enable debug logging for this logger for a complete list of JARs that were scanned but no TLDs were found in them. Skipping unneeded JARs during scanning can improve startup time and JSP compilation time.
11-Apr-2024 02:20:58.081 INFO [localhost-startStop-1] org.apache.catalina.startup.HostConfig.deployDirectory Deployment of web application directory [D:\JavaSQL\Java8\apache-tomcat-8.5.24\webapps\docs] has finished in [228] ms
11-Apr-2024 02:20:58.081 INFO [localhost-startStop-1] org.apache.catalina.startup.HostConfig.deployDirectory Deploying web application directory [D:\JavaSQL\Java8\apache-tomcat-8.5.24\webapps\examples]
11-Apr-2024 02:20:58.238 INFO [localhost-startStop-1] org.apache.jasper.servlet.TldScanner.scanJars At least one JAR was scanned for TLDs yet contained no TLDs. Enable debug logging for this logger for a complete list of JARs that were scanned but no TLDs were found in them. Skipping unneeded JARs during scanning can improve startup time and JSP compilation time.
11-Apr-2024 02:20:58.262 INFO [localhost-startStop-1] org.apache.catalina.startup.HostConfig.deployDirectory Deployment of web application directory [D:\JavaSQL\Java8\apache-tomcat-8.5.24\webapps\examples] has finished in [181] ms
11-Apr-2024 02:20:58.262 INFO [localhost-startStop-1] org.apache.catalina.startup.HostConfig.deployDirectory Deploying web application directory [D:\JavaSQL\Java8\apache-tomcat-8.5.24\webapps\host-manager]
11-Apr-2024 02:20:58.277 INFO [localhost-startStop-1] org.apache.jasper.servlet.TldScanner.scanJars At least one JAR was scanned for TLDs yet contained no TLDs. Enable debug logging for this logger for a complete list of JARs that were scanned but no TLDs were found in them. Skipping unneeded JARs during scanning can improve startup time and JSP compilation time.
11-Apr-2024 02:20:58.293 INFO [localhost-startStop-1] org.apache.catalina.startup.HostConfig.deployDirectory Deployment of web application directory [D:\JavaSQL\Java8\apache-tomcat-8.5.24\webapps\host-manager] has finished in [31] ms
11-Apr-2024 02:20:58.293 INFO [localhost-startStop-1] org.apache.catalina.startup.HostConfig.deployDirectory Deploying web application directory [D:\JavaSQL\Java8\apache-tomcat-8.5.24\webapps\ROOT]
11-Apr-2024 02:20:58.293 INFO [localhost-startStop-1] org.apache.jasper.servlet.TldScanner.scanJars At least one JAR was scanned for TLDs yet contained no TLDs. Enable debug logging for this logger for a complete list of JARs that were scanned but no TLDs were found in them. Skipping unneeded JARs during scanning can improve startup time and JSP compilation time.
11-Apr-2024 02:20:58.309 INFO [localhost-startStop-1] org.apache.catalina.startup.HostConfig.deployDirectory Deployment of web application directory [D:\JavaSQL\Java8\apache-tomcat-8.5.24\webapps\ROOT] has finished in [16] ms
11-Apr-2024 02:20:58.309 INFO [localhost-startStop-1] org.apache.catalina.startup.HostConfig.deployDirectory Deploying web application directory [D:\JavaSQL\Java8\apache-tomcat-8.5.24\webapps\SQLServer]
11-Apr-2024 02:20:58.327 INFO [localhost-startStop-1] org.apache.jasper.servlet.TldScanner.scanJars At least one JAR was scanned for TLDs yet contained no TLDs. Enable debug logging for this logger for a complete list of JARs that were scanned but no TLDs were found in them. Skipping unneeded JARs during scanning can improve startup time and JSP compilation time.
11-Apr-2024 02:20:58.327 INFO [localhost-startStop-1] org.apache.catalina.startup.HostConfig.deployDirectory Deployment of web application directory [D:\JavaSQL\Java8\apache-tomcat-8.5.24\webapps\SQLServer] has finished in [18] ms
11-Apr-2024 02:20:58.327 INFO [localhost-startStop-1] org.apache.catalina.startup.HostConfig.deployDirectory Deploying web application directory [D:\JavaSQL\Java8\apache-tomcat-8.5.24\webapps\Servlet1]
11-Apr-2024 02:20:58.342 INFO [localhost-startStop-1] org.apache.jasper.servlet.TldScanner.scanJars At least one JAR was scanned for TLDs yet contained no TLDs. Enable debug logging for this logger for a complete list of JARs that were scanned but no TLDs were found in them. Skipping unneeded JARs during scanning can improve startup time and JSP compilation time.
11-Apr-2024 02:20:58.349 INFO [localhost-startStop-1] org.apache.catalina.startup.HostConfig.deployDirectory Deployment of web application directory [D:\JavaSQL\Java8\apache-tomcat-8.5.24\webapps\Servlet1] has finished in [22] ms
11-Apr-2024 02:20:58.350 INFO [localhost-startStop-1] org.apache.catalina.startup.HostConfig.deployDirectory Deploying web application directory [D:\JavaSQL\Java8\apache-tomcat-8.5.24\webapps\Servlet2]
11-Apr-2024 02:20:58.370 INFO [localhost-startStop-1] org.apache.jasper.servlet.TldScanner.scanJars At least one JAR was scanned for TLDs yet contained no TLDs. Enable debug logging for this logger for a complete list of JARs that were scanned but no TLDs were found in them. Skipping unneeded JARs during scanning can improve startup time and JSP compilation time.
11-Apr-2024 02:20:58.370 INFO [localhost-startStop-1] org.apache.catalina.startup.HostConfig.deployDirectory Deployment of web application directory [D:\JavaSQL\Java8\apache-tomcat-8.5.24\webapps\Servlet2] has finished in [20] ms
11-Apr-2024 02:20:58.370 INFO [localhost-startStop-1] org.apache.catalina.startup.HostConfig.deployDirectory Deploying web application directory [D:\JavaSQL\Java8\apache-tomcat-8.5.24\webapps\Servlet3]
11-Apr-2024 02:20:58.385 INFO [localhost-startStop-1] org.apache.jasper.servlet.TldScanner.scanJars At least one JAR was scanned for TLDs yet contained no TLDs. Enable debug logging for this logger for a complete list of JARs that were scanned but no TLDs were found in them. Skipping unneeded JARs during scanning can improve startup time and JSP compilation time.
11-Apr-2024 02:20:58.391 INFO [localhost-startStop-1] org.apache.catalina.startup.HostConfig.deployDirectory Deployment of web application directory [D:\JavaSQL\Java8\apache-tomcat-8.5.24\webapps\Servlet3] has finished in [21] ms
11-Apr-2024 02:20:58.391 INFO [localhost-startStop-1] org.apache.catalina.startup.HostConfig.deployDirectory Deploying web application directory [D:\JavaSQL\Java8\apache-tomcat-8.5.24\webapps\Servlet4]
11-Apr-2024 02:20:58.402 INFO [localhost-startStop-1] org.apache.jasper.servlet.TldScanner.scanJars At least one JAR was scanned for TLDs yet contained no TLDs. Enable debug logging for this logger for a complete list of JARs that were scanned but no TLDs were found in them. Skipping unneeded JARs during scanning can improve startup time and JSP compilation time.
11-Apr-2024 02:20:58.408 INFO [localhost-startStop-1] org.apache.catalina.startup.HostConfig.deployDirectory Deployment of web application directory [D:\JavaSQL\Java8\apache-tomcat-8.5.24\webapps\Servlet4] has finished in [17] ms
11-Apr-2024 02:20:58.408 INFO [localhost-startStop-1] org.apache.catalina.startup.HostConfig.deployDirectory Deploying web application directory [D:\JavaSQL\Java8\apache-tomcat-8.5.24\webapps\Pract8]
11-Apr-2024 02:20:58.425 INFO [localhost-startStop-1] org.apache.jasper.servlet.TldScanner.scanJars At least one JAR was scanned for TLDs yet contained no TLDs. Enable debug logging for this logger for a complete list of JARs that were scanned but no TLDs were found in them. Skipping unneeded JARs during scanning can improve startup time and JSP compilation time.
11-Apr-2024 02:20:58.425 INFO [localhost-startStop-1] org.apache.catalina.startup.HostConfig.deployDirectory Deployment of web application directory [D:\JavaSQL\Java8\apache-tomcat-8.5.24\webapps\Pract8] has finished in [17] ms
11-Apr-2024 02:20:58.425 INFO [localhost-startStop-1] org.apache.catalina.startup.HostConfig.deployDirectory Deploying web application directory [D:\JavaSQL\Java8\apache-tomcat-8.5.24\webapps\Entrega]
11-Apr-2024 02:20:58.449 INFO [localhost-startStop-1] org.apache.jasper.servlet.TldScanner.scanJars At least one JAR was scanned for TLDs yet contained no TLDs. Enable debug logging for this logger for a complete list of JARs that were scanned but no TLDs were found in them. Skipping unneeded JARs during scanning can improve startup time and JSP compilation time.
11-Apr-2024 02:20:58.449 INFO [localhost-startStop-1] org.apache.catalina.startup.HostConfig.deployDirectory Deployment of web application directory [D:\JavaSQL\Java8\apache-tomcat-8.5.24\webapps\Entrega] has finished in [24] ms
11-Apr-2024 02:20:58.449 INFO [localhost-startStop-1] org.apache.catalina.startup.HostConfig.deployDirectory Deploying web application directory [D:\JavaSQL\Java8\apache-tomcat-8.5.24\webapps\matrices8]
11-Apr-2024 02:20:58.465 INFO [localhost-startStop-1] org.apache.jasper.servlet.TldScanner.scanJars At least one JAR was scanned for TLDs yet contained no TLDs. Enable debug logging for this logger for a complete list of JARs that were scanned but no TLDs were found in them. Skipping unneeded JARs during scanning can improve startup time and JSP compilation time.
11-Apr-2024 02:20:58.465 INFO [localhost-startStop-1] org.apache.catalina.startup.HostConfig.deployDirectory Deployment of web application directory [D:\JavaSQL\Java8\apache-tomcat-8.5.24\webapps\matrices8] has finished in [16] ms
11-Apr-2024 02:20:58.465 INFO [localhost-startStop-1] org.apache.catalina.startup.HostConfig.deployDirectory Deploying web application directory [D:\JavaSQL\Java8\apache-tomcat-8.5.24\webapps\TD_E18]
11-Apr-2024 02:20:58.497 INFO [localhost-startStop-1] org.apache.jasper.servlet.TldScanner.scanJars At least one JAR was scanned for TLDs yet contained no TLDs. Enable debug logging for this logger for a complete list of JARs that were scanned but no TLDs were found in them. Skipping unneeded JARs during scanning can improve startup time and JSP compilation time.
11-Apr-2024 02:20:58.497 INFO [localhost-startStop-1] org.apache.catalina.startup.HostConfig.deployDirectory Deployment of web application directory [D:\JavaSQL\Java8\apache-tomcat-8.5.24\webapps\TD_E18] has finished in [32] ms
11-Apr-2024 02:20:58.497 INFO [localhost-startStop-1] org.apache.catalina.startup.HostConfig.deployDirectory Deploying web application directory [D:\JavaSQL\Java8\apache-tomcat-8.5.24\webapps\TB15]
11-Apr-2024 02:20:58.518 INFO [localhost-startStop-1] org.apache.jasper.servlet.TldScanner.scanJars At least one JAR was scanned for TLDs yet contained no TLDs. Enable debug logging for this logger for a complete list of JARs that were scanned but no TLDs were found in them. Skipping unneeded JARs during scanning can improve startup time and JSP compilation time.
11-Apr-2024 02:20:58.518 INFO [localhost-startStop-1] org.apache.catalina.startup.HostConfig.deployDirectory Deployment of web application directory [D:\JavaSQL\Java8\apache-tomcat-8.5.24\webapps\TB15] has finished in [21] ms
11-Apr-2024 02:20:58.518 INFO [localhost-startStop-1] org.apache.catalina.startup.HostConfig.deployDirectory Deploying web application directory [D:\JavaSQL\Java8\apache-tomcat-8.5.24\webapps\S2]
11-Apr-2024 02:20:58.536 INFO [localhost-startStop-1] org.apache.jasper.servlet.TldScanner.scanJars At least one JAR was scanned for TLDs yet contained no TLDs. Enable debug logging for this logger for a complete list of JARs that were scanned but no TLDs were found in them. Skipping unneeded JARs during scanning can improve startup time and JSP compilation time.
11-Apr-2024 02:20:58.536 INFO [localhost-startStop-1] org.apache.catalina.startup.HostConfig.deployDirectory Deployment of web application directory [D:\JavaSQL\Java8\apache-tomcat-8.5.24\webapps\S2] has finished in [18] ms
11-Apr-2024 02:20:58.536 INFO [localhost-startStop-1] org.apache.catalina.startup.HostConfig.deployDirectory Deploying web application directory [D:\JavaSQL\Java8\apache-tomcat-8.5.24\webapps\mock1]
11-Apr-2024 02:20:58.569 INFO [localhost-startStop-1] org.apache.jasper.servlet.TldScanner.scanJars At least one JAR was scanned for TLDs yet contained no TLDs. Enable debug logging for this logger for a complete list of JARs that were scanned but no TLDs were found in them. Skipping unneeded JARs during scanning can improve startup time and JSP compilation time.
11-Apr-2024 02:20:58.581 INFO [localhost-startStop-1] org.apache.catalina.startup.HostConfig.deployDirectory Deployment of web application directory [D:\JavaSQL\Java8\apache-tomcat-8.5.24\webapps\mock1] has finished in [45] ms
11-Apr-2024 02:20:58.581 INFO [localhost-startStop-1] org.apache.catalina.startup.HostConfig.deployDirectory Deploying web application directory [D:\JavaSQL\Java8\apache-tomcat-8.5.24\webapps\mock2]
11-Apr-2024 02:20:58.619 INFO [localhost-startStop-1] org.apache.jasper.servlet.TldScanner.scanJars At least one JAR was scanned for TLDs yet contained no TLDs. Enable debug logging for this logger for a complete list of JARs that were scanned but no TLDs were found in them. Skipping unneeded JARs during scanning can improve startup time and JSP compilation time.
11-Apr-2024 02:20:58.619 INFO [localhost-startStop-1] org.apache.catalina.startup.HostConfig.deployDirectory Deployment of web application directory [D:\JavaSQL\Java8\apache-tomcat-8.5.24\webapps\mock2] has finished in [38] ms
11-Apr-2024 02:20:58.629 INFO [main] org.apache.coyote.AbstractProtocol.start Starting ProtocolHandler ["http-nio-8082"]
11-Apr-2024 02:20:58.636 INFO [main] org.apache.coyote.AbstractProtocol.start Starting ProtocolHandler ["ajp-nio-8009"]
11-Apr-2024 02:20:58.645 INFO [main] org.apache.catalina.startup.Catalina.start Server startup in 815 ms
11-Apr-2024 02:21:26.411 INFO [main] org.apache.catalina.core.StandardServer.await A valid shutdown command was received via the shutdown port. Stopping the Server instance.
11-Apr-2024 02:21:26.411 INFO [main] org.apache.coyote.AbstractProtocol.pause Pausing ProtocolHandler ["http-nio-8082"]
11-Apr-2024 02:21:26.837 INFO [main] org.apache.coyote.AbstractProtocol.pause Pausing ProtocolHandler ["ajp-nio-8009"]
11-Apr-2024 02:21:27.279 INFO [main] org.apache.catalina.core.StandardService.stopInternal Stopping service [Catalina]
11-Apr-2024 02:21:27.359 INFO [main] org.apache.coyote.AbstractProtocol.stop Stopping ProtocolHandler ["http-nio-8082"]
11-Apr-2024 02:21:27.372 INFO [main] org.apache.coyote.AbstractProtocol.stop Stopping ProtocolHandler ["ajp-nio-8009"]
11-Apr-2024 02:21:27.373 INFO [main] org.apache.coyote.AbstractProtocol.destroy Destroying ProtocolHandler ["http-nio-8082"]
11-Apr-2024 02:21:27.376 INFO [main] org.apache.coyote.AbstractProtocol.destroy Destroying ProtocolHandler ["ajp-nio-8009"]
11-Apr-2024 02:21:35.470 INFO [main] org.apache.catalina.startup.VersionLoggerListener.log Server version:        Apache Tomcat/8.5.24
11-Apr-2024 02:21:35.470 INFO [main] org.apache.catalina.startup.VersionLoggerListener.log Server built:          Nov 27 2017 13:05:30 UTC
11-Apr-2024 02:21:35.470 INFO [main] org.apache.catalina.startup.VersionLoggerListener.log Server number:         8.5.24.0
11-Apr-2024 02:21:35.470 INFO [main] org.apache.catalina.startup.VersionLoggerListener.log OS Name:               Windows 10
11-Apr-2024 02:21:35.470 INFO [main] org.apache.catalina.startup.VersionLoggerListener.log OS Version:            10.0
11-Apr-2024 02:21:35.470 INFO [main] org.apache.catalina.startup.VersionLoggerListener.log Architecture:          x86
11-Apr-2024 02:21:35.470 INFO [main] org.apache.catalina.startup.VersionLoggerListener.log Java Home:             D:\JavaSQL\Java8\jdk1.8.0_131\jre
11-Apr-2024 02:21:35.470 INFO [main] org.apache.catalina.startup.VersionLoggerListener.log JVM Version:           1.8.0_131-b11
11-Apr-2024 02:21:35.470 INFO [main] org.apache.catalina.startup.VersionLoggerListener.log JVM Vendor:            Oracle Corporation
11-Apr-2024 02:21:35.470 INFO [main] org.apache.catalina.startup.VersionLoggerListener.log CATALINA_BASE:         D:\JavaSQL\Java8\apache-tomcat-8.5.24
11-Apr-2024 02:21:35.470 INFO [main] org.apache.catalina.startup.VersionLoggerListener.log CATALINA_HOME:         D:\JavaSQL\Java8\apache-tomcat-8.5.24
11-Apr-2024 02:21:35.470 INFO [main] org.apache.catalina.startup.VersionLoggerListener.log Command line argument: -Djava.util.logging.config.file=D:\JavaSQL\Java8\apache-tomcat-8.5.24\conf\logging.properties
11-Apr-2024 02:21:35.470 INFO [main] org.apache.catalina.startup.VersionLoggerListener.log Command line argument: -Djava.util.logging.manager=org.apache.juli.ClassLoaderLogManager
11-Apr-2024 02:21:35.470 INFO [main] org.apache.catalina.startup.VersionLoggerListener.log Command line argument: -Djdk.tls.ephemeralDHKeySize=2048
11-Apr-2024 02:21:35.470 INFO [main] org.apache.catalina.startup.VersionLoggerListener.log Command line argument: -Djava.protocol.handler.pkgs=org.apache.catalina.webresources
11-Apr-2024 02:21:35.470 INFO [main] org.apache.catalina.startup.VersionLoggerListener.log Command line argument: -Dignore.endorsed.dirs=
11-Apr-2024 02:21:35.470 INFO [main] org.apache.catalina.startup.VersionLoggerListener.log Command line argument: -Dcatalina.base=D:\JavaSQL\Java8\apache-tomcat-8.5.24
11-Apr-2024 02:21:35.470 INFO [main] org.apache.catalina.startup.VersionLoggerListener.log Command line argument: -Dcatalina.home=D:\JavaSQL\Java8\apache-tomcat-8.5.24
11-Apr-2024 02:21:35.470 INFO [main] org.apache.catalina.startup.VersionLoggerListener.log Command line argument: -Djava.io.tmpdir=D:\JavaSQL\Java8\apache-tomcat-8.5.24\temp
11-Apr-2024 02:21:35.470 INFO [main] org.apache.catalina.core.AprLifecycleListener.lifecycleEvent The APR based Apache Tomcat Native library which allows optimal performance in production environments was not found on the java.library.path: [D:\JavaSQL\Java8\jdk1.8.0_131\bin;C:\WINDOWS\Sun\Java\bin;C:\WINDOWS\system32;C:\WINDOWS;D:\JavaSQL\Java8\jdk1.8.0_131\bin;D:\JavaSQL\Java8\jdk1.8.0_131\db\bin;D:\JavaSQL\Java8\squirrelsql-4.0.0-standard;D:\JavaSQL\Java8\apache-tomcat-8.5.24\bin;C:\WINDOWS\system32;C:\WINDOWS;C:\WINDOWS\System32\Wbem;C:\WINDOWS\System32\WindowsPowerShell\v1.0\;C:\WINDOWS\System32\OpenSSH\;C:\Program Files\dotnet\;C:\Users\Aldoa\Desktop\Infor\bin;C:\Users\Aldoa\AppData\Local\Microsoft\WindowsApps;;.]
11-Apr-2024 02:21:35.532 INFO [main] org.apache.coyote.AbstractProtocol.init Initializing ProtocolHandler ["http-nio-8082"]
11-Apr-2024 02:21:35.753 INFO [main] org.apache.tomcat.util.net.NioSelectorPool.getSharedSelector Using a shared selector for servlet write/read
11-Apr-2024 02:21:35.762 INFO [main] org.apache.coyote.AbstractProtocol.init Initializing ProtocolHandler ["ajp-nio-8009"]
11-Apr-2024 02:21:35.764 INFO [main] org.apache.tomcat.util.net.NioSelectorPool.getSharedSelector Using a shared selector for servlet write/read
11-Apr-2024 02:21:35.766 INFO [main] org.apache.catalina.startup.Catalina.load Initialization processed in 501 ms
11-Apr-2024 02:21:35.785 INFO [main] org.apache.catalina.core.StandardService.startInternal Starting service [Catalina]
11-Apr-2024 02:21:35.785 INFO [main] org.apache.catalina.core.StandardEngine.startInternal Starting Servlet Engine: Apache Tomcat/8.5.24
11-Apr-2024 02:21:35.793 INFO [localhost-startStop-1] org.apache.catalina.startup.HostConfig.deployDirectory Deploying web application directory [D:\JavaSQL\Java8\apache-tomcat-8.5.24\webapps\docs]
11-Apr-2024 02:21:35.971 INFO [localhost-startStop-1] org.apache.jasper.servlet.TldScanner.scanJars At least one JAR was scanned for TLDs yet contained no TLDs. Enable debug logging for this logger for a complete list of JARs that were scanned but no TLDs were found in them. Skipping unneeded JARs during scanning can improve startup time and JSP compilation time.
11-Apr-2024 02:21:36.018 INFO [localhost-startStop-1] org.apache.catalina.startup.HostConfig.deployDirectory Deployment of web application directory [D:\JavaSQL\Java8\apache-tomcat-8.5.24\webapps\docs] has finished in [225] ms
11-Apr-2024 02:21:36.018 INFO [localhost-startStop-1] org.apache.catalina.startup.HostConfig.deployDirectory Deploying web application directory [D:\JavaSQL\Java8\apache-tomcat-8.5.24\webapps\examples]
11-Apr-2024 02:21:36.174 INFO [localhost-startStop-1] org.apache.jasper.servlet.TldScanner.scanJars At least one JAR was scanned for TLDs yet contained no TLDs. Enable debug logging for this logger for a complete list of JARs that were scanned but no TLDs were found in them. Skipping unneeded JARs during scanning can improve startup time and JSP compilation time.
11-Apr-2024 02:21:36.210 INFO [localhost-startStop-1] org.apache.catalina.startup.HostConfig.deployDirectory Deployment of web application directory [D:\JavaSQL\Java8\apache-tomcat-8.5.24\webapps\examples] has finished in [192] ms
11-Apr-2024 02:21:36.210 INFO [localhost-startStop-1] org.apache.catalina.startup.HostConfig.deployDirectory Deploying web application directory [D:\JavaSQL\Java8\apache-tomcat-8.5.24\webapps\host-manager]
11-Apr-2024 02:21:36.231 INFO [localhost-startStop-1] org.apache.jasper.servlet.TldScanner.scanJars At least one JAR was scanned for TLDs yet contained no TLDs. Enable debug logging for this logger for a complete list of JARs that were scanned but no TLDs were found in them. Skipping unneeded JARs during scanning can improve startup time and JSP compilation time.
11-Apr-2024 02:21:36.238 INFO [localhost-startStop-1] org.apache.catalina.startup.HostConfig.deployDirectory Deployment of web application directory [D:\JavaSQL\Java8\apache-tomcat-8.5.24\webapps\host-manager] has finished in [28] ms
11-Apr-2024 02:21:36.238 INFO [localhost-startStop-1] org.apache.catalina.startup.HostConfig.deployDirectory Deploying web application directory [D:\JavaSQL\Java8\apache-tomcat-8.5.24\webapps\ROOT]
11-Apr-2024 02:21:36.251 INFO [localhost-startStop-1] org.apache.jasper.servlet.TldScanner.scanJars At least one JAR was scanned for TLDs yet contained no TLDs. Enable debug logging for this logger for a complete list of JARs that were scanned but no TLDs were found in them. Skipping unneeded JARs during scanning can improve startup time and JSP compilation time.
11-Apr-2024 02:21:36.257 INFO [localhost-startStop-1] org.apache.catalina.startup.HostConfig.deployDirectory Deployment of web application directory [D:\JavaSQL\Java8\apache-tomcat-8.5.24\webapps\ROOT] has finished in [19] ms
11-Apr-2024 02:21:36.259 INFO [localhost-startStop-1] org.apache.catalina.startup.HostConfig.deployDirectory Deploying web application directory [D:\JavaSQL\Java8\apache-tomcat-8.5.24\webapps\SQLServer]
11-Apr-2024 02:21:36.284 INFO [localhost-startStop-1] org.apache.jasper.servlet.TldScanner.scanJars At least one JAR was scanned for TLDs yet contained no TLDs. Enable debug logging for this logger for a complete list of JARs that were scanned but no TLDs were found in them. Skipping unneeded JARs during scanning can improve startup time and JSP compilation time.
11-Apr-2024 02:21:36.286 INFO [localhost-startStop-1] org.apache.catalina.startup.HostConfig.deployDirectory Deployment of web application directory [D:\JavaSQL\Java8\apache-tomcat-8.5.24\webapps\SQLServer] has finished in [27] ms
11-Apr-2024 02:21:36.286 INFO [localhost-startStop-1] org.apache.catalina.startup.HostConfig.deployDirectory Deploying web application directory [D:\JavaSQL\Java8\apache-tomcat-8.5.24\webapps\Servlet1]
11-Apr-2024 02:21:36.306 INFO [localhost-startStop-1] org.apache.jasper.servlet.TldScanner.scanJars At least one JAR was scanned for TLDs yet contained no TLDs. Enable debug logging for this logger for a complete list of JARs that were scanned but no TLDs were found in them. Skipping unneeded JARs during scanning can improve startup time and JSP compilation time.
11-Apr-2024 02:21:36.306 INFO [localhost-startStop-1] org.apache.catalina.startup.HostConfig.deployDirectory Deployment of web application directory [D:\JavaSQL\Java8\apache-tomcat-8.5.24\webapps\Servlet1] has finished in [20] ms
11-Apr-2024 02:21:36.306 INFO [localhost-startStop-1] org.apache.catalina.startup.HostConfig.deployDirectory Deploying web application directory [D:\JavaSQL\Java8\apache-tomcat-8.5.24\webapps\Servlet2]
11-Apr-2024 02:21:36.325 INFO [localhost-startStop-1] org.apache.jasper.servlet.TldScanner.scanJars At least one JAR was scanned for TLDs yet contained no TLDs. Enable debug logging for this logger for a complete list of JARs that were scanned but no TLDs were found in them. Skipping unneeded JARs during scanning can improve startup time and JSP compilation time.
11-Apr-2024 02:21:36.325 INFO [localhost-startStop-1] org.apache.catalina.startup.HostConfig.deployDirectory Deployment of web application directory [D:\JavaSQL\Java8\apache-tomcat-8.5.24\webapps\Servlet2] has finished in [19] ms
11-Apr-2024 02:21:36.325 INFO [localhost-startStop-1] org.apache.catalina.startup.HostConfig.deployDirectory Deploying web application directory [D:\JavaSQL\Java8\apache-tomcat-8.5.24\webapps\Servlet3]
11-Apr-2024 02:21:36.341 INFO [localhost-startStop-1] org.apache.jasper.servlet.TldScanner.scanJars At least one JAR was scanned for TLDs yet contained no TLDs. Enable debug logging for this logger for a complete list of JARs that were scanned but no TLDs were found in them. Skipping unneeded JARs during scanning can improve startup time and JSP compilation time.
11-Apr-2024 02:21:36.341 INFO [localhost-startStop-1] org.apache.catalina.startup.HostConfig.deployDirectory Deployment of web application directory [D:\JavaSQL\Java8\apache-tomcat-8.5.24\webapps\Servlet3] has finished in [16] ms
11-Apr-2024 02:21:36.341 INFO [localhost-startStop-1] org.apache.catalina.startup.HostConfig.deployDirectory Deploying web application directory [D:\JavaSQL\Java8\apache-tomcat-8.5.24\webapps\Servlet4]
11-Apr-2024 02:21:36.351 INFO [localhost-startStop-1] org.apache.jasper.servlet.TldScanner.scanJars At least one JAR was scanned for TLDs yet contained no TLDs. Enable debug logging for this logger for a complete list of JARs that were scanned but no TLDs were found in them. Skipping unneeded JARs during scanning can improve startup time and JSP compilation time.
11-Apr-2024 02:21:36.364 INFO [localhost-startStop-1] org.apache.catalina.startup.HostConfig.deployDirectory Deployment of web application directory [D:\JavaSQL\Java8\apache-tomcat-8.5.24\webapps\Servlet4] has finished in [23] ms
11-Apr-2024 02:21:36.364 INFO [localhost-startStop-1] org.apache.catalina.startup.HostConfig.deployDirectory Deploying web application directory [D:\JavaSQL\Java8\apache-tomcat-8.5.24\webapps\Pract8]
11-Apr-2024 02:21:36.385 INFO [localhost-startStop-1] org.apache.jasper.servlet.TldScanner.scanJars At least one JAR was scanned for TLDs yet contained no TLDs. Enable debug logging for this logger for a complete list of JARs that were scanned but no TLDs were found in them. Skipping unneeded JARs during scanning can improve startup time and JSP compilation time.
11-Apr-2024 02:21:36.385 INFO [localhost-startStop-1] org.apache.catalina.startup.HostConfig.deployDirectory Deployment of web application directory [D:\JavaSQL\Java8\apache-tomcat-8.5.24\webapps\Pract8] has finished in [21] ms
11-Apr-2024 02:21:36.385 INFO [localhost-startStop-1] org.apache.catalina.startup.HostConfig.deployDirectory Deploying web application directory [D:\JavaSQL\Java8\apache-tomcat-8.5.24\webapps\Entrega]
11-Apr-2024 02:21:36.409 INFO [localhost-startStop-1] org.apache.jasper.servlet.TldScanner.scanJars At least one JAR was scanned for TLDs yet contained no TLDs. Enable debug logging for this logger for a complete list of JARs that were scanned but no TLDs were found in them. Skipping unneeded JARs during scanning can improve startup time and JSP compilation time.
11-Apr-2024 02:21:36.409 INFO [localhost-startStop-1] org.apache.catalina.startup.HostConfig.deployDirectory Deployment of web application directory [D:\JavaSQL\Java8\apache-tomcat-8.5.24\webapps\Entrega] has finished in [24] ms
11-Apr-2024 02:21:36.409 INFO [localhost-startStop-1] org.apache.catalina.startup.HostConfig.deployDirectory Deploying web application directory [D:\JavaSQL\Java8\apache-tomcat-8.5.24\webapps\matrices8]
11-Apr-2024 02:21:36.432 INFO [localhost-startStop-1] org.apache.jasper.servlet.TldScanner.scanJars At least one JAR was scanned for TLDs yet contained no TLDs. Enable debug logging for this logger for a complete list of JARs that were scanned but no TLDs were found in them. Skipping unneeded JARs during scanning can improve startup time and JSP compilation time.
11-Apr-2024 02:21:36.434 INFO [localhost-startStop-1] org.apache.catalina.startup.HostConfig.deployDirectory Deployment of web application directory [D:\JavaSQL\Java8\apache-tomcat-8.5.24\webapps\matrices8] has finished in [25] ms
11-Apr-2024 02:21:36.434 INFO [localhost-startStop-1] org.apache.catalina.startup.HostConfig.deployDirectory Deploying web application directory [D:\JavaSQL\Java8\apache-tomcat-8.5.24\webapps\TD_E18]
11-Apr-2024 02:21:36.454 INFO [localhost-startStop-1] org.apache.jasper.servlet.TldScanner.scanJars At least one JAR was scanned for TLDs yet contained no TLDs. Enable debug logging for this logger for a complete list of JARs that were scanned but no TLDs were found in them. Skipping unneeded JARs during scanning can improve startup time and JSP compilation time.
11-Apr-2024 02:21:36.454 INFO [localhost-startStop-1] org.apache.catalina.startup.HostConfig.deployDirectory Deployment of web application directory [D:\JavaSQL\Java8\apache-tomcat-8.5.24\webapps\TD_E18] has finished in [20] ms
11-Apr-2024 02:21:36.454 INFO [localhost-startStop-1] org.apache.catalina.startup.HostConfig.deployDirectory Deploying web application directory [D:\JavaSQL\Java8\apache-tomcat-8.5.24\webapps\TB15]
11-Apr-2024 02:21:36.487 INFO [localhost-startStop-1] org.apache.jasper.servlet.TldScanner.scanJars At least one JAR was scanned for TLDs yet contained no TLDs. Enable debug logging for this logger for a complete list of JARs that were scanned but no TLDs were found in them. Skipping unneeded JARs during scanning can improve startup time and JSP compilation time.
11-Apr-2024 02:21:36.491 INFO [localhost-startStop-1] org.apache.catalina.startup.HostConfig.deployDirectory Deployment of web application directory [D:\JavaSQL\Java8\apache-tomcat-8.5.24\webapps\TB15] has finished in [37] ms
11-Apr-2024 02:21:36.491 INFO [localhost-startStop-1] org.apache.catalina.startup.HostConfig.deployDirectory Deploying web application directory [D:\JavaSQL\Java8\apache-tomcat-8.5.24\webapps\S2]
11-Apr-2024 02:21:36.509 INFO [localhost-startStop-1] org.apache.jasper.servlet.TldScanner.scanJars At least one JAR was scanned for TLDs yet contained no TLDs. Enable debug logging for this logger for a complete list of JARs that were scanned but no TLDs were found in them. Skipping unneeded JARs during scanning can improve startup time and JSP compilation time.
11-Apr-2024 02:21:36.511 INFO [localhost-startStop-1] org.apache.catalina.startup.HostConfig.deployDirectory Deployment of web application directory [D:\JavaSQL\Java8\apache-tomcat-8.5.24\webapps\S2] has finished in [20] ms
11-Apr-2024 02:21:36.511 INFO [localhost-startStop-1] org.apache.catalina.startup.HostConfig.deployDirectory Deploying web application directory [D:\JavaSQL\Java8\apache-tomcat-8.5.24\webapps\mock1]
11-Apr-2024 02:21:36.547 INFO [localhost-startStop-1] org.apache.jasper.servlet.TldScanner.scanJars At least one JAR was scanned for TLDs yet contained no TLDs. Enable debug logging for this logger for a complete list of JARs that were scanned but no TLDs were found in them. Skipping unneeded JARs during scanning can improve startup time and JSP compilation time.
11-Apr-2024 02:21:36.547 INFO [localhost-startStop-1] org.apache.catalina.startup.HostConfig.deployDirectory Deployment of web application directory [D:\JavaSQL\Java8\apache-tomcat-8.5.24\webapps\mock1] has finished in [36] ms
11-Apr-2024 02:21:36.553 INFO [localhost-startStop-1] org.apache.catalina.startup.HostConfig.deployDirectory Deploying web application directory [D:\JavaSQL\Java8\apache-tomcat-8.5.24\webapps\mock2]
11-Apr-2024 02:21:36.597 INFO [localhost-startStop-1] org.apache.jasper.servlet.TldScanner.scanJars At least one JAR was scanned for TLDs yet contained no TLDs. Enable debug logging for this logger for a complete list of JARs that were scanned but no TLDs were found in them. Skipping unneeded JARs during scanning can improve startup time and JSP compilation time.
11-Apr-2024 02:21:36.597 INFO [localhost-startStop-1] org.apache.catalina.startup.HostConfig.deployDirectory Deployment of web application directory [D:\JavaSQL\Java8\apache-tomcat-8.5.24\webapps\mock2] has finished in [44] ms
11-Apr-2024 02:21:36.604 INFO [main] org.apache.coyote.AbstractProtocol.start Starting ProtocolHandler ["http-nio-8082"]
11-Apr-2024 02:21:36.614 INFO [main] org.apache.coyote.AbstractProtocol.start Starting ProtocolHandler ["ajp-nio-8009"]
11-Apr-2024 02:21:36.617 INFO [main] org.apache.catalina.startup.Catalina.start Server startup in 851 ms
11-Apr-2024 02:24:17.451 INFO [main] org.apache.catalina.core.StandardServer.await A valid shutdown command was received via the shutdown port. Stopping the Server instance.
11-Apr-2024 02:24:17.451 INFO [main] org.apache.coyote.AbstractProtocol.pause Pausing ProtocolHandler ["http-nio-8082"]
11-Apr-2024 02:24:17.923 INFO [main] org.apache.coyote.AbstractProtocol.pause Pausing ProtocolHandler ["ajp-nio-8009"]
11-Apr-2024 02:24:18.332 INFO [main] org.apache.catalina.core.StandardService.stopInternal Stopping service [Catalina]
11-Apr-2024 02:24:18.427 INFO [main] org.apache.coyote.AbstractProtocol.stop Stopping ProtocolHandler ["http-nio-8082"]
11-Apr-2024 02:24:18.430 INFO [main] org.apache.coyote.AbstractProtocol.stop Stopping ProtocolHandler ["ajp-nio-8009"]
11-Apr-2024 02:24:18.430 INFO [main] org.apache.coyote.AbstractProtocol.destroy Destroying ProtocolHandler ["http-nio-8082"]
11-Apr-2024 02:24:18.433 INFO [main] org.apache.coyote.AbstractProtocol.destroy Destroying ProtocolHandler ["ajp-nio-8009"]
11-Apr-2024 02:24:29.793 INFO [main] org.apache.catalina.startup.VersionLoggerListener.log Server version:        Apache Tomcat/8.5.24
11-Apr-2024 02:24:29.793 INFO [main] org.apache.catalina.startup.VersionLoggerListener.log Server built:          Nov 27 2017 13:05:30 UTC
11-Apr-2024 02:24:29.793 INFO [main] org.apache.catalina.startup.VersionLoggerListener.log Server number:         8.5.24.0
11-Apr-2024 02:24:29.793 INFO [main] org.apache.catalina.startup.VersionLoggerListener.log OS Name:               Windows 10
11-Apr-2024 02:24:29.793 INFO [main] org.apache.catalina.startup.VersionLoggerListener.log OS Version:            10.0
11-Apr-2024 02:24:29.793 INFO [main] org.apache.catalina.startup.VersionLoggerListener.log Architecture:          x86
11-Apr-2024 02:24:29.793 INFO [main] org.apache.catalina.startup.VersionLoggerListener.log Java Home:             D:\JavaSQL\Java8\jdk1.8.0_131\jre
11-Apr-2024 02:24:29.793 INFO [main] org.apache.catalina.startup.VersionLoggerListener.log JVM Version:           1.8.0_131-b11
11-Apr-2024 02:24:29.793 INFO [main] org.apache.catalina.startup.VersionLoggerListener.log JVM Vendor:            Oracle Corporation
11-Apr-2024 02:24:29.793 INFO [main] org.apache.catalina.startup.VersionLoggerListener.log CATALINA_BASE:         D:\JavaSQL\Java8\apache-tomcat-8.5.24
11-Apr-2024 02:24:29.793 INFO [main] org.apache.catalina.startup.VersionLoggerListener.log CATALINA_HOME:         D:\JavaSQL\Java8\apache-tomcat-8.5.24
11-Apr-2024 02:24:29.793 INFO [main] org.apache.catalina.startup.VersionLoggerListener.log Command line argument: -Djava.util.logging.config.file=D:\JavaSQL\Java8\apache-tomcat-8.5.24\conf\logging.properties
11-Apr-2024 02:24:29.793 INFO [main] org.apache.catalina.startup.VersionLoggerListener.log Command line argument: -Djava.util.logging.manager=org.apache.juli.ClassLoaderLogManager
11-Apr-2024 02:24:29.793 INFO [main] org.apache.catalina.startup.VersionLoggerListener.log Command line argument: -Djdk.tls.ephemeralDHKeySize=2048
11-Apr-2024 02:24:29.793 INFO [main] org.apache.catalina.startup.VersionLoggerListener.log Command line argument: -Djava.protocol.handler.pkgs=org.apache.catalina.webresources
11-Apr-2024 02:24:29.793 INFO [main] org.apache.catalina.startup.VersionLoggerListener.log Command line argument: -Dignore.endorsed.dirs=
11-Apr-2024 02:24:29.793 INFO [main] org.apache.catalina.startup.VersionLoggerListener.log Command line argument: -Dcatalina.base=D:\JavaSQL\Java8\apache-tomcat-8.5.24
11-Apr-2024 02:24:29.793 INFO [main] org.apache.catalina.startup.VersionLoggerListener.log Command line argument: -Dcatalina.home=D:\JavaSQL\Java8\apache-tomcat-8.5.24
11-Apr-2024 02:24:29.793 INFO [main] org.apache.catalina.startup.VersionLoggerListener.log Command line argument: -Djava.io.tmpdir=D:\JavaSQL\Java8\apache-tomcat-8.5.24\temp
11-Apr-2024 02:24:29.793 INFO [main] org.apache.catalina.core.AprLifecycleListener.lifecycleEvent The APR based Apache Tomcat Native library which allows optimal performance in production environments was not found on the java.library.path: [D:\JavaSQL\Java8\jdk1.8.0_131\bin;C:\WINDOWS\Sun\Java\bin;C:\WINDOWS\system32;C:\WINDOWS;D:\JavaSQL\Java8\jdk1.8.0_131\bin;D:\JavaSQL\Java8\jdk1.8.0_131\db\bin;D:\JavaSQL\Java8\squirrelsql-4.0.0-standard;D:\JavaSQL\Java8\apache-tomcat-8.5.24\bin;C:\WINDOWS\system32;C:\WINDOWS;C:\WINDOWS\System32\Wbem;C:\WINDOWS\System32\WindowsPowerShell\v1.0\;C:\WINDOWS\System32\OpenSSH\;C:\Program Files\dotnet\;C:\Users\Aldoa\Desktop\Infor\bin;C:\Users\Aldoa\AppData\Local\Microsoft\WindowsApps;;.]
11-Apr-2024 02:24:29.872 INFO [main] org.apache.coyote.AbstractProtocol.init Initializing ProtocolHandler ["http-nio-8082"]
11-Apr-2024 02:24:30.107 INFO [main] org.apache.tomcat.util.net.NioSelectorPool.getSharedSelector Using a shared selector for servlet write/read
11-Apr-2024 02:24:30.107 INFO [main] org.apache.coyote.AbstractProtocol.init Initializing ProtocolHandler ["ajp-nio-8009"]
11-Apr-2024 02:24:30.107 INFO [main] org.apache.tomcat.util.net.NioSelectorPool.getSharedSelector Using a shared selector for servlet write/read
11-Apr-2024 02:24:30.107 INFO [main] org.apache.catalina.startup.Catalina.load Initialization processed in 504 ms
11-Apr-2024 02:24:30.136 INFO [main] org.apache.catalina.core.StandardService.startInternal Starting service [Catalina]
11-Apr-2024 02:24:30.136 INFO [main] org.apache.catalina.core.StandardEngine.startInternal Starting Servlet Engine: Apache Tomcat/8.5.24
11-Apr-2024 02:24:30.140 INFO [localhost-startStop-1] org.apache.catalina.startup.HostConfig.deployDirectory Deploying web application directory [D:\JavaSQL\Java8\apache-tomcat-8.5.24\webapps\docs]
11-Apr-2024 02:24:30.322 INFO [localhost-startStop-1] org.apache.jasper.servlet.TldScanner.scanJars At least one JAR was scanned for TLDs yet contained no TLDs. Enable debug logging for this logger for a complete list of JARs that were scanned but no TLDs were found in them. Skipping unneeded JARs during scanning can improve startup time and JSP compilation time.
11-Apr-2024 02:24:30.367 INFO [localhost-startStop-1] org.apache.catalina.startup.HostConfig.deployDirectory Deployment of web application directory [D:\JavaSQL\Java8\apache-tomcat-8.5.24\webapps\docs] has finished in [227] ms
11-Apr-2024 02:24:30.370 INFO [localhost-startStop-1] org.apache.catalina.startup.HostConfig.deployDirectory Deploying web application directory [D:\JavaSQL\Java8\apache-tomcat-8.5.24\webapps\examples]
11-Apr-2024 02:24:30.552 INFO [localhost-startStop-1] org.apache.jasper.servlet.TldScanner.scanJars At least one JAR was scanned for TLDs yet contained no TLDs. Enable debug logging for this logger for a complete list of JARs that were scanned but no TLDs were found in them. Skipping unneeded JARs during scanning can improve startup time and JSP compilation time.
11-Apr-2024 02:24:30.586 INFO [localhost-startStop-1] org.apache.catalina.startup.HostConfig.deployDirectory Deployment of web application directory [D:\JavaSQL\Java8\apache-tomcat-8.5.24\webapps\examples] has finished in [219] ms
11-Apr-2024 02:24:30.586 INFO [localhost-startStop-1] org.apache.catalina.startup.HostConfig.deployDirectory Deploying web application directory [D:\JavaSQL\Java8\apache-tomcat-8.5.24\webapps\host-manager]
11-Apr-2024 02:24:30.613 INFO [localhost-startStop-1] org.apache.jasper.servlet.TldScanner.scanJars At least one JAR was scanned for TLDs yet contained no TLDs. Enable debug logging for this logger for a complete list of JARs that were scanned but no TLDs were found in them. Skipping unneeded JARs during scanning can improve startup time and JSP compilation time.
11-Apr-2024 02:24:30.621 INFO [localhost-startStop-1] org.apache.catalina.startup.HostConfig.deployDirectory Deployment of web application directory [D:\JavaSQL\Java8\apache-tomcat-8.5.24\webapps\host-manager] has finished in [35] ms
11-Apr-2024 02:24:30.621 INFO [localhost-startStop-1] org.apache.catalina.startup.HostConfig.deployDirectory Deploying web application directory [D:\JavaSQL\Java8\apache-tomcat-8.5.24\webapps\ROOT]
11-Apr-2024 02:24:30.634 INFO [localhost-startStop-1] org.apache.jasper.servlet.TldScanner.scanJars At least one JAR was scanned for TLDs yet contained no TLDs. Enable debug logging for this logger for a complete list of JARs that were scanned but no TLDs were found in them. Skipping unneeded JARs during scanning can improve startup time and JSP compilation time.
11-Apr-2024 02:24:30.637 INFO [localhost-startStop-1] org.apache.catalina.startup.HostConfig.deployDirectory Deployment of web application directory [D:\JavaSQL\Java8\apache-tomcat-8.5.24\webapps\ROOT] has finished in [16] ms
11-Apr-2024 02:24:30.637 INFO [localhost-startStop-1] org.apache.catalina.startup.HostConfig.deployDirectory Deploying web application directory [D:\JavaSQL\Java8\apache-tomcat-8.5.24\webapps\SQLServer]
11-Apr-2024 02:24:30.653 INFO [localhost-startStop-1] org.apache.jasper.servlet.TldScanner.scanJars At least one JAR was scanned for TLDs yet contained no TLDs. Enable debug logging for this logger for a complete list of JARs that were scanned but no TLDs were found in them. Skipping unneeded JARs during scanning can improve startup time and JSP compilation time.
11-Apr-2024 02:24:30.653 INFO [localhost-startStop-1] org.apache.catalina.startup.HostConfig.deployDirectory Deployment of web application directory [D:\JavaSQL\Java8\apache-tomcat-8.5.24\webapps\SQLServer] has finished in [16] ms
11-Apr-2024 02:24:30.661 INFO [localhost-startStop-1] org.apache.catalina.startup.HostConfig.deployDirectory Deploying web application directory [D:\JavaSQL\Java8\apache-tomcat-8.5.24\webapps\Servlet1]
11-Apr-2024 02:24:30.678 INFO [localhost-startStop-1] org.apache.jasper.servlet.TldScanner.scanJars At least one JAR was scanned for TLDs yet contained no TLDs. Enable debug logging for this logger for a complete list of JARs that were scanned but no TLDs were found in them. Skipping unneeded JARs during scanning can improve startup time and JSP compilation time.
11-Apr-2024 02:24:30.678 INFO [localhost-startStop-1] org.apache.catalina.startup.HostConfig.deployDirectory Deployment of web application directory [D:\JavaSQL\Java8\apache-tomcat-8.5.24\webapps\Servlet1] has finished in [17] ms
11-Apr-2024 02:24:30.678 INFO [localhost-startStop-1] org.apache.catalina.startup.HostConfig.deployDirectory Deploying web application directory [D:\JavaSQL\Java8\apache-tomcat-8.5.24\webapps\Servlet2]
11-Apr-2024 02:24:30.709 INFO [localhost-startStop-1] org.apache.jasper.servlet.TldScanner.scanJars At least one JAR was scanned for TLDs yet contained no TLDs. Enable debug logging for this logger for a complete list of JARs that were scanned but no TLDs were found in them. Skipping unneeded JARs during scanning can improve startup time and JSP compilation time.
11-Apr-2024 02:24:30.709 INFO [localhost-startStop-1] org.apache.catalina.startup.HostConfig.deployDirectory Deployment of web application directory [D:\JavaSQL\Java8\apache-tomcat-8.5.24\webapps\Servlet2] has finished in [31] ms
11-Apr-2024 02:24:30.709 INFO [localhost-startStop-1] org.apache.catalina.startup.HostConfig.deployDirectory Deploying web application directory [D:\JavaSQL\Java8\apache-tomcat-8.5.24\webapps\Servlet3]
11-Apr-2024 02:24:30.725 INFO [localhost-startStop-1] org.apache.jasper.servlet.TldScanner.scanJars At least one JAR was scanned for TLDs yet contained no TLDs. Enable debug logging for this logger for a complete list of JARs that were scanned but no TLDs were found in them. Skipping unneeded JARs during scanning can improve startup time and JSP compilation time.
11-Apr-2024 02:24:30.725 INFO [localhost-startStop-1] org.apache.catalina.startup.HostConfig.deployDirectory Deployment of web application directory [D:\JavaSQL\Java8\apache-tomcat-8.5.24\webapps\Servlet3] has finished in [16] ms
11-Apr-2024 02:24:30.725 INFO [localhost-startStop-1] org.apache.catalina.startup.HostConfig.deployDirectory Deploying web application directory [D:\JavaSQL\Java8\apache-tomcat-8.5.24\webapps\Servlet4]
11-Apr-2024 02:24:30.748 INFO [localhost-startStop-1] org.apache.jasper.servlet.TldScanner.scanJars At least one JAR was scanned for TLDs yet contained no TLDs. Enable debug logging for this logger for a complete list of JARs that were scanned but no TLDs were found in them. Skipping unneeded JARs during scanning can improve startup time and JSP compilation time.
11-Apr-2024 02:24:30.748 INFO [localhost-startStop-1] org.apache.catalina.startup.HostConfig.deployDirectory Deployment of web application directory [D:\JavaSQL\Java8\apache-tomcat-8.5.24\webapps\Servlet4] has finished in [23] ms
11-Apr-2024 02:24:30.748 INFO [localhost-startStop-1] org.apache.catalina.startup.HostConfig.deployDirectory Deploying web application directory [D:\JavaSQL\Java8\apache-tomcat-8.5.24\webapps\Pract8]
11-Apr-2024 02:24:30.772 INFO [localhost-startStop-1] org.apache.jasper.servlet.TldScanner.scanJars At least one JAR was scanned for TLDs yet contained no TLDs. Enable debug logging for this logger for a complete list of JARs that were scanned but no TLDs were found in them. Skipping unneeded JARs during scanning can improve startup time and JSP compilation time.
11-Apr-2024 02:24:30.772 INFO [localhost-startStop-1] org.apache.catalina.startup.HostConfig.deployDirectory Deployment of web application directory [D:\JavaSQL\Java8\apache-tomcat-8.5.24\webapps\Pract8] has finished in [24] ms
11-Apr-2024 02:24:30.772 INFO [localhost-startStop-1] org.apache.catalina.startup.HostConfig.deployDirectory Deploying web application directory [D:\JavaSQL\Java8\apache-tomcat-8.5.24\webapps\Entrega]
11-Apr-2024 02:24:30.808 INFO [localhost-startStop-1] org.apache.jasper.servlet.TldScanner.scanJars At least one JAR was scanned for TLDs yet contained no TLDs. Enable debug logging for this logger for a complete list of JARs that were scanned but no TLDs were found in them. Skipping unneeded JARs during scanning can improve startup time and JSP compilation time.
11-Apr-2024 02:24:30.808 INFO [localhost-startStop-1] org.apache.catalina.startup.HostConfig.deployDirectory Deployment of web application directory [D:\JavaSQL\Java8\apache-tomcat-8.5.24\webapps\Entrega] has finished in [36] ms
11-Apr-2024 02:24:30.808 INFO [localhost-startStop-1] org.apache.catalina.startup.HostConfig.deployDirectory Deploying web application directory [D:\JavaSQL\Java8\apache-tomcat-8.5.24\webapps\matrices8]
11-Apr-2024 02:24:30.837 INFO [localhost-startStop-1] org.apache.jasper.servlet.TldScanner.scanJars At least one JAR was scanned for TLDs yet contained no TLDs. Enable debug logging for this logger for a complete list of JARs that were scanned but no TLDs were found in them. Skipping unneeded JARs during scanning can improve startup time and JSP compilation time.
11-Apr-2024 02:24:30.837 INFO [localhost-startStop-1] org.apache.catalina.startup.HostConfig.deployDirectory Deployment of web application directory [D:\JavaSQL\Java8\apache-tomcat-8.5.24\webapps\matrices8] has finished in [29] ms
11-Apr-2024 02:24:30.837 INFO [localhost-startStop-1] org.apache.catalina.startup.HostConfig.deployDirectory Deploying web application directory [D:\JavaSQL\Java8\apache-tomcat-8.5.24\webapps\TD_E18]
11-Apr-2024 02:24:30.867 INFO [localhost-startStop-1] org.apache.jasper.servlet.TldScanner.scanJars At least one JAR was scanned for TLDs yet contained no TLDs. Enable debug logging for this logger for a complete list of JARs that were scanned but no TLDs were found in them. Skipping unneeded JARs during scanning can improve startup time and JSP compilation time.
11-Apr-2024 02:24:30.867 INFO [localhost-startStop-1] org.apache.catalina.startup.HostConfig.deployDirectory Deployment of web application directory [D:\JavaSQL\Java8\apache-tomcat-8.5.24\webapps\TD_E18] has finished in [30] ms
11-Apr-2024 02:24:30.867 INFO [localhost-startStop-1] org.apache.catalina.startup.HostConfig.deployDirectory Deploying web application directory [D:\JavaSQL\Java8\apache-tomcat-8.5.24\webapps\TB15]
11-Apr-2024 02:24:30.891 INFO [localhost-startStop-1] org.apache.jasper.servlet.TldScanner.scanJars At least one JAR was scanned for TLDs yet contained no TLDs. Enable debug logging for this logger for a complete list of JARs that were scanned but no TLDs were found in them. Skipping unneeded JARs during scanning can improve startup time and JSP compilation time.
11-Apr-2024 02:24:30.899 INFO [localhost-startStop-1] org.apache.catalina.startup.HostConfig.deployDirectory Deployment of web application directory [D:\JavaSQL\Java8\apache-tomcat-8.5.24\webapps\TB15] has finished in [24] ms
11-Apr-2024 02:24:30.899 INFO [localhost-startStop-1] org.apache.catalina.startup.HostConfig.deployDirectory Deploying web application directory [D:\JavaSQL\Java8\apache-tomcat-8.5.24\webapps\S2]
11-Apr-2024 02:24:30.917 INFO [localhost-startStop-1] org.apache.jasper.servlet.TldScanner.scanJars At least one JAR was scanned for TLDs yet contained no TLDs. Enable debug logging for this logger for a complete list of JARs that were scanned but no TLDs were found in them. Skipping unneeded JARs during scanning can improve startup time and JSP compilation time.
11-Apr-2024 02:24:30.921 INFO [localhost-startStop-1] org.apache.catalina.startup.HostConfig.deployDirectory Deployment of web application directory [D:\JavaSQL\Java8\apache-tomcat-8.5.24\webapps\S2] has finished in [22] ms
11-Apr-2024 02:24:30.921 INFO [localhost-startStop-1] org.apache.catalina.startup.HostConfig.deployDirectory Deploying web application directory [D:\JavaSQL\Java8\apache-tomcat-8.5.24\webapps\mock1]
11-Apr-2024 02:24:30.954 INFO [localhost-startStop-1] org.apache.jasper.servlet.TldScanner.scanJars At least one JAR was scanned for TLDs yet contained no TLDs. Enable debug logging for this logger for a complete list of JARs that were scanned but no TLDs were found in them. Skipping unneeded JARs during scanning can improve startup time and JSP compilation time.
11-Apr-2024 02:24:30.964 INFO [localhost-startStop-1] org.apache.catalina.startup.HostConfig.deployDirectory Deployment of web application directory [D:\JavaSQL\Java8\apache-tomcat-8.5.24\webapps\mock1] has finished in [43] ms
11-Apr-2024 02:24:30.964 INFO [localhost-startStop-1] org.apache.catalina.startup.HostConfig.deployDirectory Deploying web application directory [D:\JavaSQL\Java8\apache-tomcat-8.5.24\webapps\mock2]
11-Apr-2024 02:24:31.003 INFO [localhost-startStop-1] org.apache.jasper.servlet.TldScanner.scanJars At least one JAR was scanned for TLDs yet contained no TLDs. Enable debug logging for this logger for a complete list of JARs that were scanned but no TLDs were found in them. Skipping unneeded JARs during scanning can improve startup time and JSP compilation time.
11-Apr-2024 02:24:31.012 INFO [localhost-startStop-1] org.apache.catalina.startup.HostConfig.deployDirectory Deployment of web application directory [D:\JavaSQL\Java8\apache-tomcat-8.5.24\webapps\mock2] has finished in [48] ms
11-Apr-2024 02:24:31.016 INFO [main] org.apache.coyote.AbstractProtocol.start Starting ProtocolHandler ["http-nio-8082"]
11-Apr-2024 02:24:31.020 INFO [main] org.apache.coyote.AbstractProtocol.start Starting ProtocolHandler ["ajp-nio-8009"]
11-Apr-2024 02:24:31.028 INFO [main] org.apache.catalina.startup.Catalina.start Server startup in 914 ms
11-Apr-2024 02:26:13.841 INFO [main] org.apache.catalina.core.StandardServer.await A valid shutdown command was received via the shutdown port. Stopping the Server instance.
11-Apr-2024 02:26:13.841 INFO [main] org.apache.coyote.AbstractProtocol.pause Pausing ProtocolHandler ["http-nio-8082"]
11-Apr-2024 02:26:14.300 INFO [main] org.apache.coyote.AbstractProtocol.pause Pausing ProtocolHandler ["ajp-nio-8009"]
11-Apr-2024 02:26:14.756 INFO [main] org.apache.catalina.core.StandardService.stopInternal Stopping service [Catalina]
11-Apr-2024 02:26:14.851 INFO [main] org.apache.coyote.AbstractProtocol.stop Stopping ProtocolHandler ["http-nio-8082"]
11-Apr-2024 02:26:14.851 INFO [main] org.apache.coyote.AbstractProtocol.stop Stopping ProtocolHandler ["ajp-nio-8009"]
11-Apr-2024 02:26:14.851 INFO [main] org.apache.coyote.AbstractProtocol.destroy Destroying ProtocolHandler ["http-nio-8082"]
11-Apr-2024 02:26:14.851 INFO [main] org.apache.coyote.AbstractProtocol.destroy Destroying ProtocolHandler ["ajp-nio-8009"]
11-Apr-2024 02:26:25.411 INFO [main] org.apache.catalina.startup.VersionLoggerListener.log Server version:        Apache Tomcat/8.5.24
11-Apr-2024 02:26:25.411 INFO [main] org.apache.catalina.startup.VersionLoggerListener.log Server built:          Nov 27 2017 13:05:30 UTC
11-Apr-2024 02:26:25.411 INFO [main] org.apache.catalina.startup.VersionLoggerListener.log Server number:         8.5.24.0
11-Apr-2024 02:26:25.411 INFO [main] org.apache.catalina.startup.VersionLoggerListener.log OS Name:               Windows 10
11-Apr-2024 02:26:25.411 INFO [main] org.apache.catalina.startup.VersionLoggerListener.log OS Version:            10.0
11-Apr-2024 02:26:25.411 INFO [main] org.apache.catalina.startup.VersionLoggerListener.log Architecture:          x86
11-Apr-2024 02:26:25.411 INFO [main] org.apache.catalina.startup.VersionLoggerListener.log Java Home:             D:\JavaSQL\Java8\jdk1.8.0_131\jre
11-Apr-2024 02:26:25.411 INFO [main] org.apache.catalina.startup.VersionLoggerListener.log JVM Version:           1.8.0_131-b11
11-Apr-2024 02:26:25.411 INFO [main] org.apache.catalina.startup.VersionLoggerListener.log JVM Vendor:            Oracle Corporation
11-Apr-2024 02:26:25.411 INFO [main] org.apache.catalina.startup.VersionLoggerListener.log CATALINA_BASE:         D:\JavaSQL\Java8\apache-tomcat-8.5.24
11-Apr-2024 02:26:25.411 INFO [main] org.apache.catalina.startup.VersionLoggerListener.log CATALINA_HOME:         D:\JavaSQL\Java8\apache-tomcat-8.5.24
11-Apr-2024 02:26:25.411 INFO [main] org.apache.catalina.startup.VersionLoggerListener.log Command line argument: -Djava.util.logging.config.file=D:\JavaSQL\Java8\apache-tomcat-8.5.24\conf\logging.properties
11-Apr-2024 02:26:25.411 INFO [main] org.apache.catalina.startup.VersionLoggerListener.log Command line argument: -Djava.util.logging.manager=org.apache.juli.ClassLoaderLogManager
11-Apr-2024 02:26:25.411 INFO [main] org.apache.catalina.startup.VersionLoggerListener.log Command line argument: -Djdk.tls.ephemeralDHKeySize=2048
11-Apr-2024 02:26:25.411 INFO [main] org.apache.catalina.startup.VersionLoggerListener.log Command line argument: -Djava.protocol.handler.pkgs=org.apache.catalina.webresources
11-Apr-2024 02:26:25.411 INFO [main] org.apache.catalina.startup.VersionLoggerListener.log Command line argument: -Dignore.endorsed.dirs=
11-Apr-2024 02:26:25.411 INFO [main] org.apache.catalina.startup.VersionLoggerListener.log Command line argument: -Dcatalina.base=D:\JavaSQL\Java8\apache-tomcat-8.5.24
11-Apr-2024 02:26:25.411 INFO [main] org.apache.catalina.startup.VersionLoggerListener.log Command line argument: -Dcatalina.home=D:\JavaSQL\Java8\apache-tomcat-8.5.24
11-Apr-2024 02:26:25.411 INFO [main] org.apache.catalina.startup.VersionLoggerListener.log Command line argument: -Djava.io.tmpdir=D:\JavaSQL\Java8\apache-tomcat-8.5.24\temp
11-Apr-2024 02:26:25.411 INFO [main] org.apache.catalina.core.AprLifecycleListener.lifecycleEvent The APR based Apache Tomcat Native library which allows optimal performance in production environments was not found on the java.library.path: [D:\JavaSQL\Java8\jdk1.8.0_131\bin;C:\WINDOWS\Sun\Java\bin;C:\WINDOWS\system32;C:\WINDOWS;D:\JavaSQL\Java8\jdk1.8.0_131\bin;D:\JavaSQL\Java8\jdk1.8.0_131\db\bin;D:\JavaSQL\Java8\squirrelsql-4.0.0-standard;D:\JavaSQL\Java8\apache-tomcat-8.5.24\bin;C:\WINDOWS\system32;C:\WINDOWS;C:\WINDOWS\System32\Wbem;C:\WINDOWS\System32\WindowsPowerShell\v1.0\;C:\WINDOWS\System32\OpenSSH\;C:\Program Files\dotnet\;C:\Users\Aldoa\Desktop\Infor\bin;C:\Users\Aldoa\AppData\Local\Microsoft\WindowsApps;;.]
11-Apr-2024 02:26:25.475 INFO [main] org.apache.coyote.AbstractProtocol.init Initializing ProtocolHandler ["http-nio-8082"]
11-Apr-2024 02:26:25.670 INFO [main] org.apache.tomcat.util.net.NioSelectorPool.getSharedSelector Using a shared selector for servlet write/read
11-Apr-2024 02:26:25.677 INFO [main] org.apache.coyote.AbstractProtocol.init Initializing ProtocolHandler ["ajp-nio-8009"]
11-Apr-2024 02:26:25.677 INFO [main] org.apache.tomcat.util.net.NioSelectorPool.getSharedSelector Using a shared selector for servlet write/read
11-Apr-2024 02:26:25.677 INFO [main] org.apache.catalina.startup.Catalina.load Initialization processed in 467 ms
11-Apr-2024 02:26:25.698 INFO [main] org.apache.catalina.core.StandardService.startInternal Starting service [Catalina]
11-Apr-2024 02:26:25.698 INFO [main] org.apache.catalina.core.StandardEngine.startInternal Starting Servlet Engine: Apache Tomcat/8.5.24
11-Apr-2024 02:26:25.706 INFO [localhost-startStop-1] org.apache.catalina.startup.HostConfig.deployDirectory Deploying web application directory [D:\JavaSQL\Java8\apache-tomcat-8.5.24\webapps\docs]
11-Apr-2024 02:26:25.861 INFO [localhost-startStop-1] org.apache.jasper.servlet.TldScanner.scanJars At least one JAR was scanned for TLDs yet contained no TLDs. Enable debug logging for this logger for a complete list of JARs that were scanned but no TLDs were found in them. Skipping unneeded JARs during scanning can improve startup time and JSP compilation time.
11-Apr-2024 02:26:25.931 INFO [localhost-startStop-1] org.apache.catalina.startup.HostConfig.deployDirectory Deployment of web application directory [D:\JavaSQL\Java8\apache-tomcat-8.5.24\webapps\docs] has finished in [225] ms
11-Apr-2024 02:26:25.931 INFO [localhost-startStop-1] org.apache.catalina.startup.HostConfig.deployDirectory Deploying web application directory [D:\JavaSQL\Java8\apache-tomcat-8.5.24\webapps\examples]
11-Apr-2024 02:26:26.067 INFO [localhost-startStop-1] org.apache.jasper.servlet.TldScanner.scanJars At least one JAR was scanned for TLDs yet contained no TLDs. Enable debug logging for this logger for a complete list of JARs that were scanned but no TLDs were found in them. Skipping unneeded JARs during scanning can improve startup time and JSP compilation time.
11-Apr-2024 02:26:26.098 INFO [localhost-startStop-1] org.apache.catalina.startup.HostConfig.deployDirectory Deployment of web application directory [D:\JavaSQL\Java8\apache-tomcat-8.5.24\webapps\examples] has finished in [167] ms
11-Apr-2024 02:26:26.098 INFO [localhost-startStop-1] org.apache.catalina.startup.HostConfig.deployDirectory Deploying web application directory [D:\JavaSQL\Java8\apache-tomcat-8.5.24\webapps\host-manager]
11-Apr-2024 02:26:26.114 INFO [localhost-startStop-1] org.apache.jasper.servlet.TldScanner.scanJars At least one JAR was scanned for TLDs yet contained no TLDs. Enable debug logging for this logger for a complete list of JARs that were scanned but no TLDs were found in them. Skipping unneeded JARs during scanning can improve startup time and JSP compilation time.
11-Apr-2024 02:26:26.114 INFO [localhost-startStop-1] org.apache.catalina.startup.HostConfig.deployDirectory Deployment of web application directory [D:\JavaSQL\Java8\apache-tomcat-8.5.24\webapps\host-manager] has finished in [16] ms
11-Apr-2024 02:26:26.114 INFO [localhost-startStop-1] org.apache.catalina.startup.HostConfig.deployDirectory Deploying web application directory [D:\JavaSQL\Java8\apache-tomcat-8.5.24\webapps\ROOT]
11-Apr-2024 02:26:26.130 INFO [localhost-startStop-1] org.apache.jasper.servlet.TldScanner.scanJars At least one JAR was scanned for TLDs yet contained no TLDs. Enable debug logging for this logger for a complete list of JARs that were scanned but no TLDs were found in them. Skipping unneeded JARs during scanning can improve startup time and JSP compilation time.
11-Apr-2024 02:26:26.130 INFO [localhost-startStop-1] org.apache.catalina.startup.HostConfig.deployDirectory Deployment of web application directory [D:\JavaSQL\Java8\apache-tomcat-8.5.24\webapps\ROOT] has finished in [16] ms
11-Apr-2024 02:26:26.130 INFO [localhost-startStop-1] org.apache.catalina.startup.HostConfig.deployDirectory Deploying web application directory [D:\JavaSQL\Java8\apache-tomcat-8.5.24\webapps\SQLServer]
11-Apr-2024 02:26:26.145 INFO [localhost-startStop-1] org.apache.jasper.servlet.TldScanner.scanJars At least one JAR was scanned for TLDs yet contained no TLDs. Enable debug logging for this logger for a complete list of JARs that were scanned but no TLDs were found in them. Skipping unneeded JARs during scanning can improve startup time and JSP compilation time.
11-Apr-2024 02:26:26.155 INFO [localhost-startStop-1] org.apache.catalina.startup.HostConfig.deployDirectory Deployment of web application directory [D:\JavaSQL\Java8\apache-tomcat-8.5.24\webapps\SQLServer] has finished in [25] ms
11-Apr-2024 02:26:26.155 INFO [localhost-startStop-1] org.apache.catalina.startup.HostConfig.deployDirectory Deploying web application directory [D:\JavaSQL\Java8\apache-tomcat-8.5.24\webapps\Servlet1]
11-Apr-2024 02:26:26.161 INFO [localhost-startStop-1] org.apache.jasper.servlet.TldScanner.scanJars At least one JAR was scanned for TLDs yet contained no TLDs. Enable debug logging for this logger for a complete list of JARs that were scanned but no TLDs were found in them. Skipping unneeded JARs during scanning can improve startup time and JSP compilation time.
11-Apr-2024 02:26:26.161 INFO [localhost-startStop-1] org.apache.catalina.startup.HostConfig.deployDirectory Deployment of web application directory [D:\JavaSQL\Java8\apache-tomcat-8.5.24\webapps\Servlet1] has finished in [6] ms
11-Apr-2024 02:26:26.161 INFO [localhost-startStop-1] org.apache.catalina.startup.HostConfig.deployDirectory Deploying web application directory [D:\JavaSQL\Java8\apache-tomcat-8.5.24\webapps\Servlet2]
11-Apr-2024 02:26:26.193 INFO [localhost-startStop-1] org.apache.jasper.servlet.TldScanner.scanJars At least one JAR was scanned for TLDs yet contained no TLDs. Enable debug logging for this logger for a complete list of JARs that were scanned but no TLDs were found in them. Skipping unneeded JARs during scanning can improve startup time and JSP compilation time.
11-Apr-2024 02:26:26.193 INFO [localhost-startStop-1] org.apache.catalina.startup.HostConfig.deployDirectory Deployment of web application directory [D:\JavaSQL\Java8\apache-tomcat-8.5.24\webapps\Servlet2] has finished in [32] ms
11-Apr-2024 02:26:26.193 INFO [localhost-startStop-1] org.apache.catalina.startup.HostConfig.deployDirectory Deploying web application directory [D:\JavaSQL\Java8\apache-tomcat-8.5.24\webapps\Servlet3]
11-Apr-2024 02:26:26.208 INFO [localhost-startStop-1] org.apache.jasper.servlet.TldScanner.scanJars At least one JAR was scanned for TLDs yet contained no TLDs. Enable debug logging for this logger for a complete list of JARs that were scanned but no TLDs were found in them. Skipping unneeded JARs during scanning can improve startup time and JSP compilation time.
11-Apr-2024 02:26:26.214 INFO [localhost-startStop-1] org.apache.catalina.startup.HostConfig.deployDirectory Deployment of web application directory [D:\JavaSQL\Java8\apache-tomcat-8.5.24\webapps\Servlet3] has finished in [21] ms
11-Apr-2024 02:26:26.214 INFO [localhost-startStop-1] org.apache.catalina.startup.HostConfig.deployDirectory Deploying web application directory [D:\JavaSQL\Java8\apache-tomcat-8.5.24\webapps\Servlet4]
11-Apr-2024 02:26:26.229 INFO [localhost-startStop-1] org.apache.jasper.servlet.TldScanner.scanJars At least one JAR was scanned for TLDs yet contained no TLDs. Enable debug logging for this logger for a complete list of JARs that were scanned but no TLDs were found in them. Skipping unneeded JARs during scanning can improve startup time and JSP compilation time.
11-Apr-2024 02:26:26.229 INFO [localhost-startStop-1] org.apache.catalina.startup.HostConfig.deployDirectory Deployment of web application directory [D:\JavaSQL\Java8\apache-tomcat-8.5.24\webapps\Servlet4] has finished in [15] ms
11-Apr-2024 02:26:26.233 INFO [localhost-startStop-1] org.apache.catalina.startup.HostConfig.deployDirectory Deploying web application directory [D:\JavaSQL\Java8\apache-tomcat-8.5.24\webapps\Pract8]
11-Apr-2024 02:26:26.250 INFO [localhost-startStop-1] org.apache.jasper.servlet.TldScanner.scanJars At least one JAR was scanned for TLDs yet contained no TLDs. Enable debug logging for this logger for a complete list of JARs that were scanned but no TLDs were found in them. Skipping unneeded JARs during scanning can improve startup time and JSP compilation time.
11-Apr-2024 02:26:26.253 INFO [localhost-startStop-1] org.apache.catalina.startup.HostConfig.deployDirectory Deployment of web application directory [D:\JavaSQL\Java8\apache-tomcat-8.5.24\webapps\Pract8] has finished in [20] ms
11-Apr-2024 02:26:26.253 INFO [localhost-startStop-1] org.apache.catalina.startup.HostConfig.deployDirectory Deploying web application directory [D:\JavaSQL\Java8\apache-tomcat-8.5.24\webapps\Entrega]
11-Apr-2024 02:26:26.278 INFO [localhost-startStop-1] org.apache.jasper.servlet.TldScanner.scanJars At least one JAR was scanned for TLDs yet contained no TLDs. Enable debug logging for this logger for a complete list of JARs that were scanned but no TLDs were found in them. Skipping unneeded JARs during scanning can improve startup time and JSP compilation time.
11-Apr-2024 02:26:26.278 INFO [localhost-startStop-1] org.apache.catalina.startup.HostConfig.deployDirectory Deployment of web application directory [D:\JavaSQL\Java8\apache-tomcat-8.5.24\webapps\Entrega] has finished in [25] ms
11-Apr-2024 02:26:26.278 INFO [localhost-startStop-1] org.apache.catalina.startup.HostConfig.deployDirectory Deploying web application directory [D:\JavaSQL\Java8\apache-tomcat-8.5.24\webapps\matrices8]
11-Apr-2024 02:26:26.300 INFO [localhost-startStop-1] org.apache.jasper.servlet.TldScanner.scanJars At least one JAR was scanned for TLDs yet contained no TLDs. Enable debug logging for this logger for a complete list of JARs that were scanned but no TLDs were found in them. Skipping unneeded JARs during scanning can improve startup time and JSP compilation time.
11-Apr-2024 02:26:26.300 INFO [localhost-startStop-1] org.apache.catalina.startup.HostConfig.deployDirectory Deployment of web application directory [D:\JavaSQL\Java8\apache-tomcat-8.5.24\webapps\matrices8] has finished in [22] ms
11-Apr-2024 02:26:26.300 INFO [localhost-startStop-1] org.apache.catalina.startup.HostConfig.deployDirectory Deploying web application directory [D:\JavaSQL\Java8\apache-tomcat-8.5.24\webapps\TD_E18]
11-Apr-2024 02:26:26.329 INFO [localhost-startStop-1] org.apache.jasper.servlet.TldScanner.scanJars At least one JAR was scanned for TLDs yet contained no TLDs. Enable debug logging for this logger for a complete list of JARs that were scanned but no TLDs were found in them. Skipping unneeded JARs during scanning can improve startup time and JSP compilation time.
11-Apr-2024 02:26:26.329 INFO [localhost-startStop-1] org.apache.catalina.startup.HostConfig.deployDirectory Deployment of web application directory [D:\JavaSQL\Java8\apache-tomcat-8.5.24\webapps\TD_E18] has finished in [29] ms
11-Apr-2024 02:26:26.329 INFO [localhost-startStop-1] org.apache.catalina.startup.HostConfig.deployDirectory Deploying web application directory [D:\JavaSQL\Java8\apache-tomcat-8.5.24\webapps\TB15]
11-Apr-2024 02:26:26.356 INFO [localhost-startStop-1] org.apache.jasper.servlet.TldScanner.scanJars At least one JAR was scanned for TLDs yet contained no TLDs. Enable debug logging for this logger for a complete list of JARs that were scanned but no TLDs were found in them. Skipping unneeded JARs during scanning can improve startup time and JSP compilation time.
11-Apr-2024 02:26:26.363 INFO [localhost-startStop-1] org.apache.catalina.startup.HostConfig.deployDirectory Deployment of web application directory [D:\JavaSQL\Java8\apache-tomcat-8.5.24\webapps\TB15] has finished in [34] ms
11-Apr-2024 02:26:26.363 INFO [localhost-startStop-1] org.apache.catalina.startup.HostConfig.deployDirectory Deploying web application directory [D:\JavaSQL\Java8\apache-tomcat-8.5.24\webapps\S2]
11-Apr-2024 02:26:26.377 INFO [localhost-startStop-1] org.apache.jasper.servlet.TldScanner.scanJars At least one JAR was scanned for TLDs yet contained no TLDs. Enable debug logging for this logger for a complete list of JARs that were scanned but no TLDs were found in them. Skipping unneeded JARs during scanning can improve startup time and JSP compilation time.
11-Apr-2024 02:26:26.381 INFO [localhost-startStop-1] org.apache.catalina.startup.HostConfig.deployDirectory Deployment of web application directory [D:\JavaSQL\Java8\apache-tomcat-8.5.24\webapps\S2] has finished in [18] ms
11-Apr-2024 02:26:26.381 INFO [localhost-startStop-1] org.apache.catalina.startup.HostConfig.deployDirectory Deploying web application directory [D:\JavaSQL\Java8\apache-tomcat-8.5.24\webapps\mock1]
11-Apr-2024 02:26:26.413 INFO [localhost-startStop-1] org.apache.jasper.servlet.TldScanner.scanJars At least one JAR was scanned for TLDs yet contained no TLDs. Enable debug logging for this logger for a complete list of JARs that were scanned but no TLDs were found in them. Skipping unneeded JARs during scanning can improve startup time and JSP compilation time.
11-Apr-2024 02:26:26.420 INFO [localhost-startStop-1] org.apache.catalina.startup.HostConfig.deployDirectory Deployment of web application directory [D:\JavaSQL\Java8\apache-tomcat-8.5.24\webapps\mock1] has finished in [39] ms
11-Apr-2024 02:26:26.420 INFO [localhost-startStop-1] org.apache.catalina.startup.HostConfig.deployDirectory Deploying web application directory [D:\JavaSQL\Java8\apache-tomcat-8.5.24\webapps\mock2]
11-Apr-2024 02:26:26.462 INFO [localhost-startStop-1] org.apache.jasper.servlet.TldScanner.scanJars At least one JAR was scanned for TLDs yet contained no TLDs. Enable debug logging for this logger for a complete list of JARs that were scanned but no TLDs were found in them. Skipping unneeded JARs during scanning can improve startup time and JSP compilation time.
11-Apr-2024 02:26:26.462 INFO [localhost-startStop-1] org.apache.catalina.startup.HostConfig.deployDirectory Deployment of web application directory [D:\JavaSQL\Java8\apache-tomcat-8.5.24\webapps\mock2] has finished in [42] ms
11-Apr-2024 02:26:26.462 INFO [main] org.apache.coyote.AbstractProtocol.start Starting ProtocolHandler ["http-nio-8082"]
11-Apr-2024 02:26:26.478 INFO [main] org.apache.coyote.AbstractProtocol.start Starting ProtocolHandler ["ajp-nio-8009"]
11-Apr-2024 02:26:26.478 INFO [main] org.apache.catalina.startup.Catalina.start Server startup in 808 ms
11-Apr-2024 02:27:45.515 INFO [main] org.apache.catalina.core.StandardServer.await A valid shutdown command was received via the shutdown port. Stopping the Server instance.
11-Apr-2024 02:27:45.515 INFO [main] org.apache.coyote.AbstractProtocol.pause Pausing ProtocolHandler ["http-nio-8082"]
11-Apr-2024 02:27:45.920 INFO [main] org.apache.coyote.AbstractProtocol.pause Pausing ProtocolHandler ["ajp-nio-8009"]
11-Apr-2024 02:27:46.392 INFO [main] org.apache.catalina.core.StandardService.stopInternal Stopping service [Catalina]
11-Apr-2024 02:27:46.470 INFO [main] org.apache.coyote.AbstractProtocol.stop Stopping ProtocolHandler ["http-nio-8082"]
11-Apr-2024 02:27:46.470 INFO [main] org.apache.coyote.AbstractProtocol.stop Stopping ProtocolHandler ["ajp-nio-8009"]
11-Apr-2024 02:27:46.470 INFO [main] org.apache.coyote.AbstractProtocol.destroy Destroying ProtocolHandler ["http-nio-8082"]
11-Apr-2024 02:27:46.485 INFO [main] org.apache.coyote.AbstractProtocol.destroy Destroying ProtocolHandler ["ajp-nio-8009"]
11-Apr-2024 02:27:53.112 INFO [main] org.apache.catalina.startup.VersionLoggerListener.log Server version:        Apache Tomcat/8.5.24
11-Apr-2024 02:27:53.112 INFO [main] org.apache.catalina.startup.VersionLoggerListener.log Server built:          Nov 27 2017 13:05:30 UTC
11-Apr-2024 02:27:53.112 INFO [main] org.apache.catalina.startup.VersionLoggerListener.log Server number:         8.5.24.0
11-Apr-2024 02:27:53.112 INFO [main] org.apache.catalina.startup.VersionLoggerListener.log OS Name:               Windows 10
11-Apr-2024 02:27:53.112 INFO [main] org.apache.catalina.startup.VersionLoggerListener.log OS Version:            10.0
11-Apr-2024 02:27:53.112 INFO [main] org.apache.catalina.startup.VersionLoggerListener.log Architecture:          x86
11-Apr-2024 02:27:53.112 INFO [main] org.apache.catalina.startup.VersionLoggerListener.log Java Home:             D:\JavaSQL\Java8\jdk1.8.0_131\jre
11-Apr-2024 02:27:53.112 INFO [main] org.apache.catalina.startup.VersionLoggerListener.log JVM Version:           1.8.0_131-b11
11-Apr-2024 02:27:53.112 INFO [main] org.apache.catalina.startup.VersionLoggerListener.log JVM Vendor:            Oracle Corporation
11-Apr-2024 02:27:53.112 INFO [main] org.apache.catalina.startup.VersionLoggerListener.log CATALINA_BASE:         D:\JavaSQL\Java8\apache-tomcat-8.5.24
11-Apr-2024 02:27:53.112 INFO [main] org.apache.catalina.startup.VersionLoggerListener.log CATALINA_HOME:         D:\JavaSQL\Java8\apache-tomcat-8.5.24
11-Apr-2024 02:27:53.112 INFO [main] org.apache.catalina.startup.VersionLoggerListener.log Command line argument: -Djava.util.logging.config.file=D:\JavaSQL\Java8\apache-tomcat-8.5.24\conf\logging.properties
11-Apr-2024 02:27:53.112 INFO [main] org.apache.catalina.startup.VersionLoggerListener.log Command line argument: -Djava.util.logging.manager=org.apache.juli.ClassLoaderLogManager
11-Apr-2024 02:27:53.112 INFO [main] org.apache.catalina.startup.VersionLoggerListener.log Command line argument: -Djdk.tls.ephemeralDHKeySize=2048
11-Apr-2024 02:27:53.112 INFO [main] org.apache.catalina.startup.VersionLoggerListener.log Command line argument: -Djava.protocol.handler.pkgs=org.apache.catalina.webresources
11-Apr-2024 02:27:53.112 INFO [main] org.apache.catalina.startup.VersionLoggerListener.log Command line argument: -Dignore.endorsed.dirs=
11-Apr-2024 02:27:53.112 INFO [main] org.apache.catalina.startup.VersionLoggerListener.log Command line argument: -Dcatalina.base=D:\JavaSQL\Java8\apache-tomcat-8.5.24
11-Apr-2024 02:27:53.112 INFO [main] org.apache.catalina.startup.VersionLoggerListener.log Command line argument: -Dcatalina.home=D:\JavaSQL\Java8\apache-tomcat-8.5.24
11-Apr-2024 02:27:53.112 INFO [main] org.apache.catalina.startup.VersionLoggerListener.log Command line argument: -Djava.io.tmpdir=D:\JavaSQL\Java8\apache-tomcat-8.5.24\temp
11-Apr-2024 02:27:53.112 INFO [main] org.apache.catalina.core.AprLifecycleListener.lifecycleEvent The APR based Apache Tomcat Native library which allows optimal performance in production environments was not found on the java.library.path: [D:\JavaSQL\Java8\jdk1.8.0_131\bin;C:\WINDOWS\Sun\Java\bin;C:\WINDOWS\system32;C:\WINDOWS;D:\JavaSQL\Java8\jdk1.8.0_131\bin;D:\JavaSQL\Java8\jdk1.8.0_131\db\bin;D:\JavaSQL\Java8\squirrelsql-4.0.0-standard;D:\JavaSQL\Java8\apache-tomcat-8.5.24\bin;C:\WINDOWS\system32;C:\WINDOWS;C:\WINDOWS\System32\Wbem;C:\WINDOWS\System32\WindowsPowerShell\v1.0\;C:\WINDOWS\System32\OpenSSH\;C:\Program Files\dotnet\;C:\Users\Aldoa\Desktop\Infor\bin;C:\Users\Aldoa\AppData\Local\Microsoft\WindowsApps;;.]
11-Apr-2024 02:27:53.176 INFO [main] org.apache.coyote.AbstractProtocol.init Initializing ProtocolHandler ["http-nio-8082"]
11-Apr-2024 02:27:53.380 INFO [main] org.apache.tomcat.util.net.NioSelectorPool.getSharedSelector Using a shared selector for servlet write/read
11-Apr-2024 02:27:53.380 INFO [main] org.apache.coyote.AbstractProtocol.init Initializing ProtocolHandler ["ajp-nio-8009"]
11-Apr-2024 02:27:53.380 INFO [main] org.apache.tomcat.util.net.NioSelectorPool.getSharedSelector Using a shared selector for servlet write/read
11-Apr-2024 02:27:53.380 INFO [main] org.apache.catalina.startup.Catalina.load Initialization processed in 496 ms
11-Apr-2024 02:27:53.412 INFO [main] org.apache.catalina.core.StandardService.startInternal Starting service [Catalina]
11-Apr-2024 02:27:53.412 INFO [main] org.apache.catalina.core.StandardEngine.startInternal Starting Servlet Engine: Apache Tomcat/8.5.24
11-Apr-2024 02:27:53.421 INFO [localhost-startStop-1] org.apache.catalina.startup.HostConfig.deployDirectory Deploying web application directory [D:\JavaSQL\Java8\apache-tomcat-8.5.24\webapps\docs]
11-Apr-2024 02:27:53.604 INFO [localhost-startStop-1] org.apache.jasper.servlet.TldScanner.scanJars At least one JAR was scanned for TLDs yet contained no TLDs. Enable debug logging for this logger for a complete list of JARs that were scanned but no TLDs were found in them. Skipping unneeded JARs during scanning can improve startup time and JSP compilation time.
11-Apr-2024 02:27:53.638 INFO [localhost-startStop-1] org.apache.catalina.startup.HostConfig.deployDirectory Deployment of web application directory [D:\JavaSQL\Java8\apache-tomcat-8.5.24\webapps\docs] has finished in [226] ms
11-Apr-2024 02:27:53.646 INFO [localhost-startStop-1] org.apache.catalina.startup.HostConfig.deployDirectory Deploying web application directory [D:\JavaSQL\Java8\apache-tomcat-8.5.24\webapps\examples]
11-Apr-2024 02:27:53.838 INFO [localhost-startStop-1] org.apache.jasper.servlet.TldScanner.scanJars At least one JAR was scanned for TLDs yet contained no TLDs. Enable debug logging for this logger for a complete list of JARs that were scanned but no TLDs were found in them. Skipping unneeded JARs during scanning can improve startup time and JSP compilation time.
11-Apr-2024 02:27:53.871 INFO [localhost-startStop-1] org.apache.catalina.startup.HostConfig.deployDirectory Deployment of web application directory [D:\JavaSQL\Java8\apache-tomcat-8.5.24\webapps\examples] has finished in [225] ms
11-Apr-2024 02:27:53.871 INFO [localhost-startStop-1] org.apache.catalina.startup.HostConfig.deployDirectory Deploying web application directory [D:\JavaSQL\Java8\apache-tomcat-8.5.24\webapps\host-manager]
11-Apr-2024 02:27:53.888 INFO [localhost-startStop-1] org.apache.jasper.servlet.TldScanner.scanJars At least one JAR was scanned for TLDs yet contained no TLDs. Enable debug logging for this logger for a complete list of JARs that were scanned but no TLDs were found in them. Skipping unneeded JARs during scanning can improve startup time and JSP compilation time.
11-Apr-2024 02:27:53.892 INFO [localhost-startStop-1] org.apache.catalina.startup.HostConfig.deployDirectory Deployment of web application directory [D:\JavaSQL\Java8\apache-tomcat-8.5.24\webapps\host-manager] has finished in [21] ms
11-Apr-2024 02:27:53.892 INFO [localhost-startStop-1] org.apache.catalina.startup.HostConfig.deployDirectory Deploying web application directory [D:\JavaSQL\Java8\apache-tomcat-8.5.24\webapps\ROOT]
11-Apr-2024 02:27:53.900 INFO [localhost-startStop-1] org.apache.jasper.servlet.TldScanner.scanJars At least one JAR was scanned for TLDs yet contained no TLDs. Enable debug logging for this logger for a complete list of JARs that were scanned but no TLDs were found in them. Skipping unneeded JARs during scanning can improve startup time and JSP compilation time.
11-Apr-2024 02:27:53.908 INFO [localhost-startStop-1] org.apache.catalina.startup.HostConfig.deployDirectory Deployment of web application directory [D:\JavaSQL\Java8\apache-tomcat-8.5.24\webapps\ROOT] has finished in [16] ms
11-Apr-2024 02:27:53.908 INFO [localhost-startStop-1] org.apache.catalina.startup.HostConfig.deployDirectory Deploying web application directory [D:\JavaSQL\Java8\apache-tomcat-8.5.24\webapps\SQLServer]
11-Apr-2024 02:27:53.926 INFO [localhost-startStop-1] org.apache.jasper.servlet.TldScanner.scanJars At least one JAR was scanned for TLDs yet contained no TLDs. Enable debug logging for this logger for a complete list of JARs that were scanned but no TLDs were found in them. Skipping unneeded JARs during scanning can improve startup time and JSP compilation time.
11-Apr-2024 02:27:53.926 INFO [localhost-startStop-1] org.apache.catalina.startup.HostConfig.deployDirectory Deployment of web application directory [D:\JavaSQL\Java8\apache-tomcat-8.5.24\webapps\SQLServer] has finished in [18] ms
11-Apr-2024 02:27:53.926 INFO [localhost-startStop-1] org.apache.catalina.startup.HostConfig.deployDirectory Deploying web application directory [D:\JavaSQL\Java8\apache-tomcat-8.5.24\webapps\Servlet1]
11-Apr-2024 02:27:53.940 INFO [localhost-startStop-1] org.apache.jasper.servlet.TldScanner.scanJars At least one JAR was scanned for TLDs yet contained no TLDs. Enable debug logging for this logger for a complete list of JARs that were scanned but no TLDs were found in them. Skipping unneeded JARs during scanning can improve startup time and JSP compilation time.
11-Apr-2024 02:27:53.940 INFO [localhost-startStop-1] org.apache.catalina.startup.HostConfig.deployDirectory Deployment of web application directory [D:\JavaSQL\Java8\apache-tomcat-8.5.24\webapps\Servlet1] has finished in [14] ms
11-Apr-2024 02:27:53.940 INFO [localhost-startStop-1] org.apache.catalina.startup.HostConfig.deployDirectory Deploying web application directory [D:\JavaSQL\Java8\apache-tomcat-8.5.24\webapps\Servlet2]
11-Apr-2024 02:27:53.971 INFO [localhost-startStop-1] org.apache.jasper.servlet.TldScanner.scanJars At least one JAR was scanned for TLDs yet contained no TLDs. Enable debug logging for this logger for a complete list of JARs that were scanned but no TLDs were found in them. Skipping unneeded JARs during scanning can improve startup time and JSP compilation time.
11-Apr-2024 02:27:53.971 INFO [localhost-startStop-1] org.apache.catalina.startup.HostConfig.deployDirectory Deployment of web application directory [D:\JavaSQL\Java8\apache-tomcat-8.5.24\webapps\Servlet2] has finished in [31] ms
11-Apr-2024 02:27:53.971 INFO [localhost-startStop-1] org.apache.catalina.startup.HostConfig.deployDirectory Deploying web application directory [D:\JavaSQL\Java8\apache-tomcat-8.5.24\webapps\Servlet3]
11-Apr-2024 02:27:54.003 INFO [localhost-startStop-1] org.apache.jasper.servlet.TldScanner.scanJars At least one JAR was scanned for TLDs yet contained no TLDs. Enable debug logging for this logger for a complete list of JARs that were scanned but no TLDs were found in them. Skipping unneeded JARs during scanning can improve startup time and JSP compilation time.
11-Apr-2024 02:27:54.006 INFO [localhost-startStop-1] org.apache.catalina.startup.HostConfig.deployDirectory Deployment of web application directory [D:\JavaSQL\Java8\apache-tomcat-8.5.24\webapps\Servlet3] has finished in [35] ms
11-Apr-2024 02:27:54.006 INFO [localhost-startStop-1] org.apache.catalina.startup.HostConfig.deployDirectory Deploying web application directory [D:\JavaSQL\Java8\apache-tomcat-8.5.24\webapps\Servlet4]
11-Apr-2024 02:27:54.026 INFO [localhost-startStop-1] org.apache.jasper.servlet.TldScanner.scanJars At least one JAR was scanned for TLDs yet contained no TLDs. Enable debug logging for this logger for a complete list of JARs that were scanned but no TLDs were found in them. Skipping unneeded JARs during scanning can improve startup time and JSP compilation time.
11-Apr-2024 02:27:54.026 INFO [localhost-startStop-1] org.apache.catalina.startup.HostConfig.deployDirectory Deployment of web application directory [D:\JavaSQL\Java8\apache-tomcat-8.5.24\webapps\Servlet4] has finished in [20] ms
11-Apr-2024 02:27:54.026 INFO [localhost-startStop-1] org.apache.catalina.startup.HostConfig.deployDirectory Deploying web application directory [D:\JavaSQL\Java8\apache-tomcat-8.5.24\webapps\Pract8]
11-Apr-2024 02:27:54.045 INFO [localhost-startStop-1] org.apache.jasper.servlet.TldScanner.scanJars At least one JAR was scanned for TLDs yet contained no TLDs. Enable debug logging for this logger for a complete list of JARs that were scanned but no TLDs were found in them. Skipping unneeded JARs during scanning can improve startup time and JSP compilation time.
11-Apr-2024 02:27:54.045 INFO [localhost-startStop-1] org.apache.catalina.startup.HostConfig.deployDirectory Deployment of web application directory [D:\JavaSQL\Java8\apache-tomcat-8.5.24\webapps\Pract8] has finished in [19] ms
11-Apr-2024 02:27:54.053 INFO [localhost-startStop-1] org.apache.catalina.startup.HostConfig.deployDirectory Deploying web application directory [D:\JavaSQL\Java8\apache-tomcat-8.5.24\webapps\Entrega]
11-Apr-2024 02:27:54.076 INFO [localhost-startStop-1] org.apache.jasper.servlet.TldScanner.scanJars At least one JAR was scanned for TLDs yet contained no TLDs. Enable debug logging for this logger for a complete list of JARs that were scanned but no TLDs were found in them. Skipping unneeded JARs during scanning can improve startup time and JSP compilation time.
11-Apr-2024 02:27:54.076 INFO [localhost-startStop-1] org.apache.catalina.startup.HostConfig.deployDirectory Deployment of web application directory [D:\JavaSQL\Java8\apache-tomcat-8.5.24\webapps\Entrega] has finished in [23] ms
11-Apr-2024 02:27:54.076 INFO [localhost-startStop-1] org.apache.catalina.startup.HostConfig.deployDirectory Deploying web application directory [D:\JavaSQL\Java8\apache-tomcat-8.5.24\webapps\matrices8]
11-Apr-2024 02:27:54.101 INFO [localhost-startStop-1] org.apache.jasper.servlet.TldScanner.scanJars At least one JAR was scanned for TLDs yet contained no TLDs. Enable debug logging for this logger for a complete list of JARs that were scanned but no TLDs were found in them. Skipping unneeded JARs during scanning can improve startup time and JSP compilation time.
11-Apr-2024 02:27:54.101 INFO [localhost-startStop-1] org.apache.catalina.startup.HostConfig.deployDirectory Deployment of web application directory [D:\JavaSQL\Java8\apache-tomcat-8.5.24\webapps\matrices8] has finished in [25] ms
11-Apr-2024 02:27:54.101 INFO [localhost-startStop-1] org.apache.catalina.startup.HostConfig.deployDirectory Deploying web application directory [D:\JavaSQL\Java8\apache-tomcat-8.5.24\webapps\TD_E18]
11-Apr-2024 02:27:54.126 INFO [localhost-startStop-1] org.apache.jasper.servlet.TldScanner.scanJars At least one JAR was scanned for TLDs yet contained no TLDs. Enable debug logging for this logger for a complete list of JARs that were scanned but no TLDs were found in them. Skipping unneeded JARs during scanning can improve startup time and JSP compilation time.
11-Apr-2024 02:27:54.133 INFO [localhost-startStop-1] org.apache.catalina.startup.HostConfig.deployDirectory Deployment of web application directory [D:\JavaSQL\Java8\apache-tomcat-8.5.24\webapps\TD_E18] has finished in [32] ms
11-Apr-2024 02:27:54.133 INFO [localhost-startStop-1] org.apache.catalina.startup.HostConfig.deployDirectory Deploying web application directory [D:\JavaSQL\Java8\apache-tomcat-8.5.24\webapps\TB15]
11-Apr-2024 02:27:54.161 INFO [localhost-startStop-1] org.apache.jasper.servlet.TldScanner.scanJars At least one JAR was scanned for TLDs yet contained no TLDs. Enable debug logging for this logger for a complete list of JARs that were scanned but no TLDs were found in them. Skipping unneeded JARs during scanning can improve startup time and JSP compilation time.
11-Apr-2024 02:27:54.161 INFO [localhost-startStop-1] org.apache.catalina.startup.HostConfig.deployDirectory Deployment of web application directory [D:\JavaSQL\Java8\apache-tomcat-8.5.24\webapps\TB15] has finished in [28] ms
11-Apr-2024 02:27:54.161 INFO [localhost-startStop-1] org.apache.catalina.startup.HostConfig.deployDirectory Deploying web application directory [D:\JavaSQL\Java8\apache-tomcat-8.5.24\webapps\S2]
11-Apr-2024 02:27:54.177 INFO [localhost-startStop-1] org.apache.jasper.servlet.TldScanner.scanJars At least one JAR was scanned for TLDs yet contained no TLDs. Enable debug logging for this logger for a complete list of JARs that were scanned but no TLDs were found in them. Skipping unneeded JARs during scanning can improve startup time and JSP compilation time.
11-Apr-2024 02:27:54.177 INFO [localhost-startStop-1] org.apache.catalina.startup.HostConfig.deployDirectory Deployment of web application directory [D:\JavaSQL\Java8\apache-tomcat-8.5.24\webapps\S2] has finished in [16] ms
11-Apr-2024 02:27:54.177 INFO [localhost-startStop-1] org.apache.catalina.startup.HostConfig.deployDirectory Deploying web application directory [D:\JavaSQL\Java8\apache-tomcat-8.5.24\webapps\mock1]
11-Apr-2024 02:27:54.226 INFO [localhost-startStop-1] org.apache.jasper.servlet.TldScanner.scanJars At least one JAR was scanned for TLDs yet contained no TLDs. Enable debug logging for this logger for a complete list of JARs that were scanned but no TLDs were found in them. Skipping unneeded JARs during scanning can improve startup time and JSP compilation time.
11-Apr-2024 02:27:54.229 INFO [localhost-startStop-1] org.apache.catalina.startup.HostConfig.deployDirectory Deployment of web application directory [D:\JavaSQL\Java8\apache-tomcat-8.5.24\webapps\mock1] has finished in [52] ms
11-Apr-2024 02:27:54.229 INFO [localhost-startStop-1] org.apache.catalina.startup.HostConfig.deployDirectory Deploying web application directory [D:\JavaSQL\Java8\apache-tomcat-8.5.24\webapps\mock2]
11-Apr-2024 02:27:54.271 INFO [localhost-startStop-1] org.apache.jasper.servlet.TldScanner.scanJars At least one JAR was scanned for TLDs yet contained no TLDs. Enable debug logging for this logger for a complete list of JARs that were scanned but no TLDs were found in them. Skipping unneeded JARs during scanning can improve startup time and JSP compilation time.
11-Apr-2024 02:27:54.275 INFO [localhost-startStop-1] org.apache.catalina.startup.HostConfig.deployDirectory Deployment of web application directory [D:\JavaSQL\Java8\apache-tomcat-8.5.24\webapps\mock2] has finished in [42] ms
11-Apr-2024 02:27:54.275 INFO [main] org.apache.coyote.AbstractProtocol.start Starting ProtocolHandler ["http-nio-8082"]
11-Apr-2024 02:27:54.285 INFO [main] org.apache.coyote.AbstractProtocol.start Starting ProtocolHandler ["ajp-nio-8009"]
11-Apr-2024 02:27:54.289 INFO [main] org.apache.catalina.startup.Catalina.start Server startup in 897 ms
11-Apr-2024 02:28:02.729 INFO [main] org.apache.catalina.core.StandardServer.await A valid shutdown command was received via the shutdown port. Stopping the Server instance.
11-Apr-2024 02:28:02.729 INFO [main] org.apache.coyote.AbstractProtocol.pause Pausing ProtocolHandler ["http-nio-8082"]
11-Apr-2024 02:28:03.182 INFO [main] org.apache.coyote.AbstractProtocol.pause Pausing ProtocolHandler ["ajp-nio-8009"]
11-Apr-2024 02:28:03.603 INFO [main] org.apache.catalina.core.StandardService.stopInternal Stopping service [Catalina]
11-Apr-2024 02:28:03.698 INFO [main] org.apache.coyote.AbstractProtocol.stop Stopping ProtocolHandler ["http-nio-8082"]
11-Apr-2024 02:28:03.701 INFO [main] org.apache.coyote.AbstractProtocol.stop Stopping ProtocolHandler ["ajp-nio-8009"]
11-Apr-2024 02:28:03.703 INFO [main] org.apache.coyote.AbstractProtocol.destroy Destroying ProtocolHandler ["http-nio-8082"]
11-Apr-2024 02:28:03.703 INFO [main] org.apache.coyote.AbstractProtocol.destroy Destroying ProtocolHandler ["ajp-nio-8009"]
11-Apr-2024 02:28:11.275 INFO [main] org.apache.catalina.startup.VersionLoggerListener.log Server version:        Apache Tomcat/8.5.24
11-Apr-2024 02:28:11.290 INFO [main] org.apache.catalina.startup.VersionLoggerListener.log Server built:          Nov 27 2017 13:05:30 UTC
11-Apr-2024 02:28:11.290 INFO [main] org.apache.catalina.startup.VersionLoggerListener.log Server number:         8.5.24.0
11-Apr-2024 02:28:11.290 INFO [main] org.apache.catalina.startup.VersionLoggerListener.log OS Name:               Windows 10
11-Apr-2024 02:28:11.290 INFO [main] org.apache.catalina.startup.VersionLoggerListener.log OS Version:            10.0
11-Apr-2024 02:28:11.290 INFO [main] org.apache.catalina.startup.VersionLoggerListener.log Architecture:          x86
11-Apr-2024 02:28:11.290 INFO [main] org.apache.catalina.startup.VersionLoggerListener.log Java Home:             D:\JavaSQL\Java8\jdk1.8.0_131\jre
11-Apr-2024 02:28:11.290 INFO [main] org.apache.catalina.startup.VersionLoggerListener.log JVM Version:           1.8.0_131-b11
11-Apr-2024 02:28:11.290 INFO [main] org.apache.catalina.startup.VersionLoggerListener.log JVM Vendor:            Oracle Corporation
11-Apr-2024 02:28:11.290 INFO [main] org.apache.catalina.startup.VersionLoggerListener.log CATALINA_BASE:         D:\JavaSQL\Java8\apache-tomcat-8.5.24
11-Apr-2024 02:28:11.290 INFO [main] org.apache.catalina.startup.VersionLoggerListener.log CATALINA_HOME:         D:\JavaSQL\Java8\apache-tomcat-8.5.24
11-Apr-2024 02:28:11.290 INFO [main] org.apache.catalina.startup.VersionLoggerListener.log Command line argument: -Djava.util.logging.config.file=D:\JavaSQL\Java8\apache-tomcat-8.5.24\conf\logging.properties
11-Apr-2024 02:28:11.290 INFO [main] org.apache.catalina.startup.VersionLoggerListener.log Command line argument: -Djava.util.logging.manager=org.apache.juli.ClassLoaderLogManager
11-Apr-2024 02:28:11.290 INFO [main] org.apache.catalina.startup.VersionLoggerListener.log Command line argument: -Djdk.tls.ephemeralDHKeySize=2048
11-Apr-2024 02:28:11.290 INFO [main] org.apache.catalina.startup.VersionLoggerListener.log Command line argument: -Djava.protocol.handler.pkgs=org.apache.catalina.webresources
11-Apr-2024 02:28:11.290 INFO [main] org.apache.catalina.startup.VersionLoggerListener.log Command line argument: -Dignore.endorsed.dirs=
11-Apr-2024 02:28:11.290 INFO [main] org.apache.catalina.startup.VersionLoggerListener.log Command line argument: -Dcatalina.base=D:\JavaSQL\Java8\apache-tomcat-8.5.24
11-Apr-2024 02:28:11.290 INFO [main] org.apache.catalina.startup.VersionLoggerListener.log Command line argument: -Dcatalina.home=D:\JavaSQL\Java8\apache-tomcat-8.5.24
11-Apr-2024 02:28:11.290 INFO [main] org.apache.catalina.startup.VersionLoggerListener.log Command line argument: -Djava.io.tmpdir=D:\JavaSQL\Java8\apache-tomcat-8.5.24\temp
11-Apr-2024 02:28:11.290 INFO [main] org.apache.catalina.core.AprLifecycleListener.lifecycleEvent The APR based Apache Tomcat Native library which allows optimal performance in production environments was not found on the java.library.path: [D:\JavaSQL\Java8\jdk1.8.0_131\bin;C:\WINDOWS\Sun\Java\bin;C:\WINDOWS\system32;C:\WINDOWS;D:\JavaSQL\Java8\jdk1.8.0_131\bin;D:\JavaSQL\Java8\jdk1.8.0_131\db\bin;D:\JavaSQL\Java8\squirrelsql-4.0.0-standard;D:\JavaSQL\Java8\apache-tomcat-8.5.24\bin;C:\WINDOWS\system32;C:\WINDOWS;C:\WINDOWS\System32\Wbem;C:\WINDOWS\System32\WindowsPowerShell\v1.0\;C:\WINDOWS\System32\OpenSSH\;C:\Program Files\dotnet\;C:\Users\Aldoa\Desktop\Infor\bin;C:\Users\Aldoa\AppData\Local\Microsoft\WindowsApps;;.]
11-Apr-2024 02:28:11.355 INFO [main] org.apache.coyote.AbstractProtocol.init Initializing ProtocolHandler ["http-nio-8082"]
11-Apr-2024 02:28:11.558 INFO [main] org.apache.tomcat.util.net.NioSelectorPool.getSharedSelector Using a shared selector for servlet write/read
11-Apr-2024 02:28:11.574 INFO [main] org.apache.coyote.AbstractProtocol.init Initializing ProtocolHandler ["ajp-nio-8009"]
11-Apr-2024 02:28:11.574 INFO [main] org.apache.tomcat.util.net.NioSelectorPool.getSharedSelector Using a shared selector for servlet write/read
11-Apr-2024 02:28:11.574 INFO [main] org.apache.catalina.startup.Catalina.load Initialization processed in 478 ms
11-Apr-2024 02:28:11.591 INFO [main] org.apache.catalina.core.StandardService.startInternal Starting service [Catalina]
11-Apr-2024 02:28:11.591 INFO [main] org.apache.catalina.core.StandardEngine.startInternal Starting Servlet Engine: Apache Tomcat/8.5.24
11-Apr-2024 02:28:11.591 INFO [localhost-startStop-1] org.apache.catalina.startup.HostConfig.deployDirectory Deploying web application directory [D:\JavaSQL\Java8\apache-tomcat-8.5.24\webapps\docs]
11-Apr-2024 02:28:11.763 INFO [localhost-startStop-1] org.apache.jasper.servlet.TldScanner.scanJars At least one JAR was scanned for TLDs yet contained no TLDs. Enable debug logging for this logger for a complete list of JARs that were scanned but no TLDs were found in them. Skipping unneeded JARs during scanning can improve startup time and JSP compilation time.
11-Apr-2024 02:28:11.795 INFO [localhost-startStop-1] org.apache.catalina.startup.HostConfig.deployDirectory Deployment of web application directory [D:\JavaSQL\Java8\apache-tomcat-8.5.24\webapps\docs] has finished in [204] ms
11-Apr-2024 02:28:11.795 INFO [localhost-startStop-1] org.apache.catalina.startup.HostConfig.deployDirectory Deploying web application directory [D:\JavaSQL\Java8\apache-tomcat-8.5.24\webapps\examples]
11-Apr-2024 02:28:11.938 INFO [localhost-startStop-1] org.apache.jasper.servlet.TldScanner.scanJars At least one JAR was scanned for TLDs yet contained no TLDs. Enable debug logging for this logger for a complete list of JARs that were scanned but no TLDs were found in them. Skipping unneeded JARs during scanning can improve startup time and JSP compilation time.
11-Apr-2024 02:28:11.956 INFO [localhost-startStop-1] org.apache.catalina.startup.HostConfig.deployDirectory Deployment of web application directory [D:\JavaSQL\Java8\apache-tomcat-8.5.24\webapps\examples] has finished in [161] ms
11-Apr-2024 02:28:11.956 INFO [localhost-startStop-1] org.apache.catalina.startup.HostConfig.deployDirectory Deploying web application directory [D:\JavaSQL\Java8\apache-tomcat-8.5.24\webapps\host-manager]
11-Apr-2024 02:28:11.970 INFO [localhost-startStop-1] org.apache.jasper.servlet.TldScanner.scanJars At least one JAR was scanned for TLDs yet contained no TLDs. Enable debug logging for this logger for a complete list of JARs that were scanned but no TLDs were found in them. Skipping unneeded JARs during scanning can improve startup time and JSP compilation time.
11-Apr-2024 02:28:11.985 INFO [localhost-startStop-1] org.apache.catalina.startup.HostConfig.deployDirectory Deployment of web application directory [D:\JavaSQL\Java8\apache-tomcat-8.5.24\webapps\host-manager] has finished in [29] ms
11-Apr-2024 02:28:11.985 INFO [localhost-startStop-1] org.apache.catalina.startup.HostConfig.deployDirectory Deploying web application directory [D:\JavaSQL\Java8\apache-tomcat-8.5.24\webapps\ROOT]
11-Apr-2024 02:28:12.001 INFO [localhost-startStop-1] org.apache.jasper.servlet.TldScanner.scanJars At least one JAR was scanned for TLDs yet contained no TLDs. Enable debug logging for this logger for a complete list of JARs that were scanned but no TLDs were found in them. Skipping unneeded JARs during scanning can improve startup time and JSP compilation time.
11-Apr-2024 02:28:12.001 INFO [localhost-startStop-1] org.apache.catalina.startup.HostConfig.deployDirectory Deployment of web application directory [D:\JavaSQL\Java8\apache-tomcat-8.5.24\webapps\ROOT] has finished in [16] ms
11-Apr-2024 02:28:12.001 INFO [localhost-startStop-1] org.apache.catalina.startup.HostConfig.deployDirectory Deploying web application directory [D:\JavaSQL\Java8\apache-tomcat-8.5.24\webapps\SQLServer]
11-Apr-2024 02:28:12.017 INFO [localhost-startStop-1] org.apache.jasper.servlet.TldScanner.scanJars At least one JAR was scanned for TLDs yet contained no TLDs. Enable debug logging for this logger for a complete list of JARs that were scanned but no TLDs were found in them. Skipping unneeded JARs during scanning can improve startup time and JSP compilation time.
11-Apr-2024 02:28:12.017 INFO [localhost-startStop-1] org.apache.catalina.startup.HostConfig.deployDirectory Deployment of web application directory [D:\JavaSQL\Java8\apache-tomcat-8.5.24\webapps\SQLServer] has finished in [16] ms
11-Apr-2024 02:28:12.017 INFO [localhost-startStop-1] org.apache.catalina.startup.HostConfig.deployDirectory Deploying web application directory [D:\JavaSQL\Java8\apache-tomcat-8.5.24\webapps\Servlet1]
11-Apr-2024 02:28:12.033 INFO [localhost-startStop-1] org.apache.jasper.servlet.TldScanner.scanJars At least one JAR was scanned for TLDs yet contained no TLDs. Enable debug logging for this logger for a complete list of JARs that were scanned but no TLDs were found in them. Skipping unneeded JARs during scanning can improve startup time and JSP compilation time.
11-Apr-2024 02:28:12.033 INFO [localhost-startStop-1] org.apache.catalina.startup.HostConfig.deployDirectory Deployment of web application directory [D:\JavaSQL\Java8\apache-tomcat-8.5.24\webapps\Servlet1] has finished in [16] ms
11-Apr-2024 02:28:12.033 INFO [localhost-startStop-1] org.apache.catalina.startup.HostConfig.deployDirectory Deploying web application directory [D:\JavaSQL\Java8\apache-tomcat-8.5.24\webapps\Servlet2]
11-Apr-2024 02:28:12.056 INFO [localhost-startStop-1] org.apache.jasper.servlet.TldScanner.scanJars At least one JAR was scanned for TLDs yet contained no TLDs. Enable debug logging for this logger for a complete list of JARs that were scanned but no TLDs were found in them. Skipping unneeded JARs during scanning can improve startup time and JSP compilation time.
11-Apr-2024 02:28:12.056 INFO [localhost-startStop-1] org.apache.catalina.startup.HostConfig.deployDirectory Deployment of web application directory [D:\JavaSQL\Java8\apache-tomcat-8.5.24\webapps\Servlet2] has finished in [23] ms
11-Apr-2024 02:28:12.056 INFO [localhost-startStop-1] org.apache.catalina.startup.HostConfig.deployDirectory Deploying web application directory [D:\JavaSQL\Java8\apache-tomcat-8.5.24\webapps\Servlet3]
11-Apr-2024 02:28:12.065 INFO [localhost-startStop-1] org.apache.jasper.servlet.TldScanner.scanJars At least one JAR was scanned for TLDs yet contained no TLDs. Enable debug logging for this logger for a complete list of JARs that were scanned but no TLDs were found in them. Skipping unneeded JARs during scanning can improve startup time and JSP compilation time.
11-Apr-2024 02:28:12.065 INFO [localhost-startStop-1] org.apache.catalina.startup.HostConfig.deployDirectory Deployment of web application directory [D:\JavaSQL\Java8\apache-tomcat-8.5.24\webapps\Servlet3] has finished in [9] ms
11-Apr-2024 02:28:12.065 INFO [localhost-startStop-1] org.apache.catalina.startup.HostConfig.deployDirectory Deploying web application directory [D:\JavaSQL\Java8\apache-tomcat-8.5.24\webapps\Servlet4]
11-Apr-2024 02:28:12.081 INFO [localhost-startStop-1] org.apache.jasper.servlet.TldScanner.scanJars At least one JAR was scanned for TLDs yet contained no TLDs. Enable debug logging for this logger for a complete list of JARs that were scanned but no TLDs were found in them. Skipping unneeded JARs during scanning can improve startup time and JSP compilation time.
11-Apr-2024 02:28:12.081 INFO [localhost-startStop-1] org.apache.catalina.startup.HostConfig.deployDirectory Deployment of web application directory [D:\JavaSQL\Java8\apache-tomcat-8.5.24\webapps\Servlet4] has finished in [16] ms
11-Apr-2024 02:28:12.081 INFO [localhost-startStop-1] org.apache.catalina.startup.HostConfig.deployDirectory Deploying web application directory [D:\JavaSQL\Java8\apache-tomcat-8.5.24\webapps\Pract8]
11-Apr-2024 02:28:12.113 INFO [localhost-startStop-1] org.apache.jasper.servlet.TldScanner.scanJars At least one JAR was scanned for TLDs yet contained no TLDs. Enable debug logging for this logger for a complete list of JARs that were scanned but no TLDs were found in them. Skipping unneeded JARs during scanning can improve startup time and JSP compilation time.
11-Apr-2024 02:28:12.113 INFO [localhost-startStop-1] org.apache.catalina.startup.HostConfig.deployDirectory Deployment of web application directory [D:\JavaSQL\Java8\apache-tomcat-8.5.24\webapps\Pract8] has finished in [32] ms
11-Apr-2024 02:28:12.113 INFO [localhost-startStop-1] org.apache.catalina.startup.HostConfig.deployDirectory Deploying web application directory [D:\JavaSQL\Java8\apache-tomcat-8.5.24\webapps\Entrega]
11-Apr-2024 02:28:12.141 INFO [localhost-startStop-1] org.apache.jasper.servlet.TldScanner.scanJars At least one JAR was scanned for TLDs yet contained no TLDs. Enable debug logging for this logger for a complete list of JARs that were scanned but no TLDs were found in them. Skipping unneeded JARs during scanning can improve startup time and JSP compilation time.
11-Apr-2024 02:28:12.141 INFO [localhost-startStop-1] org.apache.catalina.startup.HostConfig.deployDirectory Deployment of web application directory [D:\JavaSQL\Java8\apache-tomcat-8.5.24\webapps\Entrega] has finished in [28] ms
11-Apr-2024 02:28:12.141 INFO [localhost-startStop-1] org.apache.catalina.startup.HostConfig.deployDirectory Deploying web application directory [D:\JavaSQL\Java8\apache-tomcat-8.5.24\webapps\matrices8]
11-Apr-2024 02:28:12.162 INFO [localhost-startStop-1] org.apache.jasper.servlet.TldScanner.scanJars At least one JAR was scanned for TLDs yet contained no TLDs. Enable debug logging for this logger for a complete list of JARs that were scanned but no TLDs were found in them. Skipping unneeded JARs during scanning can improve startup time and JSP compilation time.
11-Apr-2024 02:28:12.165 INFO [localhost-startStop-1] org.apache.catalina.startup.HostConfig.deployDirectory Deployment of web application directory [D:\JavaSQL\Java8\apache-tomcat-8.5.24\webapps\matrices8] has finished in [24] ms
11-Apr-2024 02:28:12.165 INFO [localhost-startStop-1] org.apache.catalina.startup.HostConfig.deployDirectory Deploying web application directory [D:\JavaSQL\Java8\apache-tomcat-8.5.24\webapps\TD_E18]
11-Apr-2024 02:28:12.183 INFO [localhost-startStop-1] org.apache.jasper.servlet.TldScanner.scanJars At least one JAR was scanned for TLDs yet contained no TLDs. Enable debug logging for this logger for a complete list of JARs that were scanned but no TLDs were found in them. Skipping unneeded JARs during scanning can improve startup time and JSP compilation time.
11-Apr-2024 02:28:12.190 INFO [localhost-startStop-1] org.apache.catalina.startup.HostConfig.deployDirectory Deployment of web application directory [D:\JavaSQL\Java8\apache-tomcat-8.5.24\webapps\TD_E18] has finished in [25] ms
11-Apr-2024 02:28:12.190 INFO [localhost-startStop-1] org.apache.catalina.startup.HostConfig.deployDirectory Deploying web application directory [D:\JavaSQL\Java8\apache-tomcat-8.5.24\webapps\TB15]
11-Apr-2024 02:28:12.217 INFO [localhost-startStop-1] org.apache.jasper.servlet.TldScanner.scanJars At least one JAR was scanned for TLDs yet contained no TLDs. Enable debug logging for this logger for a complete list of JARs that were scanned but no TLDs were found in them. Skipping unneeded JARs during scanning can improve startup time and JSP compilation time.
11-Apr-2024 02:28:12.217 INFO [localhost-startStop-1] org.apache.catalina.startup.HostConfig.deployDirectory Deployment of web application directory [D:\JavaSQL\Java8\apache-tomcat-8.5.24\webapps\TB15] has finished in [27] ms
11-Apr-2024 02:28:12.217 INFO [localhost-startStop-1] org.apache.catalina.startup.HostConfig.deployDirectory Deploying web application directory [D:\JavaSQL\Java8\apache-tomcat-8.5.24\webapps\S2]
11-Apr-2024 02:28:12.239 INFO [localhost-startStop-1] org.apache.jasper.servlet.TldScanner.scanJars At least one JAR was scanned for TLDs yet contained no TLDs. Enable debug logging for this logger for a complete list of JARs that were scanned but no TLDs were found in them. Skipping unneeded JARs during scanning can improve startup time and JSP compilation time.
11-Apr-2024 02:28:12.239 INFO [localhost-startStop-1] org.apache.catalina.startup.HostConfig.deployDirectory Deployment of web application directory [D:\JavaSQL\Java8\apache-tomcat-8.5.24\webapps\S2] has finished in [22] ms
11-Apr-2024 02:28:12.239 INFO [localhost-startStop-1] org.apache.catalina.startup.HostConfig.deployDirectory Deploying web application directory [D:\JavaSQL\Java8\apache-tomcat-8.5.24\webapps\mock1]
11-Apr-2024 02:28:12.274 INFO [localhost-startStop-1] org.apache.jasper.servlet.TldScanner.scanJars At least one JAR was scanned for TLDs yet contained no TLDs. Enable debug logging for this logger for a complete list of JARs that were scanned but no TLDs were found in them. Skipping unneeded JARs during scanning can improve startup time and JSP compilation time.
11-Apr-2024 02:28:12.280 INFO [localhost-startStop-1] org.apache.catalina.startup.HostConfig.deployDirectory Deployment of web application directory [D:\JavaSQL\Java8\apache-tomcat-8.5.24\webapps\mock1] has finished in [41] ms
11-Apr-2024 02:28:12.280 INFO [localhost-startStop-1] org.apache.catalina.startup.HostConfig.deployDirectory Deploying web application directory [D:\JavaSQL\Java8\apache-tomcat-8.5.24\webapps\mock2]
11-Apr-2024 02:28:12.313 INFO [localhost-startStop-1] org.apache.jasper.servlet.TldScanner.scanJars At least one JAR was scanned for TLDs yet contained no TLDs. Enable debug logging for this logger for a complete list of JARs that were scanned but no TLDs were found in them. Skipping unneeded JARs during scanning can improve startup time and JSP compilation time.
11-Apr-2024 02:28:12.313 INFO [localhost-startStop-1] org.apache.catalina.startup.HostConfig.deployDirectory Deployment of web application directory [D:\JavaSQL\Java8\apache-tomcat-8.5.24\webapps\mock2] has finished in [33] ms
11-Apr-2024 02:28:12.313 INFO [main] org.apache.coyote.AbstractProtocol.start Starting ProtocolHandler ["http-nio-8082"]
11-Apr-2024 02:28:12.329 INFO [main] org.apache.coyote.AbstractProtocol.start Starting ProtocolHandler ["ajp-nio-8009"]
11-Apr-2024 02:28:12.329 INFO [main] org.apache.catalina.startup.Catalina.start Server startup in 752 ms
11-Apr-2024 02:29:42.277 INFO [main] org.apache.catalina.core.StandardServer.await A valid shutdown command was received via the shutdown port. Stopping the Server instance.
11-Apr-2024 02:29:42.277 INFO [main] org.apache.coyote.AbstractProtocol.pause Pausing ProtocolHandler ["http-nio-8082"]
11-Apr-2024 02:29:42.832 INFO [main] org.apache.coyote.AbstractProtocol.pause Pausing ProtocolHandler ["ajp-nio-8009"]
11-Apr-2024 02:29:43.339 INFO [main] org.apache.catalina.core.StandardService.stopInternal Stopping service [Catalina]
11-Apr-2024 02:29:43.435 INFO [main] org.apache.coyote.AbstractProtocol.stop Stopping ProtocolHandler ["http-nio-8082"]
11-Apr-2024 02:29:43.435 INFO [main] org.apache.coyote.AbstractProtocol.stop Stopping ProtocolHandler ["ajp-nio-8009"]
11-Apr-2024 02:29:43.435 INFO [main] org.apache.coyote.AbstractProtocol.destroy Destroying ProtocolHandler ["http-nio-8082"]
11-Apr-2024 02:29:43.435 INFO [main] org.apache.coyote.AbstractProtocol.destroy Destroying ProtocolHandler ["ajp-nio-8009"]
11-Apr-2024 02:29:44.654 INFO [main] org.apache.catalina.startup.VersionLoggerListener.log Server version:        Apache Tomcat/8.5.24
11-Apr-2024 02:29:44.654 INFO [main] org.apache.catalina.startup.VersionLoggerListener.log Server built:          Nov 27 2017 13:05:30 UTC
11-Apr-2024 02:29:44.654 INFO [main] org.apache.catalina.startup.VersionLoggerListener.log Server number:         8.5.24.0
11-Apr-2024 02:29:44.654 INFO [main] org.apache.catalina.startup.VersionLoggerListener.log OS Name:               Windows 10
11-Apr-2024 02:29:44.654 INFO [main] org.apache.catalina.startup.VersionLoggerListener.log OS Version:            10.0
11-Apr-2024 02:29:44.654 INFO [main] org.apache.catalina.startup.VersionLoggerListener.log Architecture:          x86
11-Apr-2024 02:29:44.654 INFO [main] org.apache.catalina.startup.VersionLoggerListener.log Java Home:             D:\JavaSQL\Java8\jdk1.8.0_131\jre
11-Apr-2024 02:29:44.654 INFO [main] org.apache.catalina.startup.VersionLoggerListener.log JVM Version:           1.8.0_131-b11
11-Apr-2024 02:29:44.654 INFO [main] org.apache.catalina.startup.VersionLoggerListener.log JVM Vendor:            Oracle Corporation
11-Apr-2024 02:29:44.654 INFO [main] org.apache.catalina.startup.VersionLoggerListener.log CATALINA_BASE:         D:\JavaSQL\Java8\apache-tomcat-8.5.24
11-Apr-2024 02:29:44.654 INFO [main] org.apache.catalina.startup.VersionLoggerListener.log CATALINA_HOME:         D:\JavaSQL\Java8\apache-tomcat-8.5.24
11-Apr-2024 02:29:44.654 INFO [main] org.apache.catalina.startup.VersionLoggerListener.log Command line argument: -Djava.util.logging.config.file=D:\JavaSQL\Java8\apache-tomcat-8.5.24\conf\logging.properties
11-Apr-2024 02:29:44.654 INFO [main] org.apache.catalina.startup.VersionLoggerListener.log Command line argument: -Djava.util.logging.manager=org.apache.juli.ClassLoaderLogManager
11-Apr-2024 02:29:44.654 INFO [main] org.apache.catalina.startup.VersionLoggerListener.log Command line argument: -Djdk.tls.ephemeralDHKeySize=2048
11-Apr-2024 02:29:44.654 INFO [main] org.apache.catalina.startup.VersionLoggerListener.log Command line argument: -Djava.protocol.handler.pkgs=org.apache.catalina.webresources
11-Apr-2024 02:29:44.654 INFO [main] org.apache.catalina.startup.VersionLoggerListener.log Command line argument: -Dignore.endorsed.dirs=
11-Apr-2024 02:29:44.654 INFO [main] org.apache.catalina.startup.VersionLoggerListener.log Command line argument: -Dcatalina.base=D:\JavaSQL\Java8\apache-tomcat-8.5.24
11-Apr-2024 02:29:44.654 INFO [main] org.apache.catalina.startup.VersionLoggerListener.log Command line argument: -Dcatalina.home=D:\JavaSQL\Java8\apache-tomcat-8.5.24
11-Apr-2024 02:29:44.654 INFO [main] org.apache.catalina.startup.VersionLoggerListener.log Command line argument: -Djava.io.tmpdir=D:\JavaSQL\Java8\apache-tomcat-8.5.24\temp
11-Apr-2024 02:29:44.654 INFO [main] org.apache.catalina.core.AprLifecycleListener.lifecycleEvent The APR based Apache Tomcat Native library which allows optimal performance in production environments was not found on the java.library.path: [D:\JavaSQL\Java8\jdk1.8.0_131\bin;C:\WINDOWS\Sun\Java\bin;C:\WINDOWS\system32;C:\WINDOWS;D:\JavaSQL\Java8\jdk1.8.0_131\bin;D:\JavaSQL\Java8\jdk1.8.0_131\db\bin;D:\JavaSQL\Java8\squirrelsql-4.0.0-standard;D:\JavaSQL\Java8\apache-tomcat-8.5.24\bin;C:\WINDOWS\system32;C:\WINDOWS;C:\WINDOWS\System32\Wbem;C:\WINDOWS\System32\WindowsPowerShell\v1.0\;C:\WINDOWS\System32\OpenSSH\;C:\Program Files\dotnet\;C:\Users\Aldoa\Desktop\Infor\bin;C:\Users\Aldoa\AppData\Local\Microsoft\WindowsApps;;.]
11-Apr-2024 02:29:44.734 INFO [main] org.apache.coyote.AbstractProtocol.init Initializing ProtocolHandler ["http-nio-8082"]
11-Apr-2024 02:29:44.940 INFO [main] org.apache.tomcat.util.net.NioSelectorPool.getSharedSelector Using a shared selector for servlet write/read
11-Apr-2024 02:29:44.955 INFO [main] org.apache.coyote.AbstractProtocol.init Initializing ProtocolHandler ["ajp-nio-8009"]
11-Apr-2024 02:29:44.955 INFO [main] org.apache.tomcat.util.net.NioSelectorPool.getSharedSelector Using a shared selector for servlet write/read
11-Apr-2024 02:29:44.955 INFO [main] org.apache.catalina.startup.Catalina.load Initialization processed in 507 ms
11-Apr-2024 02:29:44.971 INFO [main] org.apache.catalina.core.StandardService.startInternal Starting service [Catalina]
11-Apr-2024 02:29:44.971 INFO [main] org.apache.catalina.core.StandardEngine.startInternal Starting Servlet Engine: Apache Tomcat/8.5.24
11-Apr-2024 02:29:44.971 INFO [localhost-startStop-1] org.apache.catalina.startup.HostConfig.deployDirectory Deploying web application directory [D:\JavaSQL\Java8\apache-tomcat-8.5.24\webapps\docs]
11-Apr-2024 02:29:45.164 INFO [localhost-startStop-1] org.apache.jasper.servlet.TldScanner.scanJars At least one JAR was scanned for TLDs yet contained no TLDs. Enable debug logging for this logger for a complete list of JARs that were scanned but no TLDs were found in them. Skipping unneeded JARs during scanning can improve startup time and JSP compilation time.
11-Apr-2024 02:29:45.215 INFO [localhost-startStop-1] org.apache.catalina.startup.HostConfig.deployDirectory Deployment of web application directory [D:\JavaSQL\Java8\apache-tomcat-8.5.24\webapps\docs] has finished in [244] ms
11-Apr-2024 02:29:45.215 INFO [localhost-startStop-1] org.apache.catalina.startup.HostConfig.deployDirectory Deploying web application directory [D:\JavaSQL\Java8\apache-tomcat-8.5.24\webapps\examples]
11-Apr-2024 02:29:45.429 INFO [localhost-startStop-1] org.apache.jasper.servlet.TldScanner.scanJars At least one JAR was scanned for TLDs yet contained no TLDs. Enable debug logging for this logger for a complete list of JARs that were scanned but no TLDs were found in them. Skipping unneeded JARs during scanning can improve startup time and JSP compilation time.
11-Apr-2024 02:29:45.464 INFO [localhost-startStop-1] org.apache.catalina.startup.HostConfig.deployDirectory Deployment of web application directory [D:\JavaSQL\Java8\apache-tomcat-8.5.24\webapps\examples] has finished in [249] ms
11-Apr-2024 02:29:45.464 INFO [localhost-startStop-1] org.apache.catalina.startup.HostConfig.deployDirectory Deploying web application directory [D:\JavaSQL\Java8\apache-tomcat-8.5.24\webapps\host-manager]
11-Apr-2024 02:29:45.480 INFO [localhost-startStop-1] org.apache.jasper.servlet.TldScanner.scanJars At least one JAR was scanned for TLDs yet contained no TLDs. Enable debug logging for this logger for a complete list of JARs that were scanned but no TLDs were found in them. Skipping unneeded JARs during scanning can improve startup time and JSP compilation time.
11-Apr-2024 02:29:45.480 INFO [localhost-startStop-1] org.apache.catalina.startup.HostConfig.deployDirectory Deployment of web application directory [D:\JavaSQL\Java8\apache-tomcat-8.5.24\webapps\host-manager] has finished in [16] ms
11-Apr-2024 02:29:45.480 INFO [localhost-startStop-1] org.apache.catalina.startup.HostConfig.deployDirectory Deploying web application directory [D:\JavaSQL\Java8\apache-tomcat-8.5.24\webapps\ROOT]
11-Apr-2024 02:29:45.496 INFO [localhost-startStop-1] org.apache.jasper.servlet.TldScanner.scanJars At least one JAR was scanned for TLDs yet contained no TLDs. Enable debug logging for this logger for a complete list of JARs that were scanned but no TLDs were found in them. Skipping unneeded JARs during scanning can improve startup time and JSP compilation time.
11-Apr-2024 02:29:45.496 INFO [localhost-startStop-1] org.apache.catalina.startup.HostConfig.deployDirectory Deployment of web application directory [D:\JavaSQL\Java8\apache-tomcat-8.5.24\webapps\ROOT] has finished in [16] ms
11-Apr-2024 02:29:45.496 INFO [localhost-startStop-1] org.apache.catalina.startup.HostConfig.deployDirectory Deploying web application directory [D:\JavaSQL\Java8\apache-tomcat-8.5.24\webapps\SQLServer]
11-Apr-2024 02:29:45.512 INFO [localhost-startStop-1] org.apache.jasper.servlet.TldScanner.scanJars At least one JAR was scanned for TLDs yet contained no TLDs. Enable debug logging for this logger for a complete list of JARs that were scanned but no TLDs were found in them. Skipping unneeded JARs during scanning can improve startup time and JSP compilation time.
11-Apr-2024 02:29:45.529 INFO [localhost-startStop-1] org.apache.catalina.startup.HostConfig.deployDirectory Deployment of web application directory [D:\JavaSQL\Java8\apache-tomcat-8.5.24\webapps\SQLServer] has finished in [33] ms
11-Apr-2024 02:29:45.529 INFO [localhost-startStop-1] org.apache.catalina.startup.HostConfig.deployDirectory Deploying web application directory [D:\JavaSQL\Java8\apache-tomcat-8.5.24\webapps\Servlet1]
11-Apr-2024 02:29:45.543 INFO [localhost-startStop-1] org.apache.jasper.servlet.TldScanner.scanJars At least one JAR was scanned for TLDs yet contained no TLDs. Enable debug logging for this logger for a complete list of JARs that were scanned but no TLDs were found in them. Skipping unneeded JARs during scanning can improve startup time and JSP compilation time.
11-Apr-2024 02:29:45.543 INFO [localhost-startStop-1] org.apache.catalina.startup.HostConfig.deployDirectory Deployment of web application directory [D:\JavaSQL\Java8\apache-tomcat-8.5.24\webapps\Servlet1] has finished in [14] ms
11-Apr-2024 02:29:45.543 INFO [localhost-startStop-1] org.apache.catalina.startup.HostConfig.deployDirectory Deploying web application directory [D:\JavaSQL\Java8\apache-tomcat-8.5.24\webapps\Servlet2]
11-Apr-2024 02:29:45.559 INFO [localhost-startStop-1] org.apache.jasper.servlet.TldScanner.scanJars At least one JAR was scanned for TLDs yet contained no TLDs. Enable debug logging for this logger for a complete list of JARs that were scanned but no TLDs were found in them. Skipping unneeded JARs during scanning can improve startup time and JSP compilation time.
11-Apr-2024 02:29:45.559 INFO [localhost-startStop-1] org.apache.catalina.startup.HostConfig.deployDirectory Deployment of web application directory [D:\JavaSQL\Java8\apache-tomcat-8.5.24\webapps\Servlet2] has finished in [16] ms
11-Apr-2024 02:29:45.559 INFO [localhost-startStop-1] org.apache.catalina.startup.HostConfig.deployDirectory Deploying web application directory [D:\JavaSQL\Java8\apache-tomcat-8.5.24\webapps\Servlet3]
11-Apr-2024 02:29:45.591 INFO [localhost-startStop-1] org.apache.jasper.servlet.TldScanner.scanJars At least one JAR was scanned for TLDs yet contained no TLDs. Enable debug logging for this logger for a complete list of JARs that were scanned but no TLDs were found in them. Skipping unneeded JARs during scanning can improve startup time and JSP compilation time.
11-Apr-2024 02:29:45.595 INFO [localhost-startStop-1] org.apache.catalina.startup.HostConfig.deployDirectory Deployment of web application directory [D:\JavaSQL\Java8\apache-tomcat-8.5.24\webapps\Servlet3] has finished in [36] ms
11-Apr-2024 02:29:45.595 INFO [localhost-startStop-1] org.apache.catalina.startup.HostConfig.deployDirectory Deploying web application directory [D:\JavaSQL\Java8\apache-tomcat-8.5.24\webapps\Servlet4]
11-Apr-2024 02:29:45.618 INFO [localhost-startStop-1] org.apache.jasper.servlet.TldScanner.scanJars At least one JAR was scanned for TLDs yet contained no TLDs. Enable debug logging for this logger for a complete list of JARs that were scanned but no TLDs were found in them. Skipping unneeded JARs during scanning can improve startup time and JSP compilation time.
11-Apr-2024 02:29:45.618 INFO [localhost-startStop-1] org.apache.catalina.startup.HostConfig.deployDirectory Deployment of web application directory [D:\JavaSQL\Java8\apache-tomcat-8.5.24\webapps\Servlet4] has finished in [23] ms
11-Apr-2024 02:29:45.618 INFO [localhost-startStop-1] org.apache.catalina.startup.HostConfig.deployDirectory Deploying web application directory [D:\JavaSQL\Java8\apache-tomcat-8.5.24\webapps\Pract8]
11-Apr-2024 02:29:45.644 INFO [localhost-startStop-1] org.apache.jasper.servlet.TldScanner.scanJars At least one JAR was scanned for TLDs yet contained no TLDs. Enable debug logging for this logger for a complete list of JARs that were scanned but no TLDs were found in them. Skipping unneeded JARs during scanning can improve startup time and JSP compilation time.
11-Apr-2024 02:29:45.645 INFO [localhost-startStop-1] org.apache.catalina.startup.HostConfig.deployDirectory Deployment of web application directory [D:\JavaSQL\Java8\apache-tomcat-8.5.24\webapps\Pract8] has finished in [27] ms
11-Apr-2024 02:29:45.645 INFO [localhost-startStop-1] org.apache.catalina.startup.HostConfig.deployDirectory Deploying web application directory [D:\JavaSQL\Java8\apache-tomcat-8.5.24\webapps\Entrega]
11-Apr-2024 02:29:45.658 INFO [localhost-startStop-1] org.apache.jasper.servlet.TldScanner.scanJars At least one JAR was scanned for TLDs yet contained no TLDs. Enable debug logging for this logger for a complete list of JARs that were scanned but no TLDs were found in them. Skipping unneeded JARs during scanning can improve startup time and JSP compilation time.
11-Apr-2024 02:29:45.673 INFO [localhost-startStop-1] org.apache.catalina.startup.HostConfig.deployDirectory Deployment of web application directory [D:\JavaSQL\Java8\apache-tomcat-8.5.24\webapps\Entrega] has finished in [28] ms
11-Apr-2024 02:29:45.676 INFO [localhost-startStop-1] org.apache.catalina.startup.HostConfig.deployDirectory Deploying web application directory [D:\JavaSQL\Java8\apache-tomcat-8.5.24\webapps\matrices8]
11-Apr-2024 02:29:45.689 INFO [localhost-startStop-1] org.apache.jasper.servlet.TldScanner.scanJars At least one JAR was scanned for TLDs yet contained no TLDs. Enable debug logging for this logger for a complete list of JARs that were scanned but no TLDs were found in them. Skipping unneeded JARs during scanning can improve startup time and JSP compilation time.
11-Apr-2024 02:29:45.689 INFO [localhost-startStop-1] org.apache.catalina.startup.HostConfig.deployDirectory Deployment of web application directory [D:\JavaSQL\Java8\apache-tomcat-8.5.24\webapps\matrices8] has finished in [13] ms
11-Apr-2024 02:29:45.689 INFO [localhost-startStop-1] org.apache.catalina.startup.HostConfig.deployDirectory Deploying web application directory [D:\JavaSQL\Java8\apache-tomcat-8.5.24\webapps\TD_E18]
11-Apr-2024 02:29:45.722 INFO [localhost-startStop-1] org.apache.jasper.servlet.TldScanner.scanJars At least one JAR was scanned for TLDs yet contained no TLDs. Enable debug logging for this logger for a complete list of JARs that were scanned but no TLDs were found in them. Skipping unneeded JARs during scanning can improve startup time and JSP compilation time.
11-Apr-2024 02:29:45.722 INFO [localhost-startStop-1] org.apache.catalina.startup.HostConfig.deployDirectory Deployment of web application directory [D:\JavaSQL\Java8\apache-tomcat-8.5.24\webapps\TD_E18] has finished in [33] ms
11-Apr-2024 02:29:45.722 INFO [localhost-startStop-1] org.apache.catalina.startup.HostConfig.deployDirectory Deploying web application directory [D:\JavaSQL\Java8\apache-tomcat-8.5.24\webapps\TB15]
11-Apr-2024 02:29:45.761 INFO [localhost-startStop-1] org.apache.jasper.servlet.TldScanner.scanJars At least one JAR was scanned for TLDs yet contained no TLDs. Enable debug logging for this logger for a complete list of JARs that were scanned but no TLDs were found in them. Skipping unneeded JARs during scanning can improve startup time and JSP compilation time.
11-Apr-2024 02:29:45.766 INFO [localhost-startStop-1] org.apache.catalina.startup.HostConfig.deployDirectory Deployment of web application directory [D:\JavaSQL\Java8\apache-tomcat-8.5.24\webapps\TB15] has finished in [44] ms
11-Apr-2024 02:29:45.766 INFO [localhost-startStop-1] org.apache.catalina.startup.HostConfig.deployDirectory Deploying web application directory [D:\JavaSQL\Java8\apache-tomcat-8.5.24\webapps\S2]
11-Apr-2024 02:29:45.790 INFO [localhost-startStop-1] org.apache.jasper.servlet.TldScanner.scanJars At least one JAR was scanned for TLDs yet contained no TLDs. Enable debug logging for this logger for a complete list of JARs that were scanned but no TLDs were found in them. Skipping unneeded JARs during scanning can improve startup time and JSP compilation time.
11-Apr-2024 02:29:45.793 INFO [localhost-startStop-1] org.apache.catalina.startup.HostConfig.deployDirectory Deployment of web application directory [D:\JavaSQL\Java8\apache-tomcat-8.5.24\webapps\S2] has finished in [27] ms
11-Apr-2024 02:29:45.793 INFO [localhost-startStop-1] org.apache.catalina.startup.HostConfig.deployDirectory Deploying web application directory [D:\JavaSQL\Java8\apache-tomcat-8.5.24\webapps\mock1]
11-Apr-2024 02:29:45.823 INFO [localhost-startStop-1] org.apache.jasper.servlet.TldScanner.scanJars At least one JAR was scanned for TLDs yet contained no TLDs. Enable debug logging for this logger for a complete list of JARs that were scanned but no TLDs were found in them. Skipping unneeded JARs during scanning can improve startup time and JSP compilation time.
11-Apr-2024 02:29:45.823 INFO [localhost-startStop-1] org.apache.catalina.startup.HostConfig.deployDirectory Deployment of web application directory [D:\JavaSQL\Java8\apache-tomcat-8.5.24\webapps\mock1] has finished in [30] ms
11-Apr-2024 02:29:45.825 INFO [localhost-startStop-1] org.apache.catalina.startup.HostConfig.deployDirectory Deploying web application directory [D:\JavaSQL\Java8\apache-tomcat-8.5.24\webapps\mock2]
11-Apr-2024 02:29:45.870 INFO [localhost-startStop-1] org.apache.jasper.servlet.TldScanner.scanJars At least one JAR was scanned for TLDs yet contained no TLDs. Enable debug logging for this logger for a complete list of JARs that were scanned but no TLDs were found in them. Skipping unneeded JARs during scanning can improve startup time and JSP compilation time.
11-Apr-2024 02:29:45.876 INFO [localhost-startStop-1] org.apache.catalina.startup.HostConfig.deployDirectory Deployment of web application directory [D:\JavaSQL\Java8\apache-tomcat-8.5.24\webapps\mock2] has finished in [51] ms
11-Apr-2024 02:29:45.878 INFO [main] org.apache.coyote.AbstractProtocol.start Starting ProtocolHandler ["http-nio-8082"]
11-Apr-2024 02:29:45.887 INFO [main] org.apache.coyote.AbstractProtocol.start Starting ProtocolHandler ["ajp-nio-8009"]
11-Apr-2024 02:29:45.892 INFO [main] org.apache.catalina.startup.Catalina.start Server startup in 933 ms
11-Apr-2024 02:30:55.624 INFO [main] org.apache.catalina.core.StandardServer.await A valid shutdown command was received via the shutdown port. Stopping the Server instance.
11-Apr-2024 02:30:55.624 INFO [main] org.apache.coyote.AbstractProtocol.pause Pausing ProtocolHandler ["http-nio-8082"]
11-Apr-2024 02:30:56.096 INFO [main] org.apache.coyote.AbstractProtocol.pause Pausing ProtocolHandler ["ajp-nio-8009"]
11-Apr-2024 02:30:56.563 INFO [main] org.apache.catalina.core.StandardService.stopInternal Stopping service [Catalina]
11-Apr-2024 02:30:56.776 INFO [main] org.apache.coyote.AbstractProtocol.stop Stopping ProtocolHandler ["http-nio-8082"]
11-Apr-2024 02:30:56.787 INFO [main] org.apache.coyote.AbstractProtocol.stop Stopping ProtocolHandler ["ajp-nio-8009"]
11-Apr-2024 02:30:56.789 INFO [main] org.apache.coyote.AbstractProtocol.destroy Destroying ProtocolHandler ["http-nio-8082"]
11-Apr-2024 02:30:56.790 INFO [main] org.apache.coyote.AbstractProtocol.destroy Destroying ProtocolHandler ["ajp-nio-8009"]
11-Apr-2024 18:15:09.361 INFO [main] org.apache.catalina.startup.VersionLoggerListener.log Server version:        Apache Tomcat/8.5.24
11-Apr-2024 18:15:09.381 INFO [main] org.apache.catalina.startup.VersionLoggerListener.log Server built:          Nov 27 2017 13:05:30 UTC
11-Apr-2024 18:15:09.381 INFO [main] org.apache.catalina.startup.VersionLoggerListener.log Server number:         8.5.24.0
11-Apr-2024 18:15:09.381 INFO [main] org.apache.catalina.startup.VersionLoggerListener.log OS Name:               Windows 10
11-Apr-2024 18:15:09.381 INFO [main] org.apache.catalina.startup.VersionLoggerListener.log OS Version:            10.0
11-Apr-2024 18:15:09.381 INFO [main] org.apache.catalina.startup.VersionLoggerListener.log Architecture:          x86
11-Apr-2024 18:15:09.381 INFO [main] org.apache.catalina.startup.VersionLoggerListener.log Java Home:             D:\JavaSQL\Java8\jdk1.8.0_131\jre
11-Apr-2024 18:15:09.381 INFO [main] org.apache.catalina.startup.VersionLoggerListener.log JVM Version:           1.8.0_131-b11
11-Apr-2024 18:15:09.381 INFO [main] org.apache.catalina.startup.VersionLoggerListener.log JVM Vendor:            Oracle Corporation
11-Apr-2024 18:15:09.381 INFO [main] org.apache.catalina.startup.VersionLoggerListener.log CATALINA_BASE:         D:\JavaSQL\Java8\apache-tomcat-8.5.24
11-Apr-2024 18:15:09.381 INFO [main] org.apache.catalina.startup.VersionLoggerListener.log CATALINA_HOME:         D:\JavaSQL\Java8\apache-tomcat-8.5.24
11-Apr-2024 18:15:09.381 INFO [main] org.apache.catalina.startup.VersionLoggerListener.log Command line argument: -Djava.util.logging.config.file=D:\JavaSQL\Java8\apache-tomcat-8.5.24\conf\logging.properties
11-Apr-2024 18:15:09.381 INFO [main] org.apache.catalina.startup.VersionLoggerListener.log Command line argument: -Djava.util.logging.manager=org.apache.juli.ClassLoaderLogManager
11-Apr-2024 18:15:09.381 INFO [main] org.apache.catalina.startup.VersionLoggerListener.log Command line argument: -Djdk.tls.ephemeralDHKeySize=2048
11-Apr-2024 18:15:09.381 INFO [main] org.apache.catalina.startup.VersionLoggerListener.log Command line argument: -Djava.protocol.handler.pkgs=org.apache.catalina.webresources
11-Apr-2024 18:15:09.381 INFO [main] org.apache.catalina.startup.VersionLoggerListener.log Command line argument: -Dignore.endorsed.dirs=
11-Apr-2024 18:15:09.381 INFO [main] org.apache.catalina.startup.VersionLoggerListener.log Command line argument: -Dcatalina.base=D:\JavaSQL\Java8\apache-tomcat-8.5.24
11-Apr-2024 18:15:09.381 INFO [main] org.apache.catalina.startup.VersionLoggerListener.log Command line argument: -Dcatalina.home=D:\JavaSQL\Java8\apache-tomcat-8.5.24
11-Apr-2024 18:15:09.381 INFO [main] org.apache.catalina.startup.VersionLoggerListener.log Command line argument: -Djava.io.tmpdir=D:\JavaSQL\Java8\apache-tomcat-8.5.24\temp
11-Apr-2024 18:15:09.381 INFO [main] org.apache.catalina.core.AprLifecycleListener.lifecycleEvent The APR based Apache Tomcat Native library which allows optimal performance in production environments was not found on the java.library.path: [D:\JavaSQL\Java8\jdk1.8.0_131\bin;C:\WINDOWS\Sun\Java\bin;C:\WINDOWS\system32;C:\WINDOWS;D:\JavaSQL\Java8\jdk1.8.0_131\bin;D:\JavaSQL\Java8\jdk1.8.0_131\db\bin;D:\JavaSQL\Java8\squirrelsql-4.0.0-standard;D:\JavaSQL\Java8\apache-tomcat-8.5.24\bin;C:\Program Files\IBM\ILOG\CPLEX_Studio1210\opl\bin\x64_win64;C:\Program Files\IBM\ILOG\CPLEX_Studio1210\opl\oplide\;C:\Program Files\IBM\ILOG\CPLEX_Studio1210\cplex\bin\x64_win64;C:\Program Files\IBM\ILOG\CPLEX_Studio1210\cpoptimizer\bin\x64_win64;C:\Programs\gurobi1001\win64\bin;C:\Program Files (x86)\NVIDIA Corporation\PhysX\Common;C:\Program Files (x86)\VMware\VMware Player\bin\;C:\Program Files\Eclipse Foundation\jdk-16.0.2.7-hotspot\bin;C:\Program Files\Python38\Scripts\;C:\Program Files\Python38\;C:\WINDOWS\system32;C:\WINDOWS;C:\WINDOWS\System32\Wbem;C:\WINDOWS\System32\WindowsPowerShell\v1.0\;C:\WINDOWS\System32\OpenSSH\;C:\Program Files\dotnet\;C:\Program Files\Microsoft SQL Server\130\Tools\Binn\;C:\Program Files (x86)\dotnet\;C:\Program Files\MATLAB\R2023a\runtime\win64;C:\Program Files\MATLAB\R2023a\bin;C:\Program Files\MATLAB\R2019a\bin;C:\Program Files (x86)\National Instruments\Shared\LabVIEW CLI;C:\Program Files (x86)\IVI Foundation\IVI\bin;C:\Program Files\IVI Foundation\IVI\bin;C:\Program Files (x86)\IVI Foundation\VISA\WinNT\Bin\;C:\Program Files\IVI Foundation\VISA\Win64\Bin\;C:\Program Files (x86)\IVI Foundation\VISA\WinNT\Bin;C:\Program Files\Microsoft SQL Server\Client SDK\ODBC\110\Tools\Binn\;C:\Program Files (x86)\Microsoft SQL Server\120\Tools\Binn\;C:\Program Files\Microsoft SQL Server\120\Tools\Binn\;C:\Program Files\Microsoft SQL Server\120\DTS\Binn\;C:\Program Files (x86)\Windows Kits\8.1\Windows Performance Toolkit\;C:\Program Files\Git\cmd;C:\Program Files\PuTTY\;C:\Program Files\Microsoft VS Code\bin;C:\Program Files\MiKTeX\miktex\bin\x64\;C:\Users\aerrigochan\AppData\Local\Microsoft\WindowsApps;;.]
11-Apr-2024 18:15:10.191 INFO [main] org.apache.coyote.AbstractProtocol.init Initializing ProtocolHandler ["http-nio-8082"]
11-Apr-2024 18:15:15.591 INFO [main] org.apache.tomcat.util.net.NioSelectorPool.getSharedSelector Using a shared selector for servlet write/read
11-Apr-2024 18:15:15.611 INFO [main] org.apache.coyote.AbstractProtocol.init Initializing ProtocolHandler ["ajp-nio-8009"]
11-Apr-2024 18:15:15.611 INFO [main] org.apache.tomcat.util.net.NioSelectorPool.getSharedSelector Using a shared selector for servlet write/read
11-Apr-2024 18:15:15.611 INFO [main] org.apache.catalina.startup.Catalina.load Initialization processed in 8295 ms
11-Apr-2024 18:15:15.731 INFO [main] org.apache.catalina.core.StandardService.startInternal Starting service [Catalina]
11-Apr-2024 18:15:15.731 INFO [main] org.apache.catalina.core.StandardEngine.startInternal Starting Servlet Engine: Apache Tomcat/8.5.24
11-Apr-2024 18:15:15.781 INFO [localhost-startStop-1] org.apache.catalina.startup.HostConfig.deployDirectory Deploying web application directory [D:\JavaSQL\Java8\apache-tomcat-8.5.24\webapps\docs]
11-Apr-2024 18:15:17.119 INFO [localhost-startStop-1] org.apache.jasper.servlet.TldScanner.scanJars At least one JAR was scanned for TLDs yet contained no TLDs. Enable debug logging for this logger for a complete list of JARs that were scanned but no TLDs were found in them. Skipping unneeded JARs during scanning can improve startup time and JSP compilation time.
11-Apr-2024 18:15:17.300 INFO [localhost-startStop-1] org.apache.catalina.startup.HostConfig.deployDirectory Deployment of web application directory [D:\JavaSQL\Java8\apache-tomcat-8.5.24\webapps\docs] has finished in [1,519] ms
11-Apr-2024 18:15:17.300 INFO [localhost-startStop-1] org.apache.catalina.startup.HostConfig.deployDirectory Deploying web application directory [D:\JavaSQL\Java8\apache-tomcat-8.5.24\webapps\examples]
11-Apr-2024 18:15:19.090 INFO [localhost-startStop-1] org.apache.jasper.servlet.TldScanner.scanJars At least one JAR was scanned for TLDs yet contained no TLDs. Enable debug logging for this logger for a complete list of JARs that were scanned but no TLDs were found in them. Skipping unneeded JARs during scanning can improve startup time and JSP compilation time.
11-Apr-2024 18:15:19.140 INFO [localhost-startStop-1] org.apache.catalina.startup.HostConfig.deployDirectory Deployment of web application directory [D:\JavaSQL\Java8\apache-tomcat-8.5.24\webapps\examples] has finished in [1,840] ms
11-Apr-2024 18:15:19.140 INFO [localhost-startStop-1] org.apache.catalina.startup.HostConfig.deployDirectory Deploying web application directory [D:\JavaSQL\Java8\apache-tomcat-8.5.24\webapps\host-manager]
11-Apr-2024 18:15:19.220 INFO [localhost-startStop-1] org.apache.jasper.servlet.TldScanner.scanJars At least one JAR was scanned for TLDs yet contained no TLDs. Enable debug logging for this logger for a complete list of JARs that were scanned but no TLDs were found in them. Skipping unneeded JARs during scanning can improve startup time and JSP compilation time.
11-Apr-2024 18:15:19.220 INFO [localhost-startStop-1] org.apache.catalina.startup.HostConfig.deployDirectory Deployment of web application directory [D:\JavaSQL\Java8\apache-tomcat-8.5.24\webapps\host-manager] has finished in [80] ms
11-Apr-2024 18:15:19.220 INFO [localhost-startStop-1] org.apache.catalina.startup.HostConfig.deployDirectory Deploying web application directory [D:\JavaSQL\Java8\apache-tomcat-8.5.24\webapps\ROOT]
11-Apr-2024 18:15:19.250 INFO [localhost-startStop-1] org.apache.jasper.servlet.TldScanner.scanJars At least one JAR was scanned for TLDs yet contained no TLDs. Enable debug logging for this logger for a complete list of JARs that were scanned but no TLDs were found in them. Skipping unneeded JARs during scanning can improve startup time and JSP compilation time.
11-Apr-2024 18:15:19.250 INFO [localhost-startStop-1] org.apache.catalina.startup.HostConfig.deployDirectory Deployment of web application directory [D:\JavaSQL\Java8\apache-tomcat-8.5.24\webapps\ROOT] has finished in [30] ms
11-Apr-2024 18:15:19.250 INFO [localhost-startStop-1] org.apache.catalina.startup.HostConfig.deployDirectory Deploying web application directory [D:\JavaSQL\Java8\apache-tomcat-8.5.24\webapps\SQLServer]
11-Apr-2024 18:15:19.350 INFO [localhost-startStop-1] org.apache.jasper.servlet.TldScanner.scanJars At least one JAR was scanned for TLDs yet contained no TLDs. Enable debug logging for this logger for a complete list of JARs that were scanned but no TLDs were found in them. Skipping unneeded JARs during scanning can improve startup time and JSP compilation time.
11-Apr-2024 18:15:19.390 INFO [localhost-startStop-1] org.apache.catalina.startup.HostConfig.deployDirectory Deployment of web application directory [D:\JavaSQL\Java8\apache-tomcat-8.5.24\webapps\SQLServer] has finished in [140] ms
11-Apr-2024 18:15:19.390 INFO [localhost-startStop-1] org.apache.catalina.startup.HostConfig.deployDirectory Deploying web application directory [D:\JavaSQL\Java8\apache-tomcat-8.5.24\webapps\Servlet1]
11-Apr-2024 18:15:19.430 INFO [localhost-startStop-1] org.apache.jasper.servlet.TldScanner.scanJars At least one JAR was scanned for TLDs yet contained no TLDs. Enable debug logging for this logger for a complete list of JARs that were scanned but no TLDs were found in them. Skipping unneeded JARs during scanning can improve startup time and JSP compilation time.
11-Apr-2024 18:15:19.440 INFO [localhost-startStop-1] org.apache.catalina.startup.HostConfig.deployDirectory Deployment of web application directory [D:\JavaSQL\Java8\apache-tomcat-8.5.24\webapps\Servlet1] has finished in [50] ms
11-Apr-2024 18:15:19.440 INFO [localhost-startStop-1] org.apache.catalina.startup.HostConfig.deployDirectory Deploying web application directory [D:\JavaSQL\Java8\apache-tomcat-8.5.24\webapps\Servlet2]
11-Apr-2024 18:15:19.490 INFO [localhost-startStop-1] org.apache.jasper.servlet.TldScanner.scanJars At least one JAR was scanned for TLDs yet contained no TLDs. Enable debug logging for this logger for a complete list of JARs that were scanned but no TLDs were found in them. Skipping unneeded JARs during scanning can improve startup time and JSP compilation time.
11-Apr-2024 18:15:19.490 INFO [localhost-startStop-1] org.apache.catalina.startup.HostConfig.deployDirectory Deployment of web application directory [D:\JavaSQL\Java8\apache-tomcat-8.5.24\webapps\Servlet2] has finished in [50] ms
11-Apr-2024 18:15:19.490 INFO [localhost-startStop-1] org.apache.catalina.startup.HostConfig.deployDirectory Deploying web application directory [D:\JavaSQL\Java8\apache-tomcat-8.5.24\webapps\Servlet3]
11-Apr-2024 18:15:19.540 INFO [localhost-startStop-1] org.apache.jasper.servlet.TldScanner.scanJars At least one JAR was scanned for TLDs yet contained no TLDs. Enable debug logging for this logger for a complete list of JARs that were scanned but no TLDs were found in them. Skipping unneeded JARs during scanning can improve startup time and JSP compilation time.
11-Apr-2024 18:15:19.540 INFO [localhost-startStop-1] org.apache.catalina.startup.HostConfig.deployDirectory Deployment of web application directory [D:\JavaSQL\Java8\apache-tomcat-8.5.24\webapps\Servlet3] has finished in [50] ms
11-Apr-2024 18:15:19.540 INFO [localhost-startStop-1] org.apache.catalina.startup.HostConfig.deployDirectory Deploying web application directory [D:\JavaSQL\Java8\apache-tomcat-8.5.24\webapps\Servlet4]
11-Apr-2024 18:15:19.590 INFO [localhost-startStop-1] org.apache.jasper.servlet.TldScanner.scanJars At least one JAR was scanned for TLDs yet contained no TLDs. Enable debug logging for this logger for a complete list of JARs that were scanned but no TLDs were found in them. Skipping unneeded JARs during scanning can improve startup time and JSP compilation time.
11-Apr-2024 18:15:19.590 INFO [localhost-startStop-1] org.apache.catalina.startup.HostConfig.deployDirectory Deployment of web application directory [D:\JavaSQL\Java8\apache-tomcat-8.5.24\webapps\Servlet4] has finished in [50] ms
11-Apr-2024 18:15:19.590 INFO [localhost-startStop-1] org.apache.catalina.startup.HostConfig.deployDirectory Deploying web application directory [D:\JavaSQL\Java8\apache-tomcat-8.5.24\webapps\Pract8]
11-Apr-2024 18:15:19.660 INFO [localhost-startStop-1] org.apache.jasper.servlet.TldScanner.scanJars At least one JAR was scanned for TLDs yet contained no TLDs. Enable debug logging for this logger for a complete list of JARs that were scanned but no TLDs were found in them. Skipping unneeded JARs during scanning can improve startup time and JSP compilation time.
11-Apr-2024 18:15:19.670 INFO [localhost-startStop-1] org.apache.catalina.startup.HostConfig.deployDirectory Deployment of web application directory [D:\JavaSQL\Java8\apache-tomcat-8.5.24\webapps\Pract8] has finished in [80] ms
11-Apr-2024 18:15:19.670 INFO [localhost-startStop-1] org.apache.catalina.startup.HostConfig.deployDirectory Deploying web application directory [D:\JavaSQL\Java8\apache-tomcat-8.5.24\webapps\Entrega]
11-Apr-2024 18:15:19.700 INFO [localhost-startStop-1] org.apache.jasper.servlet.TldScanner.scanJars At least one JAR was scanned for TLDs yet contained no TLDs. Enable debug logging for this logger for a complete list of JARs that were scanned but no TLDs were found in them. Skipping unneeded JARs during scanning can improve startup time and JSP compilation time.
11-Apr-2024 18:15:19.710 INFO [localhost-startStop-1] org.apache.catalina.startup.HostConfig.deployDirectory Deployment of web application directory [D:\JavaSQL\Java8\apache-tomcat-8.5.24\webapps\Entrega] has finished in [40] ms
11-Apr-2024 18:15:19.710 INFO [localhost-startStop-1] org.apache.catalina.startup.HostConfig.deployDirectory Deploying web application directory [D:\JavaSQL\Java8\apache-tomcat-8.5.24\webapps\matrices8]
11-Apr-2024 18:15:19.780 INFO [localhost-startStop-1] org.apache.jasper.servlet.TldScanner.scanJars At least one JAR was scanned for TLDs yet contained no TLDs. Enable debug logging for this logger for a complete list of JARs that were scanned but no TLDs were found in them. Skipping unneeded JARs during scanning can improve startup time and JSP compilation time.
11-Apr-2024 18:15:19.800 INFO [localhost-startStop-1] org.apache.catalina.startup.HostConfig.deployDirectory Deployment of web application directory [D:\JavaSQL\Java8\apache-tomcat-8.5.24\webapps\matrices8] has finished in [90] ms
11-Apr-2024 18:15:19.800 INFO [localhost-startStop-1] org.apache.catalina.startup.HostConfig.deployDirectory Deploying web application directory [D:\JavaSQL\Java8\apache-tomcat-8.5.24\webapps\TD_E18]
11-Apr-2024 18:15:19.950 INFO [localhost-startStop-1] org.apache.jasper.servlet.TldScanner.scanJars At least one JAR was scanned for TLDs yet contained no TLDs. Enable debug logging for this logger for a complete list of JARs that were scanned but no TLDs were found in them. Skipping unneeded JARs during scanning can improve startup time and JSP compilation time.
11-Apr-2024 18:15:19.950 INFO [localhost-startStop-1] org.apache.catalina.startup.HostConfig.deployDirectory Deployment of web application directory [D:\JavaSQL\Java8\apache-tomcat-8.5.24\webapps\TD_E18] has finished in [150] ms
11-Apr-2024 18:15:19.950 INFO [localhost-startStop-1] org.apache.catalina.startup.HostConfig.deployDirectory Deploying web application directory [D:\JavaSQL\Java8\apache-tomcat-8.5.24\webapps\TB15]
11-Apr-2024 18:15:20.080 INFO [localhost-startStop-1] org.apache.jasper.servlet.TldScanner.scanJars At least one JAR was scanned for TLDs yet contained no TLDs. Enable debug logging for this logger for a complete list of JARs that were scanned but no TLDs were found in them. Skipping unneeded JARs during scanning can improve startup time and JSP compilation time.
11-Apr-2024 18:15:20.080 INFO [localhost-startStop-1] org.apache.catalina.startup.HostConfig.deployDirectory Deployment of web application directory [D:\JavaSQL\Java8\apache-tomcat-8.5.24\webapps\TB15] has finished in [130] ms
11-Apr-2024 18:15:20.080 INFO [localhost-startStop-1] org.apache.catalina.startup.HostConfig.deployDirectory Deploying web application directory [D:\JavaSQL\Java8\apache-tomcat-8.5.24\webapps\S2]
11-Apr-2024 18:15:20.130 INFO [localhost-startStop-1] org.apache.jasper.servlet.TldScanner.scanJars At least one JAR was scanned for TLDs yet contained no TLDs. Enable debug logging for this logger for a complete list of JARs that were scanned but no TLDs were found in them. Skipping unneeded JARs during scanning can improve startup time and JSP compilation time.
11-Apr-2024 18:15:20.130 INFO [localhost-startStop-1] org.apache.catalina.startup.HostConfig.deployDirectory Deployment of web application directory [D:\JavaSQL\Java8\apache-tomcat-8.5.24\webapps\S2] has finished in [50] ms
11-Apr-2024 18:15:20.130 INFO [localhost-startStop-1] org.apache.catalina.startup.HostConfig.deployDirectory Deploying web application directory [D:\JavaSQL\Java8\apache-tomcat-8.5.24\webapps\mock1]
11-Apr-2024 18:15:20.200 INFO [localhost-startStop-1] org.apache.jasper.servlet.TldScanner.scanJars At least one JAR was scanned for TLDs yet contained no TLDs. Enable debug logging for this logger for a complete list of JARs that were scanned but no TLDs were found in them. Skipping unneeded JARs during scanning can improve startup time and JSP compilation time.
11-Apr-2024 18:15:20.210 INFO [localhost-startStop-1] org.apache.catalina.startup.HostConfig.deployDirectory Deployment of web application directory [D:\JavaSQL\Java8\apache-tomcat-8.5.24\webapps\mock1] has finished in [80] ms
11-Apr-2024 18:15:20.210 INFO [localhost-startStop-1] org.apache.catalina.startup.HostConfig.deployDirectory Deploying web application directory [D:\JavaSQL\Java8\apache-tomcat-8.5.24\webapps\mock2]
11-Apr-2024 18:15:20.310 INFO [localhost-startStop-1] org.apache.jasper.servlet.TldScanner.scanJars At least one JAR was scanned for TLDs yet contained no TLDs. Enable debug logging for this logger for a complete list of JARs that were scanned but no TLDs were found in them. Skipping unneeded JARs during scanning can improve startup time and JSP compilation time.
11-Apr-2024 18:15:20.320 INFO [localhost-startStop-1] org.apache.catalina.startup.HostConfig.deployDirectory Deployment of web application directory [D:\JavaSQL\Java8\apache-tomcat-8.5.24\webapps\mock2] has finished in [110] ms
11-Apr-2024 18:15:20.320 INFO [localhost-startStop-1] org.apache.catalina.startup.HostConfig.deployDirectory Deploying web application directory [D:\JavaSQL\Java8\apache-tomcat-8.5.24\webapps\PEB2024]
11-Apr-2024 18:15:20.370 INFO [localhost-startStop-1] org.apache.jasper.servlet.TldScanner.scanJars At least one JAR was scanned for TLDs yet contained no TLDs. Enable debug logging for this logger for a complete list of JARs that were scanned but no TLDs were found in them. Skipping unneeded JARs during scanning can improve startup time and JSP compilation time.
11-Apr-2024 18:15:20.370 INFO [localhost-startStop-1] org.apache.catalina.startup.HostConfig.deployDirectory Deployment of web application directory [D:\JavaSQL\Java8\apache-tomcat-8.5.24\webapps\PEB2024] has finished in [50] ms
11-Apr-2024 18:15:20.380 INFO [main] org.apache.coyote.AbstractProtocol.start Starting ProtocolHandler ["http-nio-8082"]
11-Apr-2024 18:15:20.410 INFO [main] org.apache.coyote.AbstractProtocol.start Starting ProtocolHandler ["ajp-nio-8009"]
11-Apr-2024 18:15:20.410 INFO [main] org.apache.catalina.startup.Catalina.start Server startup in 4795 ms
11-Apr-2024 18:26:19.761 INFO [main] org.apache.catalina.startup.VersionLoggerListener.log Server version:        Apache Tomcat/8.5.24
11-Apr-2024 18:26:19.761 INFO [main] org.apache.catalina.startup.VersionLoggerListener.log Server built:          Nov 27 2017 13:05:30 UTC
11-Apr-2024 18:26:19.761 INFO [main] org.apache.catalina.startup.VersionLoggerListener.log Server number:         8.5.24.0
11-Apr-2024 18:26:19.761 INFO [main] org.apache.catalina.startup.VersionLoggerListener.log OS Name:               Windows 10
11-Apr-2024 18:26:19.761 INFO [main] org.apache.catalina.startup.VersionLoggerListener.log OS Version:            10.0
11-Apr-2024 18:26:19.761 INFO [main] org.apache.catalina.startup.VersionLoggerListener.log Architecture:          x86
11-Apr-2024 18:26:19.761 INFO [main] org.apache.catalina.startup.VersionLoggerListener.log Java Home:             D:\JavaSQL\Java8\jdk1.8.0_131\jre
11-Apr-2024 18:26:19.761 INFO [main] org.apache.catalina.startup.VersionLoggerListener.log JVM Version:           1.8.0_131-b11
11-Apr-2024 18:26:19.761 INFO [main] org.apache.catalina.startup.VersionLoggerListener.log JVM Vendor:            Oracle Corporation
11-Apr-2024 18:26:19.761 INFO [main] org.apache.catalina.startup.VersionLoggerListener.log CATALINA_BASE:         D:\JavaSQL\Java8\apache-tomcat-8.5.24
11-Apr-2024 18:26:19.761 INFO [main] org.apache.catalina.startup.VersionLoggerListener.log CATALINA_HOME:         D:\JavaSQL\Java8\apache-tomcat-8.5.24
11-Apr-2024 18:26:19.761 INFO [main] org.apache.catalina.startup.VersionLoggerListener.log Command line argument: -Djava.util.logging.config.file=D:\JavaSQL\Java8\apache-tomcat-8.5.24\conf\logging.properties
11-Apr-2024 18:26:19.761 INFO [main] org.apache.catalina.startup.VersionLoggerListener.log Command line argument: -Djava.util.logging.manager=org.apache.juli.ClassLoaderLogManager
11-Apr-2024 18:26:19.761 INFO [main] org.apache.catalina.startup.VersionLoggerListener.log Command line argument: -Djdk.tls.ephemeralDHKeySize=2048
11-Apr-2024 18:26:19.761 INFO [main] org.apache.catalina.startup.VersionLoggerListener.log Command line argument: -Djava.protocol.handler.pkgs=org.apache.catalina.webresources
11-Apr-2024 18:26:19.761 INFO [main] org.apache.catalina.startup.VersionLoggerListener.log Command line argument: -Dignore.endorsed.dirs=
11-Apr-2024 18:26:19.761 INFO [main] org.apache.catalina.startup.VersionLoggerListener.log Command line argument: -Dcatalina.base=D:\JavaSQL\Java8\apache-tomcat-8.5.24
11-Apr-2024 18:26:19.761 INFO [main] org.apache.catalina.startup.VersionLoggerListener.log Command line argument: -Dcatalina.home=D:\JavaSQL\Java8\apache-tomcat-8.5.24
11-Apr-2024 18:26:19.761 INFO [main] org.apache.catalina.startup.VersionLoggerListener.log Command line argument: -Djava.io.tmpdir=D:\JavaSQL\Java8\apache-tomcat-8.5.24\temp
11-Apr-2024 18:26:19.761 INFO [main] org.apache.catalina.core.AprLifecycleListener.lifecycleEvent The APR based Apache Tomcat Native library which allows optimal performance in production environments was not found on the java.library.path: [D:\JavaSQL\Java8\jdk1.8.0_131\bin;C:\WINDOWS\Sun\Java\bin;C:\WINDOWS\system32;C:\WINDOWS;D:\JavaSQL\Java8\jdk1.8.0_131\bin;D:\JavaSQL\Java8\jdk1.8.0_131\db\bin;D:\JavaSQL\Java8\squirrelsql-4.0.0-standard;D:\JavaSQL\Java8\apache-tomcat-8.5.24\bin;C:\Program Files\IBM\ILOG\CPLEX_Studio1210\opl\bin\x64_win64;C:\Program Files\IBM\ILOG\CPLEX_Studio1210\opl\oplide\;C:\Program Files\IBM\ILOG\CPLEX_Studio1210\cplex\bin\x64_win64;C:\Program Files\IBM\ILOG\CPLEX_Studio1210\cpoptimizer\bin\x64_win64;C:\Programs\gurobi1001\win64\bin;C:\Program Files (x86)\NVIDIA Corporation\PhysX\Common;C:\Program Files (x86)\VMware\VMware Player\bin\;C:\Program Files\Eclipse Foundation\jdk-16.0.2.7-hotspot\bin;C:\Program Files\Python38\Scripts\;C:\Program Files\Python38\;C:\WINDOWS\system32;C:\WINDOWS;C:\WINDOWS\System32\Wbem;C:\WINDOWS\System32\WindowsPowerShell\v1.0\;C:\WINDOWS\System32\OpenSSH\;C:\Program Files\dotnet\;C:\Program Files\Microsoft SQL Server\130\Tools\Binn\;C:\Program Files (x86)\dotnet\;C:\Program Files\MATLAB\R2023a\runtime\win64;C:\Program Files\MATLAB\R2023a\bin;C:\Program Files\MATLAB\R2019a\bin;C:\Program Files (x86)\National Instruments\Shared\LabVIEW CLI;C:\Program Files (x86)\IVI Foundation\IVI\bin;C:\Program Files\IVI Foundation\IVI\bin;C:\Program Files (x86)\IVI Foundation\VISA\WinNT\Bin\;C:\Program Files\IVI Foundation\VISA\Win64\Bin\;C:\Program Files (x86)\IVI Foundation\VISA\WinNT\Bin;C:\Program Files\Microsoft SQL Server\Client SDK\ODBC\110\Tools\Binn\;C:\Program Files (x86)\Microsoft SQL Server\120\Tools\Binn\;C:\Program Files\Microsoft SQL Server\120\Tools\Binn\;C:\Program Files\Microsoft SQL Server\120\DTS\Binn\;C:\Program Files (x86)\Windows Kits\8.1\Windows Performance Toolkit\;C:\Program Files\Git\cmd;C:\Program Files\PuTTY\;C:\Program Files\Microsoft VS Code\bin;C:\Program Files\MiKTeX\miktex\bin\x64\;C:\Users\aerrigochan\AppData\Local\Microsoft\WindowsApps;;.]
11-Apr-2024 18:26:19.841 INFO [main] org.apache.coyote.AbstractProtocol.init Initializing ProtocolHandler ["http-nio-8082"]
11-Apr-2024 18:26:19.851 SEVERE [main] org.apache.catalina.core.StandardService.initInternal Failed to initialize connector [Connector[HTTP/1.1-8082]]
 org.apache.catalina.LifecycleException: Failed to initialize component [Connector[HTTP/1.1-8082]]
	at org.apache.catalina.util.LifecycleBase.init(LifecycleBase.java:112)
	at org.apache.catalina.core.StandardService.initInternal(StandardService.java:549)
	at org.apache.catalina.util.LifecycleBase.init(LifecycleBase.java:107)
	at org.apache.catalina.core.StandardServer.initInternal(StandardServer.java:875)
	at org.apache.catalina.util.LifecycleBase.init(LifecycleBase.java:107)
	at org.apache.catalina.startup.Catalina.load(Catalina.java:621)
	at org.apache.catalina.startup.Catalina.load(Catalina.java:644)
	at sun.reflect.NativeMethodAccessorImpl.invoke0(Native Method)
	at sun.reflect.NativeMethodAccessorImpl.invoke(NativeMethodAccessorImpl.java:62)
	at sun.reflect.DelegatingMethodAccessorImpl.invoke(DelegatingMethodAccessorImpl.java:43)
	at java.lang.reflect.Method.invoke(Method.java:498)
	at org.apache.catalina.startup.Bootstrap.load(Bootstrap.java:309)
	at org.apache.catalina.startup.Bootstrap.main(Bootstrap.java:492)
Caused by: org.apache.catalina.LifecycleException: Protocol handler initialization failed
	at org.apache.catalina.connector.Connector.initInternal(Connector.java:995)
	at org.apache.catalina.util.LifecycleBase.init(LifecycleBase.java:107)
	... 12 more
Caused by: java.net.BindException: Address already in use: bind
	at sun.nio.ch.Net.bind0(Native Method)
	at sun.nio.ch.Net.bind(Net.java:433)
	at sun.nio.ch.Net.bind(Net.java:425)
	at sun.nio.ch.ServerSocketChannelImpl.bind(ServerSocketChannelImpl.java:223)
	at sun.nio.ch.ServerSocketAdaptor.bind(ServerSocketAdaptor.java:74)
	at org.apache.tomcat.util.net.NioEndpoint.bind(NioEndpoint.java:210)
	at org.apache.tomcat.util.net.AbstractEndpoint.init(AbstractEndpoint.java:1082)
	at org.apache.tomcat.util.net.AbstractJsseEndpoint.init(AbstractJsseEndpoint.java:267)
	at org.apache.coyote.AbstractProtocol.init(AbstractProtocol.java:581)
	at org.apache.coyote.http11.AbstractHttp11Protocol.init(AbstractHttp11Protocol.java:66)
	at org.apache.catalina.connector.Connector.initInternal(Connector.java:993)
	... 13 more

11-Apr-2024 18:26:19.851 INFO [main] org.apache.coyote.AbstractProtocol.init Initializing ProtocolHandler ["ajp-nio-8009"]
11-Apr-2024 18:26:19.851 SEVERE [main] org.apache.catalina.core.StandardService.initInternal Failed to initialize connector [Connector[AJP/1.3-8009]]
 org.apache.catalina.LifecycleException: Failed to initialize component [Connector[AJP/1.3-8009]]
	at org.apache.catalina.util.LifecycleBase.init(LifecycleBase.java:112)
	at org.apache.catalina.core.StandardService.initInternal(StandardService.java:549)
	at org.apache.catalina.util.LifecycleBase.init(LifecycleBase.java:107)
	at org.apache.catalina.core.StandardServer.initInternal(StandardServer.java:875)
	at org.apache.catalina.util.LifecycleBase.init(LifecycleBase.java:107)
	at org.apache.catalina.startup.Catalina.load(Catalina.java:621)
	at org.apache.catalina.startup.Catalina.load(Catalina.java:644)
	at sun.reflect.NativeMethodAccessorImpl.invoke0(Native Method)
	at sun.reflect.NativeMethodAccessorImpl.invoke(NativeMethodAccessorImpl.java:62)
	at sun.reflect.DelegatingMethodAccessorImpl.invoke(DelegatingMethodAccessorImpl.java:43)
	at java.lang.reflect.Method.invoke(Method.java:498)
	at org.apache.catalina.startup.Bootstrap.load(Bootstrap.java:309)
	at org.apache.catalina.startup.Bootstrap.main(Bootstrap.java:492)
Caused by: org.apache.catalina.LifecycleException: Protocol handler initialization failed
	at org.apache.catalina.connector.Connector.initInternal(Connector.java:995)
	at org.apache.catalina.util.LifecycleBase.init(LifecycleBase.java:107)
	... 12 more
Caused by: java.net.BindException: Address already in use: bind
	at sun.nio.ch.Net.bind0(Native Method)
	at sun.nio.ch.Net.bind(Net.java:433)
	at sun.nio.ch.Net.bind(Net.java:425)
	at sun.nio.ch.ServerSocketChannelImpl.bind(ServerSocketChannelImpl.java:223)
	at sun.nio.ch.ServerSocketAdaptor.bind(ServerSocketAdaptor.java:74)
	at org.apache.tomcat.util.net.NioEndpoint.bind(NioEndpoint.java:210)
	at org.apache.tomcat.util.net.AbstractEndpoint.init(AbstractEndpoint.java:1082)
	at org.apache.tomcat.util.net.AbstractJsseEndpoint.init(AbstractJsseEndpoint.java:267)
	at org.apache.coyote.AbstractProtocol.init(AbstractProtocol.java:581)
	at org.apache.catalina.connector.Connector.initInternal(Connector.java:993)
	... 13 more

11-Apr-2024 18:26:19.861 INFO [main] org.apache.catalina.startup.Catalina.load Initialization processed in 324 ms
11-Apr-2024 18:26:19.871 INFO [main] org.apache.catalina.core.StandardService.startInternal Starting service [Catalina]
11-Apr-2024 18:26:19.871 INFO [main] org.apache.catalina.core.StandardEngine.startInternal Starting Servlet Engine: Apache Tomcat/8.5.24
11-Apr-2024 18:26:19.881 INFO [localhost-startStop-1] org.apache.catalina.startup.HostConfig.deployDirectory Deploying web application directory [D:\JavaSQL\Java8\apache-tomcat-8.5.24\webapps\docs]
11-Apr-2024 18:26:20.041 INFO [localhost-startStop-1] org.apache.jasper.servlet.TldScanner.scanJars At least one JAR was scanned for TLDs yet contained no TLDs. Enable debug logging for this logger for a complete list of JARs that were scanned but no TLDs were found in them. Skipping unneeded JARs during scanning can improve startup time and JSP compilation time.
11-Apr-2024 18:26:25.121 WARNING [localhost-startStop-1] org.apache.catalina.util.SessionIdGeneratorBase.createSecureRandom Creation of SecureRandom instance for session ID generation using [SHA1PRNG] took [5,041] milliseconds.
11-Apr-2024 18:26:25.136 INFO [localhost-startStop-1] org.apache.catalina.startup.HostConfig.deployDirectory Deployment of web application directory [D:\JavaSQL\Java8\apache-tomcat-8.5.24\webapps\docs] has finished in [5,255] ms
11-Apr-2024 18:26:25.137 INFO [localhost-startStop-1] org.apache.catalina.startup.HostConfig.deployDirectory Deploying web application directory [D:\JavaSQL\Java8\apache-tomcat-8.5.24\webapps\examples]
11-Apr-2024 18:26:25.326 INFO [localhost-startStop-1] org.apache.jasper.servlet.TldScanner.scanJars At least one JAR was scanned for TLDs yet contained no TLDs. Enable debug logging for this logger for a complete list of JARs that were scanned but no TLDs were found in them. Skipping unneeded JARs during scanning can improve startup time and JSP compilation time.
11-Apr-2024 18:26:25.356 INFO [localhost-startStop-1] org.apache.catalina.startup.HostConfig.deployDirectory Deployment of web application directory [D:\JavaSQL\Java8\apache-tomcat-8.5.24\webapps\examples] has finished in [219] ms
11-Apr-2024 18:26:25.356 INFO [localhost-startStop-1] org.apache.catalina.startup.HostConfig.deployDirectory Deploying web application directory [D:\JavaSQL\Java8\apache-tomcat-8.5.24\webapps\host-manager]
11-Apr-2024 18:26:25.376 INFO [localhost-startStop-1] org.apache.jasper.servlet.TldScanner.scanJars At least one JAR was scanned for TLDs yet contained no TLDs. Enable debug logging for this logger for a complete list of JARs that were scanned but no TLDs were found in them. Skipping unneeded JARs during scanning can improve startup time and JSP compilation time.
11-Apr-2024 18:26:25.387 INFO [localhost-startStop-1] org.apache.catalina.startup.HostConfig.deployDirectory Deployment of web application directory [D:\JavaSQL\Java8\apache-tomcat-8.5.24\webapps\host-manager] has finished in [20] ms
11-Apr-2024 18:26:25.387 INFO [localhost-startStop-1] org.apache.catalina.startup.HostConfig.deployDirectory Deploying web application directory [D:\JavaSQL\Java8\apache-tomcat-8.5.24\webapps\ROOT]
11-Apr-2024 18:26:25.404 INFO [localhost-startStop-1] org.apache.jasper.servlet.TldScanner.scanJars At least one JAR was scanned for TLDs yet contained no TLDs. Enable debug logging for this logger for a complete list of JARs that were scanned but no TLDs were found in them. Skipping unneeded JARs during scanning can improve startup time and JSP compilation time.
11-Apr-2024 18:26:25.404 INFO [localhost-startStop-1] org.apache.catalina.startup.HostConfig.deployDirectory Deployment of web application directory [D:\JavaSQL\Java8\apache-tomcat-8.5.24\webapps\ROOT] has finished in [17] ms
11-Apr-2024 18:26:25.404 INFO [localhost-startStop-1] org.apache.catalina.startup.HostConfig.deployDirectory Deploying web application directory [D:\JavaSQL\Java8\apache-tomcat-8.5.24\webapps\SQLServer]
11-Apr-2024 18:26:25.420 INFO [localhost-startStop-1] org.apache.jasper.servlet.TldScanner.scanJars At least one JAR was scanned for TLDs yet contained no TLDs. Enable debug logging for this logger for a complete list of JARs that were scanned but no TLDs were found in them. Skipping unneeded JARs during scanning can improve startup time and JSP compilation time.
11-Apr-2024 18:26:25.430 INFO [localhost-startStop-1] org.apache.catalina.startup.HostConfig.deployDirectory Deployment of web application directory [D:\JavaSQL\Java8\apache-tomcat-8.5.24\webapps\SQLServer] has finished in [26] ms
11-Apr-2024 18:26:25.430 INFO [localhost-startStop-1] org.apache.catalina.startup.HostConfig.deployDirectory Deploying web application directory [D:\JavaSQL\Java8\apache-tomcat-8.5.24\webapps\Servlet1]
11-Apr-2024 18:26:25.457 INFO [localhost-startStop-1] org.apache.jasper.servlet.TldScanner.scanJars At least one JAR was scanned for TLDs yet contained no TLDs. Enable debug logging for this logger for a complete list of JARs that were scanned but no TLDs were found in them. Skipping unneeded JARs during scanning can improve startup time and JSP compilation time.
11-Apr-2024 18:26:25.457 INFO [localhost-startStop-1] org.apache.catalina.startup.HostConfig.deployDirectory Deployment of web application directory [D:\JavaSQL\Java8\apache-tomcat-8.5.24\webapps\Servlet1] has finished in [27] ms
11-Apr-2024 18:26:25.457 INFO [localhost-startStop-1] org.apache.catalina.startup.HostConfig.deployDirectory Deploying web application directory [D:\JavaSQL\Java8\apache-tomcat-8.5.24\webapps\Servlet2]
11-Apr-2024 18:26:25.480 INFO [localhost-startStop-1] org.apache.jasper.servlet.TldScanner.scanJars At least one JAR was scanned for TLDs yet contained no TLDs. Enable debug logging for this logger for a complete list of JARs that were scanned but no TLDs were found in them. Skipping unneeded JARs during scanning can improve startup time and JSP compilation time.
11-Apr-2024 18:26:25.488 INFO [localhost-startStop-1] org.apache.catalina.startup.HostConfig.deployDirectory Deployment of web application directory [D:\JavaSQL\Java8\apache-tomcat-8.5.24\webapps\Servlet2] has finished in [31] ms
11-Apr-2024 18:26:25.489 INFO [localhost-startStop-1] org.apache.catalina.startup.HostConfig.deployDirectory Deploying web application directory [D:\JavaSQL\Java8\apache-tomcat-8.5.24\webapps\Servlet3]
11-Apr-2024 18:26:25.517 INFO [localhost-startStop-1] org.apache.jasper.servlet.TldScanner.scanJars At least one JAR was scanned for TLDs yet contained no TLDs. Enable debug logging for this logger for a complete list of JARs that were scanned but no TLDs were found in them. Skipping unneeded JARs during scanning can improve startup time and JSP compilation time.
11-Apr-2024 18:26:25.517 INFO [localhost-startStop-1] org.apache.catalina.startup.HostConfig.deployDirectory Deployment of web application directory [D:\JavaSQL\Java8\apache-tomcat-8.5.24\webapps\Servlet3] has finished in [28] ms
11-Apr-2024 18:26:25.517 INFO [localhost-startStop-1] org.apache.catalina.startup.HostConfig.deployDirectory Deploying web application directory [D:\JavaSQL\Java8\apache-tomcat-8.5.24\webapps\Servlet4]
11-Apr-2024 18:26:25.537 INFO [localhost-startStop-1] org.apache.jasper.servlet.TldScanner.scanJars At least one JAR was scanned for TLDs yet contained no TLDs. Enable debug logging for this logger for a complete list of JARs that were scanned but no TLDs were found in them. Skipping unneeded JARs during scanning can improve startup time and JSP compilation time.
11-Apr-2024 18:26:25.537 INFO [localhost-startStop-1] org.apache.catalina.startup.HostConfig.deployDirectory Deployment of web application directory [D:\JavaSQL\Java8\apache-tomcat-8.5.24\webapps\Servlet4] has finished in [20] ms
11-Apr-2024 18:26:25.537 INFO [localhost-startStop-1] org.apache.catalina.startup.HostConfig.deployDirectory Deploying web application directory [D:\JavaSQL\Java8\apache-tomcat-8.5.24\webapps\Pract8]
11-Apr-2024 18:26:25.558 INFO [localhost-startStop-1] org.apache.jasper.servlet.TldScanner.scanJars At least one JAR was scanned for TLDs yet contained no TLDs. Enable debug logging for this logger for a complete list of JARs that were scanned but no TLDs were found in them. Skipping unneeded JARs during scanning can improve startup time and JSP compilation time.
11-Apr-2024 18:26:25.558 INFO [localhost-startStop-1] org.apache.catalina.startup.HostConfig.deployDirectory Deployment of web application directory [D:\JavaSQL\Java8\apache-tomcat-8.5.24\webapps\Pract8] has finished in [21] ms
11-Apr-2024 18:26:25.558 INFO [localhost-startStop-1] org.apache.catalina.startup.HostConfig.deployDirectory Deploying web application directory [D:\JavaSQL\Java8\apache-tomcat-8.5.24\webapps\Entrega]
11-Apr-2024 18:26:25.587 INFO [localhost-startStop-1] org.apache.jasper.servlet.TldScanner.scanJars At least one JAR was scanned for TLDs yet contained no TLDs. Enable debug logging for this logger for a complete list of JARs that were scanned but no TLDs were found in them. Skipping unneeded JARs during scanning can improve startup time and JSP compilation time.
11-Apr-2024 18:26:25.587 INFO [localhost-startStop-1] org.apache.catalina.startup.HostConfig.deployDirectory Deployment of web application directory [D:\JavaSQL\Java8\apache-tomcat-8.5.24\webapps\Entrega] has finished in [29] ms
11-Apr-2024 18:26:25.587 INFO [localhost-startStop-1] org.apache.catalina.startup.HostConfig.deployDirectory Deploying web application directory [D:\JavaSQL\Java8\apache-tomcat-8.5.24\webapps\matrices8]
11-Apr-2024 18:26:25.608 INFO [localhost-startStop-1] org.apache.jasper.servlet.TldScanner.scanJars At least one JAR was scanned for TLDs yet contained no TLDs. Enable debug logging for this logger for a complete list of JARs that were scanned but no TLDs were found in them. Skipping unneeded JARs during scanning can improve startup time and JSP compilation time.
11-Apr-2024 18:26:25.608 INFO [localhost-startStop-1] org.apache.catalina.startup.HostConfig.deployDirectory Deployment of web application directory [D:\JavaSQL\Java8\apache-tomcat-8.5.24\webapps\matrices8] has finished in [21] ms
11-Apr-2024 18:26:25.608 INFO [localhost-startStop-1] org.apache.catalina.startup.HostConfig.deployDirectory Deploying web application directory [D:\JavaSQL\Java8\apache-tomcat-8.5.24\webapps\TD_E18]
11-Apr-2024 18:26:25.637 INFO [localhost-startStop-1] org.apache.jasper.servlet.TldScanner.scanJars At least one JAR was scanned for TLDs yet contained no TLDs. Enable debug logging for this logger for a complete list of JARs that were scanned but no TLDs were found in them. Skipping unneeded JARs during scanning can improve startup time and JSP compilation time.
11-Apr-2024 18:26:25.637 INFO [localhost-startStop-1] org.apache.catalina.startup.HostConfig.deployDirectory Deployment of web application directory [D:\JavaSQL\Java8\apache-tomcat-8.5.24\webapps\TD_E18] has finished in [29] ms
11-Apr-2024 18:26:25.637 INFO [localhost-startStop-1] org.apache.catalina.startup.HostConfig.deployDirectory Deploying web application directory [D:\JavaSQL\Java8\apache-tomcat-8.5.24\webapps\TB15]
11-Apr-2024 18:26:25.658 INFO [localhost-startStop-1] org.apache.jasper.servlet.TldScanner.scanJars At least one JAR was scanned for TLDs yet contained no TLDs. Enable debug logging for this logger for a complete list of JARs that were scanned but no TLDs were found in them. Skipping unneeded JARs during scanning can improve startup time and JSP compilation time.
11-Apr-2024 18:26:25.668 INFO [localhost-startStop-1] org.apache.catalina.startup.HostConfig.deployDirectory Deployment of web application directory [D:\JavaSQL\Java8\apache-tomcat-8.5.24\webapps\TB15] has finished in [31] ms
11-Apr-2024 18:26:25.668 INFO [localhost-startStop-1] org.apache.catalina.startup.HostConfig.deployDirectory Deploying web application directory [D:\JavaSQL\Java8\apache-tomcat-8.5.24\webapps\S2]
11-Apr-2024 18:26:25.687 INFO [localhost-startStop-1] org.apache.jasper.servlet.TldScanner.scanJars At least one JAR was scanned for TLDs yet contained no TLDs. Enable debug logging for this logger for a complete list of JARs that were scanned but no TLDs were found in them. Skipping unneeded JARs during scanning can improve startup time and JSP compilation time.
11-Apr-2024 18:26:25.687 INFO [localhost-startStop-1] org.apache.catalina.startup.HostConfig.deployDirectory Deployment of web application directory [D:\JavaSQL\Java8\apache-tomcat-8.5.24\webapps\S2] has finished in [19] ms
11-Apr-2024 18:26:25.687 INFO [localhost-startStop-1] org.apache.catalina.startup.HostConfig.deployDirectory Deploying web application directory [D:\JavaSQL\Java8\apache-tomcat-8.5.24\webapps\mock1]
11-Apr-2024 18:26:25.707 INFO [localhost-startStop-1] org.apache.jasper.servlet.TldScanner.scanJars At least one JAR was scanned for TLDs yet contained no TLDs. Enable debug logging for this logger for a complete list of JARs that were scanned but no TLDs were found in them. Skipping unneeded JARs during scanning can improve startup time and JSP compilation time.
11-Apr-2024 18:26:25.707 INFO [localhost-startStop-1] org.apache.catalina.startup.HostConfig.deployDirectory Deployment of web application directory [D:\JavaSQL\Java8\apache-tomcat-8.5.24\webapps\mock1] has finished in [20] ms
11-Apr-2024 18:26:25.707 INFO [localhost-startStop-1] org.apache.catalina.startup.HostConfig.deployDirectory Deploying web application directory [D:\JavaSQL\Java8\apache-tomcat-8.5.24\webapps\mock2]
11-Apr-2024 18:26:25.731 INFO [localhost-startStop-1] org.apache.jasper.servlet.TldScanner.scanJars At least one JAR was scanned for TLDs yet contained no TLDs. Enable debug logging for this logger for a complete list of JARs that were scanned but no TLDs were found in them. Skipping unneeded JARs during scanning can improve startup time and JSP compilation time.
11-Apr-2024 18:26:25.731 INFO [localhost-startStop-1] org.apache.catalina.startup.HostConfig.deployDirectory Deployment of web application directory [D:\JavaSQL\Java8\apache-tomcat-8.5.24\webapps\mock2] has finished in [24] ms
11-Apr-2024 18:26:25.731 INFO [localhost-startStop-1] org.apache.catalina.startup.HostConfig.deployDirectory Deploying web application directory [D:\JavaSQL\Java8\apache-tomcat-8.5.24\webapps\PEB2024]
11-Apr-2024 18:26:25.771 INFO [localhost-startStop-1] org.apache.jasper.servlet.TldScanner.scanJars At least one JAR was scanned for TLDs yet contained no TLDs. Enable debug logging for this logger for a complete list of JARs that were scanned but no TLDs were found in them. Skipping unneeded JARs during scanning can improve startup time and JSP compilation time.
11-Apr-2024 18:26:25.772 INFO [localhost-startStop-1] org.apache.catalina.startup.HostConfig.deployDirectory Deployment of web application directory [D:\JavaSQL\Java8\apache-tomcat-8.5.24\webapps\PEB2024] has finished in [41] ms
11-Apr-2024 18:26:25.772 INFO [main] org.apache.catalina.startup.Catalina.start Server startup in 5914 ms
11-Apr-2024 18:26:25.783 SEVERE [main] org.apache.catalina.core.StandardServer.await StandardServer.await: create[localhost:8005]: 
 java.net.BindException: Address already in use: JVM_Bind
	at java.net.DualStackPlainSocketImpl.bind0(Native Method)
	at java.net.DualStackPlainSocketImpl.socketBind(DualStackPlainSocketImpl.java:106)
	at java.net.AbstractPlainSocketImpl.bind(AbstractPlainSocketImpl.java:387)
	at java.net.PlainSocketImpl.bind(PlainSocketImpl.java:190)
	at java.net.ServerSocket.bind(ServerSocket.java:375)
	at java.net.ServerSocket.<init>(ServerSocket.java:237)
	at org.apache.catalina.core.StandardServer.await(StandardServer.java:440)
	at org.apache.catalina.startup.Catalina.await(Catalina.java:758)
	at org.apache.catalina.startup.Catalina.start(Catalina.java:704)
	at sun.reflect.NativeMethodAccessorImpl.invoke0(Native Method)
	at sun.reflect.NativeMethodAccessorImpl.invoke(NativeMethodAccessorImpl.java:62)
	at sun.reflect.DelegatingMethodAccessorImpl.invoke(DelegatingMethodAccessorImpl.java:43)
	at java.lang.reflect.Method.invoke(Method.java:498)
	at org.apache.catalina.startup.Bootstrap.start(Bootstrap.java:353)
	at org.apache.catalina.startup.Bootstrap.main(Bootstrap.java:493)

11-Apr-2024 18:26:25.783 INFO [main] org.apache.coyote.AbstractProtocol.pause Pausing ProtocolHandler ["http-nio-8082"]
11-Apr-2024 18:26:25.783 INFO [main] org.apache.coyote.AbstractProtocol.pause Pausing ProtocolHandler ["ajp-nio-8009"]
11-Apr-2024 18:26:25.783 INFO [main] org.apache.catalina.core.StandardService.stopInternal Stopping service [Catalina]
11-Apr-2024 18:26:25.854 WARNING [localhost-startStop-1] org.apache.catalina.loader.WebappClassLoaderBase.clearReferencesThreads The web application [docs] appears to have started a thread named [SeedGenerator Thread] but has failed to stop it. This is very likely to create a memory leak. Stack trace of thread:
 sun.security.provider.SeedGenerator$ThreadedSeedGenerator.run(SeedGenerator.java:362)
 java.lang.Thread.run(Thread.java:748)
11-Apr-2024 18:26:25.854 WARNING [localhost-startStop-1] org.apache.catalina.loader.WebappClassLoaderBase.clearReferencesThreads The web application [docs] appears to have started a thread named [SeedGenerator Thread] but has failed to stop it. This is very likely to create a memory leak. Stack trace of thread:
 java.lang.Thread.sleep(Native Method)
 sun.security.provider.SeedGenerator$ThreadedSeedGenerator$BogusThread.run(SeedGenerator.java:475)
 java.lang.Thread.run(Thread.java:748)
11-Apr-2024 18:26:25.881 INFO [main] org.apache.coyote.AbstractProtocol.stop Stopping ProtocolHandler ["http-nio-8082"]
11-Apr-2024 18:26:25.881 INFO [main] org.apache.coyote.AbstractProtocol.destroy Destroying ProtocolHandler ["http-nio-8082"]
11-Apr-2024 18:26:25.881 INFO [main] org.apache.coyote.AbstractProtocol.stop Stopping ProtocolHandler ["ajp-nio-8009"]
11-Apr-2024 18:26:25.881 INFO [main] org.apache.coyote.AbstractProtocol.destroy Destroying ProtocolHandler ["ajp-nio-8009"]
11-Apr-2024 18:27:04.893 INFO [main] org.apache.catalina.core.StandardServer.await A valid shutdown command was received via the shutdown port. Stopping the Server instance.
11-Apr-2024 18:27:04.893 INFO [main] org.apache.coyote.AbstractProtocol.pause Pausing ProtocolHandler ["http-nio-8082"]
11-Apr-2024 18:27:05.103 INFO [main] org.apache.coyote.AbstractProtocol.pause Pausing ProtocolHandler ["ajp-nio-8009"]
11-Apr-2024 18:27:05.243 INFO [main] org.apache.catalina.core.StandardService.stopInternal Stopping service [Catalina]
11-Apr-2024 18:27:05.293 INFO [main] org.apache.coyote.AbstractProtocol.stop Stopping ProtocolHandler ["http-nio-8082"]
11-Apr-2024 18:27:05.303 INFO [main] org.apache.coyote.AbstractProtocol.stop Stopping ProtocolHandler ["ajp-nio-8009"]
11-Apr-2024 18:27:05.303 INFO [main] org.apache.coyote.AbstractProtocol.destroy Destroying ProtocolHandler ["http-nio-8082"]
11-Apr-2024 18:27:05.303 INFO [main] org.apache.coyote.AbstractProtocol.destroy Destroying ProtocolHandler ["ajp-nio-8009"]
11-Apr-2024 18:27:13.368 INFO [main] org.apache.catalina.startup.VersionLoggerListener.log Server version:        Apache Tomcat/8.5.24
11-Apr-2024 18:27:13.368 INFO [main] org.apache.catalina.startup.VersionLoggerListener.log Server built:          Nov 27 2017 13:05:30 UTC
11-Apr-2024 18:27:13.368 INFO [main] org.apache.catalina.startup.VersionLoggerListener.log Server number:         8.5.24.0
11-Apr-2024 18:27:13.368 INFO [main] org.apache.catalina.startup.VersionLoggerListener.log OS Name:               Windows 10
11-Apr-2024 18:27:13.368 INFO [main] org.apache.catalina.startup.VersionLoggerListener.log OS Version:            10.0
11-Apr-2024 18:27:13.368 INFO [main] org.apache.catalina.startup.VersionLoggerListener.log Architecture:          x86
11-Apr-2024 18:27:13.368 INFO [main] org.apache.catalina.startup.VersionLoggerListener.log Java Home:             D:\JavaSQL\Java8\jdk1.8.0_131\jre
11-Apr-2024 18:27:13.368 INFO [main] org.apache.catalina.startup.VersionLoggerListener.log JVM Version:           1.8.0_131-b11
11-Apr-2024 18:27:13.368 INFO [main] org.apache.catalina.startup.VersionLoggerListener.log JVM Vendor:            Oracle Corporation
11-Apr-2024 18:27:13.368 INFO [main] org.apache.catalina.startup.VersionLoggerListener.log CATALINA_BASE:         D:\JavaSQL\Java8\apache-tomcat-8.5.24
11-Apr-2024 18:27:13.368 INFO [main] org.apache.catalina.startup.VersionLoggerListener.log CATALINA_HOME:         D:\JavaSQL\Java8\apache-tomcat-8.5.24
11-Apr-2024 18:27:13.368 INFO [main] org.apache.catalina.startup.VersionLoggerListener.log Command line argument: -Djava.util.logging.config.file=D:\JavaSQL\Java8\apache-tomcat-8.5.24\conf\logging.properties
11-Apr-2024 18:27:13.368 INFO [main] org.apache.catalina.startup.VersionLoggerListener.log Command line argument: -Djava.util.logging.manager=org.apache.juli.ClassLoaderLogManager
11-Apr-2024 18:27:13.368 INFO [main] org.apache.catalina.startup.VersionLoggerListener.log Command line argument: -Djdk.tls.ephemeralDHKeySize=2048
11-Apr-2024 18:27:13.368 INFO [main] org.apache.catalina.startup.VersionLoggerListener.log Command line argument: -Djava.protocol.handler.pkgs=org.apache.catalina.webresources
11-Apr-2024 18:27:13.368 INFO [main] org.apache.catalina.startup.VersionLoggerListener.log Command line argument: -Dignore.endorsed.dirs=
11-Apr-2024 18:27:13.368 INFO [main] org.apache.catalina.startup.VersionLoggerListener.log Command line argument: -Dcatalina.base=D:\JavaSQL\Java8\apache-tomcat-8.5.24
11-Apr-2024 18:27:13.368 INFO [main] org.apache.catalina.startup.VersionLoggerListener.log Command line argument: -Dcatalina.home=D:\JavaSQL\Java8\apache-tomcat-8.5.24
11-Apr-2024 18:27:13.368 INFO [main] org.apache.catalina.startup.VersionLoggerListener.log Command line argument: -Djava.io.tmpdir=D:\JavaSQL\Java8\apache-tomcat-8.5.24\temp
11-Apr-2024 18:27:13.368 INFO [main] org.apache.catalina.core.AprLifecycleListener.lifecycleEvent The APR based Apache Tomcat Native library which allows optimal performance in production environments was not found on the java.library.path: [D:\JavaSQL\Java8\jdk1.8.0_131\bin;C:\WINDOWS\Sun\Java\bin;C:\WINDOWS\system32;C:\WINDOWS;D:\JavaSQL\Java8\jdk1.8.0_131\bin;D:\JavaSQL\Java8\jdk1.8.0_131\db\bin;D:\JavaSQL\Java8\squirrelsql-4.0.0-standard;D:\JavaSQL\Java8\apache-tomcat-8.5.24\bin;C:\Program Files\IBM\ILOG\CPLEX_Studio1210\opl\bin\x64_win64;C:\Program Files\IBM\ILOG\CPLEX_Studio1210\opl\oplide\;C:\Program Files\IBM\ILOG\CPLEX_Studio1210\cplex\bin\x64_win64;C:\Program Files\IBM\ILOG\CPLEX_Studio1210\cpoptimizer\bin\x64_win64;C:\Programs\gurobi1001\win64\bin;C:\Program Files (x86)\NVIDIA Corporation\PhysX\Common;C:\Program Files (x86)\VMware\VMware Player\bin\;C:\Program Files\Eclipse Foundation\jdk-16.0.2.7-hotspot\bin;C:\Program Files\Python38\Scripts\;C:\Program Files\Python38\;C:\WINDOWS\system32;C:\WINDOWS;C:\WINDOWS\System32\Wbem;C:\WINDOWS\System32\WindowsPowerShell\v1.0\;C:\WINDOWS\System32\OpenSSH\;C:\Program Files\dotnet\;C:\Program Files\Microsoft SQL Server\130\Tools\Binn\;C:\Program Files (x86)\dotnet\;C:\Program Files\MATLAB\R2023a\runtime\win64;C:\Program Files\MATLAB\R2023a\bin;C:\Program Files\MATLAB\R2019a\bin;C:\Program Files (x86)\National Instruments\Shared\LabVIEW CLI;C:\Program Files (x86)\IVI Foundation\IVI\bin;C:\Program Files\IVI Foundation\IVI\bin;C:\Program Files (x86)\IVI Foundation\VISA\WinNT\Bin\;C:\Program Files\IVI Foundation\VISA\Win64\Bin\;C:\Program Files (x86)\IVI Foundation\VISA\WinNT\Bin;C:\Program Files\Microsoft SQL Server\Client SDK\ODBC\110\Tools\Binn\;C:\Program Files (x86)\Microsoft SQL Server\120\Tools\Binn\;C:\Program Files\Microsoft SQL Server\120\Tools\Binn\;C:\Program Files\Microsoft SQL Server\120\DTS\Binn\;C:\Program Files (x86)\Windows Kits\8.1\Windows Performance Toolkit\;C:\Program Files\Git\cmd;C:\Program Files\PuTTY\;C:\Program Files\Microsoft VS Code\bin;C:\Program Files\MiKTeX\miktex\bin\x64\;C:\Users\aerrigochan\AppData\Local\Microsoft\WindowsApps;;.]
11-Apr-2024 18:27:13.448 INFO [main] org.apache.coyote.AbstractProtocol.init Initializing ProtocolHandler ["http-nio-8082"]
11-Apr-2024 18:27:18.518 INFO [main] org.apache.tomcat.util.net.NioSelectorPool.getSharedSelector Using a shared selector for servlet write/read
11-Apr-2024 18:27:18.528 INFO [main] org.apache.coyote.AbstractProtocol.init Initializing ProtocolHandler ["ajp-nio-8009"]
11-Apr-2024 18:27:18.528 INFO [main] org.apache.tomcat.util.net.NioSelectorPool.getSharedSelector Using a shared selector for servlet write/read
11-Apr-2024 18:27:18.528 INFO [main] org.apache.catalina.startup.Catalina.load Initialization processed in 5389 ms
11-Apr-2024 18:27:18.548 INFO [main] org.apache.catalina.core.StandardService.startInternal Starting service [Catalina]
11-Apr-2024 18:27:18.548 INFO [main] org.apache.catalina.core.StandardEngine.startInternal Starting Servlet Engine: Apache Tomcat/8.5.24
11-Apr-2024 18:27:18.558 INFO [localhost-startStop-1] org.apache.catalina.startup.HostConfig.deployDirectory Deploying web application directory [D:\JavaSQL\Java8\apache-tomcat-8.5.24\webapps\docs]
11-Apr-2024 18:27:18.738 INFO [localhost-startStop-1] org.apache.jasper.servlet.TldScanner.scanJars At least one JAR was scanned for TLDs yet contained no TLDs. Enable debug logging for this logger for a complete list of JARs that were scanned but no TLDs were found in them. Skipping unneeded JARs during scanning can improve startup time and JSP compilation time.
11-Apr-2024 18:27:18.778 INFO [localhost-startStop-1] org.apache.catalina.startup.HostConfig.deployDirectory Deployment of web application directory [D:\JavaSQL\Java8\apache-tomcat-8.5.24\webapps\docs] has finished in [220] ms
11-Apr-2024 18:27:18.778 INFO [localhost-startStop-1] org.apache.catalina.startup.HostConfig.deployDirectory Deploying web application directory [D:\JavaSQL\Java8\apache-tomcat-8.5.24\webapps\examples]
11-Apr-2024 18:27:18.958 INFO [localhost-startStop-1] org.apache.jasper.servlet.TldScanner.scanJars At least one JAR was scanned for TLDs yet contained no TLDs. Enable debug logging for this logger for a complete list of JARs that were scanned but no TLDs were found in them. Skipping unneeded JARs during scanning can improve startup time and JSP compilation time.
11-Apr-2024 18:27:18.988 INFO [localhost-startStop-1] org.apache.catalina.startup.HostConfig.deployDirectory Deployment of web application directory [D:\JavaSQL\Java8\apache-tomcat-8.5.24\webapps\examples] has finished in [210] ms
11-Apr-2024 18:27:18.988 INFO [localhost-startStop-1] org.apache.catalina.startup.HostConfig.deployDirectory Deploying web application directory [D:\JavaSQL\Java8\apache-tomcat-8.5.24\webapps\host-manager]
11-Apr-2024 18:27:19.028 INFO [localhost-startStop-1] org.apache.jasper.servlet.TldScanner.scanJars At least one JAR was scanned for TLDs yet contained no TLDs. Enable debug logging for this logger for a complete list of JARs that were scanned but no TLDs were found in them. Skipping unneeded JARs during scanning can improve startup time and JSP compilation time.
11-Apr-2024 18:27:19.028 INFO [localhost-startStop-1] org.apache.catalina.startup.HostConfig.deployDirectory Deployment of web application directory [D:\JavaSQL\Java8\apache-tomcat-8.5.24\webapps\host-manager] has finished in [40] ms
11-Apr-2024 18:27:19.028 INFO [localhost-startStop-1] org.apache.catalina.startup.HostConfig.deployDirectory Deploying web application directory [D:\JavaSQL\Java8\apache-tomcat-8.5.24\webapps\ROOT]
11-Apr-2024 18:27:19.038 INFO [localhost-startStop-1] org.apache.jasper.servlet.TldScanner.scanJars At least one JAR was scanned for TLDs yet contained no TLDs. Enable debug logging for this logger for a complete list of JARs that were scanned but no TLDs were found in them. Skipping unneeded JARs during scanning can improve startup time and JSP compilation time.
11-Apr-2024 18:27:19.048 INFO [localhost-startStop-1] org.apache.catalina.startup.HostConfig.deployDirectory Deployment of web application directory [D:\JavaSQL\Java8\apache-tomcat-8.5.24\webapps\ROOT] has finished in [20] ms
11-Apr-2024 18:27:19.048 INFO [localhost-startStop-1] org.apache.catalina.startup.HostConfig.deployDirectory Deploying web application directory [D:\JavaSQL\Java8\apache-tomcat-8.5.24\webapps\SQLServer]
11-Apr-2024 18:27:19.068 INFO [localhost-startStop-1] org.apache.jasper.servlet.TldScanner.scanJars At least one JAR was scanned for TLDs yet contained no TLDs. Enable debug logging for this logger for a complete list of JARs that were scanned but no TLDs were found in them. Skipping unneeded JARs during scanning can improve startup time and JSP compilation time.
11-Apr-2024 18:27:19.068 INFO [localhost-startStop-1] org.apache.catalina.startup.HostConfig.deployDirectory Deployment of web application directory [D:\JavaSQL\Java8\apache-tomcat-8.5.24\webapps\SQLServer] has finished in [20] ms
11-Apr-2024 18:27:19.068 INFO [localhost-startStop-1] org.apache.catalina.startup.HostConfig.deployDirectory Deploying web application directory [D:\JavaSQL\Java8\apache-tomcat-8.5.24\webapps\Servlet1]
11-Apr-2024 18:27:19.088 INFO [localhost-startStop-1] org.apache.jasper.servlet.TldScanner.scanJars At least one JAR was scanned for TLDs yet contained no TLDs. Enable debug logging for this logger for a complete list of JARs that were scanned but no TLDs were found in them. Skipping unneeded JARs during scanning can improve startup time and JSP compilation time.
11-Apr-2024 18:27:19.088 INFO [localhost-startStop-1] org.apache.catalina.startup.HostConfig.deployDirectory Deployment of web application directory [D:\JavaSQL\Java8\apache-tomcat-8.5.24\webapps\Servlet1] has finished in [20] ms
11-Apr-2024 18:27:19.088 INFO [localhost-startStop-1] org.apache.catalina.startup.HostConfig.deployDirectory Deploying web application directory [D:\JavaSQL\Java8\apache-tomcat-8.5.24\webapps\Servlet2]
11-Apr-2024 18:27:19.108 INFO [localhost-startStop-1] org.apache.jasper.servlet.TldScanner.scanJars At least one JAR was scanned for TLDs yet contained no TLDs. Enable debug logging for this logger for a complete list of JARs that were scanned but no TLDs were found in them. Skipping unneeded JARs during scanning can improve startup time and JSP compilation time.
11-Apr-2024 18:27:19.108 INFO [localhost-startStop-1] org.apache.catalina.startup.HostConfig.deployDirectory Deployment of web application directory [D:\JavaSQL\Java8\apache-tomcat-8.5.24\webapps\Servlet2] has finished in [20] ms
11-Apr-2024 18:27:19.108 INFO [localhost-startStop-1] org.apache.catalina.startup.HostConfig.deployDirectory Deploying web application directory [D:\JavaSQL\Java8\apache-tomcat-8.5.24\webapps\Servlet3]
11-Apr-2024 18:27:19.128 INFO [localhost-startStop-1] org.apache.jasper.servlet.TldScanner.scanJars At least one JAR was scanned for TLDs yet contained no TLDs. Enable debug logging for this logger for a complete list of JARs that were scanned but no TLDs were found in them. Skipping unneeded JARs during scanning can improve startup time and JSP compilation time.
11-Apr-2024 18:27:19.128 INFO [localhost-startStop-1] org.apache.catalina.startup.HostConfig.deployDirectory Deployment of web application directory [D:\JavaSQL\Java8\apache-tomcat-8.5.24\webapps\Servlet3] has finished in [20] ms
11-Apr-2024 18:27:19.128 INFO [localhost-startStop-1] org.apache.catalina.startup.HostConfig.deployDirectory Deploying web application directory [D:\JavaSQL\Java8\apache-tomcat-8.5.24\webapps\Servlet4]
11-Apr-2024 18:27:19.148 INFO [localhost-startStop-1] org.apache.jasper.servlet.TldScanner.scanJars At least one JAR was scanned for TLDs yet contained no TLDs. Enable debug logging for this logger for a complete list of JARs that were scanned but no TLDs were found in them. Skipping unneeded JARs during scanning can improve startup time and JSP compilation time.
11-Apr-2024 18:27:19.148 INFO [localhost-startStop-1] org.apache.catalina.startup.HostConfig.deployDirectory Deployment of web application directory [D:\JavaSQL\Java8\apache-tomcat-8.5.24\webapps\Servlet4] has finished in [20] ms
11-Apr-2024 18:27:19.148 INFO [localhost-startStop-1] org.apache.catalina.startup.HostConfig.deployDirectory Deploying web application directory [D:\JavaSQL\Java8\apache-tomcat-8.5.24\webapps\Pract8]
11-Apr-2024 18:27:19.168 INFO [localhost-startStop-1] org.apache.jasper.servlet.TldScanner.scanJars At least one JAR was scanned for TLDs yet contained no TLDs. Enable debug logging for this logger for a complete list of JARs that were scanned but no TLDs were found in them. Skipping unneeded JARs during scanning can improve startup time and JSP compilation time.
11-Apr-2024 18:27:19.168 INFO [localhost-startStop-1] org.apache.catalina.startup.HostConfig.deployDirectory Deployment of web application directory [D:\JavaSQL\Java8\apache-tomcat-8.5.24\webapps\Pract8] has finished in [20] ms
11-Apr-2024 18:27:19.168 INFO [localhost-startStop-1] org.apache.catalina.startup.HostConfig.deployDirectory Deploying web application directory [D:\JavaSQL\Java8\apache-tomcat-8.5.24\webapps\Entrega]
11-Apr-2024 18:27:19.198 INFO [localhost-startStop-1] org.apache.jasper.servlet.TldScanner.scanJars At least one JAR was scanned for TLDs yet contained no TLDs. Enable debug logging for this logger for a complete list of JARs that were scanned but no TLDs were found in them. Skipping unneeded JARs during scanning can improve startup time and JSP compilation time.
11-Apr-2024 18:27:19.198 INFO [localhost-startStop-1] org.apache.catalina.startup.HostConfig.deployDirectory Deployment of web application directory [D:\JavaSQL\Java8\apache-tomcat-8.5.24\webapps\Entrega] has finished in [30] ms
11-Apr-2024 18:27:19.198 INFO [localhost-startStop-1] org.apache.catalina.startup.HostConfig.deployDirectory Deploying web application directory [D:\JavaSQL\Java8\apache-tomcat-8.5.24\webapps\matrices8]
11-Apr-2024 18:27:19.218 INFO [localhost-startStop-1] org.apache.jasper.servlet.TldScanner.scanJars At least one JAR was scanned for TLDs yet contained no TLDs. Enable debug logging for this logger for a complete list of JARs that were scanned but no TLDs were found in them. Skipping unneeded JARs during scanning can improve startup time and JSP compilation time.
11-Apr-2024 18:27:19.218 INFO [localhost-startStop-1] org.apache.catalina.startup.HostConfig.deployDirectory Deployment of web application directory [D:\JavaSQL\Java8\apache-tomcat-8.5.24\webapps\matrices8] has finished in [20] ms
11-Apr-2024 18:27:19.218 INFO [localhost-startStop-1] org.apache.catalina.startup.HostConfig.deployDirectory Deploying web application directory [D:\JavaSQL\Java8\apache-tomcat-8.5.24\webapps\TD_E18]
11-Apr-2024 18:27:19.238 INFO [localhost-startStop-1] org.apache.jasper.servlet.TldScanner.scanJars At least one JAR was scanned for TLDs yet contained no TLDs. Enable debug logging for this logger for a complete list of JARs that were scanned but no TLDs were found in them. Skipping unneeded JARs during scanning can improve startup time and JSP compilation time.
11-Apr-2024 18:27:19.248 INFO [localhost-startStop-1] org.apache.catalina.startup.HostConfig.deployDirectory Deployment of web application directory [D:\JavaSQL\Java8\apache-tomcat-8.5.24\webapps\TD_E18] has finished in [30] ms
11-Apr-2024 18:27:19.248 INFO [localhost-startStop-1] org.apache.catalina.startup.HostConfig.deployDirectory Deploying web application directory [D:\JavaSQL\Java8\apache-tomcat-8.5.24\webapps\TB15]
11-Apr-2024 18:27:19.268 INFO [localhost-startStop-1] org.apache.jasper.servlet.TldScanner.scanJars At least one JAR was scanned for TLDs yet contained no TLDs. Enable debug logging for this logger for a complete list of JARs that were scanned but no TLDs were found in them. Skipping unneeded JARs during scanning can improve startup time and JSP compilation time.
11-Apr-2024 18:27:19.268 INFO [localhost-startStop-1] org.apache.catalina.startup.HostConfig.deployDirectory Deployment of web application directory [D:\JavaSQL\Java8\apache-tomcat-8.5.24\webapps\TB15] has finished in [20] ms
11-Apr-2024 18:27:19.268 INFO [localhost-startStop-1] org.apache.catalina.startup.HostConfig.deployDirectory Deploying web application directory [D:\JavaSQL\Java8\apache-tomcat-8.5.24\webapps\S2]
11-Apr-2024 18:27:19.288 INFO [localhost-startStop-1] org.apache.jasper.servlet.TldScanner.scanJars At least one JAR was scanned for TLDs yet contained no TLDs. Enable debug logging for this logger for a complete list of JARs that were scanned but no TLDs were found in them. Skipping unneeded JARs during scanning can improve startup time and JSP compilation time.
11-Apr-2024 18:27:19.288 INFO [localhost-startStop-1] org.apache.catalina.startup.HostConfig.deployDirectory Deployment of web application directory [D:\JavaSQL\Java8\apache-tomcat-8.5.24\webapps\S2] has finished in [20] ms
11-Apr-2024 18:27:19.288 INFO [localhost-startStop-1] org.apache.catalina.startup.HostConfig.deployDirectory Deploying web application directory [D:\JavaSQL\Java8\apache-tomcat-8.5.24\webapps\mock1]
11-Apr-2024 18:27:19.318 INFO [localhost-startStop-1] org.apache.jasper.servlet.TldScanner.scanJars At least one JAR was scanned for TLDs yet contained no TLDs. Enable debug logging for this logger for a complete list of JARs that were scanned but no TLDs were found in them. Skipping unneeded JARs during scanning can improve startup time and JSP compilation time.
11-Apr-2024 18:27:19.318 INFO [localhost-startStop-1] org.apache.catalina.startup.HostConfig.deployDirectory Deployment of web application directory [D:\JavaSQL\Java8\apache-tomcat-8.5.24\webapps\mock1] has finished in [30] ms
11-Apr-2024 18:27:19.318 INFO [localhost-startStop-1] org.apache.catalina.startup.HostConfig.deployDirectory Deploying web application directory [D:\JavaSQL\Java8\apache-tomcat-8.5.24\webapps\mock2]
11-Apr-2024 18:27:19.338 INFO [localhost-startStop-1] org.apache.jasper.servlet.TldScanner.scanJars At least one JAR was scanned for TLDs yet contained no TLDs. Enable debug logging for this logger for a complete list of JARs that were scanned but no TLDs were found in them. Skipping unneeded JARs during scanning can improve startup time and JSP compilation time.
11-Apr-2024 18:27:19.338 INFO [localhost-startStop-1] org.apache.catalina.startup.HostConfig.deployDirectory Deployment of web application directory [D:\JavaSQL\Java8\apache-tomcat-8.5.24\webapps\mock2] has finished in [20] ms
11-Apr-2024 18:27:19.338 INFO [localhost-startStop-1] org.apache.catalina.startup.HostConfig.deployDirectory Deploying web application directory [D:\JavaSQL\Java8\apache-tomcat-8.5.24\webapps\PEB2024]
11-Apr-2024 18:27:19.368 INFO [localhost-startStop-1] org.apache.jasper.servlet.TldScanner.scanJars At least one JAR was scanned for TLDs yet contained no TLDs. Enable debug logging for this logger for a complete list of JARs that were scanned but no TLDs were found in them. Skipping unneeded JARs during scanning can improve startup time and JSP compilation time.
11-Apr-2024 18:27:19.368 INFO [localhost-startStop-1] org.apache.catalina.startup.HostConfig.deployDirectory Deployment of web application directory [D:\JavaSQL\Java8\apache-tomcat-8.5.24\webapps\PEB2024] has finished in [30] ms
11-Apr-2024 18:27:19.378 INFO [main] org.apache.coyote.AbstractProtocol.start Starting ProtocolHandler ["http-nio-8082"]
11-Apr-2024 18:27:19.378 INFO [main] org.apache.coyote.AbstractProtocol.start Starting ProtocolHandler ["ajp-nio-8009"]
11-Apr-2024 18:27:19.388 INFO [main] org.apache.catalina.startup.Catalina.start Server startup in 855 ms
11-Apr-2024 18:29:44.847 INFO [main] org.apache.catalina.core.StandardServer.await A valid shutdown command was received via the shutdown port. Stopping the Server instance.
11-Apr-2024 18:29:44.847 INFO [main] org.apache.coyote.AbstractProtocol.pause Pausing ProtocolHandler ["http-nio-8082"]
11-Apr-2024 18:29:45.037 INFO [main] org.apache.coyote.AbstractProtocol.pause Pausing ProtocolHandler ["ajp-nio-8009"]
11-Apr-2024 18:29:45.177 INFO [main] org.apache.catalina.core.StandardService.stopInternal Stopping service [Catalina]
11-Apr-2024 18:29:45.227 INFO [main] org.apache.coyote.AbstractProtocol.stop Stopping ProtocolHandler ["http-nio-8082"]
11-Apr-2024 18:29:45.237 INFO [main] org.apache.coyote.AbstractProtocol.stop Stopping ProtocolHandler ["ajp-nio-8009"]
11-Apr-2024 18:29:45.237 INFO [main] org.apache.coyote.AbstractProtocol.destroy Destroying ProtocolHandler ["http-nio-8082"]
11-Apr-2024 18:29:45.237 INFO [main] org.apache.coyote.AbstractProtocol.destroy Destroying ProtocolHandler ["ajp-nio-8009"]
11-Apr-2024 18:53:03.317 INFO [main] org.apache.catalina.startup.VersionLoggerListener.log Server version:        Apache Tomcat/8.5.24
11-Apr-2024 18:53:03.317 INFO [main] org.apache.catalina.startup.VersionLoggerListener.log Server built:          Nov 27 2017 13:05:30 UTC
11-Apr-2024 18:53:03.327 INFO [main] org.apache.catalina.startup.VersionLoggerListener.log Server number:         8.5.24.0
11-Apr-2024 18:53:03.327 INFO [main] org.apache.catalina.startup.VersionLoggerListener.log OS Name:               Windows 10
11-Apr-2024 18:53:03.327 INFO [main] org.apache.catalina.startup.VersionLoggerListener.log OS Version:            10.0
11-Apr-2024 18:53:03.327 INFO [main] org.apache.catalina.startup.VersionLoggerListener.log Architecture:          x86
11-Apr-2024 18:53:03.327 INFO [main] org.apache.catalina.startup.VersionLoggerListener.log Java Home:             D:\JavaSQL\Java8\jdk1.8.0_131\jre
11-Apr-2024 18:53:03.327 INFO [main] org.apache.catalina.startup.VersionLoggerListener.log JVM Version:           1.8.0_131-b11
11-Apr-2024 18:53:03.327 INFO [main] org.apache.catalina.startup.VersionLoggerListener.log JVM Vendor:            Oracle Corporation
11-Apr-2024 18:53:03.327 INFO [main] org.apache.catalina.startup.VersionLoggerListener.log CATALINA_BASE:         D:\JavaSQL\Java8\apache-tomcat-8.5.24
11-Apr-2024 18:53:03.327 INFO [main] org.apache.catalina.startup.VersionLoggerListener.log CATALINA_HOME:         D:\JavaSQL\Java8\apache-tomcat-8.5.24
11-Apr-2024 18:53:03.327 INFO [main] org.apache.catalina.startup.VersionLoggerListener.log Command line argument: -Djava.util.logging.config.file=D:\JavaSQL\Java8\apache-tomcat-8.5.24\conf\logging.properties
11-Apr-2024 18:53:03.327 INFO [main] org.apache.catalina.startup.VersionLoggerListener.log Command line argument: -Djava.util.logging.manager=org.apache.juli.ClassLoaderLogManager
11-Apr-2024 18:53:03.327 INFO [main] org.apache.catalina.startup.VersionLoggerListener.log Command line argument: -Djdk.tls.ephemeralDHKeySize=2048
11-Apr-2024 18:53:03.327 INFO [main] org.apache.catalina.startup.VersionLoggerListener.log Command line argument: -Djava.protocol.handler.pkgs=org.apache.catalina.webresources
11-Apr-2024 18:53:03.327 INFO [main] org.apache.catalina.startup.VersionLoggerListener.log Command line argument: -Dignore.endorsed.dirs=
11-Apr-2024 18:53:03.327 INFO [main] org.apache.catalina.startup.VersionLoggerListener.log Command line argument: -Dcatalina.base=D:\JavaSQL\Java8\apache-tomcat-8.5.24
11-Apr-2024 18:53:03.327 INFO [main] org.apache.catalina.startup.VersionLoggerListener.log Command line argument: -Dcatalina.home=D:\JavaSQL\Java8\apache-tomcat-8.5.24
11-Apr-2024 18:53:03.327 INFO [main] org.apache.catalina.startup.VersionLoggerListener.log Command line argument: -Djava.io.tmpdir=D:\JavaSQL\Java8\apache-tomcat-8.5.24\temp
11-Apr-2024 18:53:03.327 INFO [main] org.apache.catalina.core.AprLifecycleListener.lifecycleEvent The APR based Apache Tomcat Native library which allows optimal performance in production environments was not found on the java.library.path: [D:\JavaSQL\Java8\jdk1.8.0_131\bin;C:\WINDOWS\Sun\Java\bin;C:\WINDOWS\system32;C:\WINDOWS;D:\JavaSQL\Java8\jdk1.8.0_131\bin;D:\JavaSQL\Java8\jdk1.8.0_131\db\bin;D:\JavaSQL\Java8\squirrelsql-4.0.0-standard;D:\JavaSQL\Java8\apache-tomcat-8.5.24\bin;C:\Program Files\IBM\ILOG\CPLEX_Studio1210\opl\bin\x64_win64;C:\Program Files\IBM\ILOG\CPLEX_Studio1210\opl\oplide\;C:\Program Files\IBM\ILOG\CPLEX_Studio1210\cplex\bin\x64_win64;C:\Program Files\IBM\ILOG\CPLEX_Studio1210\cpoptimizer\bin\x64_win64;C:\Programs\gurobi1001\win64\bin;C:\Program Files (x86)\NVIDIA Corporation\PhysX\Common;C:\Program Files (x86)\VMware\VMware Player\bin\;C:\Program Files\Eclipse Foundation\jdk-16.0.2.7-hotspot\bin;C:\Program Files\Python38\Scripts\;C:\Program Files\Python38\;C:\WINDOWS\system32;C:\WINDOWS;C:\WINDOWS\System32\Wbem;C:\WINDOWS\System32\WindowsPowerShell\v1.0\;C:\WINDOWS\System32\OpenSSH\;C:\Program Files\dotnet\;C:\Program Files\Microsoft SQL Server\130\Tools\Binn\;C:\Program Files (x86)\dotnet\;C:\Program Files\MATLAB\R2023a\runtime\win64;C:\Program Files\MATLAB\R2023a\bin;C:\Program Files\MATLAB\R2019a\bin;C:\Program Files (x86)\National Instruments\Shared\LabVIEW CLI;C:\Program Files (x86)\IVI Foundation\IVI\bin;C:\Program Files\IVI Foundation\IVI\bin;C:\Program Files (x86)\IVI Foundation\VISA\WinNT\Bin\;C:\Program Files\IVI Foundation\VISA\Win64\Bin\;C:\Program Files (x86)\IVI Foundation\VISA\WinNT\Bin;C:\Program Files\Microsoft SQL Server\Client SDK\ODBC\110\Tools\Binn\;C:\Program Files (x86)\Microsoft SQL Server\120\Tools\Binn\;C:\Program Files\Microsoft SQL Server\120\Tools\Binn\;C:\Program Files\Microsoft SQL Server\120\DTS\Binn\;C:\Program Files (x86)\Windows Kits\8.1\Windows Performance Toolkit\;C:\Program Files\Git\cmd;C:\Program Files\PuTTY\;C:\Program Files\Microsoft VS Code\bin;C:\Program Files\MiKTeX\miktex\bin\x64\;C:\Users\aerrigochan\AppData\Local\Microsoft\WindowsApps;;.]
11-Apr-2024 18:53:03.397 INFO [main] org.apache.coyote.AbstractProtocol.init Initializing ProtocolHandler ["http-nio-8082"]
11-Apr-2024 18:53:08.458 INFO [main] org.apache.tomcat.util.net.NioSelectorPool.getSharedSelector Using a shared selector for servlet write/read
11-Apr-2024 18:53:08.468 INFO [main] org.apache.coyote.AbstractProtocol.init Initializing ProtocolHandler ["ajp-nio-8009"]
11-Apr-2024 18:53:08.468 INFO [main] org.apache.tomcat.util.net.NioSelectorPool.getSharedSelector Using a shared selector for servlet write/read
11-Apr-2024 18:53:08.468 INFO [main] org.apache.catalina.startup.Catalina.load Initialization processed in 5372 ms
11-Apr-2024 18:53:08.488 INFO [main] org.apache.catalina.core.StandardService.startInternal Starting service [Catalina]
11-Apr-2024 18:53:08.488 INFO [main] org.apache.catalina.core.StandardEngine.startInternal Starting Servlet Engine: Apache Tomcat/8.5.24
11-Apr-2024 18:53:08.498 INFO [localhost-startStop-1] org.apache.catalina.startup.HostConfig.deployDirectory Deploying web application directory [D:\JavaSQL\Java8\apache-tomcat-8.5.24\webapps\docs]
11-Apr-2024 18:53:08.698 INFO [localhost-startStop-1] org.apache.jasper.servlet.TldScanner.scanJars At least one JAR was scanned for TLDs yet contained no TLDs. Enable debug logging for this logger for a complete list of JARs that were scanned but no TLDs were found in them. Skipping unneeded JARs during scanning can improve startup time and JSP compilation time.
11-Apr-2024 18:53:08.738 INFO [localhost-startStop-1] org.apache.catalina.startup.HostConfig.deployDirectory Deployment of web application directory [D:\JavaSQL\Java8\apache-tomcat-8.5.24\webapps\docs] has finished in [240] ms
11-Apr-2024 18:53:08.738 INFO [localhost-startStop-1] org.apache.catalina.startup.HostConfig.deployDirectory Deploying web application directory [D:\JavaSQL\Java8\apache-tomcat-8.5.24\webapps\examples]
11-Apr-2024 18:53:08.931 INFO [localhost-startStop-1] org.apache.jasper.servlet.TldScanner.scanJars At least one JAR was scanned for TLDs yet contained no TLDs. Enable debug logging for this logger for a complete list of JARs that were scanned but no TLDs were found in them. Skipping unneeded JARs during scanning can improve startup time and JSP compilation time.
11-Apr-2024 18:53:08.951 INFO [localhost-startStop-1] org.apache.catalina.startup.HostConfig.deployDirectory Deployment of web application directory [D:\JavaSQL\Java8\apache-tomcat-8.5.24\webapps\examples] has finished in [213] ms
11-Apr-2024 18:53:08.951 INFO [localhost-startStop-1] org.apache.catalina.startup.HostConfig.deployDirectory Deploying web application directory [D:\JavaSQL\Java8\apache-tomcat-8.5.24\webapps\host-manager]
11-Apr-2024 18:53:08.991 INFO [localhost-startStop-1] org.apache.jasper.servlet.TldScanner.scanJars At least one JAR was scanned for TLDs yet contained no TLDs. Enable debug logging for this logger for a complete list of JARs that were scanned but no TLDs were found in them. Skipping unneeded JARs during scanning can improve startup time and JSP compilation time.
11-Apr-2024 18:53:08.991 INFO [localhost-startStop-1] org.apache.catalina.startup.HostConfig.deployDirectory Deployment of web application directory [D:\JavaSQL\Java8\apache-tomcat-8.5.24\webapps\host-manager] has finished in [40] ms
11-Apr-2024 18:53:08.991 INFO [localhost-startStop-1] org.apache.catalina.startup.HostConfig.deployDirectory Deploying web application directory [D:\JavaSQL\Java8\apache-tomcat-8.5.24\webapps\ROOT]
11-Apr-2024 18:53:09.001 INFO [localhost-startStop-1] org.apache.jasper.servlet.TldScanner.scanJars At least one JAR was scanned for TLDs yet contained no TLDs. Enable debug logging for this logger for a complete list of JARs that were scanned but no TLDs were found in them. Skipping unneeded JARs during scanning can improve startup time and JSP compilation time.
11-Apr-2024 18:53:09.012 INFO [localhost-startStop-1] org.apache.catalina.startup.HostConfig.deployDirectory Deployment of web application directory [D:\JavaSQL\Java8\apache-tomcat-8.5.24\webapps\ROOT] has finished in [10] ms
11-Apr-2024 18:53:09.012 INFO [localhost-startStop-1] org.apache.catalina.startup.HostConfig.deployDirectory Deploying web application directory [D:\JavaSQL\Java8\apache-tomcat-8.5.24\webapps\SQLServer]
11-Apr-2024 18:53:09.032 INFO [localhost-startStop-1] org.apache.jasper.servlet.TldScanner.scanJars At least one JAR was scanned for TLDs yet contained no TLDs. Enable debug logging for this logger for a complete list of JARs that were scanned but no TLDs were found in them. Skipping unneeded JARs during scanning can improve startup time and JSP compilation time.
11-Apr-2024 18:53:09.032 INFO [localhost-startStop-1] org.apache.catalina.startup.HostConfig.deployDirectory Deployment of web application directory [D:\JavaSQL\Java8\apache-tomcat-8.5.24\webapps\SQLServer] has finished in [20] ms
11-Apr-2024 18:53:09.032 INFO [localhost-startStop-1] org.apache.catalina.startup.HostConfig.deployDirectory Deploying web application directory [D:\JavaSQL\Java8\apache-tomcat-8.5.24\webapps\Servlet1]
11-Apr-2024 18:53:09.052 INFO [localhost-startStop-1] org.apache.jasper.servlet.TldScanner.scanJars At least one JAR was scanned for TLDs yet contained no TLDs. Enable debug logging for this logger for a complete list of JARs that were scanned but no TLDs were found in them. Skipping unneeded JARs during scanning can improve startup time and JSP compilation time.
11-Apr-2024 18:53:09.052 INFO [localhost-startStop-1] org.apache.catalina.startup.HostConfig.deployDirectory Deployment of web application directory [D:\JavaSQL\Java8\apache-tomcat-8.5.24\webapps\Servlet1] has finished in [20] ms
11-Apr-2024 18:53:09.052 INFO [localhost-startStop-1] org.apache.catalina.startup.HostConfig.deployDirectory Deploying web application directory [D:\JavaSQL\Java8\apache-tomcat-8.5.24\webapps\Servlet2]
11-Apr-2024 18:53:09.073 INFO [localhost-startStop-1] org.apache.jasper.servlet.TldScanner.scanJars At least one JAR was scanned for TLDs yet contained no TLDs. Enable debug logging for this logger for a complete list of JARs that were scanned but no TLDs were found in them. Skipping unneeded JARs during scanning can improve startup time and JSP compilation time.
11-Apr-2024 18:53:09.073 INFO [localhost-startStop-1] org.apache.catalina.startup.HostConfig.deployDirectory Deployment of web application directory [D:\JavaSQL\Java8\apache-tomcat-8.5.24\webapps\Servlet2] has finished in [21] ms
11-Apr-2024 18:53:09.073 INFO [localhost-startStop-1] org.apache.catalina.startup.HostConfig.deployDirectory Deploying web application directory [D:\JavaSQL\Java8\apache-tomcat-8.5.24\webapps\Servlet3]
11-Apr-2024 18:53:09.083 INFO [localhost-startStop-1] org.apache.jasper.servlet.TldScanner.scanJars At least one JAR was scanned for TLDs yet contained no TLDs. Enable debug logging for this logger for a complete list of JARs that were scanned but no TLDs were found in them. Skipping unneeded JARs during scanning can improve startup time and JSP compilation time.
11-Apr-2024 18:53:09.093 INFO [localhost-startStop-1] org.apache.catalina.startup.HostConfig.deployDirectory Deployment of web application directory [D:\JavaSQL\Java8\apache-tomcat-8.5.24\webapps\Servlet3] has finished in [20] ms
11-Apr-2024 18:53:09.093 INFO [localhost-startStop-1] org.apache.catalina.startup.HostConfig.deployDirectory Deploying web application directory [D:\JavaSQL\Java8\apache-tomcat-8.5.24\webapps\Servlet4]
11-Apr-2024 18:53:09.103 INFO [localhost-startStop-1] org.apache.jasper.servlet.TldScanner.scanJars At least one JAR was scanned for TLDs yet contained no TLDs. Enable debug logging for this logger for a complete list of JARs that were scanned but no TLDs were found in them. Skipping unneeded JARs during scanning can improve startup time and JSP compilation time.
11-Apr-2024 18:53:09.103 INFO [localhost-startStop-1] org.apache.catalina.startup.HostConfig.deployDirectory Deployment of web application directory [D:\JavaSQL\Java8\apache-tomcat-8.5.24\webapps\Servlet4] has finished in [10] ms
11-Apr-2024 18:53:09.103 INFO [localhost-startStop-1] org.apache.catalina.startup.HostConfig.deployDirectory Deploying web application directory [D:\JavaSQL\Java8\apache-tomcat-8.5.24\webapps\Pract8]
11-Apr-2024 18:53:09.123 INFO [localhost-startStop-1] org.apache.jasper.servlet.TldScanner.scanJars At least one JAR was scanned for TLDs yet contained no TLDs. Enable debug logging for this logger for a complete list of JARs that were scanned but no TLDs were found in them. Skipping unneeded JARs during scanning can improve startup time and JSP compilation time.
11-Apr-2024 18:53:09.123 INFO [localhost-startStop-1] org.apache.catalina.startup.HostConfig.deployDirectory Deployment of web application directory [D:\JavaSQL\Java8\apache-tomcat-8.5.24\webapps\Pract8] has finished in [20] ms
11-Apr-2024 18:53:09.123 INFO [localhost-startStop-1] org.apache.catalina.startup.HostConfig.deployDirectory Deploying web application directory [D:\JavaSQL\Java8\apache-tomcat-8.5.24\webapps\Entrega]
11-Apr-2024 18:53:09.153 INFO [localhost-startStop-1] org.apache.jasper.servlet.TldScanner.scanJars At least one JAR was scanned for TLDs yet contained no TLDs. Enable debug logging for this logger for a complete list of JARs that were scanned but no TLDs were found in them. Skipping unneeded JARs during scanning can improve startup time and JSP compilation time.
11-Apr-2024 18:53:09.153 INFO [localhost-startStop-1] org.apache.catalina.startup.HostConfig.deployDirectory Deployment of web application directory [D:\JavaSQL\Java8\apache-tomcat-8.5.24\webapps\Entrega] has finished in [30] ms
11-Apr-2024 18:53:09.153 INFO [localhost-startStop-1] org.apache.catalina.startup.HostConfig.deployDirectory Deploying web application directory [D:\JavaSQL\Java8\apache-tomcat-8.5.24\webapps\matrices8]
11-Apr-2024 18:53:09.174 INFO [localhost-startStop-1] org.apache.jasper.servlet.TldScanner.scanJars At least one JAR was scanned for TLDs yet contained no TLDs. Enable debug logging for this logger for a complete list of JARs that were scanned but no TLDs were found in them. Skipping unneeded JARs during scanning can improve startup time and JSP compilation time.
11-Apr-2024 18:53:09.174 INFO [localhost-startStop-1] org.apache.catalina.startup.HostConfig.deployDirectory Deployment of web application directory [D:\JavaSQL\Java8\apache-tomcat-8.5.24\webapps\matrices8] has finished in [21] ms
11-Apr-2024 18:53:09.174 INFO [localhost-startStop-1] org.apache.catalina.startup.HostConfig.deployDirectory Deploying web application directory [D:\JavaSQL\Java8\apache-tomcat-8.5.24\webapps\TD_E18]
11-Apr-2024 18:53:09.194 INFO [localhost-startStop-1] org.apache.jasper.servlet.TldScanner.scanJars At least one JAR was scanned for TLDs yet contained no TLDs. Enable debug logging for this logger for a complete list of JARs that were scanned but no TLDs were found in them. Skipping unneeded JARs during scanning can improve startup time and JSP compilation time.
11-Apr-2024 18:53:09.194 INFO [localhost-startStop-1] org.apache.catalina.startup.HostConfig.deployDirectory Deployment of web application directory [D:\JavaSQL\Java8\apache-tomcat-8.5.24\webapps\TD_E18] has finished in [20] ms
11-Apr-2024 18:53:09.194 INFO [localhost-startStop-1] org.apache.catalina.startup.HostConfig.deployDirectory Deploying web application directory [D:\JavaSQL\Java8\apache-tomcat-8.5.24\webapps\TB15]
11-Apr-2024 18:53:09.225 INFO [localhost-startStop-1] org.apache.jasper.servlet.TldScanner.scanJars At least one JAR was scanned for TLDs yet contained no TLDs. Enable debug logging for this logger for a complete list of JARs that were scanned but no TLDs were found in them. Skipping unneeded JARs during scanning can improve startup time and JSP compilation time.
11-Apr-2024 18:53:09.225 INFO [localhost-startStop-1] org.apache.catalina.startup.HostConfig.deployDirectory Deployment of web application directory [D:\JavaSQL\Java8\apache-tomcat-8.5.24\webapps\TB15] has finished in [31] ms
11-Apr-2024 18:53:09.225 INFO [localhost-startStop-1] org.apache.catalina.startup.HostConfig.deployDirectory Deploying web application directory [D:\JavaSQL\Java8\apache-tomcat-8.5.24\webapps\S2]
11-Apr-2024 18:53:09.245 INFO [localhost-startStop-1] org.apache.jasper.servlet.TldScanner.scanJars At least one JAR was scanned for TLDs yet contained no TLDs. Enable debug logging for this logger for a complete list of JARs that were scanned but no TLDs were found in them. Skipping unneeded JARs during scanning can improve startup time and JSP compilation time.
11-Apr-2024 18:53:09.245 INFO [localhost-startStop-1] org.apache.catalina.startup.HostConfig.deployDirectory Deployment of web application directory [D:\JavaSQL\Java8\apache-tomcat-8.5.24\webapps\S2] has finished in [20] ms
11-Apr-2024 18:53:09.245 INFO [localhost-startStop-1] org.apache.catalina.startup.HostConfig.deployDirectory Deploying web application directory [D:\JavaSQL\Java8\apache-tomcat-8.5.24\webapps\mock1]
11-Apr-2024 18:53:09.265 INFO [localhost-startStop-1] org.apache.jasper.servlet.TldScanner.scanJars At least one JAR was scanned for TLDs yet contained no TLDs. Enable debug logging for this logger for a complete list of JARs that were scanned but no TLDs were found in them. Skipping unneeded JARs during scanning can improve startup time and JSP compilation time.
11-Apr-2024 18:53:09.265 INFO [localhost-startStop-1] org.apache.catalina.startup.HostConfig.deployDirectory Deployment of web application directory [D:\JavaSQL\Java8\apache-tomcat-8.5.24\webapps\mock1] has finished in [20] ms
11-Apr-2024 18:53:09.265 INFO [localhost-startStop-1] org.apache.catalina.startup.HostConfig.deployDirectory Deploying web application directory [D:\JavaSQL\Java8\apache-tomcat-8.5.24\webapps\mock2]
11-Apr-2024 18:53:09.286 INFO [localhost-startStop-1] org.apache.jasper.servlet.TldScanner.scanJars At least one JAR was scanned for TLDs yet contained no TLDs. Enable debug logging for this logger for a complete list of JARs that were scanned but no TLDs were found in them. Skipping unneeded JARs during scanning can improve startup time and JSP compilation time.
11-Apr-2024 18:53:09.286 INFO [localhost-startStop-1] org.apache.catalina.startup.HostConfig.deployDirectory Deployment of web application directory [D:\JavaSQL\Java8\apache-tomcat-8.5.24\webapps\mock2] has finished in [21] ms
11-Apr-2024 18:53:09.286 INFO [localhost-startStop-1] org.apache.catalina.startup.HostConfig.deployDirectory Deploying web application directory [D:\JavaSQL\Java8\apache-tomcat-8.5.24\webapps\PEB2024]
11-Apr-2024 18:53:09.346 INFO [localhost-startStop-1] org.apache.jasper.servlet.TldScanner.scanJars At least one JAR was scanned for TLDs yet contained no TLDs. Enable debug logging for this logger for a complete list of JARs that were scanned but no TLDs were found in them. Skipping unneeded JARs during scanning can improve startup time and JSP compilation time.
11-Apr-2024 18:53:09.356 INFO [localhost-startStop-1] org.apache.catalina.startup.HostConfig.deployDirectory Deployment of web application directory [D:\JavaSQL\Java8\apache-tomcat-8.5.24\webapps\PEB2024] has finished in [70] ms
11-Apr-2024 18:53:09.356 INFO [main] org.apache.coyote.AbstractProtocol.start Starting ProtocolHandler ["http-nio-8082"]
11-Apr-2024 18:53:09.367 INFO [main] org.apache.coyote.AbstractProtocol.start Starting ProtocolHandler ["ajp-nio-8009"]
11-Apr-2024 18:53:09.367 INFO [main] org.apache.catalina.startup.Catalina.start Server startup in 897 ms
11-Apr-2024 18:56:52.731 INFO [main] org.apache.catalina.core.StandardServer.await A valid shutdown command was received via the shutdown port. Stopping the Server instance.
11-Apr-2024 18:56:52.731 INFO [main] org.apache.coyote.AbstractProtocol.pause Pausing ProtocolHandler ["http-nio-8082"]
11-Apr-2024 18:56:52.921 INFO [main] org.apache.coyote.AbstractProtocol.pause Pausing ProtocolHandler ["ajp-nio-8009"]
11-Apr-2024 18:56:53.061 INFO [main] org.apache.catalina.core.StandardService.stopInternal Stopping service [Catalina]
11-Apr-2024 18:56:53.111 INFO [main] org.apache.coyote.AbstractProtocol.stop Stopping ProtocolHandler ["http-nio-8082"]
11-Apr-2024 18:56:53.111 INFO [main] org.apache.coyote.AbstractProtocol.stop Stopping ProtocolHandler ["ajp-nio-8009"]
11-Apr-2024 18:56:53.121 INFO [main] org.apache.coyote.AbstractProtocol.destroy Destroying ProtocolHandler ["http-nio-8082"]
11-Apr-2024 18:56:53.131 INFO [main] org.apache.coyote.AbstractProtocol.destroy Destroying ProtocolHandler ["ajp-nio-8009"]
11-Apr-2024 18:57:05.951 INFO [main] org.apache.catalina.startup.VersionLoggerListener.log Server version:        Apache Tomcat/8.5.24
11-Apr-2024 18:57:05.951 INFO [main] org.apache.catalina.startup.VersionLoggerListener.log Server built:          Nov 27 2017 13:05:30 UTC
11-Apr-2024 18:57:05.951 INFO [main] org.apache.catalina.startup.VersionLoggerListener.log Server number:         8.5.24.0
11-Apr-2024 18:57:05.951 INFO [main] org.apache.catalina.startup.VersionLoggerListener.log OS Name:               Windows 10
11-Apr-2024 18:57:05.951 INFO [main] org.apache.catalina.startup.VersionLoggerListener.log OS Version:            10.0
11-Apr-2024 18:57:05.951 INFO [main] org.apache.catalina.startup.VersionLoggerListener.log Architecture:          x86
11-Apr-2024 18:57:05.951 INFO [main] org.apache.catalina.startup.VersionLoggerListener.log Java Home:             D:\JavaSQL\Java8\jdk1.8.0_131\jre
11-Apr-2024 18:57:05.951 INFO [main] org.apache.catalina.startup.VersionLoggerListener.log JVM Version:           1.8.0_131-b11
11-Apr-2024 18:57:05.951 INFO [main] org.apache.catalina.startup.VersionLoggerListener.log JVM Vendor:            Oracle Corporation
11-Apr-2024 18:57:05.951 INFO [main] org.apache.catalina.startup.VersionLoggerListener.log CATALINA_BASE:         D:\JavaSQL\Java8\apache-tomcat-8.5.24
11-Apr-2024 18:57:05.951 INFO [main] org.apache.catalina.startup.VersionLoggerListener.log CATALINA_HOME:         D:\JavaSQL\Java8\apache-tomcat-8.5.24
11-Apr-2024 18:57:05.951 INFO [main] org.apache.catalina.startup.VersionLoggerListener.log Command line argument: -Djava.util.logging.config.file=D:\JavaSQL\Java8\apache-tomcat-8.5.24\conf\logging.properties
11-Apr-2024 18:57:05.951 INFO [main] org.apache.catalina.startup.VersionLoggerListener.log Command line argument: -Djava.util.logging.manager=org.apache.juli.ClassLoaderLogManager
11-Apr-2024 18:57:05.951 INFO [main] org.apache.catalina.startup.VersionLoggerListener.log Command line argument: -Djdk.tls.ephemeralDHKeySize=2048
11-Apr-2024 18:57:05.951 INFO [main] org.apache.catalina.startup.VersionLoggerListener.log Command line argument: -Djava.protocol.handler.pkgs=org.apache.catalina.webresources
11-Apr-2024 18:57:05.951 INFO [main] org.apache.catalina.startup.VersionLoggerListener.log Command line argument: -Dignore.endorsed.dirs=
11-Apr-2024 18:57:05.951 INFO [main] org.apache.catalina.startup.VersionLoggerListener.log Command line argument: -Dcatalina.base=D:\JavaSQL\Java8\apache-tomcat-8.5.24
11-Apr-2024 18:57:05.951 INFO [main] org.apache.catalina.startup.VersionLoggerListener.log Command line argument: -Dcatalina.home=D:\JavaSQL\Java8\apache-tomcat-8.5.24
11-Apr-2024 18:57:05.951 INFO [main] org.apache.catalina.startup.VersionLoggerListener.log Command line argument: -Djava.io.tmpdir=D:\JavaSQL\Java8\apache-tomcat-8.5.24\temp
11-Apr-2024 18:57:05.951 INFO [main] org.apache.catalina.core.AprLifecycleListener.lifecycleEvent The APR based Apache Tomcat Native library which allows optimal performance in production environments was not found on the java.library.path: [D:\JavaSQL\Java8\jdk1.8.0_131\bin;C:\WINDOWS\Sun\Java\bin;C:\WINDOWS\system32;C:\WINDOWS;D:\JavaSQL\Java8\jdk1.8.0_131\bin;D:\JavaSQL\Java8\jdk1.8.0_131\db\bin;D:\JavaSQL\Java8\squirrelsql-4.0.0-standard;D:\JavaSQL\Java8\apache-tomcat-8.5.24\bin;C:\Program Files\IBM\ILOG\CPLEX_Studio1210\opl\bin\x64_win64;C:\Program Files\IBM\ILOG\CPLEX_Studio1210\opl\oplide\;C:\Program Files\IBM\ILOG\CPLEX_Studio1210\cplex\bin\x64_win64;C:\Program Files\IBM\ILOG\CPLEX_Studio1210\cpoptimizer\bin\x64_win64;C:\Programs\gurobi1001\win64\bin;C:\Program Files (x86)\NVIDIA Corporation\PhysX\Common;C:\Program Files (x86)\VMware\VMware Player\bin\;C:\Program Files\Eclipse Foundation\jdk-16.0.2.7-hotspot\bin;C:\Program Files\Python38\Scripts\;C:\Program Files\Python38\;C:\WINDOWS\system32;C:\WINDOWS;C:\WINDOWS\System32\Wbem;C:\WINDOWS\System32\WindowsPowerShell\v1.0\;C:\WINDOWS\System32\OpenSSH\;C:\Program Files\dotnet\;C:\Program Files\Microsoft SQL Server\130\Tools\Binn\;C:\Program Files (x86)\dotnet\;C:\Program Files\MATLAB\R2023a\runtime\win64;C:\Program Files\MATLAB\R2023a\bin;C:\Program Files\MATLAB\R2019a\bin;C:\Program Files (x86)\National Instruments\Shared\LabVIEW CLI;C:\Program Files (x86)\IVI Foundation\IVI\bin;C:\Program Files\IVI Foundation\IVI\bin;C:\Program Files (x86)\IVI Foundation\VISA\WinNT\Bin\;C:\Program Files\IVI Foundation\VISA\Win64\Bin\;C:\Program Files (x86)\IVI Foundation\VISA\WinNT\Bin;C:\Program Files\Microsoft SQL Server\Client SDK\ODBC\110\Tools\Binn\;C:\Program Files (x86)\Microsoft SQL Server\120\Tools\Binn\;C:\Program Files\Microsoft SQL Server\120\Tools\Binn\;C:\Program Files\Microsoft SQL Server\120\DTS\Binn\;C:\Program Files (x86)\Windows Kits\8.1\Windows Performance Toolkit\;C:\Program Files\Git\cmd;C:\Program Files\PuTTY\;C:\Program Files\Microsoft VS Code\bin;C:\Program Files\MiKTeX\miktex\bin\x64\;C:\Users\aerrigochan\AppData\Local\Microsoft\WindowsApps;;.]
11-Apr-2024 18:57:06.031 INFO [main] org.apache.coyote.AbstractProtocol.init Initializing ProtocolHandler ["http-nio-8082"]
11-Apr-2024 18:57:11.111 INFO [main] org.apache.tomcat.util.net.NioSelectorPool.getSharedSelector Using a shared selector for servlet write/read
11-Apr-2024 18:57:11.117 INFO [main] org.apache.coyote.AbstractProtocol.init Initializing ProtocolHandler ["ajp-nio-8009"]
11-Apr-2024 18:57:11.117 INFO [main] org.apache.tomcat.util.net.NioSelectorPool.getSharedSelector Using a shared selector for servlet write/read
11-Apr-2024 18:57:11.117 INFO [main] org.apache.catalina.startup.Catalina.load Initialization processed in 5390 ms
11-Apr-2024 18:57:11.139 INFO [main] org.apache.catalina.core.StandardService.startInternal Starting service [Catalina]
11-Apr-2024 18:57:11.140 INFO [main] org.apache.catalina.core.StandardEngine.startInternal Starting Servlet Engine: Apache Tomcat/8.5.24
11-Apr-2024 18:57:11.146 INFO [localhost-startStop-1] org.apache.catalina.startup.HostConfig.deployDirectory Deploying web application directory [D:\JavaSQL\Java8\apache-tomcat-8.5.24\webapps\docs]
11-Apr-2024 18:57:11.334 INFO [localhost-startStop-1] org.apache.jasper.servlet.TldScanner.scanJars At least one JAR was scanned for TLDs yet contained no TLDs. Enable debug logging for this logger for a complete list of JARs that were scanned but no TLDs were found in them. Skipping unneeded JARs during scanning can improve startup time and JSP compilation time.
11-Apr-2024 18:57:11.369 INFO [localhost-startStop-1] org.apache.catalina.startup.HostConfig.deployDirectory Deployment of web application directory [D:\JavaSQL\Java8\apache-tomcat-8.5.24\webapps\docs] has finished in [223] ms
11-Apr-2024 18:57:11.369 INFO [localhost-startStop-1] org.apache.catalina.startup.HostConfig.deployDirectory Deploying web application directory [D:\JavaSQL\Java8\apache-tomcat-8.5.24\webapps\examples]
11-Apr-2024 18:57:11.559 INFO [localhost-startStop-1] org.apache.jasper.servlet.TldScanner.scanJars At least one JAR was scanned for TLDs yet contained no TLDs. Enable debug logging for this logger for a complete list of JARs that were scanned but no TLDs were found in them. Skipping unneeded JARs during scanning can improve startup time and JSP compilation time.
11-Apr-2024 18:57:11.593 INFO [localhost-startStop-1] org.apache.catalina.startup.HostConfig.deployDirectory Deployment of web application directory [D:\JavaSQL\Java8\apache-tomcat-8.5.24\webapps\examples] has finished in [224] ms
11-Apr-2024 18:57:11.593 INFO [localhost-startStop-1] org.apache.catalina.startup.HostConfig.deployDirectory Deploying web application directory [D:\JavaSQL\Java8\apache-tomcat-8.5.24\webapps\host-manager]
11-Apr-2024 18:57:11.619 INFO [localhost-startStop-1] org.apache.jasper.servlet.TldScanner.scanJars At least one JAR was scanned for TLDs yet contained no TLDs. Enable debug logging for this logger for a complete list of JARs that were scanned but no TLDs were found in them. Skipping unneeded JARs during scanning can improve startup time and JSP compilation time.
11-Apr-2024 18:57:11.629 INFO [localhost-startStop-1] org.apache.catalina.startup.HostConfig.deployDirectory Deployment of web application directory [D:\JavaSQL\Java8\apache-tomcat-8.5.24\webapps\host-manager] has finished in [36] ms
11-Apr-2024 18:57:11.629 INFO [localhost-startStop-1] org.apache.catalina.startup.HostConfig.deployDirectory Deploying web application directory [D:\JavaSQL\Java8\apache-tomcat-8.5.24\webapps\ROOT]
11-Apr-2024 18:57:11.645 INFO [localhost-startStop-1] org.apache.jasper.servlet.TldScanner.scanJars At least one JAR was scanned for TLDs yet contained no TLDs. Enable debug logging for this logger for a complete list of JARs that were scanned but no TLDs were found in them. Skipping unneeded JARs during scanning can improve startup time and JSP compilation time.
11-Apr-2024 18:57:11.647 INFO [localhost-startStop-1] org.apache.catalina.startup.HostConfig.deployDirectory Deployment of web application directory [D:\JavaSQL\Java8\apache-tomcat-8.5.24\webapps\ROOT] has finished in [18] ms
11-Apr-2024 18:57:11.647 INFO [localhost-startStop-1] org.apache.catalina.startup.HostConfig.deployDirectory Deploying web application directory [D:\JavaSQL\Java8\apache-tomcat-8.5.24\webapps\SQLServer]
11-Apr-2024 18:57:11.670 INFO [localhost-startStop-1] org.apache.jasper.servlet.TldScanner.scanJars At least one JAR was scanned for TLDs yet contained no TLDs. Enable debug logging for this logger for a complete list of JARs that were scanned but no TLDs were found in them. Skipping unneeded JARs during scanning can improve startup time and JSP compilation time.
11-Apr-2024 18:57:11.670 INFO [localhost-startStop-1] org.apache.catalina.startup.HostConfig.deployDirectory Deployment of web application directory [D:\JavaSQL\Java8\apache-tomcat-8.5.24\webapps\SQLServer] has finished in [23] ms
11-Apr-2024 18:57:11.670 INFO [localhost-startStop-1] org.apache.catalina.startup.HostConfig.deployDirectory Deploying web application directory [D:\JavaSQL\Java8\apache-tomcat-8.5.24\webapps\Servlet1]
11-Apr-2024 18:57:11.692 INFO [localhost-startStop-1] org.apache.jasper.servlet.TldScanner.scanJars At least one JAR was scanned for TLDs yet contained no TLDs. Enable debug logging for this logger for a complete list of JARs that were scanned but no TLDs were found in them. Skipping unneeded JARs during scanning can improve startup time and JSP compilation time.
11-Apr-2024 18:57:11.692 INFO [localhost-startStop-1] org.apache.catalina.startup.HostConfig.deployDirectory Deployment of web application directory [D:\JavaSQL\Java8\apache-tomcat-8.5.24\webapps\Servlet1] has finished in [22] ms
11-Apr-2024 18:57:11.692 INFO [localhost-startStop-1] org.apache.catalina.startup.HostConfig.deployDirectory Deploying web application directory [D:\JavaSQL\Java8\apache-tomcat-8.5.24\webapps\Servlet2]
11-Apr-2024 18:57:11.714 INFO [localhost-startStop-1] org.apache.jasper.servlet.TldScanner.scanJars At least one JAR was scanned for TLDs yet contained no TLDs. Enable debug logging for this logger for a complete list of JARs that were scanned but no TLDs were found in them. Skipping unneeded JARs during scanning can improve startup time and JSP compilation time.
11-Apr-2024 18:57:11.716 INFO [localhost-startStop-1] org.apache.catalina.startup.HostConfig.deployDirectory Deployment of web application directory [D:\JavaSQL\Java8\apache-tomcat-8.5.24\webapps\Servlet2] has finished in [24] ms
11-Apr-2024 18:57:11.716 INFO [localhost-startStop-1] org.apache.catalina.startup.HostConfig.deployDirectory Deploying web application directory [D:\JavaSQL\Java8\apache-tomcat-8.5.24\webapps\Servlet3]
11-Apr-2024 18:57:11.734 INFO [localhost-startStop-1] org.apache.jasper.servlet.TldScanner.scanJars At least one JAR was scanned for TLDs yet contained no TLDs. Enable debug logging for this logger for a complete list of JARs that were scanned but no TLDs were found in them. Skipping unneeded JARs during scanning can improve startup time and JSP compilation time.
11-Apr-2024 18:57:11.736 INFO [localhost-startStop-1] org.apache.catalina.startup.HostConfig.deployDirectory Deployment of web application directory [D:\JavaSQL\Java8\apache-tomcat-8.5.24\webapps\Servlet3] has finished in [20] ms
11-Apr-2024 18:57:11.736 INFO [localhost-startStop-1] org.apache.catalina.startup.HostConfig.deployDirectory Deploying web application directory [D:\JavaSQL\Java8\apache-tomcat-8.5.24\webapps\Servlet4]
11-Apr-2024 18:57:11.752 INFO [localhost-startStop-1] org.apache.jasper.servlet.TldScanner.scanJars At least one JAR was scanned for TLDs yet contained no TLDs. Enable debug logging for this logger for a complete list of JARs that were scanned but no TLDs were found in them. Skipping unneeded JARs during scanning can improve startup time and JSP compilation time.
11-Apr-2024 18:57:11.754 INFO [localhost-startStop-1] org.apache.catalina.startup.HostConfig.deployDirectory Deployment of web application directory [D:\JavaSQL\Java8\apache-tomcat-8.5.24\webapps\Servlet4] has finished in [18] ms
11-Apr-2024 18:57:11.754 INFO [localhost-startStop-1] org.apache.catalina.startup.HostConfig.deployDirectory Deploying web application directory [D:\JavaSQL\Java8\apache-tomcat-8.5.24\webapps\Pract8]
11-Apr-2024 18:57:11.770 INFO [localhost-startStop-1] org.apache.jasper.servlet.TldScanner.scanJars At least one JAR was scanned for TLDs yet contained no TLDs. Enable debug logging for this logger for a complete list of JARs that were scanned but no TLDs were found in them. Skipping unneeded JARs during scanning can improve startup time and JSP compilation time.
11-Apr-2024 18:57:11.770 INFO [localhost-startStop-1] org.apache.catalina.startup.HostConfig.deployDirectory Deployment of web application directory [D:\JavaSQL\Java8\apache-tomcat-8.5.24\webapps\Pract8] has finished in [16] ms
11-Apr-2024 18:57:11.770 INFO [localhost-startStop-1] org.apache.catalina.startup.HostConfig.deployDirectory Deploying web application directory [D:\JavaSQL\Java8\apache-tomcat-8.5.24\webapps\Entrega]
11-Apr-2024 18:57:11.792 INFO [localhost-startStop-1] org.apache.jasper.servlet.TldScanner.scanJars At least one JAR was scanned for TLDs yet contained no TLDs. Enable debug logging for this logger for a complete list of JARs that were scanned but no TLDs were found in them. Skipping unneeded JARs during scanning can improve startup time and JSP compilation time.
11-Apr-2024 18:57:11.799 INFO [localhost-startStop-1] org.apache.catalina.startup.HostConfig.deployDirectory Deployment of web application directory [D:\JavaSQL\Java8\apache-tomcat-8.5.24\webapps\Entrega] has finished in [29] ms
11-Apr-2024 18:57:11.800 INFO [localhost-startStop-1] org.apache.catalina.startup.HostConfig.deployDirectory Deploying web application directory [D:\JavaSQL\Java8\apache-tomcat-8.5.24\webapps\matrices8]
11-Apr-2024 18:57:11.820 INFO [localhost-startStop-1] org.apache.jasper.servlet.TldScanner.scanJars At least one JAR was scanned for TLDs yet contained no TLDs. Enable debug logging for this logger for a complete list of JARs that were scanned but no TLDs were found in them. Skipping unneeded JARs during scanning can improve startup time and JSP compilation time.
11-Apr-2024 18:57:11.821 INFO [localhost-startStop-1] org.apache.catalina.startup.HostConfig.deployDirectory Deployment of web application directory [D:\JavaSQL\Java8\apache-tomcat-8.5.24\webapps\matrices8] has finished in [21] ms
11-Apr-2024 18:57:11.821 INFO [localhost-startStop-1] org.apache.catalina.startup.HostConfig.deployDirectory Deploying web application directory [D:\JavaSQL\Java8\apache-tomcat-8.5.24\webapps\TD_E18]
11-Apr-2024 18:57:11.842 INFO [localhost-startStop-1] org.apache.jasper.servlet.TldScanner.scanJars At least one JAR was scanned for TLDs yet contained no TLDs. Enable debug logging for this logger for a complete list of JARs that were scanned but no TLDs were found in them. Skipping unneeded JARs during scanning can improve startup time and JSP compilation time.
11-Apr-2024 18:57:11.842 INFO [localhost-startStop-1] org.apache.catalina.startup.HostConfig.deployDirectory Deployment of web application directory [D:\JavaSQL\Java8\apache-tomcat-8.5.24\webapps\TD_E18] has finished in [21] ms
11-Apr-2024 18:57:11.842 INFO [localhost-startStop-1] org.apache.catalina.startup.HostConfig.deployDirectory Deploying web application directory [D:\JavaSQL\Java8\apache-tomcat-8.5.24\webapps\TB15]
11-Apr-2024 18:57:11.873 INFO [localhost-startStop-1] org.apache.jasper.servlet.TldScanner.scanJars At least one JAR was scanned for TLDs yet contained no TLDs. Enable debug logging for this logger for a complete list of JARs that were scanned but no TLDs were found in them. Skipping unneeded JARs during scanning can improve startup time and JSP compilation time.
11-Apr-2024 18:57:11.875 INFO [localhost-startStop-1] org.apache.catalina.startup.HostConfig.deployDirectory Deployment of web application directory [D:\JavaSQL\Java8\apache-tomcat-8.5.24\webapps\TB15] has finished in [33] ms
11-Apr-2024 18:57:11.875 INFO [localhost-startStop-1] org.apache.catalina.startup.HostConfig.deployDirectory Deploying web application directory [D:\JavaSQL\Java8\apache-tomcat-8.5.24\webapps\S2]
11-Apr-2024 18:57:11.893 INFO [localhost-startStop-1] org.apache.jasper.servlet.TldScanner.scanJars At least one JAR was scanned for TLDs yet contained no TLDs. Enable debug logging for this logger for a complete list of JARs that were scanned but no TLDs were found in them. Skipping unneeded JARs during scanning can improve startup time and JSP compilation time.
11-Apr-2024 18:57:11.894 INFO [localhost-startStop-1] org.apache.catalina.startup.HostConfig.deployDirectory Deployment of web application directory [D:\JavaSQL\Java8\apache-tomcat-8.5.24\webapps\S2] has finished in [19] ms
11-Apr-2024 18:57:11.895 INFO [localhost-startStop-1] org.apache.catalina.startup.HostConfig.deployDirectory Deploying web application directory [D:\JavaSQL\Java8\apache-tomcat-8.5.24\webapps\mock1]
11-Apr-2024 18:57:11.908 INFO [localhost-startStop-1] org.apache.jasper.servlet.TldScanner.scanJars At least one JAR was scanned for TLDs yet contained no TLDs. Enable debug logging for this logger for a complete list of JARs that were scanned but no TLDs were found in them. Skipping unneeded JARs during scanning can improve startup time and JSP compilation time.
11-Apr-2024 18:57:11.916 INFO [localhost-startStop-1] org.apache.catalina.startup.HostConfig.deployDirectory Deployment of web application directory [D:\JavaSQL\Java8\apache-tomcat-8.5.24\webapps\mock1] has finished in [21] ms
11-Apr-2024 18:57:11.916 INFO [localhost-startStop-1] org.apache.catalina.startup.HostConfig.deployDirectory Deploying web application directory [D:\JavaSQL\Java8\apache-tomcat-8.5.24\webapps\mock2]
11-Apr-2024 18:57:11.937 INFO [localhost-startStop-1] org.apache.jasper.servlet.TldScanner.scanJars At least one JAR was scanned for TLDs yet contained no TLDs. Enable debug logging for this logger for a complete list of JARs that were scanned but no TLDs were found in them. Skipping unneeded JARs during scanning can improve startup time and JSP compilation time.
11-Apr-2024 18:57:11.939 INFO [localhost-startStop-1] org.apache.catalina.startup.HostConfig.deployDirectory Deployment of web application directory [D:\JavaSQL\Java8\apache-tomcat-8.5.24\webapps\mock2] has finished in [23] ms
11-Apr-2024 18:57:11.939 INFO [localhost-startStop-1] org.apache.catalina.startup.HostConfig.deployDirectory Deploying web application directory [D:\JavaSQL\Java8\apache-tomcat-8.5.24\webapps\PEB2024]
11-Apr-2024 18:57:11.982 INFO [localhost-startStop-1] org.apache.jasper.servlet.TldScanner.scanJars At least one JAR was scanned for TLDs yet contained no TLDs. Enable debug logging for this logger for a complete list of JARs that were scanned but no TLDs were found in them. Skipping unneeded JARs during scanning can improve startup time and JSP compilation time.
11-Apr-2024 18:57:11.982 INFO [localhost-startStop-1] org.apache.catalina.startup.HostConfig.deployDirectory Deployment of web application directory [D:\JavaSQL\Java8\apache-tomcat-8.5.24\webapps\PEB2024] has finished in [43] ms
11-Apr-2024 18:57:11.992 INFO [main] org.apache.coyote.AbstractProtocol.start Starting ProtocolHandler ["http-nio-8082"]
11-Apr-2024 18:57:12.003 INFO [main] org.apache.coyote.AbstractProtocol.start Starting ProtocolHandler ["ajp-nio-8009"]
11-Apr-2024 18:57:12.006 INFO [main] org.apache.catalina.startup.Catalina.start Server startup in 885 ms
11-Apr-2024 19:00:27.401 INFO [main] org.apache.catalina.core.StandardServer.await A valid shutdown command was received via the shutdown port. Stopping the Server instance.
11-Apr-2024 19:00:27.411 INFO [main] org.apache.coyote.AbstractProtocol.pause Pausing ProtocolHandler ["http-nio-8082"]
11-Apr-2024 19:00:27.612 INFO [main] org.apache.coyote.AbstractProtocol.pause Pausing ProtocolHandler ["ajp-nio-8009"]
11-Apr-2024 19:00:27.751 INFO [main] org.apache.catalina.core.StandardService.stopInternal Stopping service [Catalina]
11-Apr-2024 19:00:27.801 INFO [main] org.apache.coyote.AbstractProtocol.stop Stopping ProtocolHandler ["http-nio-8082"]
11-Apr-2024 19:00:27.801 INFO [main] org.apache.coyote.AbstractProtocol.stop Stopping ProtocolHandler ["ajp-nio-8009"]
11-Apr-2024 19:00:27.812 INFO [main] org.apache.coyote.AbstractProtocol.destroy Destroying ProtocolHandler ["http-nio-8082"]
11-Apr-2024 19:00:27.812 INFO [main] org.apache.coyote.AbstractProtocol.destroy Destroying ProtocolHandler ["ajp-nio-8009"]
11-Apr-2024 19:00:32.407 INFO [main] org.apache.catalina.startup.VersionLoggerListener.log Server version:        Apache Tomcat/8.5.24
11-Apr-2024 19:00:32.417 INFO [main] org.apache.catalina.startup.VersionLoggerListener.log Server built:          Nov 27 2017 13:05:30 UTC
11-Apr-2024 19:00:32.417 INFO [main] org.apache.catalina.startup.VersionLoggerListener.log Server number:         8.5.24.0
11-Apr-2024 19:00:32.417 INFO [main] org.apache.catalina.startup.VersionLoggerListener.log OS Name:               Windows 10
11-Apr-2024 19:00:32.417 INFO [main] org.apache.catalina.startup.VersionLoggerListener.log OS Version:            10.0
11-Apr-2024 19:00:32.417 INFO [main] org.apache.catalina.startup.VersionLoggerListener.log Architecture:          x86
11-Apr-2024 19:00:32.417 INFO [main] org.apache.catalina.startup.VersionLoggerListener.log Java Home:             D:\JavaSQL\Java8\jdk1.8.0_131\jre
11-Apr-2024 19:00:32.417 INFO [main] org.apache.catalina.startup.VersionLoggerListener.log JVM Version:           1.8.0_131-b11
11-Apr-2024 19:00:32.417 INFO [main] org.apache.catalina.startup.VersionLoggerListener.log JVM Vendor:            Oracle Corporation
11-Apr-2024 19:00:32.417 INFO [main] org.apache.catalina.startup.VersionLoggerListener.log CATALINA_BASE:         D:\JavaSQL\Java8\apache-tomcat-8.5.24
11-Apr-2024 19:00:32.417 INFO [main] org.apache.catalina.startup.VersionLoggerListener.log CATALINA_HOME:         D:\JavaSQL\Java8\apache-tomcat-8.5.24
11-Apr-2024 19:00:32.417 INFO [main] org.apache.catalina.startup.VersionLoggerListener.log Command line argument: -Djava.util.logging.config.file=D:\JavaSQL\Java8\apache-tomcat-8.5.24\conf\logging.properties
11-Apr-2024 19:00:32.417 INFO [main] org.apache.catalina.startup.VersionLoggerListener.log Command line argument: -Djava.util.logging.manager=org.apache.juli.ClassLoaderLogManager
11-Apr-2024 19:00:32.417 INFO [main] org.apache.catalina.startup.VersionLoggerListener.log Command line argument: -Djdk.tls.ephemeralDHKeySize=2048
11-Apr-2024 19:00:32.417 INFO [main] org.apache.catalina.startup.VersionLoggerListener.log Command line argument: -Djava.protocol.handler.pkgs=org.apache.catalina.webresources
11-Apr-2024 19:00:32.417 INFO [main] org.apache.catalina.startup.VersionLoggerListener.log Command line argument: -Dignore.endorsed.dirs=
11-Apr-2024 19:00:32.417 INFO [main] org.apache.catalina.startup.VersionLoggerListener.log Command line argument: -Dcatalina.base=D:\JavaSQL\Java8\apache-tomcat-8.5.24
11-Apr-2024 19:00:32.417 INFO [main] org.apache.catalina.startup.VersionLoggerListener.log Command line argument: -Dcatalina.home=D:\JavaSQL\Java8\apache-tomcat-8.5.24
11-Apr-2024 19:00:32.417 INFO [main] org.apache.catalina.startup.VersionLoggerListener.log Command line argument: -Djava.io.tmpdir=D:\JavaSQL\Java8\apache-tomcat-8.5.24\temp
11-Apr-2024 19:00:32.417 INFO [main] org.apache.catalina.core.AprLifecycleListener.lifecycleEvent The APR based Apache Tomcat Native library which allows optimal performance in production environments was not found on the java.library.path: [D:\JavaSQL\Java8\jdk1.8.0_131\bin;C:\WINDOWS\Sun\Java\bin;C:\WINDOWS\system32;C:\WINDOWS;D:\JavaSQL\Java8\jdk1.8.0_131\bin;D:\JavaSQL\Java8\jdk1.8.0_131\db\bin;D:\JavaSQL\Java8\squirrelsql-4.0.0-standard;D:\JavaSQL\Java8\apache-tomcat-8.5.24\bin;C:\Program Files\IBM\ILOG\CPLEX_Studio1210\opl\bin\x64_win64;C:\Program Files\IBM\ILOG\CPLEX_Studio1210\opl\oplide\;C:\Program Files\IBM\ILOG\CPLEX_Studio1210\cplex\bin\x64_win64;C:\Program Files\IBM\ILOG\CPLEX_Studio1210\cpoptimizer\bin\x64_win64;C:\Programs\gurobi1001\win64\bin;C:\Program Files (x86)\NVIDIA Corporation\PhysX\Common;C:\Program Files (x86)\VMware\VMware Player\bin\;C:\Program Files\Eclipse Foundation\jdk-16.0.2.7-hotspot\bin;C:\Program Files\Python38\Scripts\;C:\Program Files\Python38\;C:\WINDOWS\system32;C:\WINDOWS;C:\WINDOWS\System32\Wbem;C:\WINDOWS\System32\WindowsPowerShell\v1.0\;C:\WINDOWS\System32\OpenSSH\;C:\Program Files\dotnet\;C:\Program Files\Microsoft SQL Server\130\Tools\Binn\;C:\Program Files (x86)\dotnet\;C:\Program Files\MATLAB\R2023a\runtime\win64;C:\Program Files\MATLAB\R2023a\bin;C:\Program Files\MATLAB\R2019a\bin;C:\Program Files (x86)\National Instruments\Shared\LabVIEW CLI;C:\Program Files (x86)\IVI Foundation\IVI\bin;C:\Program Files\IVI Foundation\IVI\bin;C:\Program Files (x86)\IVI Foundation\VISA\WinNT\Bin\;C:\Program Files\IVI Foundation\VISA\Win64\Bin\;C:\Program Files (x86)\IVI Foundation\VISA\WinNT\Bin;C:\Program Files\Microsoft SQL Server\Client SDK\ODBC\110\Tools\Binn\;C:\Program Files (x86)\Microsoft SQL Server\120\Tools\Binn\;C:\Program Files\Microsoft SQL Server\120\Tools\Binn\;C:\Program Files\Microsoft SQL Server\120\DTS\Binn\;C:\Program Files (x86)\Windows Kits\8.1\Windows Performance Toolkit\;C:\Program Files\Git\cmd;C:\Program Files\PuTTY\;C:\Program Files\Microsoft VS Code\bin;C:\Program Files\MiKTeX\miktex\bin\x64\;C:\Users\aerrigochan\AppData\Local\Microsoft\WindowsApps;;.]
11-Apr-2024 19:00:32.497 INFO [main] org.apache.coyote.AbstractProtocol.init Initializing ProtocolHandler ["http-nio-8082"]
11-Apr-2024 19:00:37.557 INFO [main] org.apache.tomcat.util.net.NioSelectorPool.getSharedSelector Using a shared selector for servlet write/read
11-Apr-2024 19:00:37.562 INFO [main] org.apache.coyote.AbstractProtocol.init Initializing ProtocolHandler ["ajp-nio-8009"]
11-Apr-2024 19:00:37.563 INFO [main] org.apache.tomcat.util.net.NioSelectorPool.getSharedSelector Using a shared selector for servlet write/read
11-Apr-2024 19:00:37.564 INFO [main] org.apache.catalina.startup.Catalina.load Initialization processed in 5374 ms
11-Apr-2024 19:00:37.582 INFO [main] org.apache.catalina.core.StandardService.startInternal Starting service [Catalina]
11-Apr-2024 19:00:37.582 INFO [main] org.apache.catalina.core.StandardEngine.startInternal Starting Servlet Engine: Apache Tomcat/8.5.24
11-Apr-2024 19:00:37.582 INFO [localhost-startStop-1] org.apache.catalina.startup.HostConfig.deployDirectory Deploying web application directory [D:\JavaSQL\Java8\apache-tomcat-8.5.24\webapps\docs]
11-Apr-2024 19:00:37.783 INFO [localhost-startStop-1] org.apache.jasper.servlet.TldScanner.scanJars At least one JAR was scanned for TLDs yet contained no TLDs. Enable debug logging for this logger for a complete list of JARs that were scanned but no TLDs were found in them. Skipping unneeded JARs during scanning can improve startup time and JSP compilation time.
11-Apr-2024 19:00:37.821 INFO [localhost-startStop-1] org.apache.catalina.startup.HostConfig.deployDirectory Deployment of web application directory [D:\JavaSQL\Java8\apache-tomcat-8.5.24\webapps\docs] has finished in [239] ms
11-Apr-2024 19:00:37.821 INFO [localhost-startStop-1] org.apache.catalina.startup.HostConfig.deployDirectory Deploying web application directory [D:\JavaSQL\Java8\apache-tomcat-8.5.24\webapps\examples]
11-Apr-2024 19:00:38.019 INFO [localhost-startStop-1] org.apache.jasper.servlet.TldScanner.scanJars At least one JAR was scanned for TLDs yet contained no TLDs. Enable debug logging for this logger for a complete list of JARs that were scanned but no TLDs were found in them. Skipping unneeded JARs during scanning can improve startup time and JSP compilation time.
11-Apr-2024 19:00:38.051 INFO [localhost-startStop-1] org.apache.catalina.startup.HostConfig.deployDirectory Deployment of web application directory [D:\JavaSQL\Java8\apache-tomcat-8.5.24\webapps\examples] has finished in [230] ms
11-Apr-2024 19:00:38.052 INFO [localhost-startStop-1] org.apache.catalina.startup.HostConfig.deployDirectory Deploying web application directory [D:\JavaSQL\Java8\apache-tomcat-8.5.24\webapps\host-manager]
11-Apr-2024 19:00:38.088 INFO [localhost-startStop-1] org.apache.jasper.servlet.TldScanner.scanJars At least one JAR was scanned for TLDs yet contained no TLDs. Enable debug logging for this logger for a complete list of JARs that were scanned but no TLDs were found in them. Skipping unneeded JARs during scanning can improve startup time and JSP compilation time.
11-Apr-2024 19:00:38.090 INFO [localhost-startStop-1] org.apache.catalina.startup.HostConfig.deployDirectory Deployment of web application directory [D:\JavaSQL\Java8\apache-tomcat-8.5.24\webapps\host-manager] has finished in [38] ms
11-Apr-2024 19:00:38.090 INFO [localhost-startStop-1] org.apache.catalina.startup.HostConfig.deployDirectory Deploying web application directory [D:\JavaSQL\Java8\apache-tomcat-8.5.24\webapps\ROOT]
11-Apr-2024 19:00:38.105 INFO [localhost-startStop-1] org.apache.jasper.servlet.TldScanner.scanJars At least one JAR was scanned for TLDs yet contained no TLDs. Enable debug logging for this logger for a complete list of JARs that were scanned but no TLDs were found in them. Skipping unneeded JARs during scanning can improve startup time and JSP compilation time.
11-Apr-2024 19:00:38.105 INFO [localhost-startStop-1] org.apache.catalina.startup.HostConfig.deployDirectory Deployment of web application directory [D:\JavaSQL\Java8\apache-tomcat-8.5.24\webapps\ROOT] has finished in [15] ms
11-Apr-2024 19:00:38.105 INFO [localhost-startStop-1] org.apache.catalina.startup.HostConfig.deployDirectory Deploying web application directory [D:\JavaSQL\Java8\apache-tomcat-8.5.24\webapps\SQLServer]
11-Apr-2024 19:00:38.129 INFO [localhost-startStop-1] org.apache.jasper.servlet.TldScanner.scanJars At least one JAR was scanned for TLDs yet contained no TLDs. Enable debug logging for this logger for a complete list of JARs that were scanned but no TLDs were found in them. Skipping unneeded JARs during scanning can improve startup time and JSP compilation time.
11-Apr-2024 19:00:38.132 INFO [localhost-startStop-1] org.apache.catalina.startup.HostConfig.deployDirectory Deployment of web application directory [D:\JavaSQL\Java8\apache-tomcat-8.5.24\webapps\SQLServer] has finished in [27] ms
11-Apr-2024 19:00:38.133 INFO [localhost-startStop-1] org.apache.catalina.startup.HostConfig.deployDirectory Deploying web application directory [D:\JavaSQL\Java8\apache-tomcat-8.5.24\webapps\Servlet1]
11-Apr-2024 19:00:38.150 INFO [localhost-startStop-1] org.apache.jasper.servlet.TldScanner.scanJars At least one JAR was scanned for TLDs yet contained no TLDs. Enable debug logging for this logger for a complete list of JARs that were scanned but no TLDs were found in them. Skipping unneeded JARs during scanning can improve startup time and JSP compilation time.
11-Apr-2024 19:00:38.152 INFO [localhost-startStop-1] org.apache.catalina.startup.HostConfig.deployDirectory Deployment of web application directory [D:\JavaSQL\Java8\apache-tomcat-8.5.24\webapps\Servlet1] has finished in [19] ms
11-Apr-2024 19:00:38.152 INFO [localhost-startStop-1] org.apache.catalina.startup.HostConfig.deployDirectory Deploying web application directory [D:\JavaSQL\Java8\apache-tomcat-8.5.24\webapps\Servlet2]
11-Apr-2024 19:00:38.171 INFO [localhost-startStop-1] org.apache.jasper.servlet.TldScanner.scanJars At least one JAR was scanned for TLDs yet contained no TLDs. Enable debug logging for this logger for a complete list of JARs that were scanned but no TLDs were found in them. Skipping unneeded JARs during scanning can improve startup time and JSP compilation time.
11-Apr-2024 19:00:38.171 INFO [localhost-startStop-1] org.apache.catalina.startup.HostConfig.deployDirectory Deployment of web application directory [D:\JavaSQL\Java8\apache-tomcat-8.5.24\webapps\Servlet2] has finished in [19] ms
11-Apr-2024 19:00:38.171 INFO [localhost-startStop-1] org.apache.catalina.startup.HostConfig.deployDirectory Deploying web application directory [D:\JavaSQL\Java8\apache-tomcat-8.5.24\webapps\Servlet3]
11-Apr-2024 19:00:38.191 INFO [localhost-startStop-1] org.apache.jasper.servlet.TldScanner.scanJars At least one JAR was scanned for TLDs yet contained no TLDs. Enable debug logging for this logger for a complete list of JARs that were scanned but no TLDs were found in them. Skipping unneeded JARs during scanning can improve startup time and JSP compilation time.
11-Apr-2024 19:00:38.191 INFO [localhost-startStop-1] org.apache.catalina.startup.HostConfig.deployDirectory Deployment of web application directory [D:\JavaSQL\Java8\apache-tomcat-8.5.24\webapps\Servlet3] has finished in [20] ms
11-Apr-2024 19:00:38.191 INFO [localhost-startStop-1] org.apache.catalina.startup.HostConfig.deployDirectory Deploying web application directory [D:\JavaSQL\Java8\apache-tomcat-8.5.24\webapps\Servlet4]
11-Apr-2024 19:00:38.212 INFO [localhost-startStop-1] org.apache.jasper.servlet.TldScanner.scanJars At least one JAR was scanned for TLDs yet contained no TLDs. Enable debug logging for this logger for a complete list of JARs that were scanned but no TLDs were found in them. Skipping unneeded JARs during scanning can improve startup time and JSP compilation time.
11-Apr-2024 19:00:38.212 INFO [localhost-startStop-1] org.apache.catalina.startup.HostConfig.deployDirectory Deployment of web application directory [D:\JavaSQL\Java8\apache-tomcat-8.5.24\webapps\Servlet4] has finished in [21] ms
11-Apr-2024 19:00:38.212 INFO [localhost-startStop-1] org.apache.catalina.startup.HostConfig.deployDirectory Deploying web application directory [D:\JavaSQL\Java8\apache-tomcat-8.5.24\webapps\Pract8]
11-Apr-2024 19:00:38.234 INFO [localhost-startStop-1] org.apache.jasper.servlet.TldScanner.scanJars At least one JAR was scanned for TLDs yet contained no TLDs. Enable debug logging for this logger for a complete list of JARs that were scanned but no TLDs were found in them. Skipping unneeded JARs during scanning can improve startup time and JSP compilation time.
11-Apr-2024 19:00:38.236 INFO [localhost-startStop-1] org.apache.catalina.startup.HostConfig.deployDirectory Deployment of web application directory [D:\JavaSQL\Java8\apache-tomcat-8.5.24\webapps\Pract8] has finished in [24] ms
11-Apr-2024 19:00:38.236 INFO [localhost-startStop-1] org.apache.catalina.startup.HostConfig.deployDirectory Deploying web application directory [D:\JavaSQL\Java8\apache-tomcat-8.5.24\webapps\Entrega]
11-Apr-2024 19:00:38.255 INFO [localhost-startStop-1] org.apache.jasper.servlet.TldScanner.scanJars At least one JAR was scanned for TLDs yet contained no TLDs. Enable debug logging for this logger for a complete list of JARs that were scanned but no TLDs were found in them. Skipping unneeded JARs during scanning can improve startup time and JSP compilation time.
11-Apr-2024 19:00:38.263 INFO [localhost-startStop-1] org.apache.catalina.startup.HostConfig.deployDirectory Deployment of web application directory [D:\JavaSQL\Java8\apache-tomcat-8.5.24\webapps\Entrega] has finished in [27] ms
11-Apr-2024 19:00:38.263 INFO [localhost-startStop-1] org.apache.catalina.startup.HostConfig.deployDirectory Deploying web application directory [D:\JavaSQL\Java8\apache-tomcat-8.5.24\webapps\matrices8]
11-Apr-2024 19:00:38.279 INFO [localhost-startStop-1] org.apache.jasper.servlet.TldScanner.scanJars At least one JAR was scanned for TLDs yet contained no TLDs. Enable debug logging for this logger for a complete list of JARs that were scanned but no TLDs were found in them. Skipping unneeded JARs during scanning can improve startup time and JSP compilation time.
11-Apr-2024 19:00:38.279 INFO [localhost-startStop-1] org.apache.catalina.startup.HostConfig.deployDirectory Deployment of web application directory [D:\JavaSQL\Java8\apache-tomcat-8.5.24\webapps\matrices8] has finished in [16] ms
11-Apr-2024 19:00:38.279 INFO [localhost-startStop-1] org.apache.catalina.startup.HostConfig.deployDirectory Deploying web application directory [D:\JavaSQL\Java8\apache-tomcat-8.5.24\webapps\TD_E18]
11-Apr-2024 19:00:38.312 INFO [localhost-startStop-1] org.apache.jasper.servlet.TldScanner.scanJars At least one JAR was scanned for TLDs yet contained no TLDs. Enable debug logging for this logger for a complete list of JARs that were scanned but no TLDs were found in them. Skipping unneeded JARs during scanning can improve startup time and JSP compilation time.
11-Apr-2024 19:00:38.312 INFO [localhost-startStop-1] org.apache.catalina.startup.HostConfig.deployDirectory Deployment of web application directory [D:\JavaSQL\Java8\apache-tomcat-8.5.24\webapps\TD_E18] has finished in [33] ms
11-Apr-2024 19:00:38.312 INFO [localhost-startStop-1] org.apache.catalina.startup.HostConfig.deployDirectory Deploying web application directory [D:\JavaSQL\Java8\apache-tomcat-8.5.24\webapps\TB15]
11-Apr-2024 19:00:38.341 INFO [localhost-startStop-1] org.apache.jasper.servlet.TldScanner.scanJars At least one JAR was scanned for TLDs yet contained no TLDs. Enable debug logging for this logger for a complete list of JARs that were scanned but no TLDs were found in them. Skipping unneeded JARs during scanning can improve startup time and JSP compilation time.
11-Apr-2024 19:00:38.343 INFO [localhost-startStop-1] org.apache.catalina.startup.HostConfig.deployDirectory Deployment of web application directory [D:\JavaSQL\Java8\apache-tomcat-8.5.24\webapps\TB15] has finished in [31] ms
11-Apr-2024 19:00:38.345 INFO [localhost-startStop-1] org.apache.catalina.startup.HostConfig.deployDirectory Deploying web application directory [D:\JavaSQL\Java8\apache-tomcat-8.5.24\webapps\S2]
11-Apr-2024 19:00:38.362 INFO [localhost-startStop-1] org.apache.jasper.servlet.TldScanner.scanJars At least one JAR was scanned for TLDs yet contained no TLDs. Enable debug logging for this logger for a complete list of JARs that were scanned but no TLDs were found in them. Skipping unneeded JARs during scanning can improve startup time and JSP compilation time.
11-Apr-2024 19:00:38.364 INFO [localhost-startStop-1] org.apache.catalina.startup.HostConfig.deployDirectory Deployment of web application directory [D:\JavaSQL\Java8\apache-tomcat-8.5.24\webapps\S2] has finished in [21] ms
11-Apr-2024 19:00:38.364 INFO [localhost-startStop-1] org.apache.catalina.startup.HostConfig.deployDirectory Deploying web application directory [D:\JavaSQL\Java8\apache-tomcat-8.5.24\webapps\mock1]
11-Apr-2024 19:00:38.378 INFO [localhost-startStop-1] org.apache.jasper.servlet.TldScanner.scanJars At least one JAR was scanned for TLDs yet contained no TLDs. Enable debug logging for this logger for a complete list of JARs that were scanned but no TLDs were found in them. Skipping unneeded JARs during scanning can improve startup time and JSP compilation time.
11-Apr-2024 19:00:38.378 INFO [localhost-startStop-1] org.apache.catalina.startup.HostConfig.deployDirectory Deployment of web application directory [D:\JavaSQL\Java8\apache-tomcat-8.5.24\webapps\mock1] has finished in [14] ms
11-Apr-2024 19:00:38.378 INFO [localhost-startStop-1] org.apache.catalina.startup.HostConfig.deployDirectory Deploying web application directory [D:\JavaSQL\Java8\apache-tomcat-8.5.24\webapps\mock2]
11-Apr-2024 19:00:38.409 INFO [localhost-startStop-1] org.apache.jasper.servlet.TldScanner.scanJars At least one JAR was scanned for TLDs yet contained no TLDs. Enable debug logging for this logger for a complete list of JARs that were scanned but no TLDs were found in them. Skipping unneeded JARs during scanning can improve startup time and JSP compilation time.
11-Apr-2024 19:00:38.410 INFO [localhost-startStop-1] org.apache.catalina.startup.HostConfig.deployDirectory Deployment of web application directory [D:\JavaSQL\Java8\apache-tomcat-8.5.24\webapps\mock2] has finished in [32] ms
11-Apr-2024 19:00:38.410 INFO [localhost-startStop-1] org.apache.catalina.startup.HostConfig.deployDirectory Deploying web application directory [D:\JavaSQL\Java8\apache-tomcat-8.5.24\webapps\PEB2024]
11-Apr-2024 19:00:38.455 INFO [localhost-startStop-1] org.apache.jasper.servlet.TldScanner.scanJars At least one JAR was scanned for TLDs yet contained no TLDs. Enable debug logging for this logger for a complete list of JARs that were scanned but no TLDs were found in them. Skipping unneeded JARs during scanning can improve startup time and JSP compilation time.
11-Apr-2024 19:00:38.462 INFO [localhost-startStop-1] org.apache.catalina.startup.HostConfig.deployDirectory Deployment of web application directory [D:\JavaSQL\Java8\apache-tomcat-8.5.24\webapps\PEB2024] has finished in [52] ms
11-Apr-2024 19:00:38.465 INFO [main] org.apache.coyote.AbstractProtocol.start Starting ProtocolHandler ["http-nio-8082"]
11-Apr-2024 19:00:38.473 INFO [main] org.apache.coyote.AbstractProtocol.start Starting ProtocolHandler ["ajp-nio-8009"]
11-Apr-2024 19:00:38.475 INFO [main] org.apache.catalina.startup.Catalina.start Server startup in 911 ms
11-Apr-2024 19:01:27.726 INFO [main] org.apache.catalina.core.StandardServer.await A valid shutdown command was received via the shutdown port. Stopping the Server instance.
11-Apr-2024 19:01:27.726 INFO [main] org.apache.coyote.AbstractProtocol.pause Pausing ProtocolHandler ["http-nio-8082"]
11-Apr-2024 19:01:27.926 INFO [main] org.apache.coyote.AbstractProtocol.pause Pausing ProtocolHandler ["ajp-nio-8009"]
11-Apr-2024 19:01:28.076 INFO [main] org.apache.catalina.core.StandardService.stopInternal Stopping service [Catalina]
11-Apr-2024 19:01:28.126 INFO [main] org.apache.coyote.AbstractProtocol.stop Stopping ProtocolHandler ["http-nio-8082"]
11-Apr-2024 19:01:28.136 INFO [main] org.apache.coyote.AbstractProtocol.stop Stopping ProtocolHandler ["ajp-nio-8009"]
11-Apr-2024 19:01:28.136 INFO [main] org.apache.coyote.AbstractProtocol.destroy Destroying ProtocolHandler ["http-nio-8082"]
11-Apr-2024 19:01:28.136 INFO [main] org.apache.coyote.AbstractProtocol.destroy Destroying ProtocolHandler ["ajp-nio-8009"]
11-Apr-2024 19:01:29.861 INFO [main] org.apache.catalina.startup.VersionLoggerListener.log Server version:        Apache Tomcat/8.5.24
11-Apr-2024 19:01:29.861 INFO [main] org.apache.catalina.startup.VersionLoggerListener.log Server built:          Nov 27 2017 13:05:30 UTC
11-Apr-2024 19:01:29.861 INFO [main] org.apache.catalina.startup.VersionLoggerListener.log Server number:         8.5.24.0
11-Apr-2024 19:01:29.861 INFO [main] org.apache.catalina.startup.VersionLoggerListener.log OS Name:               Windows 10
11-Apr-2024 19:01:29.861 INFO [main] org.apache.catalina.startup.VersionLoggerListener.log OS Version:            10.0
11-Apr-2024 19:01:29.861 INFO [main] org.apache.catalina.startup.VersionLoggerListener.log Architecture:          x86
11-Apr-2024 19:01:29.861 INFO [main] org.apache.catalina.startup.VersionLoggerListener.log Java Home:             D:\JavaSQL\Java8\jdk1.8.0_131\jre
11-Apr-2024 19:01:29.861 INFO [main] org.apache.catalina.startup.VersionLoggerListener.log JVM Version:           1.8.0_131-b11
11-Apr-2024 19:01:29.861 INFO [main] org.apache.catalina.startup.VersionLoggerListener.log JVM Vendor:            Oracle Corporation
11-Apr-2024 19:01:29.861 INFO [main] org.apache.catalina.startup.VersionLoggerListener.log CATALINA_BASE:         D:\JavaSQL\Java8\apache-tomcat-8.5.24
11-Apr-2024 19:01:29.861 INFO [main] org.apache.catalina.startup.VersionLoggerListener.log CATALINA_HOME:         D:\JavaSQL\Java8\apache-tomcat-8.5.24
11-Apr-2024 19:01:29.861 INFO [main] org.apache.catalina.startup.VersionLoggerListener.log Command line argument: -Djava.util.logging.config.file=D:\JavaSQL\Java8\apache-tomcat-8.5.24\conf\logging.properties
11-Apr-2024 19:01:29.861 INFO [main] org.apache.catalina.startup.VersionLoggerListener.log Command line argument: -Djava.util.logging.manager=org.apache.juli.ClassLoaderLogManager
11-Apr-2024 19:01:29.861 INFO [main] org.apache.catalina.startup.VersionLoggerListener.log Command line argument: -Djdk.tls.ephemeralDHKeySize=2048
11-Apr-2024 19:01:29.871 INFO [main] org.apache.catalina.startup.VersionLoggerListener.log Command line argument: -Djava.protocol.handler.pkgs=org.apache.catalina.webresources
11-Apr-2024 19:01:29.871 INFO [main] org.apache.catalina.startup.VersionLoggerListener.log Command line argument: -Dignore.endorsed.dirs=
11-Apr-2024 19:01:29.871 INFO [main] org.apache.catalina.startup.VersionLoggerListener.log Command line argument: -Dcatalina.base=D:\JavaSQL\Java8\apache-tomcat-8.5.24
11-Apr-2024 19:01:29.871 INFO [main] org.apache.catalina.startup.VersionLoggerListener.log Command line argument: -Dcatalina.home=D:\JavaSQL\Java8\apache-tomcat-8.5.24
11-Apr-2024 19:01:29.871 INFO [main] org.apache.catalina.startup.VersionLoggerListener.log Command line argument: -Djava.io.tmpdir=D:\JavaSQL\Java8\apache-tomcat-8.5.24\temp
11-Apr-2024 19:01:29.871 INFO [main] org.apache.catalina.core.AprLifecycleListener.lifecycleEvent The APR based Apache Tomcat Native library which allows optimal performance in production environments was not found on the java.library.path: [D:\JavaSQL\Java8\jdk1.8.0_131\bin;C:\WINDOWS\Sun\Java\bin;C:\WINDOWS\system32;C:\WINDOWS;D:\JavaSQL\Java8\jdk1.8.0_131\bin;D:\JavaSQL\Java8\jdk1.8.0_131\db\bin;D:\JavaSQL\Java8\squirrelsql-4.0.0-standard;D:\JavaSQL\Java8\apache-tomcat-8.5.24\bin;C:\Program Files\IBM\ILOG\CPLEX_Studio1210\opl\bin\x64_win64;C:\Program Files\IBM\ILOG\CPLEX_Studio1210\opl\oplide\;C:\Program Files\IBM\ILOG\CPLEX_Studio1210\cplex\bin\x64_win64;C:\Program Files\IBM\ILOG\CPLEX_Studio1210\cpoptimizer\bin\x64_win64;C:\Programs\gurobi1001\win64\bin;C:\Program Files (x86)\NVIDIA Corporation\PhysX\Common;C:\Program Files (x86)\VMware\VMware Player\bin\;C:\Program Files\Eclipse Foundation\jdk-16.0.2.7-hotspot\bin;C:\Program Files\Python38\Scripts\;C:\Program Files\Python38\;C:\WINDOWS\system32;C:\WINDOWS;C:\WINDOWS\System32\Wbem;C:\WINDOWS\System32\WindowsPowerShell\v1.0\;C:\WINDOWS\System32\OpenSSH\;C:\Program Files\dotnet\;C:\Program Files\Microsoft SQL Server\130\Tools\Binn\;C:\Program Files (x86)\dotnet\;C:\Program Files\MATLAB\R2023a\runtime\win64;C:\Program Files\MATLAB\R2023a\bin;C:\Program Files\MATLAB\R2019a\bin;C:\Program Files (x86)\National Instruments\Shared\LabVIEW CLI;C:\Program Files (x86)\IVI Foundation\IVI\bin;C:\Program Files\IVI Foundation\IVI\bin;C:\Program Files (x86)\IVI Foundation\VISA\WinNT\Bin\;C:\Program Files\IVI Foundation\VISA\Win64\Bin\;C:\Program Files (x86)\IVI Foundation\VISA\WinNT\Bin;C:\Program Files\Microsoft SQL Server\Client SDK\ODBC\110\Tools\Binn\;C:\Program Files (x86)\Microsoft SQL Server\120\Tools\Binn\;C:\Program Files\Microsoft SQL Server\120\Tools\Binn\;C:\Program Files\Microsoft SQL Server\120\DTS\Binn\;C:\Program Files (x86)\Windows Kits\8.1\Windows Performance Toolkit\;C:\Program Files\Git\cmd;C:\Program Files\PuTTY\;C:\Program Files\Microsoft VS Code\bin;C:\Program Files\MiKTeX\miktex\bin\x64\;C:\Users\aerrigochan\AppData\Local\Microsoft\WindowsApps;;.]
11-Apr-2024 19:01:29.951 INFO [main] org.apache.coyote.AbstractProtocol.init Initializing ProtocolHandler ["http-nio-8082"]
11-Apr-2024 19:01:35.002 INFO [main] org.apache.tomcat.util.net.NioSelectorPool.getSharedSelector Using a shared selector for servlet write/read
11-Apr-2024 19:01:35.005 INFO [main] org.apache.coyote.AbstractProtocol.init Initializing ProtocolHandler ["ajp-nio-8009"]
11-Apr-2024 19:01:35.005 INFO [main] org.apache.tomcat.util.net.NioSelectorPool.getSharedSelector Using a shared selector for servlet write/read
11-Apr-2024 19:01:35.005 INFO [main] org.apache.catalina.startup.Catalina.load Initialization processed in 5371 ms
11-Apr-2024 19:01:35.025 INFO [main] org.apache.catalina.core.StandardService.startInternal Starting service [Catalina]
11-Apr-2024 19:01:35.025 INFO [main] org.apache.catalina.core.StandardEngine.startInternal Starting Servlet Engine: Apache Tomcat/8.5.24
11-Apr-2024 19:01:35.036 INFO [localhost-startStop-1] org.apache.catalina.startup.HostConfig.deployDirectory Deploying web application directory [D:\JavaSQL\Java8\apache-tomcat-8.5.24\webapps\docs]
11-Apr-2024 19:01:35.223 INFO [localhost-startStop-1] org.apache.jasper.servlet.TldScanner.scanJars At least one JAR was scanned for TLDs yet contained no TLDs. Enable debug logging for this logger for a complete list of JARs that were scanned but no TLDs were found in them. Skipping unneeded JARs during scanning can improve startup time and JSP compilation time.
11-Apr-2024 19:01:35.256 INFO [localhost-startStop-1] org.apache.catalina.startup.HostConfig.deployDirectory Deployment of web application directory [D:\JavaSQL\Java8\apache-tomcat-8.5.24\webapps\docs] has finished in [220] ms
11-Apr-2024 19:01:35.256 INFO [localhost-startStop-1] org.apache.catalina.startup.HostConfig.deployDirectory Deploying web application directory [D:\JavaSQL\Java8\apache-tomcat-8.5.24\webapps\examples]
11-Apr-2024 19:01:35.456 INFO [localhost-startStop-1] org.apache.jasper.servlet.TldScanner.scanJars At least one JAR was scanned for TLDs yet contained no TLDs. Enable debug logging for this logger for a complete list of JARs that were scanned but no TLDs were found in them. Skipping unneeded JARs during scanning can improve startup time and JSP compilation time.
11-Apr-2024 19:01:35.489 INFO [localhost-startStop-1] org.apache.catalina.startup.HostConfig.deployDirectory Deployment of web application directory [D:\JavaSQL\Java8\apache-tomcat-8.5.24\webapps\examples] has finished in [233] ms
11-Apr-2024 19:01:35.489 INFO [localhost-startStop-1] org.apache.catalina.startup.HostConfig.deployDirectory Deploying web application directory [D:\JavaSQL\Java8\apache-tomcat-8.5.24\webapps\host-manager]
11-Apr-2024 19:01:35.530 INFO [localhost-startStop-1] org.apache.jasper.servlet.TldScanner.scanJars At least one JAR was scanned for TLDs yet contained no TLDs. Enable debug logging for this logger for a complete list of JARs that were scanned but no TLDs were found in them. Skipping unneeded JARs during scanning can improve startup time and JSP compilation time.
11-Apr-2024 19:01:35.532 INFO [localhost-startStop-1] org.apache.catalina.startup.HostConfig.deployDirectory Deployment of web application directory [D:\JavaSQL\Java8\apache-tomcat-8.5.24\webapps\host-manager] has finished in [43] ms
11-Apr-2024 19:01:35.533 INFO [localhost-startStop-1] org.apache.catalina.startup.HostConfig.deployDirectory Deploying web application directory [D:\JavaSQL\Java8\apache-tomcat-8.5.24\webapps\ROOT]
11-Apr-2024 19:01:35.539 INFO [localhost-startStop-1] org.apache.jasper.servlet.TldScanner.scanJars At least one JAR was scanned for TLDs yet contained no TLDs. Enable debug logging for this logger for a complete list of JARs that were scanned but no TLDs were found in them. Skipping unneeded JARs during scanning can improve startup time and JSP compilation time.
11-Apr-2024 19:01:35.549 INFO [localhost-startStop-1] org.apache.catalina.startup.HostConfig.deployDirectory Deployment of web application directory [D:\JavaSQL\Java8\apache-tomcat-8.5.24\webapps\ROOT] has finished in [16] ms
11-Apr-2024 19:01:35.549 INFO [localhost-startStop-1] org.apache.catalina.startup.HostConfig.deployDirectory Deploying web application directory [D:\JavaSQL\Java8\apache-tomcat-8.5.24\webapps\SQLServer]
11-Apr-2024 19:01:35.566 INFO [localhost-startStop-1] org.apache.jasper.servlet.TldScanner.scanJars At least one JAR was scanned for TLDs yet contained no TLDs. Enable debug logging for this logger for a complete list of JARs that were scanned but no TLDs were found in them. Skipping unneeded JARs during scanning can improve startup time and JSP compilation time.
11-Apr-2024 19:01:35.575 INFO [localhost-startStop-1] org.apache.catalina.startup.HostConfig.deployDirectory Deployment of web application directory [D:\JavaSQL\Java8\apache-tomcat-8.5.24\webapps\SQLServer] has finished in [25] ms
11-Apr-2024 19:01:35.575 INFO [localhost-startStop-1] org.apache.catalina.startup.HostConfig.deployDirectory Deploying web application directory [D:\JavaSQL\Java8\apache-tomcat-8.5.24\webapps\Servlet1]
11-Apr-2024 19:01:35.593 INFO [localhost-startStop-1] org.apache.jasper.servlet.TldScanner.scanJars At least one JAR was scanned for TLDs yet contained no TLDs. Enable debug logging for this logger for a complete list of JARs that were scanned but no TLDs were found in them. Skipping unneeded JARs during scanning can improve startup time and JSP compilation time.
11-Apr-2024 19:01:35.595 INFO [localhost-startStop-1] org.apache.catalina.startup.HostConfig.deployDirectory Deployment of web application directory [D:\JavaSQL\Java8\apache-tomcat-8.5.24\webapps\Servlet1] has finished in [20] ms
11-Apr-2024 19:01:35.595 INFO [localhost-startStop-1] org.apache.catalina.startup.HostConfig.deployDirectory Deploying web application directory [D:\JavaSQL\Java8\apache-tomcat-8.5.24\webapps\Servlet2]
11-Apr-2024 19:01:35.615 INFO [localhost-startStop-1] org.apache.jasper.servlet.TldScanner.scanJars At least one JAR was scanned for TLDs yet contained no TLDs. Enable debug logging for this logger for a complete list of JARs that were scanned but no TLDs were found in them. Skipping unneeded JARs during scanning can improve startup time and JSP compilation time.
11-Apr-2024 19:01:35.615 INFO [localhost-startStop-1] org.apache.catalina.startup.HostConfig.deployDirectory Deployment of web application directory [D:\JavaSQL\Java8\apache-tomcat-8.5.24\webapps\Servlet2] has finished in [20] ms
11-Apr-2024 19:01:35.615 INFO [localhost-startStop-1] org.apache.catalina.startup.HostConfig.deployDirectory Deploying web application directory [D:\JavaSQL\Java8\apache-tomcat-8.5.24\webapps\Servlet3]
11-Apr-2024 19:01:35.636 INFO [localhost-startStop-1] org.apache.jasper.servlet.TldScanner.scanJars At least one JAR was scanned for TLDs yet contained no TLDs. Enable debug logging for this logger for a complete list of JARs that were scanned but no TLDs were found in them. Skipping unneeded JARs during scanning can improve startup time and JSP compilation time.
11-Apr-2024 19:01:35.639 INFO [localhost-startStop-1] org.apache.catalina.startup.HostConfig.deployDirectory Deployment of web application directory [D:\JavaSQL\Java8\apache-tomcat-8.5.24\webapps\Servlet3] has finished in [24] ms
11-Apr-2024 19:01:35.639 INFO [localhost-startStop-1] org.apache.catalina.startup.HostConfig.deployDirectory Deploying web application directory [D:\JavaSQL\Java8\apache-tomcat-8.5.24\webapps\Servlet4]
11-Apr-2024 19:01:35.658 INFO [localhost-startStop-1] org.apache.jasper.servlet.TldScanner.scanJars At least one JAR was scanned for TLDs yet contained no TLDs. Enable debug logging for this logger for a complete list of JARs that were scanned but no TLDs were found in them. Skipping unneeded JARs during scanning can improve startup time and JSP compilation time.
11-Apr-2024 19:01:35.660 INFO [localhost-startStop-1] org.apache.catalina.startup.HostConfig.deployDirectory Deployment of web application directory [D:\JavaSQL\Java8\apache-tomcat-8.5.24\webapps\Servlet4] has finished in [20] ms
11-Apr-2024 19:01:35.660 INFO [localhost-startStop-1] org.apache.catalina.startup.HostConfig.deployDirectory Deploying web application directory [D:\JavaSQL\Java8\apache-tomcat-8.5.24\webapps\Pract8]
11-Apr-2024 19:01:35.677 INFO [localhost-startStop-1] org.apache.jasper.servlet.TldScanner.scanJars At least one JAR was scanned for TLDs yet contained no TLDs. Enable debug logging for this logger for a complete list of JARs that were scanned but no TLDs were found in them. Skipping unneeded JARs during scanning can improve startup time and JSP compilation time.
11-Apr-2024 19:01:35.677 INFO [localhost-startStop-1] org.apache.catalina.startup.HostConfig.deployDirectory Deployment of web application directory [D:\JavaSQL\Java8\apache-tomcat-8.5.24\webapps\Pract8] has finished in [17] ms
11-Apr-2024 19:01:35.677 INFO [localhost-startStop-1] org.apache.catalina.startup.HostConfig.deployDirectory Deploying web application directory [D:\JavaSQL\Java8\apache-tomcat-8.5.24\webapps\Entrega]
11-Apr-2024 19:01:35.706 INFO [localhost-startStop-1] org.apache.jasper.servlet.TldScanner.scanJars At least one JAR was scanned for TLDs yet contained no TLDs. Enable debug logging for this logger for a complete list of JARs that were scanned but no TLDs were found in them. Skipping unneeded JARs during scanning can improve startup time and JSP compilation time.
11-Apr-2024 19:01:35.707 INFO [localhost-startStop-1] org.apache.catalina.startup.HostConfig.deployDirectory Deployment of web application directory [D:\JavaSQL\Java8\apache-tomcat-8.5.24\webapps\Entrega] has finished in [30] ms
11-Apr-2024 19:01:35.707 INFO [localhost-startStop-1] org.apache.catalina.startup.HostConfig.deployDirectory Deploying web application directory [D:\JavaSQL\Java8\apache-tomcat-8.5.24\webapps\matrices8]
11-Apr-2024 19:01:35.729 INFO [localhost-startStop-1] org.apache.jasper.servlet.TldScanner.scanJars At least one JAR was scanned for TLDs yet contained no TLDs. Enable debug logging for this logger for a complete list of JARs that were scanned but no TLDs were found in them. Skipping unneeded JARs during scanning can improve startup time and JSP compilation time.
11-Apr-2024 19:01:35.730 INFO [localhost-startStop-1] org.apache.catalina.startup.HostConfig.deployDirectory Deployment of web application directory [D:\JavaSQL\Java8\apache-tomcat-8.5.24\webapps\matrices8] has finished in [23] ms
11-Apr-2024 19:01:35.731 INFO [localhost-startStop-1] org.apache.catalina.startup.HostConfig.deployDirectory Deploying web application directory [D:\JavaSQL\Java8\apache-tomcat-8.5.24\webapps\TD_E18]
11-Apr-2024 19:01:35.756 INFO [localhost-startStop-1] org.apache.jasper.servlet.TldScanner.scanJars At least one JAR was scanned for TLDs yet contained no TLDs. Enable debug logging for this logger for a complete list of JARs that were scanned but no TLDs were found in them. Skipping unneeded JARs during scanning can improve startup time and JSP compilation time.
11-Apr-2024 19:01:35.756 INFO [localhost-startStop-1] org.apache.catalina.startup.HostConfig.deployDirectory Deployment of web application directory [D:\JavaSQL\Java8\apache-tomcat-8.5.24\webapps\TD_E18] has finished in [25] ms
11-Apr-2024 19:01:35.756 INFO [localhost-startStop-1] org.apache.catalina.startup.HostConfig.deployDirectory Deploying web application directory [D:\JavaSQL\Java8\apache-tomcat-8.5.24\webapps\TB15]
11-Apr-2024 19:01:35.788 INFO [localhost-startStop-1] org.apache.jasper.servlet.TldScanner.scanJars At least one JAR was scanned for TLDs yet contained no TLDs. Enable debug logging for this logger for a complete list of JARs that were scanned but no TLDs were found in them. Skipping unneeded JARs during scanning can improve startup time and JSP compilation time.
11-Apr-2024 19:01:35.790 INFO [localhost-startStop-1] org.apache.catalina.startup.HostConfig.deployDirectory Deployment of web application directory [D:\JavaSQL\Java8\apache-tomcat-8.5.24\webapps\TB15] has finished in [34] ms
11-Apr-2024 19:01:35.790 INFO [localhost-startStop-1] org.apache.catalina.startup.HostConfig.deployDirectory Deploying web application directory [D:\JavaSQL\Java8\apache-tomcat-8.5.24\webapps\S2]
11-Apr-2024 19:01:35.808 INFO [localhost-startStop-1] org.apache.jasper.servlet.TldScanner.scanJars At least one JAR was scanned for TLDs yet contained no TLDs. Enable debug logging for this logger for a complete list of JARs that were scanned but no TLDs were found in them. Skipping unneeded JARs during scanning can improve startup time and JSP compilation time.
11-Apr-2024 19:01:35.810 INFO [localhost-startStop-1] org.apache.catalina.startup.HostConfig.deployDirectory Deployment of web application directory [D:\JavaSQL\Java8\apache-tomcat-8.5.24\webapps\S2] has finished in [20] ms
11-Apr-2024 19:01:35.810 INFO [localhost-startStop-1] org.apache.catalina.startup.HostConfig.deployDirectory Deploying web application directory [D:\JavaSQL\Java8\apache-tomcat-8.5.24\webapps\mock1]
11-Apr-2024 19:01:35.831 INFO [localhost-startStop-1] org.apache.jasper.servlet.TldScanner.scanJars At least one JAR was scanned for TLDs yet contained no TLDs. Enable debug logging for this logger for a complete list of JARs that were scanned but no TLDs were found in them. Skipping unneeded JARs during scanning can improve startup time and JSP compilation time.
11-Apr-2024 19:01:35.833 INFO [localhost-startStop-1] org.apache.catalina.startup.HostConfig.deployDirectory Deployment of web application directory [D:\JavaSQL\Java8\apache-tomcat-8.5.24\webapps\mock1] has finished in [23] ms
11-Apr-2024 19:01:35.833 INFO [localhost-startStop-1] org.apache.catalina.startup.HostConfig.deployDirectory Deploying web application directory [D:\JavaSQL\Java8\apache-tomcat-8.5.24\webapps\mock2]
11-Apr-2024 19:01:35.857 INFO [localhost-startStop-1] org.apache.jasper.servlet.TldScanner.scanJars At least one JAR was scanned for TLDs yet contained no TLDs. Enable debug logging for this logger for a complete list of JARs that were scanned but no TLDs were found in them. Skipping unneeded JARs during scanning can improve startup time and JSP compilation time.
11-Apr-2024 19:01:35.857 INFO [localhost-startStop-1] org.apache.catalina.startup.HostConfig.deployDirectory Deployment of web application directory [D:\JavaSQL\Java8\apache-tomcat-8.5.24\webapps\mock2] has finished in [24] ms
11-Apr-2024 19:01:35.857 INFO [localhost-startStop-1] org.apache.catalina.startup.HostConfig.deployDirectory Deploying web application directory [D:\JavaSQL\Java8\apache-tomcat-8.5.24\webapps\PEB2024]
11-Apr-2024 19:01:35.904 INFO [localhost-startStop-1] org.apache.jasper.servlet.TldScanner.scanJars At least one JAR was scanned for TLDs yet contained no TLDs. Enable debug logging for this logger for a complete list of JARs that were scanned but no TLDs were found in them. Skipping unneeded JARs during scanning can improve startup time and JSP compilation time.
11-Apr-2024 19:01:35.906 INFO [localhost-startStop-1] org.apache.catalina.startup.HostConfig.deployDirectory Deployment of web application directory [D:\JavaSQL\Java8\apache-tomcat-8.5.24\webapps\PEB2024] has finished in [49] ms
11-Apr-2024 19:01:35.906 INFO [main] org.apache.coyote.AbstractProtocol.start Starting ProtocolHandler ["http-nio-8082"]
11-Apr-2024 19:01:35.916 INFO [main] org.apache.coyote.AbstractProtocol.start Starting ProtocolHandler ["ajp-nio-8009"]
11-Apr-2024 19:01:35.923 INFO [main] org.apache.catalina.startup.Catalina.start Server startup in 911 ms
11-Apr-2024 19:02:04.022 INFO [main] org.apache.catalina.core.StandardServer.await A valid shutdown command was received via the shutdown port. Stopping the Server instance.
11-Apr-2024 19:02:04.022 INFO [main] org.apache.coyote.AbstractProtocol.pause Pausing ProtocolHandler ["http-nio-8082"]
11-Apr-2024 19:02:04.225 INFO [main] org.apache.coyote.AbstractProtocol.pause Pausing ProtocolHandler ["ajp-nio-8009"]
11-Apr-2024 19:02:04.377 INFO [main] org.apache.catalina.core.StandardService.stopInternal Stopping service [Catalina]
11-Apr-2024 19:02:04.446 INFO [main] org.apache.coyote.AbstractProtocol.stop Stopping ProtocolHandler ["http-nio-8082"]
11-Apr-2024 19:02:04.446 INFO [main] org.apache.coyote.AbstractProtocol.stop Stopping ProtocolHandler ["ajp-nio-8009"]
11-Apr-2024 19:02:04.446 INFO [main] org.apache.coyote.AbstractProtocol.destroy Destroying ProtocolHandler ["http-nio-8082"]
11-Apr-2024 19:02:04.446 INFO [main] org.apache.coyote.AbstractProtocol.destroy Destroying ProtocolHandler ["ajp-nio-8009"]
11-Apr-2024 19:02:06.013 INFO [main] org.apache.catalina.startup.VersionLoggerListener.log Server version:        Apache Tomcat/8.5.24
11-Apr-2024 19:02:06.013 INFO [main] org.apache.catalina.startup.VersionLoggerListener.log Server built:          Nov 27 2017 13:05:30 UTC
11-Apr-2024 19:02:06.013 INFO [main] org.apache.catalina.startup.VersionLoggerListener.log Server number:         8.5.24.0
11-Apr-2024 19:02:06.013 INFO [main] org.apache.catalina.startup.VersionLoggerListener.log OS Name:               Windows 10
11-Apr-2024 19:02:06.013 INFO [main] org.apache.catalina.startup.VersionLoggerListener.log OS Version:            10.0
11-Apr-2024 19:02:06.013 INFO [main] org.apache.catalina.startup.VersionLoggerListener.log Architecture:          x86
11-Apr-2024 19:02:06.013 INFO [main] org.apache.catalina.startup.VersionLoggerListener.log Java Home:             D:\JavaSQL\Java8\jdk1.8.0_131\jre
11-Apr-2024 19:02:06.013 INFO [main] org.apache.catalina.startup.VersionLoggerListener.log JVM Version:           1.8.0_131-b11
11-Apr-2024 19:02:06.013 INFO [main] org.apache.catalina.startup.VersionLoggerListener.log JVM Vendor:            Oracle Corporation
11-Apr-2024 19:02:06.013 INFO [main] org.apache.catalina.startup.VersionLoggerListener.log CATALINA_BASE:         D:\JavaSQL\Java8\apache-tomcat-8.5.24
11-Apr-2024 19:02:06.013 INFO [main] org.apache.catalina.startup.VersionLoggerListener.log CATALINA_HOME:         D:\JavaSQL\Java8\apache-tomcat-8.5.24
11-Apr-2024 19:02:06.013 INFO [main] org.apache.catalina.startup.VersionLoggerListener.log Command line argument: -Djava.util.logging.config.file=D:\JavaSQL\Java8\apache-tomcat-8.5.24\conf\logging.properties
11-Apr-2024 19:02:06.013 INFO [main] org.apache.catalina.startup.VersionLoggerListener.log Command line argument: -Djava.util.logging.manager=org.apache.juli.ClassLoaderLogManager
11-Apr-2024 19:02:06.013 INFO [main] org.apache.catalina.startup.VersionLoggerListener.log Command line argument: -Djdk.tls.ephemeralDHKeySize=2048
11-Apr-2024 19:02:06.013 INFO [main] org.apache.catalina.startup.VersionLoggerListener.log Command line argument: -Djava.protocol.handler.pkgs=org.apache.catalina.webresources
11-Apr-2024 19:02:06.013 INFO [main] org.apache.catalina.startup.VersionLoggerListener.log Command line argument: -Dignore.endorsed.dirs=
11-Apr-2024 19:02:06.013 INFO [main] org.apache.catalina.startup.VersionLoggerListener.log Command line argument: -Dcatalina.base=D:\JavaSQL\Java8\apache-tomcat-8.5.24
11-Apr-2024 19:02:06.013 INFO [main] org.apache.catalina.startup.VersionLoggerListener.log Command line argument: -Dcatalina.home=D:\JavaSQL\Java8\apache-tomcat-8.5.24
11-Apr-2024 19:02:06.013 INFO [main] org.apache.catalina.startup.VersionLoggerListener.log Command line argument: -Djava.io.tmpdir=D:\JavaSQL\Java8\apache-tomcat-8.5.24\temp
11-Apr-2024 19:02:06.013 INFO [main] org.apache.catalina.core.AprLifecycleListener.lifecycleEvent The APR based Apache Tomcat Native library which allows optimal performance in production environments was not found on the java.library.path: [D:\JavaSQL\Java8\jdk1.8.0_131\bin;C:\WINDOWS\Sun\Java\bin;C:\WINDOWS\system32;C:\WINDOWS;D:\JavaSQL\Java8\jdk1.8.0_131\bin;D:\JavaSQL\Java8\jdk1.8.0_131\db\bin;D:\JavaSQL\Java8\squirrelsql-4.0.0-standard;D:\JavaSQL\Java8\apache-tomcat-8.5.24\bin;C:\Program Files\IBM\ILOG\CPLEX_Studio1210\opl\bin\x64_win64;C:\Program Files\IBM\ILOG\CPLEX_Studio1210\opl\oplide\;C:\Program Files\IBM\ILOG\CPLEX_Studio1210\cplex\bin\x64_win64;C:\Program Files\IBM\ILOG\CPLEX_Studio1210\cpoptimizer\bin\x64_win64;C:\Programs\gurobi1001\win64\bin;C:\Program Files (x86)\NVIDIA Corporation\PhysX\Common;C:\Program Files (x86)\VMware\VMware Player\bin\;C:\Program Files\Eclipse Foundation\jdk-16.0.2.7-hotspot\bin;C:\Program Files\Python38\Scripts\;C:\Program Files\Python38\;C:\WINDOWS\system32;C:\WINDOWS;C:\WINDOWS\System32\Wbem;C:\WINDOWS\System32\WindowsPowerShell\v1.0\;C:\WINDOWS\System32\OpenSSH\;C:\Program Files\dotnet\;C:\Program Files\Microsoft SQL Server\130\Tools\Binn\;C:\Program Files (x86)\dotnet\;C:\Program Files\MATLAB\R2023a\runtime\win64;C:\Program Files\MATLAB\R2023a\bin;C:\Program Files\MATLAB\R2019a\bin;C:\Program Files (x86)\National Instruments\Shared\LabVIEW CLI;C:\Program Files (x86)\IVI Foundation\IVI\bin;C:\Program Files\IVI Foundation\IVI\bin;C:\Program Files (x86)\IVI Foundation\VISA\WinNT\Bin\;C:\Program Files\IVI Foundation\VISA\Win64\Bin\;C:\Program Files (x86)\IVI Foundation\VISA\WinNT\Bin;C:\Program Files\Microsoft SQL Server\Client SDK\ODBC\110\Tools\Binn\;C:\Program Files (x86)\Microsoft SQL Server\120\Tools\Binn\;C:\Program Files\Microsoft SQL Server\120\Tools\Binn\;C:\Program Files\Microsoft SQL Server\120\DTS\Binn\;C:\Program Files (x86)\Windows Kits\8.1\Windows Performance Toolkit\;C:\Program Files\Git\cmd;C:\Program Files\PuTTY\;C:\Program Files\Microsoft VS Code\bin;C:\Program Files\MiKTeX\miktex\bin\x64\;C:\Users\aerrigochan\AppData\Local\Microsoft\WindowsApps;;.]
11-Apr-2024 19:02:06.096 INFO [main] org.apache.coyote.AbstractProtocol.init Initializing ProtocolHandler ["http-nio-8082"]
11-Apr-2024 19:02:11.162 INFO [main] org.apache.tomcat.util.net.NioSelectorPool.getSharedSelector Using a shared selector for servlet write/read
11-Apr-2024 19:02:11.167 INFO [main] org.apache.coyote.AbstractProtocol.init Initializing ProtocolHandler ["ajp-nio-8009"]
11-Apr-2024 19:02:11.167 INFO [main] org.apache.tomcat.util.net.NioSelectorPool.getSharedSelector Using a shared selector for servlet write/read
11-Apr-2024 19:02:11.167 INFO [main] org.apache.catalina.startup.Catalina.load Initialization processed in 5395 ms
11-Apr-2024 19:02:11.191 INFO [main] org.apache.catalina.core.StandardService.startInternal Starting service [Catalina]
11-Apr-2024 19:02:11.191 INFO [main] org.apache.catalina.core.StandardEngine.startInternal Starting Servlet Engine: Apache Tomcat/8.5.24
11-Apr-2024 19:02:11.198 INFO [localhost-startStop-1] org.apache.catalina.startup.HostConfig.deployDirectory Deploying web application directory [D:\JavaSQL\Java8\apache-tomcat-8.5.24\webapps\docs]
11-Apr-2024 19:02:11.375 INFO [localhost-startStop-1] org.apache.jasper.servlet.TldScanner.scanJars At least one JAR was scanned for TLDs yet contained no TLDs. Enable debug logging for this logger for a complete list of JARs that were scanned but no TLDs were found in them. Skipping unneeded JARs during scanning can improve startup time and JSP compilation time.
11-Apr-2024 19:02:11.417 INFO [localhost-startStop-1] org.apache.catalina.startup.HostConfig.deployDirectory Deployment of web application directory [D:\JavaSQL\Java8\apache-tomcat-8.5.24\webapps\docs] has finished in [219] ms
11-Apr-2024 19:02:11.417 INFO [localhost-startStop-1] org.apache.catalina.startup.HostConfig.deployDirectory Deploying web application directory [D:\JavaSQL\Java8\apache-tomcat-8.5.24\webapps\examples]
11-Apr-2024 19:02:11.601 INFO [localhost-startStop-1] org.apache.jasper.servlet.TldScanner.scanJars At least one JAR was scanned for TLDs yet contained no TLDs. Enable debug logging for this logger for a complete list of JARs that were scanned but no TLDs were found in them. Skipping unneeded JARs during scanning can improve startup time and JSP compilation time.
11-Apr-2024 19:02:11.637 INFO [localhost-startStop-1] org.apache.catalina.startup.HostConfig.deployDirectory Deployment of web application directory [D:\JavaSQL\Java8\apache-tomcat-8.5.24\webapps\examples] has finished in [220] ms
11-Apr-2024 19:02:11.637 INFO [localhost-startStop-1] org.apache.catalina.startup.HostConfig.deployDirectory Deploying web application directory [D:\JavaSQL\Java8\apache-tomcat-8.5.24\webapps\host-manager]
11-Apr-2024 19:02:11.668 INFO [localhost-startStop-1] org.apache.jasper.servlet.TldScanner.scanJars At least one JAR was scanned for TLDs yet contained no TLDs. Enable debug logging for this logger for a complete list of JARs that were scanned but no TLDs were found in them. Skipping unneeded JARs during scanning can improve startup time and JSP compilation time.
11-Apr-2024 19:02:11.668 INFO [localhost-startStop-1] org.apache.catalina.startup.HostConfig.deployDirectory Deployment of web application directory [D:\JavaSQL\Java8\apache-tomcat-8.5.24\webapps\host-manager] has finished in [31] ms
11-Apr-2024 19:02:11.668 INFO [localhost-startStop-1] org.apache.catalina.startup.HostConfig.deployDirectory Deploying web application directory [D:\JavaSQL\Java8\apache-tomcat-8.5.24\webapps\ROOT]
11-Apr-2024 19:02:11.687 INFO [localhost-startStop-1] org.apache.jasper.servlet.TldScanner.scanJars At least one JAR was scanned for TLDs yet contained no TLDs. Enable debug logging for this logger for a complete list of JARs that were scanned but no TLDs were found in them. Skipping unneeded JARs during scanning can improve startup time and JSP compilation time.
11-Apr-2024 19:02:11.689 INFO [localhost-startStop-1] org.apache.catalina.startup.HostConfig.deployDirectory Deployment of web application directory [D:\JavaSQL\Java8\apache-tomcat-8.5.24\webapps\ROOT] has finished in [20] ms
11-Apr-2024 19:02:11.689 INFO [localhost-startStop-1] org.apache.catalina.startup.HostConfig.deployDirectory Deploying web application directory [D:\JavaSQL\Java8\apache-tomcat-8.5.24\webapps\SQLServer]
11-Apr-2024 19:02:11.701 INFO [localhost-startStop-1] org.apache.jasper.servlet.TldScanner.scanJars At least one JAR was scanned for TLDs yet contained no TLDs. Enable debug logging for this logger for a complete list of JARs that were scanned but no TLDs were found in them. Skipping unneeded JARs during scanning can improve startup time and JSP compilation time.
11-Apr-2024 19:02:11.711 INFO [localhost-startStop-1] org.apache.catalina.startup.HostConfig.deployDirectory Deployment of web application directory [D:\JavaSQL\Java8\apache-tomcat-8.5.24\webapps\SQLServer] has finished in [22] ms
11-Apr-2024 19:02:11.711 INFO [localhost-startStop-1] org.apache.catalina.startup.HostConfig.deployDirectory Deploying web application directory [D:\JavaSQL\Java8\apache-tomcat-8.5.24\webapps\Servlet1]
11-Apr-2024 19:02:11.729 INFO [localhost-startStop-1] org.apache.jasper.servlet.TldScanner.scanJars At least one JAR was scanned for TLDs yet contained no TLDs. Enable debug logging for this logger for a complete list of JARs that were scanned but no TLDs were found in them. Skipping unneeded JARs during scanning can improve startup time and JSP compilation time.
11-Apr-2024 19:02:11.731 INFO [localhost-startStop-1] org.apache.catalina.startup.HostConfig.deployDirectory Deployment of web application directory [D:\JavaSQL\Java8\apache-tomcat-8.5.24\webapps\Servlet1] has finished in [20] ms
11-Apr-2024 19:02:11.731 INFO [localhost-startStop-1] org.apache.catalina.startup.HostConfig.deployDirectory Deploying web application directory [D:\JavaSQL\Java8\apache-tomcat-8.5.24\webapps\Servlet2]
11-Apr-2024 19:02:11.750 INFO [localhost-startStop-1] org.apache.jasper.servlet.TldScanner.scanJars At least one JAR was scanned for TLDs yet contained no TLDs. Enable debug logging for this logger for a complete list of JARs that were scanned but no TLDs were found in them. Skipping unneeded JARs during scanning can improve startup time and JSP compilation time.
11-Apr-2024 19:02:11.750 INFO [localhost-startStop-1] org.apache.catalina.startup.HostConfig.deployDirectory Deployment of web application directory [D:\JavaSQL\Java8\apache-tomcat-8.5.24\webapps\Servlet2] has finished in [19] ms
11-Apr-2024 19:02:11.750 INFO [localhost-startStop-1] org.apache.catalina.startup.HostConfig.deployDirectory Deploying web application directory [D:\JavaSQL\Java8\apache-tomcat-8.5.24\webapps\Servlet3]
11-Apr-2024 19:02:11.768 INFO [localhost-startStop-1] org.apache.jasper.servlet.TldScanner.scanJars At least one JAR was scanned for TLDs yet contained no TLDs. Enable debug logging for this logger for a complete list of JARs that were scanned but no TLDs were found in them. Skipping unneeded JARs during scanning can improve startup time and JSP compilation time.
11-Apr-2024 19:02:11.768 INFO [localhost-startStop-1] org.apache.catalina.startup.HostConfig.deployDirectory Deployment of web application directory [D:\JavaSQL\Java8\apache-tomcat-8.5.24\webapps\Servlet3] has finished in [18] ms
11-Apr-2024 19:02:11.768 INFO [localhost-startStop-1] org.apache.catalina.startup.HostConfig.deployDirectory Deploying web application directory [D:\JavaSQL\Java8\apache-tomcat-8.5.24\webapps\Servlet4]
11-Apr-2024 19:02:11.789 INFO [localhost-startStop-1] org.apache.jasper.servlet.TldScanner.scanJars At least one JAR was scanned for TLDs yet contained no TLDs. Enable debug logging for this logger for a complete list of JARs that were scanned but no TLDs were found in them. Skipping unneeded JARs during scanning can improve startup time and JSP compilation time.
11-Apr-2024 19:02:11.791 INFO [localhost-startStop-1] org.apache.catalina.startup.HostConfig.deployDirectory Deployment of web application directory [D:\JavaSQL\Java8\apache-tomcat-8.5.24\webapps\Servlet4] has finished in [23] ms
11-Apr-2024 19:02:11.791 INFO [localhost-startStop-1] org.apache.catalina.startup.HostConfig.deployDirectory Deploying web application directory [D:\JavaSQL\Java8\apache-tomcat-8.5.24\webapps\Pract8]
11-Apr-2024 19:02:11.810 INFO [localhost-startStop-1] org.apache.jasper.servlet.TldScanner.scanJars At least one JAR was scanned for TLDs yet contained no TLDs. Enable debug logging for this logger for a complete list of JARs that were scanned but no TLDs were found in them. Skipping unneeded JARs during scanning can improve startup time and JSP compilation time.
11-Apr-2024 19:02:11.812 INFO [localhost-startStop-1] org.apache.catalina.startup.HostConfig.deployDirectory Deployment of web application directory [D:\JavaSQL\Java8\apache-tomcat-8.5.24\webapps\Pract8] has finished in [20] ms
11-Apr-2024 19:02:11.812 INFO [localhost-startStop-1] org.apache.catalina.startup.HostConfig.deployDirectory Deploying web application directory [D:\JavaSQL\Java8\apache-tomcat-8.5.24\webapps\Entrega]
11-Apr-2024 19:02:11.834 INFO [localhost-startStop-1] org.apache.jasper.servlet.TldScanner.scanJars At least one JAR was scanned for TLDs yet contained no TLDs. Enable debug logging for this logger for a complete list of JARs that were scanned but no TLDs were found in them. Skipping unneeded JARs during scanning can improve startup time and JSP compilation time.
11-Apr-2024 19:02:11.834 INFO [localhost-startStop-1] org.apache.catalina.startup.HostConfig.deployDirectory Deployment of web application directory [D:\JavaSQL\Java8\apache-tomcat-8.5.24\webapps\Entrega] has finished in [22] ms
11-Apr-2024 19:02:11.834 INFO [localhost-startStop-1] org.apache.catalina.startup.HostConfig.deployDirectory Deploying web application directory [D:\JavaSQL\Java8\apache-tomcat-8.5.24\webapps\matrices8]
11-Apr-2024 19:02:11.857 INFO [localhost-startStop-1] org.apache.jasper.servlet.TldScanner.scanJars At least one JAR was scanned for TLDs yet contained no TLDs. Enable debug logging for this logger for a complete list of JARs that were scanned but no TLDs were found in them. Skipping unneeded JARs during scanning can improve startup time and JSP compilation time.
11-Apr-2024 19:02:11.858 INFO [localhost-startStop-1] org.apache.catalina.startup.HostConfig.deployDirectory Deployment of web application directory [D:\JavaSQL\Java8\apache-tomcat-8.5.24\webapps\matrices8] has finished in [24] ms
11-Apr-2024 19:02:11.859 INFO [localhost-startStop-1] org.apache.catalina.startup.HostConfig.deployDirectory Deploying web application directory [D:\JavaSQL\Java8\apache-tomcat-8.5.24\webapps\TD_E18]
11-Apr-2024 19:02:11.882 INFO [localhost-startStop-1] org.apache.jasper.servlet.TldScanner.scanJars At least one JAR was scanned for TLDs yet contained no TLDs. Enable debug logging for this logger for a complete list of JARs that were scanned but no TLDs were found in them. Skipping unneeded JARs during scanning can improve startup time and JSP compilation time.
11-Apr-2024 19:02:11.884 INFO [localhost-startStop-1] org.apache.catalina.startup.HostConfig.deployDirectory Deployment of web application directory [D:\JavaSQL\Java8\apache-tomcat-8.5.24\webapps\TD_E18] has finished in [26] ms
11-Apr-2024 19:02:11.884 INFO [localhost-startStop-1] org.apache.catalina.startup.HostConfig.deployDirectory Deploying web application directory [D:\JavaSQL\Java8\apache-tomcat-8.5.24\webapps\TB15]
11-Apr-2024 19:02:11.911 INFO [localhost-startStop-1] org.apache.jasper.servlet.TldScanner.scanJars At least one JAR was scanned for TLDs yet contained no TLDs. Enable debug logging for this logger for a complete list of JARs that were scanned but no TLDs were found in them. Skipping unneeded JARs during scanning can improve startup time and JSP compilation time.
11-Apr-2024 19:02:11.911 INFO [localhost-startStop-1] org.apache.catalina.startup.HostConfig.deployDirectory Deployment of web application directory [D:\JavaSQL\Java8\apache-tomcat-8.5.24\webapps\TB15] has finished in [27] ms
11-Apr-2024 19:02:11.911 INFO [localhost-startStop-1] org.apache.catalina.startup.HostConfig.deployDirectory Deploying web application directory [D:\JavaSQL\Java8\apache-tomcat-8.5.24\webapps\S2]
11-Apr-2024 19:02:11.930 INFO [localhost-startStop-1] org.apache.jasper.servlet.TldScanner.scanJars At least one JAR was scanned for TLDs yet contained no TLDs. Enable debug logging for this logger for a complete list of JARs that were scanned but no TLDs were found in them. Skipping unneeded JARs during scanning can improve startup time and JSP compilation time.
11-Apr-2024 19:02:11.932 INFO [localhost-startStop-1] org.apache.catalina.startup.HostConfig.deployDirectory Deployment of web application directory [D:\JavaSQL\Java8\apache-tomcat-8.5.24\webapps\S2] has finished in [21] ms
11-Apr-2024 19:02:11.932 INFO [localhost-startStop-1] org.apache.catalina.startup.HostConfig.deployDirectory Deploying web application directory [D:\JavaSQL\Java8\apache-tomcat-8.5.24\webapps\mock1]
11-Apr-2024 19:02:11.954 INFO [localhost-startStop-1] org.apache.jasper.servlet.TldScanner.scanJars At least one JAR was scanned for TLDs yet contained no TLDs. Enable debug logging for this logger for a complete list of JARs that were scanned but no TLDs were found in them. Skipping unneeded JARs during scanning can improve startup time and JSP compilation time.
11-Apr-2024 19:02:11.955 INFO [localhost-startStop-1] org.apache.catalina.startup.HostConfig.deployDirectory Deployment of web application directory [D:\JavaSQL\Java8\apache-tomcat-8.5.24\webapps\mock1] has finished in [23] ms
11-Apr-2024 19:02:11.956 INFO [localhost-startStop-1] org.apache.catalina.startup.HostConfig.deployDirectory Deploying web application directory [D:\JavaSQL\Java8\apache-tomcat-8.5.24\webapps\mock2]
11-Apr-2024 19:02:11.978 INFO [localhost-startStop-1] org.apache.jasper.servlet.TldScanner.scanJars At least one JAR was scanned for TLDs yet contained no TLDs. Enable debug logging for this logger for a complete list of JARs that were scanned but no TLDs were found in them. Skipping unneeded JARs during scanning can improve startup time and JSP compilation time.
11-Apr-2024 19:02:11.979 INFO [localhost-startStop-1] org.apache.catalina.startup.HostConfig.deployDirectory Deployment of web application directory [D:\JavaSQL\Java8\apache-tomcat-8.5.24\webapps\mock2] has finished in [24] ms
11-Apr-2024 19:02:11.979 INFO [localhost-startStop-1] org.apache.catalina.startup.HostConfig.deployDirectory Deploying web application directory [D:\JavaSQL\Java8\apache-tomcat-8.5.24\webapps\PEB2024]
11-Apr-2024 19:02:12.024 INFO [localhost-startStop-1] org.apache.jasper.servlet.TldScanner.scanJars At least one JAR was scanned for TLDs yet contained no TLDs. Enable debug logging for this logger for a complete list of JARs that were scanned but no TLDs were found in them. Skipping unneeded JARs during scanning can improve startup time and JSP compilation time.
11-Apr-2024 19:02:12.027 INFO [localhost-startStop-1] org.apache.catalina.startup.HostConfig.deployDirectory Deployment of web application directory [D:\JavaSQL\Java8\apache-tomcat-8.5.24\webapps\PEB2024] has finished in [48] ms
11-Apr-2024 19:02:12.031 INFO [main] org.apache.coyote.AbstractProtocol.start Starting ProtocolHandler ["http-nio-8082"]
11-Apr-2024 19:02:12.038 INFO [main] org.apache.coyote.AbstractProtocol.start Starting ProtocolHandler ["ajp-nio-8009"]
11-Apr-2024 19:02:12.041 INFO [main] org.apache.catalina.startup.Catalina.start Server startup in 870 ms
11-Apr-2024 19:05:22.788 INFO [main] org.apache.catalina.core.StandardServer.await A valid shutdown command was received via the shutdown port. Stopping the Server instance.
11-Apr-2024 19:05:22.788 INFO [main] org.apache.coyote.AbstractProtocol.pause Pausing ProtocolHandler ["http-nio-8082"]
11-Apr-2024 19:05:22.978 INFO [main] org.apache.coyote.AbstractProtocol.pause Pausing ProtocolHandler ["ajp-nio-8009"]
11-Apr-2024 19:05:23.119 INFO [main] org.apache.catalina.core.StandardService.stopInternal Stopping service [Catalina]
11-Apr-2024 19:05:23.178 INFO [main] org.apache.coyote.AbstractProtocol.stop Stopping ProtocolHandler ["http-nio-8082"]
11-Apr-2024 19:05:23.178 INFO [main] org.apache.coyote.AbstractProtocol.stop Stopping ProtocolHandler ["ajp-nio-8009"]
11-Apr-2024 19:05:23.188 INFO [main] org.apache.coyote.AbstractProtocol.destroy Destroying ProtocolHandler ["http-nio-8082"]
11-Apr-2024 19:05:23.189 INFO [main] org.apache.coyote.AbstractProtocol.destroy Destroying ProtocolHandler ["ajp-nio-8009"]
11-Apr-2024 19:05:24.717 INFO [main] org.apache.catalina.startup.VersionLoggerListener.log Server version:        Apache Tomcat/8.5.24
11-Apr-2024 19:05:24.717 INFO [main] org.apache.catalina.startup.VersionLoggerListener.log Server built:          Nov 27 2017 13:05:30 UTC
11-Apr-2024 19:05:24.717 INFO [main] org.apache.catalina.startup.VersionLoggerListener.log Server number:         8.5.24.0
11-Apr-2024 19:05:24.717 INFO [main] org.apache.catalina.startup.VersionLoggerListener.log OS Name:               Windows 10
11-Apr-2024 19:05:24.717 INFO [main] org.apache.catalina.startup.VersionLoggerListener.log OS Version:            10.0
11-Apr-2024 19:05:24.717 INFO [main] org.apache.catalina.startup.VersionLoggerListener.log Architecture:          x86
11-Apr-2024 19:05:24.717 INFO [main] org.apache.catalina.startup.VersionLoggerListener.log Java Home:             D:\JavaSQL\Java8\jdk1.8.0_131\jre
11-Apr-2024 19:05:24.717 INFO [main] org.apache.catalina.startup.VersionLoggerListener.log JVM Version:           1.8.0_131-b11
11-Apr-2024 19:05:24.717 INFO [main] org.apache.catalina.startup.VersionLoggerListener.log JVM Vendor:            Oracle Corporation
11-Apr-2024 19:05:24.717 INFO [main] org.apache.catalina.startup.VersionLoggerListener.log CATALINA_BASE:         D:\JavaSQL\Java8\apache-tomcat-8.5.24
11-Apr-2024 19:05:24.717 INFO [main] org.apache.catalina.startup.VersionLoggerListener.log CATALINA_HOME:         D:\JavaSQL\Java8\apache-tomcat-8.5.24
11-Apr-2024 19:05:24.717 INFO [main] org.apache.catalina.startup.VersionLoggerListener.log Command line argument: -Djava.util.logging.config.file=D:\JavaSQL\Java8\apache-tomcat-8.5.24\conf\logging.properties
11-Apr-2024 19:05:24.717 INFO [main] org.apache.catalina.startup.VersionLoggerListener.log Command line argument: -Djava.util.logging.manager=org.apache.juli.ClassLoaderLogManager
11-Apr-2024 19:05:24.717 INFO [main] org.apache.catalina.startup.VersionLoggerListener.log Command line argument: -Djdk.tls.ephemeralDHKeySize=2048
11-Apr-2024 19:05:24.717 INFO [main] org.apache.catalina.startup.VersionLoggerListener.log Command line argument: -Djava.protocol.handler.pkgs=org.apache.catalina.webresources
11-Apr-2024 19:05:24.717 INFO [main] org.apache.catalina.startup.VersionLoggerListener.log Command line argument: -Dignore.endorsed.dirs=
11-Apr-2024 19:05:24.717 INFO [main] org.apache.catalina.startup.VersionLoggerListener.log Command line argument: -Dcatalina.base=D:\JavaSQL\Java8\apache-tomcat-8.5.24
11-Apr-2024 19:05:24.717 INFO [main] org.apache.catalina.startup.VersionLoggerListener.log Command line argument: -Dcatalina.home=D:\JavaSQL\Java8\apache-tomcat-8.5.24
11-Apr-2024 19:05:24.717 INFO [main] org.apache.catalina.startup.VersionLoggerListener.log Command line argument: -Djava.io.tmpdir=D:\JavaSQL\Java8\apache-tomcat-8.5.24\temp
11-Apr-2024 19:05:24.717 INFO [main] org.apache.catalina.core.AprLifecycleListener.lifecycleEvent The APR based Apache Tomcat Native library which allows optimal performance in production environments was not found on the java.library.path: [D:\JavaSQL\Java8\jdk1.8.0_131\bin;C:\WINDOWS\Sun\Java\bin;C:\WINDOWS\system32;C:\WINDOWS;D:\JavaSQL\Java8\jdk1.8.0_131\bin;D:\JavaSQL\Java8\jdk1.8.0_131\db\bin;D:\JavaSQL\Java8\squirrelsql-4.0.0-standard;D:\JavaSQL\Java8\apache-tomcat-8.5.24\bin;C:\Program Files\IBM\ILOG\CPLEX_Studio1210\opl\bin\x64_win64;C:\Program Files\IBM\ILOG\CPLEX_Studio1210\opl\oplide\;C:\Program Files\IBM\ILOG\CPLEX_Studio1210\cplex\bin\x64_win64;C:\Program Files\IBM\ILOG\CPLEX_Studio1210\cpoptimizer\bin\x64_win64;C:\Programs\gurobi1001\win64\bin;C:\Program Files (x86)\NVIDIA Corporation\PhysX\Common;C:\Program Files (x86)\VMware\VMware Player\bin\;C:\Program Files\Eclipse Foundation\jdk-16.0.2.7-hotspot\bin;C:\Program Files\Python38\Scripts\;C:\Program Files\Python38\;C:\WINDOWS\system32;C:\WINDOWS;C:\WINDOWS\System32\Wbem;C:\WINDOWS\System32\WindowsPowerShell\v1.0\;C:\WINDOWS\System32\OpenSSH\;C:\Program Files\dotnet\;C:\Program Files\Microsoft SQL Server\130\Tools\Binn\;C:\Program Files (x86)\dotnet\;C:\Program Files\MATLAB\R2023a\runtime\win64;C:\Program Files\MATLAB\R2023a\bin;C:\Program Files\MATLAB\R2019a\bin;C:\Program Files (x86)\National Instruments\Shared\LabVIEW CLI;C:\Program Files (x86)\IVI Foundation\IVI\bin;C:\Program Files\IVI Foundation\IVI\bin;C:\Program Files (x86)\IVI Foundation\VISA\WinNT\Bin\;C:\Program Files\IVI Foundation\VISA\Win64\Bin\;C:\Program Files (x86)\IVI Foundation\VISA\WinNT\Bin;C:\Program Files\Microsoft SQL Server\Client SDK\ODBC\110\Tools\Binn\;C:\Program Files (x86)\Microsoft SQL Server\120\Tools\Binn\;C:\Program Files\Microsoft SQL Server\120\Tools\Binn\;C:\Program Files\Microsoft SQL Server\120\DTS\Binn\;C:\Program Files (x86)\Windows Kits\8.1\Windows Performance Toolkit\;C:\Program Files\Git\cmd;C:\Program Files\PuTTY\;C:\Program Files\Microsoft VS Code\bin;C:\Program Files\MiKTeX\miktex\bin\x64\;C:\Users\aerrigochan\AppData\Local\Microsoft\WindowsApps;;.]
11-Apr-2024 19:05:24.800 INFO [main] org.apache.coyote.AbstractProtocol.init Initializing ProtocolHandler ["http-nio-8082"]
11-Apr-2024 19:05:29.866 INFO [main] org.apache.tomcat.util.net.NioSelectorPool.getSharedSelector Using a shared selector for servlet write/read
11-Apr-2024 19:05:29.871 INFO [main] org.apache.coyote.AbstractProtocol.init Initializing ProtocolHandler ["ajp-nio-8009"]
11-Apr-2024 19:05:29.871 INFO [main] org.apache.tomcat.util.net.NioSelectorPool.getSharedSelector Using a shared selector for servlet write/read
11-Apr-2024 19:05:29.871 INFO [main] org.apache.catalina.startup.Catalina.load Initialization processed in 5394 ms
11-Apr-2024 19:05:29.894 INFO [main] org.apache.catalina.core.StandardService.startInternal Starting service [Catalina]
11-Apr-2024 19:05:29.895 INFO [main] org.apache.catalina.core.StandardEngine.startInternal Starting Servlet Engine: Apache Tomcat/8.5.24
11-Apr-2024 19:05:29.901 INFO [localhost-startStop-1] org.apache.catalina.startup.HostConfig.deployDirectory Deploying web application directory [D:\JavaSQL\Java8\apache-tomcat-8.5.24\webapps\docs]
11-Apr-2024 19:05:30.080 INFO [localhost-startStop-1] org.apache.jasper.servlet.TldScanner.scanJars At least one JAR was scanned for TLDs yet contained no TLDs. Enable debug logging for this logger for a complete list of JARs that were scanned but no TLDs were found in them. Skipping unneeded JARs during scanning can improve startup time and JSP compilation time.
11-Apr-2024 19:05:30.123 INFO [localhost-startStop-1] org.apache.catalina.startup.HostConfig.deployDirectory Deployment of web application directory [D:\JavaSQL\Java8\apache-tomcat-8.5.24\webapps\docs] has finished in [222] ms
11-Apr-2024 19:05:30.124 INFO [localhost-startStop-1] org.apache.catalina.startup.HostConfig.deployDirectory Deploying web application directory [D:\JavaSQL\Java8\apache-tomcat-8.5.24\webapps\examples]
11-Apr-2024 19:05:30.315 INFO [localhost-startStop-1] org.apache.jasper.servlet.TldScanner.scanJars At least one JAR was scanned for TLDs yet contained no TLDs. Enable debug logging for this logger for a complete list of JARs that were scanned but no TLDs were found in them. Skipping unneeded JARs during scanning can improve startup time and JSP compilation time.
11-Apr-2024 19:05:30.346 INFO [localhost-startStop-1] org.apache.catalina.startup.HostConfig.deployDirectory Deployment of web application directory [D:\JavaSQL\Java8\apache-tomcat-8.5.24\webapps\examples] has finished in [222] ms
11-Apr-2024 19:05:30.346 INFO [localhost-startStop-1] org.apache.catalina.startup.HostConfig.deployDirectory Deploying web application directory [D:\JavaSQL\Java8\apache-tomcat-8.5.24\webapps\host-manager]
11-Apr-2024 19:05:30.382 INFO [localhost-startStop-1] org.apache.jasper.servlet.TldScanner.scanJars At least one JAR was scanned for TLDs yet contained no TLDs. Enable debug logging for this logger for a complete list of JARs that were scanned but no TLDs were found in them. Skipping unneeded JARs during scanning can improve startup time and JSP compilation time.
11-Apr-2024 19:05:30.382 INFO [localhost-startStop-1] org.apache.catalina.startup.HostConfig.deployDirectory Deployment of web application directory [D:\JavaSQL\Java8\apache-tomcat-8.5.24\webapps\host-manager] has finished in [36] ms
11-Apr-2024 19:05:30.382 INFO [localhost-startStop-1] org.apache.catalina.startup.HostConfig.deployDirectory Deploying web application directory [D:\JavaSQL\Java8\apache-tomcat-8.5.24\webapps\ROOT]
11-Apr-2024 19:05:30.399 INFO [localhost-startStop-1] org.apache.jasper.servlet.TldScanner.scanJars At least one JAR was scanned for TLDs yet contained no TLDs. Enable debug logging for this logger for a complete list of JARs that were scanned but no TLDs were found in them. Skipping unneeded JARs during scanning can improve startup time and JSP compilation time.
11-Apr-2024 19:05:30.400 INFO [localhost-startStop-1] org.apache.catalina.startup.HostConfig.deployDirectory Deployment of web application directory [D:\JavaSQL\Java8\apache-tomcat-8.5.24\webapps\ROOT] has finished in [18] ms
11-Apr-2024 19:05:30.400 INFO [localhost-startStop-1] org.apache.catalina.startup.HostConfig.deployDirectory Deploying web application directory [D:\JavaSQL\Java8\apache-tomcat-8.5.24\webapps\SQLServer]
11-Apr-2024 19:05:30.421 INFO [localhost-startStop-1] org.apache.jasper.servlet.TldScanner.scanJars At least one JAR was scanned for TLDs yet contained no TLDs. Enable debug logging for this logger for a complete list of JARs that were scanned but no TLDs were found in them. Skipping unneeded JARs during scanning can improve startup time and JSP compilation time.
11-Apr-2024 19:05:30.421 INFO [localhost-startStop-1] org.apache.catalina.startup.HostConfig.deployDirectory Deployment of web application directory [D:\JavaSQL\Java8\apache-tomcat-8.5.24\webapps\SQLServer] has finished in [21] ms
11-Apr-2024 19:05:30.421 INFO [localhost-startStop-1] org.apache.catalina.startup.HostConfig.deployDirectory Deploying web application directory [D:\JavaSQL\Java8\apache-tomcat-8.5.24\webapps\Servlet1]
11-Apr-2024 19:05:30.438 INFO [localhost-startStop-1] org.apache.jasper.servlet.TldScanner.scanJars At least one JAR was scanned for TLDs yet contained no TLDs. Enable debug logging for this logger for a complete list of JARs that were scanned but no TLDs were found in them. Skipping unneeded JARs during scanning can improve startup time and JSP compilation time.
11-Apr-2024 19:05:30.438 INFO [localhost-startStop-1] org.apache.catalina.startup.HostConfig.deployDirectory Deployment of web application directory [D:\JavaSQL\Java8\apache-tomcat-8.5.24\webapps\Servlet1] has finished in [17] ms
11-Apr-2024 19:05:30.438 INFO [localhost-startStop-1] org.apache.catalina.startup.HostConfig.deployDirectory Deploying web application directory [D:\JavaSQL\Java8\apache-tomcat-8.5.24\webapps\Servlet2]
11-Apr-2024 19:05:30.463 INFO [localhost-startStop-1] org.apache.jasper.servlet.TldScanner.scanJars At least one JAR was scanned for TLDs yet contained no TLDs. Enable debug logging for this logger for a complete list of JARs that were scanned but no TLDs were found in them. Skipping unneeded JARs during scanning can improve startup time and JSP compilation time.
11-Apr-2024 19:05:30.464 INFO [localhost-startStop-1] org.apache.catalina.startup.HostConfig.deployDirectory Deployment of web application directory [D:\JavaSQL\Java8\apache-tomcat-8.5.24\webapps\Servlet2] has finished in [26] ms
11-Apr-2024 19:05:30.465 INFO [localhost-startStop-1] org.apache.catalina.startup.HostConfig.deployDirectory Deploying web application directory [D:\JavaSQL\Java8\apache-tomcat-8.5.24\webapps\Servlet3]
11-Apr-2024 19:05:30.481 INFO [localhost-startStop-1] org.apache.jasper.servlet.TldScanner.scanJars At least one JAR was scanned for TLDs yet contained no TLDs. Enable debug logging for this logger for a complete list of JARs that were scanned but no TLDs were found in them. Skipping unneeded JARs during scanning can improve startup time and JSP compilation time.
11-Apr-2024 19:05:30.481 INFO [localhost-startStop-1] org.apache.catalina.startup.HostConfig.deployDirectory Deployment of web application directory [D:\JavaSQL\Java8\apache-tomcat-8.5.24\webapps\Servlet3] has finished in [16] ms
11-Apr-2024 19:05:30.481 INFO [localhost-startStop-1] org.apache.catalina.startup.HostConfig.deployDirectory Deploying web application directory [D:\JavaSQL\Java8\apache-tomcat-8.5.24\webapps\Servlet4]
11-Apr-2024 19:05:30.501 INFO [localhost-startStop-1] org.apache.jasper.servlet.TldScanner.scanJars At least one JAR was scanned for TLDs yet contained no TLDs. Enable debug logging for this logger for a complete list of JARs that were scanned but no TLDs were found in them. Skipping unneeded JARs during scanning can improve startup time and JSP compilation time.
11-Apr-2024 19:05:30.502 INFO [localhost-startStop-1] org.apache.catalina.startup.HostConfig.deployDirectory Deployment of web application directory [D:\JavaSQL\Java8\apache-tomcat-8.5.24\webapps\Servlet4] has finished in [21] ms
11-Apr-2024 19:05:30.503 INFO [localhost-startStop-1] org.apache.catalina.startup.HostConfig.deployDirectory Deploying web application directory [D:\JavaSQL\Java8\apache-tomcat-8.5.24\webapps\Pract8]
11-Apr-2024 19:05:30.521 INFO [localhost-startStop-1] org.apache.jasper.servlet.TldScanner.scanJars At least one JAR was scanned for TLDs yet contained no TLDs. Enable debug logging for this logger for a complete list of JARs that were scanned but no TLDs were found in them. Skipping unneeded JARs during scanning can improve startup time and JSP compilation time.
11-Apr-2024 19:05:30.523 INFO [localhost-startStop-1] org.apache.catalina.startup.HostConfig.deployDirectory Deployment of web application directory [D:\JavaSQL\Java8\apache-tomcat-8.5.24\webapps\Pract8] has finished in [20] ms
11-Apr-2024 19:05:30.523 INFO [localhost-startStop-1] org.apache.catalina.startup.HostConfig.deployDirectory Deploying web application directory [D:\JavaSQL\Java8\apache-tomcat-8.5.24\webapps\Entrega]
11-Apr-2024 19:05:30.539 INFO [localhost-startStop-1] org.apache.jasper.servlet.TldScanner.scanJars At least one JAR was scanned for TLDs yet contained no TLDs. Enable debug logging for this logger for a complete list of JARs that were scanned but no TLDs were found in them. Skipping unneeded JARs during scanning can improve startup time and JSP compilation time.
11-Apr-2024 19:05:30.539 INFO [localhost-startStop-1] org.apache.catalina.startup.HostConfig.deployDirectory Deployment of web application directory [D:\JavaSQL\Java8\apache-tomcat-8.5.24\webapps\Entrega] has finished in [16] ms
11-Apr-2024 19:05:30.549 INFO [localhost-startStop-1] org.apache.catalina.startup.HostConfig.deployDirectory Deploying web application directory [D:\JavaSQL\Java8\apache-tomcat-8.5.24\webapps\matrices8]
11-Apr-2024 19:05:30.568 INFO [localhost-startStop-1] org.apache.jasper.servlet.TldScanner.scanJars At least one JAR was scanned for TLDs yet contained no TLDs. Enable debug logging for this logger for a complete list of JARs that were scanned but no TLDs were found in them. Skipping unneeded JARs during scanning can improve startup time and JSP compilation time.
11-Apr-2024 19:05:30.569 INFO [localhost-startStop-1] org.apache.catalina.startup.HostConfig.deployDirectory Deployment of web application directory [D:\JavaSQL\Java8\apache-tomcat-8.5.24\webapps\matrices8] has finished in [20] ms
11-Apr-2024 19:05:30.569 INFO [localhost-startStop-1] org.apache.catalina.startup.HostConfig.deployDirectory Deploying web application directory [D:\JavaSQL\Java8\apache-tomcat-8.5.24\webapps\TD_E18]
11-Apr-2024 19:05:30.595 INFO [localhost-startStop-1] org.apache.jasper.servlet.TldScanner.scanJars At least one JAR was scanned for TLDs yet contained no TLDs. Enable debug logging for this logger for a complete list of JARs that were scanned but no TLDs were found in them. Skipping unneeded JARs during scanning can improve startup time and JSP compilation time.
11-Apr-2024 19:05:30.596 INFO [localhost-startStop-1] org.apache.catalina.startup.HostConfig.deployDirectory Deployment of web application directory [D:\JavaSQL\Java8\apache-tomcat-8.5.24\webapps\TD_E18] has finished in [27] ms
11-Apr-2024 19:05:30.596 INFO [localhost-startStop-1] org.apache.catalina.startup.HostConfig.deployDirectory Deploying web application directory [D:\JavaSQL\Java8\apache-tomcat-8.5.24\webapps\TB15]
11-Apr-2024 19:05:30.622 INFO [localhost-startStop-1] org.apache.jasper.servlet.TldScanner.scanJars At least one JAR was scanned for TLDs yet contained no TLDs. Enable debug logging for this logger for a complete list of JARs that were scanned but no TLDs were found in them. Skipping unneeded JARs during scanning can improve startup time and JSP compilation time.
11-Apr-2024 19:05:30.624 INFO [localhost-startStop-1] org.apache.catalina.startup.HostConfig.deployDirectory Deployment of web application directory [D:\JavaSQL\Java8\apache-tomcat-8.5.24\webapps\TB15] has finished in [28] ms
11-Apr-2024 19:05:30.624 INFO [localhost-startStop-1] org.apache.catalina.startup.HostConfig.deployDirectory Deploying web application directory [D:\JavaSQL\Java8\apache-tomcat-8.5.24\webapps\S2]
11-Apr-2024 19:05:30.638 INFO [localhost-startStop-1] org.apache.jasper.servlet.TldScanner.scanJars At least one JAR was scanned for TLDs yet contained no TLDs. Enable debug logging for this logger for a complete list of JARs that were scanned but no TLDs were found in them. Skipping unneeded JARs during scanning can improve startup time and JSP compilation time.
11-Apr-2024 19:05:30.638 INFO [localhost-startStop-1] org.apache.catalina.startup.HostConfig.deployDirectory Deployment of web application directory [D:\JavaSQL\Java8\apache-tomcat-8.5.24\webapps\S2] has finished in [14] ms
11-Apr-2024 19:05:30.638 INFO [localhost-startStop-1] org.apache.catalina.startup.HostConfig.deployDirectory Deploying web application directory [D:\JavaSQL\Java8\apache-tomcat-8.5.24\webapps\mock1]
11-Apr-2024 19:05:30.661 INFO [localhost-startStop-1] org.apache.jasper.servlet.TldScanner.scanJars At least one JAR was scanned for TLDs yet contained no TLDs. Enable debug logging for this logger for a complete list of JARs that were scanned but no TLDs were found in them. Skipping unneeded JARs during scanning can improve startup time and JSP compilation time.
11-Apr-2024 19:05:30.663 INFO [localhost-startStop-1] org.apache.catalina.startup.HostConfig.deployDirectory Deployment of web application directory [D:\JavaSQL\Java8\apache-tomcat-8.5.24\webapps\mock1] has finished in [25] ms
11-Apr-2024 19:05:30.663 INFO [localhost-startStop-1] org.apache.catalina.startup.HostConfig.deployDirectory Deploying web application directory [D:\JavaSQL\Java8\apache-tomcat-8.5.24\webapps\mock2]
11-Apr-2024 19:05:30.681 INFO [localhost-startStop-1] org.apache.jasper.servlet.TldScanner.scanJars At least one JAR was scanned for TLDs yet contained no TLDs. Enable debug logging for this logger for a complete list of JARs that were scanned but no TLDs were found in them. Skipping unneeded JARs during scanning can improve startup time and JSP compilation time.
11-Apr-2024 19:05:30.688 INFO [localhost-startStop-1] org.apache.catalina.startup.HostConfig.deployDirectory Deployment of web application directory [D:\JavaSQL\Java8\apache-tomcat-8.5.24\webapps\mock2] has finished in [25] ms
11-Apr-2024 19:05:30.688 INFO [localhost-startStop-1] org.apache.catalina.startup.HostConfig.deployDirectory Deploying web application directory [D:\JavaSQL\Java8\apache-tomcat-8.5.24\webapps\PEB2024]
11-Apr-2024 19:05:30.739 INFO [localhost-startStop-1] org.apache.jasper.servlet.TldScanner.scanJars At least one JAR was scanned for TLDs yet contained no TLDs. Enable debug logging for this logger for a complete list of JARs that were scanned but no TLDs were found in them. Skipping unneeded JARs during scanning can improve startup time and JSP compilation time.
11-Apr-2024 19:05:30.742 INFO [localhost-startStop-1] org.apache.catalina.startup.HostConfig.deployDirectory Deployment of web application directory [D:\JavaSQL\Java8\apache-tomcat-8.5.24\webapps\PEB2024] has finished in [54] ms
11-Apr-2024 19:05:30.746 INFO [main] org.apache.coyote.AbstractProtocol.start Starting ProtocolHandler ["http-nio-8082"]
11-Apr-2024 19:05:30.753 INFO [main] org.apache.coyote.AbstractProtocol.start Starting ProtocolHandler ["ajp-nio-8009"]
11-Apr-2024 19:05:30.755 INFO [main] org.apache.catalina.startup.Catalina.start Server startup in 880 ms
11-Apr-2024 19:07:49.801 INFO [main] org.apache.catalina.core.StandardServer.await A valid shutdown command was received via the shutdown port. Stopping the Server instance.
11-Apr-2024 19:07:49.801 INFO [main] org.apache.coyote.AbstractProtocol.pause Pausing ProtocolHandler ["http-nio-8082"]
11-Apr-2024 19:07:50.006 INFO [main] org.apache.coyote.AbstractProtocol.pause Pausing ProtocolHandler ["ajp-nio-8009"]
11-Apr-2024 19:07:50.206 INFO [main] org.apache.catalina.core.StandardService.stopInternal Stopping service [Catalina]
11-Apr-2024 19:07:50.266 INFO [main] org.apache.coyote.AbstractProtocol.stop Stopping ProtocolHandler ["http-nio-8082"]
11-Apr-2024 19:07:50.266 INFO [main] org.apache.coyote.AbstractProtocol.stop Stopping ProtocolHandler ["ajp-nio-8009"]
11-Apr-2024 19:07:50.266 INFO [main] org.apache.coyote.AbstractProtocol.destroy Destroying ProtocolHandler ["http-nio-8082"]
11-Apr-2024 19:07:50.266 INFO [main] org.apache.coyote.AbstractProtocol.destroy Destroying ProtocolHandler ["ajp-nio-8009"]
11-Apr-2024 19:07:51.203 INFO [main] org.apache.catalina.startup.VersionLoggerListener.log Server version:        Apache Tomcat/8.5.24
11-Apr-2024 19:07:51.203 INFO [main] org.apache.catalina.startup.VersionLoggerListener.log Server built:          Nov 27 2017 13:05:30 UTC
11-Apr-2024 19:07:51.203 INFO [main] org.apache.catalina.startup.VersionLoggerListener.log Server number:         8.5.24.0
11-Apr-2024 19:07:51.203 INFO [main] org.apache.catalina.startup.VersionLoggerListener.log OS Name:               Windows 10
11-Apr-2024 19:07:51.203 INFO [main] org.apache.catalina.startup.VersionLoggerListener.log OS Version:            10.0
11-Apr-2024 19:07:51.203 INFO [main] org.apache.catalina.startup.VersionLoggerListener.log Architecture:          x86
11-Apr-2024 19:07:51.203 INFO [main] org.apache.catalina.startup.VersionLoggerListener.log Java Home:             D:\JavaSQL\Java8\jdk1.8.0_131\jre
11-Apr-2024 19:07:51.203 INFO [main] org.apache.catalina.startup.VersionLoggerListener.log JVM Version:           1.8.0_131-b11
11-Apr-2024 19:07:51.213 INFO [main] org.apache.catalina.startup.VersionLoggerListener.log JVM Vendor:            Oracle Corporation
11-Apr-2024 19:07:51.213 INFO [main] org.apache.catalina.startup.VersionLoggerListener.log CATALINA_BASE:         D:\JavaSQL\Java8\apache-tomcat-8.5.24
11-Apr-2024 19:07:51.213 INFO [main] org.apache.catalina.startup.VersionLoggerListener.log CATALINA_HOME:         D:\JavaSQL\Java8\apache-tomcat-8.5.24
11-Apr-2024 19:07:51.213 INFO [main] org.apache.catalina.startup.VersionLoggerListener.log Command line argument: -Djava.util.logging.config.file=D:\JavaSQL\Java8\apache-tomcat-8.5.24\conf\logging.properties
11-Apr-2024 19:07:51.213 INFO [main] org.apache.catalina.startup.VersionLoggerListener.log Command line argument: -Djava.util.logging.manager=org.apache.juli.ClassLoaderLogManager
11-Apr-2024 19:07:51.213 INFO [main] org.apache.catalina.startup.VersionLoggerListener.log Command line argument: -Djdk.tls.ephemeralDHKeySize=2048
11-Apr-2024 19:07:51.213 INFO [main] org.apache.catalina.startup.VersionLoggerListener.log Command line argument: -Djava.protocol.handler.pkgs=org.apache.catalina.webresources
11-Apr-2024 19:07:51.213 INFO [main] org.apache.catalina.startup.VersionLoggerListener.log Command line argument: -Dignore.endorsed.dirs=
11-Apr-2024 19:07:51.213 INFO [main] org.apache.catalina.startup.VersionLoggerListener.log Command line argument: -Dcatalina.base=D:\JavaSQL\Java8\apache-tomcat-8.5.24
11-Apr-2024 19:07:51.213 INFO [main] org.apache.catalina.startup.VersionLoggerListener.log Command line argument: -Dcatalina.home=D:\JavaSQL\Java8\apache-tomcat-8.5.24
11-Apr-2024 19:07:51.213 INFO [main] org.apache.catalina.startup.VersionLoggerListener.log Command line argument: -Djava.io.tmpdir=D:\JavaSQL\Java8\apache-tomcat-8.5.24\temp
11-Apr-2024 19:07:51.213 INFO [main] org.apache.catalina.core.AprLifecycleListener.lifecycleEvent The APR based Apache Tomcat Native library which allows optimal performance in production environments was not found on the java.library.path: [D:\JavaSQL\Java8\jdk1.8.0_131\bin;C:\WINDOWS\Sun\Java\bin;C:\WINDOWS\system32;C:\WINDOWS;D:\JavaSQL\Java8\jdk1.8.0_131\bin;D:\JavaSQL\Java8\jdk1.8.0_131\db\bin;D:\JavaSQL\Java8\squirrelsql-4.0.0-standard;D:\JavaSQL\Java8\apache-tomcat-8.5.24\bin;C:\Program Files\IBM\ILOG\CPLEX_Studio1210\opl\bin\x64_win64;C:\Program Files\IBM\ILOG\CPLEX_Studio1210\opl\oplide\;C:\Program Files\IBM\ILOG\CPLEX_Studio1210\cplex\bin\x64_win64;C:\Program Files\IBM\ILOG\CPLEX_Studio1210\cpoptimizer\bin\x64_win64;C:\Programs\gurobi1001\win64\bin;C:\Program Files (x86)\NVIDIA Corporation\PhysX\Common;C:\Program Files (x86)\VMware\VMware Player\bin\;C:\Program Files\Eclipse Foundation\jdk-16.0.2.7-hotspot\bin;C:\Program Files\Python38\Scripts\;C:\Program Files\Python38\;C:\WINDOWS\system32;C:\WINDOWS;C:\WINDOWS\System32\Wbem;C:\WINDOWS\System32\WindowsPowerShell\v1.0\;C:\WINDOWS\System32\OpenSSH\;C:\Program Files\dotnet\;C:\Program Files\Microsoft SQL Server\130\Tools\Binn\;C:\Program Files (x86)\dotnet\;C:\Program Files\MATLAB\R2023a\runtime\win64;C:\Program Files\MATLAB\R2023a\bin;C:\Program Files\MATLAB\R2019a\bin;C:\Program Files (x86)\National Instruments\Shared\LabVIEW CLI;C:\Program Files (x86)\IVI Foundation\IVI\bin;C:\Program Files\IVI Foundation\IVI\bin;C:\Program Files (x86)\IVI Foundation\VISA\WinNT\Bin\;C:\Program Files\IVI Foundation\VISA\Win64\Bin\;C:\Program Files (x86)\IVI Foundation\VISA\WinNT\Bin;C:\Program Files\Microsoft SQL Server\Client SDK\ODBC\110\Tools\Binn\;C:\Program Files (x86)\Microsoft SQL Server\120\Tools\Binn\;C:\Program Files\Microsoft SQL Server\120\Tools\Binn\;C:\Program Files\Microsoft SQL Server\120\DTS\Binn\;C:\Program Files (x86)\Windows Kits\8.1\Windows Performance Toolkit\;C:\Program Files\Git\cmd;C:\Program Files\PuTTY\;C:\Program Files\Microsoft VS Code\bin;C:\Program Files\MiKTeX\miktex\bin\x64\;C:\Users\aerrigochan\AppData\Local\Microsoft\WindowsApps;;.]
11-Apr-2024 19:07:51.283 INFO [main] org.apache.coyote.AbstractProtocol.init Initializing ProtocolHandler ["http-nio-8082"]
11-Apr-2024 19:07:56.344 INFO [main] org.apache.tomcat.util.net.NioSelectorPool.getSharedSelector Using a shared selector for servlet write/read
11-Apr-2024 19:07:56.354 INFO [main] org.apache.coyote.AbstractProtocol.init Initializing ProtocolHandler ["ajp-nio-8009"]
11-Apr-2024 19:07:56.356 INFO [main] org.apache.tomcat.util.net.NioSelectorPool.getSharedSelector Using a shared selector for servlet write/read
11-Apr-2024 19:07:56.357 INFO [main] org.apache.catalina.startup.Catalina.load Initialization processed in 5372 ms
11-Apr-2024 19:07:56.368 INFO [main] org.apache.catalina.core.StandardService.startInternal Starting service [Catalina]
11-Apr-2024 19:07:56.368 INFO [main] org.apache.catalina.core.StandardEngine.startInternal Starting Servlet Engine: Apache Tomcat/8.5.24
11-Apr-2024 19:07:56.384 INFO [localhost-startStop-1] org.apache.catalina.startup.HostConfig.deployDirectory Deploying web application directory [D:\JavaSQL\Java8\apache-tomcat-8.5.24\webapps\docs]
11-Apr-2024 19:07:56.572 INFO [localhost-startStop-1] org.apache.jasper.servlet.TldScanner.scanJars At least one JAR was scanned for TLDs yet contained no TLDs. Enable debug logging for this logger for a complete list of JARs that were scanned but no TLDs were found in them. Skipping unneeded JARs during scanning can improve startup time and JSP compilation time.
11-Apr-2024 19:07:56.601 INFO [localhost-startStop-1] org.apache.catalina.startup.HostConfig.deployDirectory Deployment of web application directory [D:\JavaSQL\Java8\apache-tomcat-8.5.24\webapps\docs] has finished in [217] ms
11-Apr-2024 19:07:56.611 INFO [localhost-startStop-1] org.apache.catalina.startup.HostConfig.deployDirectory Deploying web application directory [D:\JavaSQL\Java8\apache-tomcat-8.5.24\webapps\examples]
11-Apr-2024 19:07:56.811 INFO [localhost-startStop-1] org.apache.jasper.servlet.TldScanner.scanJars At least one JAR was scanned for TLDs yet contained no TLDs. Enable debug logging for this logger for a complete list of JARs that were scanned but no TLDs were found in them. Skipping unneeded JARs during scanning can improve startup time and JSP compilation time.
11-Apr-2024 19:07:56.837 INFO [localhost-startStop-1] org.apache.catalina.startup.HostConfig.deployDirectory Deployment of web application directory [D:\JavaSQL\Java8\apache-tomcat-8.5.24\webapps\examples] has finished in [226] ms
11-Apr-2024 19:07:56.837 INFO [localhost-startStop-1] org.apache.catalina.startup.HostConfig.deployDirectory Deploying web application directory [D:\JavaSQL\Java8\apache-tomcat-8.5.24\webapps\host-manager]
11-Apr-2024 19:07:56.878 INFO [localhost-startStop-1] org.apache.jasper.servlet.TldScanner.scanJars At least one JAR was scanned for TLDs yet contained no TLDs. Enable debug logging for this logger for a complete list of JARs that were scanned but no TLDs were found in them. Skipping unneeded JARs during scanning can improve startup time and JSP compilation time.
11-Apr-2024 19:07:56.878 INFO [localhost-startStop-1] org.apache.catalina.startup.HostConfig.deployDirectory Deployment of web application directory [D:\JavaSQL\Java8\apache-tomcat-8.5.24\webapps\host-manager] has finished in [41] ms
11-Apr-2024 19:07:56.878 INFO [localhost-startStop-1] org.apache.catalina.startup.HostConfig.deployDirectory Deploying web application directory [D:\JavaSQL\Java8\apache-tomcat-8.5.24\webapps\ROOT]
11-Apr-2024 19:07:56.899 INFO [localhost-startStop-1] org.apache.jasper.servlet.TldScanner.scanJars At least one JAR was scanned for TLDs yet contained no TLDs. Enable debug logging for this logger for a complete list of JARs that were scanned but no TLDs were found in them. Skipping unneeded JARs during scanning can improve startup time and JSP compilation time.
11-Apr-2024 19:07:56.901 INFO [localhost-startStop-1] org.apache.catalina.startup.HostConfig.deployDirectory Deployment of web application directory [D:\JavaSQL\Java8\apache-tomcat-8.5.24\webapps\ROOT] has finished in [23] ms
11-Apr-2024 19:07:56.901 INFO [localhost-startStop-1] org.apache.catalina.startup.HostConfig.deployDirectory Deploying web application directory [D:\JavaSQL\Java8\apache-tomcat-8.5.24\webapps\SQLServer]
11-Apr-2024 19:07:56.923 INFO [localhost-startStop-1] org.apache.jasper.servlet.TldScanner.scanJars At least one JAR was scanned for TLDs yet contained no TLDs. Enable debug logging for this logger for a complete list of JARs that were scanned but no TLDs were found in them. Skipping unneeded JARs during scanning can improve startup time and JSP compilation time.
11-Apr-2024 19:07:56.926 INFO [localhost-startStop-1] org.apache.catalina.startup.HostConfig.deployDirectory Deployment of web application directory [D:\JavaSQL\Java8\apache-tomcat-8.5.24\webapps\SQLServer] has finished in [25] ms
11-Apr-2024 19:07:56.927 INFO [localhost-startStop-1] org.apache.catalina.startup.HostConfig.deployDirectory Deploying web application directory [D:\JavaSQL\Java8\apache-tomcat-8.5.24\webapps\Servlet1]
11-Apr-2024 19:07:56.937 INFO [localhost-startStop-1] org.apache.jasper.servlet.TldScanner.scanJars At least one JAR was scanned for TLDs yet contained no TLDs. Enable debug logging for this logger for a complete list of JARs that were scanned but no TLDs were found in them. Skipping unneeded JARs during scanning can improve startup time and JSP compilation time.
11-Apr-2024 19:07:56.947 INFO [localhost-startStop-1] org.apache.catalina.startup.HostConfig.deployDirectory Deployment of web application directory [D:\JavaSQL\Java8\apache-tomcat-8.5.24\webapps\Servlet1] has finished in [20] ms
11-Apr-2024 19:07:56.947 INFO [localhost-startStop-1] org.apache.catalina.startup.HostConfig.deployDirectory Deploying web application directory [D:\JavaSQL\Java8\apache-tomcat-8.5.24\webapps\Servlet2]
11-Apr-2024 19:07:56.968 INFO [localhost-startStop-1] org.apache.jasper.servlet.TldScanner.scanJars At least one JAR was scanned for TLDs yet contained no TLDs. Enable debug logging for this logger for a complete list of JARs that were scanned but no TLDs were found in them. Skipping unneeded JARs during scanning can improve startup time and JSP compilation time.
11-Apr-2024 19:07:56.968 INFO [localhost-startStop-1] org.apache.catalina.startup.HostConfig.deployDirectory Deployment of web application directory [D:\JavaSQL\Java8\apache-tomcat-8.5.24\webapps\Servlet2] has finished in [21] ms
11-Apr-2024 19:07:56.968 INFO [localhost-startStop-1] org.apache.catalina.startup.HostConfig.deployDirectory Deploying web application directory [D:\JavaSQL\Java8\apache-tomcat-8.5.24\webapps\Servlet3]
11-Apr-2024 19:07:56.991 INFO [localhost-startStop-1] org.apache.jasper.servlet.TldScanner.scanJars At least one JAR was scanned for TLDs yet contained no TLDs. Enable debug logging for this logger for a complete list of JARs that were scanned but no TLDs were found in them. Skipping unneeded JARs during scanning can improve startup time and JSP compilation time.
11-Apr-2024 19:07:56.992 INFO [localhost-startStop-1] org.apache.catalina.startup.HostConfig.deployDirectory Deployment of web application directory [D:\JavaSQL\Java8\apache-tomcat-8.5.24\webapps\Servlet3] has finished in [24] ms
11-Apr-2024 19:07:56.993 INFO [localhost-startStop-1] org.apache.catalina.startup.HostConfig.deployDirectory Deploying web application directory [D:\JavaSQL\Java8\apache-tomcat-8.5.24\webapps\Servlet4]
11-Apr-2024 19:07:57.001 INFO [localhost-startStop-1] org.apache.jasper.servlet.TldScanner.scanJars At least one JAR was scanned for TLDs yet contained no TLDs. Enable debug logging for this logger for a complete list of JARs that were scanned but no TLDs were found in them. Skipping unneeded JARs during scanning can improve startup time and JSP compilation time.
11-Apr-2024 19:07:57.011 INFO [localhost-startStop-1] org.apache.catalina.startup.HostConfig.deployDirectory Deployment of web application directory [D:\JavaSQL\Java8\apache-tomcat-8.5.24\webapps\Servlet4] has finished in [18] ms
11-Apr-2024 19:07:57.011 INFO [localhost-startStop-1] org.apache.catalina.startup.HostConfig.deployDirectory Deploying web application directory [D:\JavaSQL\Java8\apache-tomcat-8.5.24\webapps\Pract8]
11-Apr-2024 19:07:57.032 INFO [localhost-startStop-1] org.apache.jasper.servlet.TldScanner.scanJars At least one JAR was scanned for TLDs yet contained no TLDs. Enable debug logging for this logger for a complete list of JARs that were scanned but no TLDs were found in them. Skipping unneeded JARs during scanning can improve startup time and JSP compilation time.
11-Apr-2024 19:07:57.034 INFO [localhost-startStop-1] org.apache.catalina.startup.HostConfig.deployDirectory Deployment of web application directory [D:\JavaSQL\Java8\apache-tomcat-8.5.24\webapps\Pract8] has finished in [23] ms
11-Apr-2024 19:07:57.034 INFO [localhost-startStop-1] org.apache.catalina.startup.HostConfig.deployDirectory Deploying web application directory [D:\JavaSQL\Java8\apache-tomcat-8.5.24\webapps\Entrega]
11-Apr-2024 19:07:57.060 INFO [localhost-startStop-1] org.apache.jasper.servlet.TldScanner.scanJars At least one JAR was scanned for TLDs yet contained no TLDs. Enable debug logging for this logger for a complete list of JARs that were scanned but no TLDs were found in them. Skipping unneeded JARs during scanning can improve startup time and JSP compilation time.
11-Apr-2024 19:07:57.061 INFO [localhost-startStop-1] org.apache.catalina.startup.HostConfig.deployDirectory Deployment of web application directory [D:\JavaSQL\Java8\apache-tomcat-8.5.24\webapps\Entrega] has finished in [27] ms
11-Apr-2024 19:07:57.062 INFO [localhost-startStop-1] org.apache.catalina.startup.HostConfig.deployDirectory Deploying web application directory [D:\JavaSQL\Java8\apache-tomcat-8.5.24\webapps\matrices8]
11-Apr-2024 19:07:57.078 INFO [localhost-startStop-1] org.apache.jasper.servlet.TldScanner.scanJars At least one JAR was scanned for TLDs yet contained no TLDs. Enable debug logging for this logger for a complete list of JARs that were scanned but no TLDs were found in them. Skipping unneeded JARs during scanning can improve startup time and JSP compilation time.
11-Apr-2024 19:07:57.086 INFO [localhost-startStop-1] org.apache.catalina.startup.HostConfig.deployDirectory Deployment of web application directory [D:\JavaSQL\Java8\apache-tomcat-8.5.24\webapps\matrices8] has finished in [23] ms
11-Apr-2024 19:07:57.086 INFO [localhost-startStop-1] org.apache.catalina.startup.HostConfig.deployDirectory Deploying web application directory [D:\JavaSQL\Java8\apache-tomcat-8.5.24\webapps\TD_E18]
11-Apr-2024 19:07:57.112 INFO [localhost-startStop-1] org.apache.jasper.servlet.TldScanner.scanJars At least one JAR was scanned for TLDs yet contained no TLDs. Enable debug logging for this logger for a complete list of JARs that were scanned but no TLDs were found in them. Skipping unneeded JARs during scanning can improve startup time and JSP compilation time.
11-Apr-2024 19:07:57.112 INFO [localhost-startStop-1] org.apache.catalina.startup.HostConfig.deployDirectory Deployment of web application directory [D:\JavaSQL\Java8\apache-tomcat-8.5.24\webapps\TD_E18] has finished in [26] ms
11-Apr-2024 19:07:57.112 INFO [localhost-startStop-1] org.apache.catalina.startup.HostConfig.deployDirectory Deploying web application directory [D:\JavaSQL\Java8\apache-tomcat-8.5.24\webapps\TB15]
11-Apr-2024 19:07:57.137 INFO [localhost-startStop-1] org.apache.jasper.servlet.TldScanner.scanJars At least one JAR was scanned for TLDs yet contained no TLDs. Enable debug logging for this logger for a complete list of JARs that were scanned but no TLDs were found in them. Skipping unneeded JARs during scanning can improve startup time and JSP compilation time.
11-Apr-2024 19:07:57.137 INFO [localhost-startStop-1] org.apache.catalina.startup.HostConfig.deployDirectory Deployment of web application directory [D:\JavaSQL\Java8\apache-tomcat-8.5.24\webapps\TB15] has finished in [25] ms
11-Apr-2024 19:07:57.137 INFO [localhost-startStop-1] org.apache.catalina.startup.HostConfig.deployDirectory Deploying web application directory [D:\JavaSQL\Java8\apache-tomcat-8.5.24\webapps\S2]
11-Apr-2024 19:07:57.163 INFO [localhost-startStop-1] org.apache.jasper.servlet.TldScanner.scanJars At least one JAR was scanned for TLDs yet contained no TLDs. Enable debug logging for this logger for a complete list of JARs that were scanned but no TLDs were found in them. Skipping unneeded JARs during scanning can improve startup time and JSP compilation time.
11-Apr-2024 19:07:57.164 INFO [localhost-startStop-1] org.apache.catalina.startup.HostConfig.deployDirectory Deployment of web application directory [D:\JavaSQL\Java8\apache-tomcat-8.5.24\webapps\S2] has finished in [27] ms
11-Apr-2024 19:07:57.165 INFO [localhost-startStop-1] org.apache.catalina.startup.HostConfig.deployDirectory Deploying web application directory [D:\JavaSQL\Java8\apache-tomcat-8.5.24\webapps\mock1]
11-Apr-2024 19:07:57.184 INFO [localhost-startStop-1] org.apache.jasper.servlet.TldScanner.scanJars At least one JAR was scanned for TLDs yet contained no TLDs. Enable debug logging for this logger for a complete list of JARs that were scanned but no TLDs were found in them. Skipping unneeded JARs during scanning can improve startup time and JSP compilation time.
11-Apr-2024 19:07:57.184 INFO [localhost-startStop-1] org.apache.catalina.startup.HostConfig.deployDirectory Deployment of web application directory [D:\JavaSQL\Java8\apache-tomcat-8.5.24\webapps\mock1] has finished in [19] ms
11-Apr-2024 19:07:57.184 INFO [localhost-startStop-1] org.apache.catalina.startup.HostConfig.deployDirectory Deploying web application directory [D:\JavaSQL\Java8\apache-tomcat-8.5.24\webapps\mock2]
11-Apr-2024 19:07:57.211 INFO [localhost-startStop-1] org.apache.jasper.servlet.TldScanner.scanJars At least one JAR was scanned for TLDs yet contained no TLDs. Enable debug logging for this logger for a complete list of JARs that were scanned but no TLDs were found in them. Skipping unneeded JARs during scanning can improve startup time and JSP compilation time.
11-Apr-2024 19:07:57.211 INFO [localhost-startStop-1] org.apache.catalina.startup.HostConfig.deployDirectory Deployment of web application directory [D:\JavaSQL\Java8\apache-tomcat-8.5.24\webapps\mock2] has finished in [27] ms
11-Apr-2024 19:07:57.211 INFO [localhost-startStop-1] org.apache.catalina.startup.HostConfig.deployDirectory Deploying web application directory [D:\JavaSQL\Java8\apache-tomcat-8.5.24\webapps\PEB2024]
11-Apr-2024 19:07:57.260 INFO [localhost-startStop-1] org.apache.jasper.servlet.TldScanner.scanJars At least one JAR was scanned for TLDs yet contained no TLDs. Enable debug logging for this logger for a complete list of JARs that were scanned but no TLDs were found in them. Skipping unneeded JARs during scanning can improve startup time and JSP compilation time.
11-Apr-2024 19:07:57.262 INFO [localhost-startStop-1] org.apache.catalina.startup.HostConfig.deployDirectory Deployment of web application directory [D:\JavaSQL\Java8\apache-tomcat-8.5.24\webapps\PEB2024] has finished in [51] ms
11-Apr-2024 19:07:57.267 INFO [main] org.apache.coyote.AbstractProtocol.start Starting ProtocolHandler ["http-nio-8082"]
11-Apr-2024 19:07:57.274 INFO [main] org.apache.coyote.AbstractProtocol.start Starting ProtocolHandler ["ajp-nio-8009"]
11-Apr-2024 19:07:57.277 INFO [main] org.apache.catalina.startup.Catalina.start Server startup in 920 ms
11-Apr-2024 19:16:01.173 INFO [main] org.apache.catalina.core.StandardServer.await A valid shutdown command was received via the shutdown port. Stopping the Server instance.
11-Apr-2024 19:16:01.173 INFO [main] org.apache.coyote.AbstractProtocol.pause Pausing ProtocolHandler ["http-nio-8082"]
11-Apr-2024 19:16:01.373 INFO [main] org.apache.coyote.AbstractProtocol.pause Pausing ProtocolHandler ["ajp-nio-8009"]
11-Apr-2024 19:16:01.564 INFO [main] org.apache.catalina.core.StandardService.stopInternal Stopping service [Catalina]
11-Apr-2024 19:16:01.613 INFO [main] org.apache.coyote.AbstractProtocol.stop Stopping ProtocolHandler ["http-nio-8082"]
11-Apr-2024 19:16:01.613 INFO [main] org.apache.coyote.AbstractProtocol.stop Stopping ProtocolHandler ["ajp-nio-8009"]
11-Apr-2024 19:16:01.624 INFO [main] org.apache.coyote.AbstractProtocol.destroy Destroying ProtocolHandler ["http-nio-8082"]
11-Apr-2024 19:16:01.624 INFO [main] org.apache.coyote.AbstractProtocol.destroy Destroying ProtocolHandler ["ajp-nio-8009"]
11-Apr-2024 19:16:09.312 INFO [main] org.apache.catalina.startup.VersionLoggerListener.log Server version:        Apache Tomcat/8.5.24
11-Apr-2024 19:16:09.312 INFO [main] org.apache.catalina.startup.VersionLoggerListener.log Server built:          Nov 27 2017 13:05:30 UTC
11-Apr-2024 19:16:09.312 INFO [main] org.apache.catalina.startup.VersionLoggerListener.log Server number:         8.5.24.0
11-Apr-2024 19:16:09.312 INFO [main] org.apache.catalina.startup.VersionLoggerListener.log OS Name:               Windows 10
11-Apr-2024 19:16:09.312 INFO [main] org.apache.catalina.startup.VersionLoggerListener.log OS Version:            10.0
11-Apr-2024 19:16:09.312 INFO [main] org.apache.catalina.startup.VersionLoggerListener.log Architecture:          x86
11-Apr-2024 19:16:09.312 INFO [main] org.apache.catalina.startup.VersionLoggerListener.log Java Home:             D:\JavaSQL\Java8\jdk1.8.0_131\jre
11-Apr-2024 19:16:09.312 INFO [main] org.apache.catalina.startup.VersionLoggerListener.log JVM Version:           1.8.0_131-b11
11-Apr-2024 19:16:09.312 INFO [main] org.apache.catalina.startup.VersionLoggerListener.log JVM Vendor:            Oracle Corporation
11-Apr-2024 19:16:09.312 INFO [main] org.apache.catalina.startup.VersionLoggerListener.log CATALINA_BASE:         D:\JavaSQL\Java8\apache-tomcat-8.5.24
11-Apr-2024 19:16:09.312 INFO [main] org.apache.catalina.startup.VersionLoggerListener.log CATALINA_HOME:         D:\JavaSQL\Java8\apache-tomcat-8.5.24
11-Apr-2024 19:16:09.312 INFO [main] org.apache.catalina.startup.VersionLoggerListener.log Command line argument: -Djava.util.logging.config.file=D:\JavaSQL\Java8\apache-tomcat-8.5.24\conf\logging.properties
11-Apr-2024 19:16:09.312 INFO [main] org.apache.catalina.startup.VersionLoggerListener.log Command line argument: -Djava.util.logging.manager=org.apache.juli.ClassLoaderLogManager
11-Apr-2024 19:16:09.312 INFO [main] org.apache.catalina.startup.VersionLoggerListener.log Command line argument: -Djdk.tls.ephemeralDHKeySize=2048
11-Apr-2024 19:16:09.312 INFO [main] org.apache.catalina.startup.VersionLoggerListener.log Command line argument: -Djava.protocol.handler.pkgs=org.apache.catalina.webresources
11-Apr-2024 19:16:09.312 INFO [main] org.apache.catalina.startup.VersionLoggerListener.log Command line argument: -Dignore.endorsed.dirs=
11-Apr-2024 19:16:09.312 INFO [main] org.apache.catalina.startup.VersionLoggerListener.log Command line argument: -Dcatalina.base=D:\JavaSQL\Java8\apache-tomcat-8.5.24
11-Apr-2024 19:16:09.312 INFO [main] org.apache.catalina.startup.VersionLoggerListener.log Command line argument: -Dcatalina.home=D:\JavaSQL\Java8\apache-tomcat-8.5.24
11-Apr-2024 19:16:09.312 INFO [main] org.apache.catalina.startup.VersionLoggerListener.log Command line argument: -Djava.io.tmpdir=D:\JavaSQL\Java8\apache-tomcat-8.5.24\temp
11-Apr-2024 19:16:09.312 INFO [main] org.apache.catalina.core.AprLifecycleListener.lifecycleEvent The APR based Apache Tomcat Native library which allows optimal performance in production environments was not found on the java.library.path: [D:\JavaSQL\Java8\jdk1.8.0_131\bin;C:\WINDOWS\Sun\Java\bin;C:\WINDOWS\system32;C:\WINDOWS;D:\JavaSQL\Java8\jdk1.8.0_131\bin;D:\JavaSQL\Java8\jdk1.8.0_131\db\bin;D:\JavaSQL\Java8\squirrelsql-4.0.0-standard;D:\JavaSQL\Java8\apache-tomcat-8.5.24\bin;C:\Program Files\IBM\ILOG\CPLEX_Studio1210\opl\bin\x64_win64;C:\Program Files\IBM\ILOG\CPLEX_Studio1210\opl\oplide\;C:\Program Files\IBM\ILOG\CPLEX_Studio1210\cplex\bin\x64_win64;C:\Program Files\IBM\ILOG\CPLEX_Studio1210\cpoptimizer\bin\x64_win64;C:\Programs\gurobi1001\win64\bin;C:\Program Files (x86)\NVIDIA Corporation\PhysX\Common;C:\Program Files (x86)\VMware\VMware Player\bin\;C:\Program Files\Eclipse Foundation\jdk-16.0.2.7-hotspot\bin;C:\Program Files\Python38\Scripts\;C:\Program Files\Python38\;C:\WINDOWS\system32;C:\WINDOWS;C:\WINDOWS\System32\Wbem;C:\WINDOWS\System32\WindowsPowerShell\v1.0\;C:\WINDOWS\System32\OpenSSH\;C:\Program Files\dotnet\;C:\Program Files\Microsoft SQL Server\130\Tools\Binn\;C:\Program Files (x86)\dotnet\;C:\Program Files\MATLAB\R2023a\runtime\win64;C:\Program Files\MATLAB\R2023a\bin;C:\Program Files\MATLAB\R2019a\bin;C:\Program Files (x86)\National Instruments\Shared\LabVIEW CLI;C:\Program Files (x86)\IVI Foundation\IVI\bin;C:\Program Files\IVI Foundation\IVI\bin;C:\Program Files (x86)\IVI Foundation\VISA\WinNT\Bin\;C:\Program Files\IVI Foundation\VISA\Win64\Bin\;C:\Program Files (x86)\IVI Foundation\VISA\WinNT\Bin;C:\Program Files\Microsoft SQL Server\Client SDK\ODBC\110\Tools\Binn\;C:\Program Files (x86)\Microsoft SQL Server\120\Tools\Binn\;C:\Program Files\Microsoft SQL Server\120\Tools\Binn\;C:\Program Files\Microsoft SQL Server\120\DTS\Binn\;C:\Program Files (x86)\Windows Kits\8.1\Windows Performance Toolkit\;C:\Program Files\Git\cmd;C:\Program Files\PuTTY\;C:\Program Files\Microsoft VS Code\bin;C:\Program Files\MiKTeX\miktex\bin\x64\;C:\Users\aerrigochan\AppData\Local\Microsoft\WindowsApps;;.]
11-Apr-2024 19:16:09.392 INFO [main] org.apache.coyote.AbstractProtocol.init Initializing ProtocolHandler ["http-nio-8082"]
11-Apr-2024 19:16:14.437 INFO [main] org.apache.tomcat.util.net.NioSelectorPool.getSharedSelector Using a shared selector for servlet write/read
11-Apr-2024 19:16:14.447 INFO [main] org.apache.coyote.AbstractProtocol.init Initializing ProtocolHandler ["ajp-nio-8009"]
11-Apr-2024 19:16:14.447 INFO [main] org.apache.tomcat.util.net.NioSelectorPool.getSharedSelector Using a shared selector for servlet write/read
11-Apr-2024 19:16:14.447 INFO [main] org.apache.catalina.startup.Catalina.load Initialization processed in 5366 ms
11-Apr-2024 19:16:14.467 INFO [main] org.apache.catalina.core.StandardService.startInternal Starting service [Catalina]
11-Apr-2024 19:16:14.467 INFO [main] org.apache.catalina.core.StandardEngine.startInternal Starting Servlet Engine: Apache Tomcat/8.5.24
11-Apr-2024 19:16:14.477 INFO [localhost-startStop-1] org.apache.catalina.startup.HostConfig.deployDirectory Deploying web application directory [D:\JavaSQL\Java8\apache-tomcat-8.5.24\webapps\docs]
11-Apr-2024 19:16:14.657 INFO [localhost-startStop-1] org.apache.jasper.servlet.TldScanner.scanJars At least one JAR was scanned for TLDs yet contained no TLDs. Enable debug logging for this logger for a complete list of JARs that were scanned but no TLDs were found in them. Skipping unneeded JARs during scanning can improve startup time and JSP compilation time.
11-Apr-2024 19:16:14.697 INFO [localhost-startStop-1] org.apache.catalina.startup.HostConfig.deployDirectory Deployment of web application directory [D:\JavaSQL\Java8\apache-tomcat-8.5.24\webapps\docs] has finished in [220] ms
11-Apr-2024 19:16:14.697 INFO [localhost-startStop-1] org.apache.catalina.startup.HostConfig.deployDirectory Deploying web application directory [D:\JavaSQL\Java8\apache-tomcat-8.5.24\webapps\examples]
11-Apr-2024 19:16:14.877 INFO [localhost-startStop-1] org.apache.jasper.servlet.TldScanner.scanJars At least one JAR was scanned for TLDs yet contained no TLDs. Enable debug logging for this logger for a complete list of JARs that were scanned but no TLDs were found in them. Skipping unneeded JARs during scanning can improve startup time and JSP compilation time.
11-Apr-2024 19:16:14.907 INFO [localhost-startStop-1] org.apache.catalina.startup.HostConfig.deployDirectory Deployment of web application directory [D:\JavaSQL\Java8\apache-tomcat-8.5.24\webapps\examples] has finished in [210] ms
11-Apr-2024 19:16:14.907 INFO [localhost-startStop-1] org.apache.catalina.startup.HostConfig.deployDirectory Deploying web application directory [D:\JavaSQL\Java8\apache-tomcat-8.5.24\webapps\host-manager]
11-Apr-2024 19:16:14.937 INFO [localhost-startStop-1] org.apache.jasper.servlet.TldScanner.scanJars At least one JAR was scanned for TLDs yet contained no TLDs. Enable debug logging for this logger for a complete list of JARs that were scanned but no TLDs were found in them. Skipping unneeded JARs during scanning can improve startup time and JSP compilation time.
11-Apr-2024 19:16:14.947 INFO [localhost-startStop-1] org.apache.catalina.startup.HostConfig.deployDirectory Deployment of web application directory [D:\JavaSQL\Java8\apache-tomcat-8.5.24\webapps\host-manager] has finished in [40] ms
11-Apr-2024 19:16:14.947 INFO [localhost-startStop-1] org.apache.catalina.startup.HostConfig.deployDirectory Deploying web application directory [D:\JavaSQL\Java8\apache-tomcat-8.5.24\webapps\ROOT]
11-Apr-2024 19:16:14.957 INFO [localhost-startStop-1] org.apache.jasper.servlet.TldScanner.scanJars At least one JAR was scanned for TLDs yet contained no TLDs. Enable debug logging for this logger for a complete list of JARs that were scanned but no TLDs were found in them. Skipping unneeded JARs during scanning can improve startup time and JSP compilation time.
11-Apr-2024 19:16:14.957 INFO [localhost-startStop-1] org.apache.catalina.startup.HostConfig.deployDirectory Deployment of web application directory [D:\JavaSQL\Java8\apache-tomcat-8.5.24\webapps\ROOT] has finished in [10] ms
11-Apr-2024 19:16:14.957 INFO [localhost-startStop-1] org.apache.catalina.startup.HostConfig.deployDirectory Deploying web application directory [D:\JavaSQL\Java8\apache-tomcat-8.5.24\webapps\SQLServer]
11-Apr-2024 19:16:14.978 INFO [localhost-startStop-1] org.apache.jasper.servlet.TldScanner.scanJars At least one JAR was scanned for TLDs yet contained no TLDs. Enable debug logging for this logger for a complete list of JARs that were scanned but no TLDs were found in them. Skipping unneeded JARs during scanning can improve startup time and JSP compilation time.
11-Apr-2024 19:16:14.978 INFO [localhost-startStop-1] org.apache.catalina.startup.HostConfig.deployDirectory Deployment of web application directory [D:\JavaSQL\Java8\apache-tomcat-8.5.24\webapps\SQLServer] has finished in [21] ms
11-Apr-2024 19:16:14.978 INFO [localhost-startStop-1] org.apache.catalina.startup.HostConfig.deployDirectory Deploying web application directory [D:\JavaSQL\Java8\apache-tomcat-8.5.24\webapps\Servlet1]
11-Apr-2024 19:16:14.997 INFO [localhost-startStop-1] org.apache.jasper.servlet.TldScanner.scanJars At least one JAR was scanned for TLDs yet contained no TLDs. Enable debug logging for this logger for a complete list of JARs that were scanned but no TLDs were found in them. Skipping unneeded JARs during scanning can improve startup time and JSP compilation time.
11-Apr-2024 19:16:14.997 INFO [localhost-startStop-1] org.apache.catalina.startup.HostConfig.deployDirectory Deployment of web application directory [D:\JavaSQL\Java8\apache-tomcat-8.5.24\webapps\Servlet1] has finished in [19] ms
11-Apr-2024 19:16:14.997 INFO [localhost-startStop-1] org.apache.catalina.startup.HostConfig.deployDirectory Deploying web application directory [D:\JavaSQL\Java8\apache-tomcat-8.5.24\webapps\Servlet2]
11-Apr-2024 19:16:15.017 INFO [localhost-startStop-1] org.apache.jasper.servlet.TldScanner.scanJars At least one JAR was scanned for TLDs yet contained no TLDs. Enable debug logging for this logger for a complete list of JARs that were scanned but no TLDs were found in them. Skipping unneeded JARs during scanning can improve startup time and JSP compilation time.
11-Apr-2024 19:16:15.027 INFO [localhost-startStop-1] org.apache.catalina.startup.HostConfig.deployDirectory Deployment of web application directory [D:\JavaSQL\Java8\apache-tomcat-8.5.24\webapps\Servlet2] has finished in [30] ms
11-Apr-2024 19:16:15.027 INFO [localhost-startStop-1] org.apache.catalina.startup.HostConfig.deployDirectory Deploying web application directory [D:\JavaSQL\Java8\apache-tomcat-8.5.24\webapps\Servlet3]
11-Apr-2024 19:16:15.037 INFO [localhost-startStop-1] org.apache.jasper.servlet.TldScanner.scanJars At least one JAR was scanned for TLDs yet contained no TLDs. Enable debug logging for this logger for a complete list of JARs that were scanned but no TLDs were found in them. Skipping unneeded JARs during scanning can improve startup time and JSP compilation time.
11-Apr-2024 19:16:15.037 INFO [localhost-startStop-1] org.apache.catalina.startup.HostConfig.deployDirectory Deployment of web application directory [D:\JavaSQL\Java8\apache-tomcat-8.5.24\webapps\Servlet3] has finished in [10] ms
11-Apr-2024 19:16:15.037 INFO [localhost-startStop-1] org.apache.catalina.startup.HostConfig.deployDirectory Deploying web application directory [D:\JavaSQL\Java8\apache-tomcat-8.5.24\webapps\Servlet4]
11-Apr-2024 19:16:15.057 INFO [localhost-startStop-1] org.apache.jasper.servlet.TldScanner.scanJars At least one JAR was scanned for TLDs yet contained no TLDs. Enable debug logging for this logger for a complete list of JARs that were scanned but no TLDs were found in them. Skipping unneeded JARs during scanning can improve startup time and JSP compilation time.
11-Apr-2024 19:16:15.057 INFO [localhost-startStop-1] org.apache.catalina.startup.HostConfig.deployDirectory Deployment of web application directory [D:\JavaSQL\Java8\apache-tomcat-8.5.24\webapps\Servlet4] has finished in [20] ms
11-Apr-2024 19:16:15.057 INFO [localhost-startStop-1] org.apache.catalina.startup.HostConfig.deployDirectory Deploying web application directory [D:\JavaSQL\Java8\apache-tomcat-8.5.24\webapps\Pract8]
11-Apr-2024 19:16:15.077 INFO [localhost-startStop-1] org.apache.jasper.servlet.TldScanner.scanJars At least one JAR was scanned for TLDs yet contained no TLDs. Enable debug logging for this logger for a complete list of JARs that were scanned but no TLDs were found in them. Skipping unneeded JARs during scanning can improve startup time and JSP compilation time.
11-Apr-2024 19:16:15.077 INFO [localhost-startStop-1] org.apache.catalina.startup.HostConfig.deployDirectory Deployment of web application directory [D:\JavaSQL\Java8\apache-tomcat-8.5.24\webapps\Pract8] has finished in [20] ms
11-Apr-2024 19:16:15.077 INFO [localhost-startStop-1] org.apache.catalina.startup.HostConfig.deployDirectory Deploying web application directory [D:\JavaSQL\Java8\apache-tomcat-8.5.24\webapps\Entrega]
11-Apr-2024 19:16:15.107 INFO [localhost-startStop-1] org.apache.jasper.servlet.TldScanner.scanJars At least one JAR was scanned for TLDs yet contained no TLDs. Enable debug logging for this logger for a complete list of JARs that were scanned but no TLDs were found in them. Skipping unneeded JARs during scanning can improve startup time and JSP compilation time.
11-Apr-2024 19:16:15.107 INFO [localhost-startStop-1] org.apache.catalina.startup.HostConfig.deployDirectory Deployment of web application directory [D:\JavaSQL\Java8\apache-tomcat-8.5.24\webapps\Entrega] has finished in [30] ms
11-Apr-2024 19:16:15.107 INFO [localhost-startStop-1] org.apache.catalina.startup.HostConfig.deployDirectory Deploying web application directory [D:\JavaSQL\Java8\apache-tomcat-8.5.24\webapps\matrices8]
11-Apr-2024 19:16:15.127 INFO [localhost-startStop-1] org.apache.jasper.servlet.TldScanner.scanJars At least one JAR was scanned for TLDs yet contained no TLDs. Enable debug logging for this logger for a complete list of JARs that were scanned but no TLDs were found in them. Skipping unneeded JARs during scanning can improve startup time and JSP compilation time.
11-Apr-2024 19:16:15.127 INFO [localhost-startStop-1] org.apache.catalina.startup.HostConfig.deployDirectory Deployment of web application directory [D:\JavaSQL\Java8\apache-tomcat-8.5.24\webapps\matrices8] has finished in [20] ms
11-Apr-2024 19:16:15.127 INFO [localhost-startStop-1] org.apache.catalina.startup.HostConfig.deployDirectory Deploying web application directory [D:\JavaSQL\Java8\apache-tomcat-8.5.24\webapps\TD_E18]
11-Apr-2024 19:16:15.147 INFO [localhost-startStop-1] org.apache.jasper.servlet.TldScanner.scanJars At least one JAR was scanned for TLDs yet contained no TLDs. Enable debug logging for this logger for a complete list of JARs that were scanned but no TLDs were found in them. Skipping unneeded JARs during scanning can improve startup time and JSP compilation time.
11-Apr-2024 19:16:15.147 INFO [localhost-startStop-1] org.apache.catalina.startup.HostConfig.deployDirectory Deployment of web application directory [D:\JavaSQL\Java8\apache-tomcat-8.5.24\webapps\TD_E18] has finished in [20] ms
11-Apr-2024 19:16:15.147 INFO [localhost-startStop-1] org.apache.catalina.startup.HostConfig.deployDirectory Deploying web application directory [D:\JavaSQL\Java8\apache-tomcat-8.5.24\webapps\TB15]
11-Apr-2024 19:16:15.177 INFO [localhost-startStop-1] org.apache.jasper.servlet.TldScanner.scanJars At least one JAR was scanned for TLDs yet contained no TLDs. Enable debug logging for this logger for a complete list of JARs that were scanned but no TLDs were found in them. Skipping unneeded JARs during scanning can improve startup time and JSP compilation time.
11-Apr-2024 19:16:15.177 INFO [localhost-startStop-1] org.apache.catalina.startup.HostConfig.deployDirectory Deployment of web application directory [D:\JavaSQL\Java8\apache-tomcat-8.5.24\webapps\TB15] has finished in [30] ms
11-Apr-2024 19:16:15.177 INFO [localhost-startStop-1] org.apache.catalina.startup.HostConfig.deployDirectory Deploying web application directory [D:\JavaSQL\Java8\apache-tomcat-8.5.24\webapps\S2]
11-Apr-2024 19:16:15.197 INFO [localhost-startStop-1] org.apache.jasper.servlet.TldScanner.scanJars At least one JAR was scanned for TLDs yet contained no TLDs. Enable debug logging for this logger for a complete list of JARs that were scanned but no TLDs were found in them. Skipping unneeded JARs during scanning can improve startup time and JSP compilation time.
11-Apr-2024 19:16:15.197 INFO [localhost-startStop-1] org.apache.catalina.startup.HostConfig.deployDirectory Deployment of web application directory [D:\JavaSQL\Java8\apache-tomcat-8.5.24\webapps\S2] has finished in [20] ms
11-Apr-2024 19:16:15.197 INFO [localhost-startStop-1] org.apache.catalina.startup.HostConfig.deployDirectory Deploying web application directory [D:\JavaSQL\Java8\apache-tomcat-8.5.24\webapps\mock1]
11-Apr-2024 19:16:15.217 INFO [localhost-startStop-1] org.apache.jasper.servlet.TldScanner.scanJars At least one JAR was scanned for TLDs yet contained no TLDs. Enable debug logging for this logger for a complete list of JARs that were scanned but no TLDs were found in them. Skipping unneeded JARs during scanning can improve startup time and JSP compilation time.
11-Apr-2024 19:16:15.217 INFO [localhost-startStop-1] org.apache.catalina.startup.HostConfig.deployDirectory Deployment of web application directory [D:\JavaSQL\Java8\apache-tomcat-8.5.24\webapps\mock1] has finished in [20] ms
11-Apr-2024 19:16:15.217 INFO [localhost-startStop-1] org.apache.catalina.startup.HostConfig.deployDirectory Deploying web application directory [D:\JavaSQL\Java8\apache-tomcat-8.5.24\webapps\mock2]
11-Apr-2024 19:16:15.237 INFO [localhost-startStop-1] org.apache.jasper.servlet.TldScanner.scanJars At least one JAR was scanned for TLDs yet contained no TLDs. Enable debug logging for this logger for a complete list of JARs that were scanned but no TLDs were found in them. Skipping unneeded JARs during scanning can improve startup time and JSP compilation time.
11-Apr-2024 19:16:15.237 INFO [localhost-startStop-1] org.apache.catalina.startup.HostConfig.deployDirectory Deployment of web application directory [D:\JavaSQL\Java8\apache-tomcat-8.5.24\webapps\mock2] has finished in [20] ms
11-Apr-2024 19:16:15.237 INFO [localhost-startStop-1] org.apache.catalina.startup.HostConfig.deployDirectory Deploying web application directory [D:\JavaSQL\Java8\apache-tomcat-8.5.24\webapps\PEB2024]
11-Apr-2024 19:16:15.287 INFO [localhost-startStop-1] org.apache.jasper.servlet.TldScanner.scanJars At least one JAR was scanned for TLDs yet contained no TLDs. Enable debug logging for this logger for a complete list of JARs that were scanned but no TLDs were found in them. Skipping unneeded JARs during scanning can improve startup time and JSP compilation time.
11-Apr-2024 19:16:15.287 INFO [localhost-startStop-1] org.apache.catalina.startup.HostConfig.deployDirectory Deployment of web application directory [D:\JavaSQL\Java8\apache-tomcat-8.5.24\webapps\PEB2024] has finished in [50] ms
11-Apr-2024 19:16:15.297 INFO [main] org.apache.coyote.AbstractProtocol.start Starting ProtocolHandler ["http-nio-8082"]
11-Apr-2024 19:16:15.307 INFO [main] org.apache.coyote.AbstractProtocol.start Starting ProtocolHandler ["ajp-nio-8009"]
11-Apr-2024 19:16:15.307 INFO [main] org.apache.catalina.startup.Catalina.start Server startup in 858 ms
11-Apr-2024 19:24:24.838 INFO [main] org.apache.catalina.core.StandardServer.await A valid shutdown command was received via the shutdown port. Stopping the Server instance.
11-Apr-2024 19:24:24.838 INFO [main] org.apache.coyote.AbstractProtocol.pause Pausing ProtocolHandler ["http-nio-8082"]
11-Apr-2024 19:24:25.048 INFO [main] org.apache.coyote.AbstractProtocol.pause Pausing ProtocolHandler ["ajp-nio-8009"]
11-Apr-2024 19:24:25.248 INFO [main] org.apache.catalina.core.StandardService.stopInternal Stopping service [Catalina]
11-Apr-2024 19:24:25.298 INFO [main] org.apache.coyote.AbstractProtocol.stop Stopping ProtocolHandler ["http-nio-8082"]
11-Apr-2024 19:24:25.298 INFO [main] org.apache.coyote.AbstractProtocol.stop Stopping ProtocolHandler ["ajp-nio-8009"]
11-Apr-2024 19:24:25.308 INFO [main] org.apache.coyote.AbstractProtocol.destroy Destroying ProtocolHandler ["http-nio-8082"]
11-Apr-2024 19:24:25.308 INFO [main] org.apache.coyote.AbstractProtocol.destroy Destroying ProtocolHandler ["ajp-nio-8009"]
